Year,UNIT_MEASURE,Пол,Регионы,Местность,GeoCode,Value
2010,на 1000 родившихся,мальчики и девочки,,,,11.53
2010,на 1000 родившихся,мальчики и девочки,Абай,,KZABY,15.26
2010,на 1000 родившихся,мальчики и девочки,Акмолинская,,KZAKM,9.65
2010,на 1000 родившихся,мальчики и девочки,Актюбинская,,KZAKT,12.1
2010,на 1000 родившихся,мальчики и девочки,Алматинская,,KZALM,8.8
2010,на 1000 родившихся,мальчики и девочки,Атырауская,,KZATY,11.83
2010,на 1000 родившихся,мальчики и девочки,Западно-Казахстанская,,KZZAP,9.96
2010,на 1000 родившихся,мальчики и девочки,Жымбылская,,KZZHA,11.9
2010,на 1000 родившихся,мальчики и девочки,Жетісу,,KZZHS,8.11
2010,на 1000 родившихся,мальчики и девочки,Карагандинская,,KZKAR,9.18
2010,на 1000 родившихся,мальчики и девочки,Костанайская,,KZKUS,9.3
2010,на 1000 родившихся,мальчики и девочки,Кызылординская,,KZKZY,15.38
2010,на 1000 родившихся,мальчики и девочки,Мангистауская,,KZMAN,14.7
2010,на 1000 родившихся,мальчики и девочки,Павлодарская,,KZPAV,9.26
2010,на 1000 родившихся,мальчики и девочки,Северо-Казахстанская,,KZSEV,8.72
2010,на 1000 родившихся,мальчики и девочки,Туркестанская,,KZYUZ,13.47
2010,на 1000 родившихся,мальчики и девочки,Ұлытау,,KZULU,11.09
2010,на 1000 родившихся,мальчики и девочки,Восточно-Казахстанская,,KZVOS,16.29
2010,на 1000 родившихся,мальчики и девочки,г_Астана,,KZNS,7.32
2010,на 1000 родившихся,мальчики и девочки,г_Алматы,,KZALA,13.68
2010,на 1000 родившихся,мальчики и девочки,г_Шымкент,,KZSHY,10.92
2010,на 1000 родившихся,мальчики и девочки,,Город,,12.24
2010,на 1000 родившихся,мальчики и девочки,Абай,Город,KZABY,13.19
2010,на 1000 родившихся,мальчики и девочки,Акмолинская,Город,KZAKM,10.14
2010,на 1000 родившихся,мальчики и девочки,Актюбинская,Город,KZAKT,12.75
2010,на 1000 родившихся,мальчики и девочки,Алматинская,Город,KZALM,12.12
2010,на 1000 родившихся,мальчики и девочки,Атырауская,Город,KZATY,10.93
2010,на 1000 родившихся,мальчики и девочки,Западно-Казахстанская,Город,KZZAP,9.61
2010,на 1000 родившихся,мальчики и девочки,Жымбылская,Город,KZZHA,12.21
2010,на 1000 родившихся,мальчики и девочки,Жетісу,Город,KZZHS,11.44
2010,на 1000 родившихся,мальчики и девочки,Карагандинская,Город,KZKAR,9.34
2010,на 1000 родившихся,мальчики и девочки,Костанайская,Город,KZKUS,8.93
2010,на 1000 родившихся,мальчики и девочки,Кызылординская,Город,KZKZY,16.24
2010,на 1000 родившихся,мальчики и девочки,Мангистауская,Город,KZMAN,15.59
2010,на 1000 родившихся,мальчики и девочки,Павлодарская,Город,KZPAV,9.69
2010,на 1000 родившихся,мальчики и девочки,Северо-Казахстанская,Город,KZSEV,8.56
2010,на 1000 родившихся,мальчики и девочки,Туркестанская,Город,KZYUZ,20.82
2010,на 1000 родившихся,мальчики и девочки,Ұлытау,Город,KZULU,12.37
2010,на 1000 родившихся,мальчики и девочки,Восточно-Казахстанская,Город,KZVOS,18.15
2010,на 1000 родившихся,мальчики и девочки,г_Астана,Город,KZNS,7.32
2010,на 1000 родившихся,мальчики и девочки,г_Алматы,Город,KZALA,13.68
2010,на 1000 родившихся,мальчики и девочки,г_Шымкент,Город,KZSHY,10.92
2010,на 1000 родившихся,мальчики и девочки,,Село,,10.67
2010,на 1000 родившихся,мальчики и девочки,Абай,Село,KZABY,17.61
2010,на 1000 родившихся,мальчики и девочки,Акмолинская,Село,KZAKM,9.09
2010,на 1000 родившихся,мальчики и девочки,Актюбинская,Село,KZAKT,10.75
2010,на 1000 родившихся,мальчики и девочки,Алматинская,Село,KZALM,8.1
2010,на 1000 родившихся,мальчики и девочки,Атырауская,Село,KZATY,13.09
2010,на 1000 родившихся,мальчики и девочки,Западно-Казахстанская,Село,KZZAP,10.36
2010,на 1000 родившихся,мальчики и девочки,Жымбылская,Село,KZZHA,10.41
2010,на 1000 родившихся,мальчики и девочки,Жетісу,Село,KZZHS,5.76
2010,на 1000 родившихся,мальчики и девочки,Карагандинская,Село,KZKAR,8.61
2010,на 1000 родившихся,мальчики и девочки,Костанайская,Село,KZKUS,9.66
2010,на 1000 родившихся,мальчики и девочки,Кызылординская,Село,KZKZY,14.68
2010,на 1000 родившихся,мальчики и девочки,Мангистауская,Село,KZMAN,12.57
2010,на 1000 родившихся,мальчики и девочки,Павлодарская,Село,KZPAV,8.38
2010,на 1000 родившихся,мальчики и девочки,Северо-Казахстанская,Село,KZSEV,8.83
2010,на 1000 родившихся,мальчики и девочки,Туркестанская,Село,KZYUZ,11.36
2010,на 1000 родившихся,мальчики и девочки,Ұлытау,Село,KZULU,6.78
2010,на 1000 родившихся,мальчики и девочки,Восточно-Казахстанская,Село,KZVOS,13.66
2010,на 1000 родившихся,мужчины,,,,13.05
2010,на 1000 родившихся,мужчины,Абай,,KZABY,17.46
2010,на 1000 родившихся,мужчины,Акмолинская,,KZAKM,11.88
2010,на 1000 родившихся,мужчины,Актюбинская,,KZAKT,14.57
2010,на 1000 родившихся,мужчины,Алматинская,,KZALM,10.01
2010,на 1000 родившихся,мужчины,Атырауская,,KZATY,13.34
2010,на 1000 родившихся,мужчины,Западно-Казахстанская,,KZZAP,10.42
2010,на 1000 родившихся,мужчины,Жымбылская,,KZZHA,13.19
2010,на 1000 родившихся,мужчины,Жетісу,,KZZHS,8.54
2010,на 1000 родившихся,мужчины,Карагандинская,,KZKAR,10.09
2010,на 1000 родившихся,мужчины,Костанайская,,KZKUS,12.27
2010,на 1000 родившихся,мужчины,Кызылординская,,KZKZY,16.54
2010,на 1000 родившихся,мужчины,Мангистауская,,KZMAN,13.45
2010,на 1000 родившихся,мужчины,Павлодарская,,KZPAV,10.37
2010,на 1000 родившихся,мужчины,Северо-Казахстанская,,KZSEV,9.41
2010,на 1000 родившихся,мужчины,Туркестанская,,KZYUZ,15.35
2010,на 1000 родившихся,мужчины,Ұлытау,,KZULU,12.32
2010,на 1000 родившихся,мужчины,Восточно-Казахстанская,,KZVOS,17.88
2010,на 1000 родившихся,мужчины,г_Астана,,KZNS,8.69
2010,на 1000 родившихся,мужчины,г_Алматы,,KZALA,16.3
2010,на 1000 родившихся,мужчины,г_Шымкент,,KZSHY,11.78
2010,на 1000 родившихся,мужчины,,Город,,13.77
2010,на 1000 родившихся,мужчины,Абай,Город,KZABY,13.73
2010,на 1000 родившихся,мужчины,Акмолинская,Город,KZAKM,12.09
2010,на 1000 родившихся,мужчины,Актюбинская,Город,KZAKT,15.41
2010,на 1000 родившихся,мужчины,Алматинская,Город,KZALM,15.97
2010,на 1000 родившихся,мужчины,Атырауская,Город,KZATY,11.72
2010,на 1000 родившихся,мужчины,Западно-Казахстанская,Город,KZZAP,8.08
2010,на 1000 родившихся,мужчины,Жымбылская,Город,KZZHA,13.39
2010,на 1000 родившихся,мужчины,Жетісу,Город,KZZHS,13.05
2010,на 1000 родившихся,мужчины,Карагандинская,Город,KZKAR,10.72
2010,на 1000 родившихся,мужчины,Костанайская,Город,KZKUS,11.55
2010,на 1000 родившихся,мужчины,Кызылординская,Город,KZKZY,17.69
2010,на 1000 родившихся,мужчины,Мангистауская,Город,KZMAN,14.82
2010,на 1000 родившихся,мужчины,Павлодарская,Город,KZPAV,9.52
2010,на 1000 родившихся,мужчины,Северо-Казахстанская,Город,KZSEV,8.96
2010,на 1000 родившихся,мужчины,Туркестанская,Город,KZYUZ,24.19
2010,на 1000 родившихся,мужчины,Ұлытау,Город,KZULU,14.27
2010,на 1000 родившихся,мужчины,Восточно-Казахстанская,Город,KZVOS,19.65
2010,на 1000 родившихся,мужчины,г_Астана,Город,KZNS,8.69
2010,на 1000 родившихся,мужчины,г_Алматы,Город,KZALA,16.3
2010,на 1000 родившихся,мужчины,г_Шымкент,Город,KZSHY,11.76
2010,на 1000 родившихся,мужчины,,Село,,12.18
2010,на 1000 родившихся,мужчины,Абай,Село,KZABY,21.54
2010,на 1000 родившихся,мужчины,Акмолинская,Село,KZAKM,11.65
2010,на 1000 родившихся,мужчины,Актюбинская,Село,KZAKT,12.78
2010,на 1000 родившихся,мужчины,Алматинская,Село,KZALM,8.77
2010,на 1000 родившихся,мужчины,Атырауская,Село,KZATY,15.57
2010,на 1000 родившихся,мужчины,Западно-Казахстанская,Село,KZZAP,13.0
2010,на 1000 родившихся,мужчины,Жымбылская,Село,KZZHA,13.06
2010,на 1000 родившихся,мужчины,Жетісу,Село,KZZHS,5.4
2010,на 1000 родившихся,мужчины,Карагандинская,Село,KZKAR,7.88
2010,на 1000 родившихся,мужчины,Костанайская,Село,KZKUS,13.13
2010,на 1000 родившихся,мужчины,Кызылординская,Село,KZKZY,15.6
2010,на 1000 родившихся,мужчины,Мангистауская,Село,KZMAN,12.1
2010,на 1000 родившихся,мужчины,Павлодарская,Село,KZPAV,12.07
2010,на 1000 родившихся,мужчины,Северо-Казахстанская,Село,KZSEV,9.75
2010,на 1000 родившихся,мужчины,Туркестанская,Село,KZYUZ,12.78
2010,на 1000 родившихся,мужчины,Ұлытау,Село,KZULU,5.76
2010,на 1000 родившихся,мужчины,Восточно-Казахстанская,Село,KZVOS,15.39
2010,на 1000 родившихся,женщины,,,,9.91
2010,на 1000 родившихся,женщины,Абай,,KZABY,13.01
2010,на 1000 родившихся,женщины,Акмолинская,,KZAKM,7.26
2010,на 1000 родившихся,женщины,Актюбинская,,KZAKT,9.54
2010,на 1000 родившихся,женщины,Алматинская,,KZALM,7.49
2010,на 1000 родившихся,женщины,Атырауская,,KZATY,10.25
2010,на 1000 родившихся,женщины,Западно-Казахстанская,,KZZAP,9.48
2010,на 1000 родившихся,женщины,Жымбылская,,KZZHA,8.84
2010,на 1000 родившихся,женщины,Жетісу,,KZZHS,7.66
2010,на 1000 родившихся,женщины,Карагандинская,,KZKAR,8.23
2010,на 1000 родившихся,женщины,Костанайская,,KZKUS,6.01
2010,на 1000 родившихся,женщины,Кызылординская,,KZKZY,14.15
2010,на 1000 родившихся,женщины,Мангистауская,,KZMAN,14.74
2010,на 1000 родившихся,женщины,Павлодарская,,KZPAV,8.11
2010,на 1000 родившихся,женщины,Северо-Казахстанская,,KZSEV,7.98
2010,на 1000 родившихся,женщины,Туркестанская,,KZYUZ,11.5
2010,на 1000 родившихся,женщины,Ұлытау,,KZULU,9.84
2010,на 1000 родившихся,женщины,Восточно-Казахстанская,,KZVOS,14.59
2010,на 1000 родившихся,женщины,г_Астана,,KZNS,5.85
2010,на 1000 родившихся,женщины,г_Алматы,,KZALA,10.87
2010,на 1000 родившихся,женщины,г_Шымкент,,KZSHY,10.03
2010,на 1000 родившихся,женщины,,Город,,10.62
2010,на 1000 родившихся,женщины,Абай,Город,KZABY,12.65
2010,на 1000 родившихся,женщины,Акмолинская,Город,KZAKM,8.04
2010,на 1000 родившихся,женщины,Актюбинская,Город,KZAKT,9.97
2010,на 1000 родившихся,женщины,Алматинская,Город,KZALM,7.97
2010,на 1000 родившихся,женщины,Атырауская,Город,KZATY,10.08
2010,на 1000 родившихся,женщины,Западно-Казахстанская,Город,KZZAP,11.19
2010,на 1000 родившихся,женщины,Жымбылская,Город,KZZHA,10.91
2010,на 1000 родившихся,женщины,Жетісу,Город,KZZHS,9.8
2010,на 1000 родившихся,женщины,Карагандинская,Город,KZKAR,7.9
2010,на 1000 родившихся,женщины,Костанайская,Город,KZKUS,6.05
2010,на 1000 родившихся,женщины,Кызылординская,Город,KZKZY,14.7
2010,на 1000 родившихся,женщины,Мангистауская,Город,KZMAN,16.45
2010,на 1000 родившихся,женщины,Павлодарская,Город,KZPAV,9.87
2010,на 1000 родившихся,женщины,Северо-Казахстанская,Город,KZSEV,8.14
2010,на 1000 родившихся,женщины,Туркестанская,Город,KZYUZ,17.22
2010,на 1000 родившихся,женщины,Ұлытау,Город,KZULU,10.45
2010,на 1000 родившихся,женщины,Восточно-Казахстанская,Город,KZVOS,16.55
2010,на 1000 родившихся,женщины,г_Астана,Город,KZNS,5.85
2010,на 1000 родившихся,женщины,г_Алматы,Город,KZALA,10.87
2010,на 1000 родившихся,женщины,г_Шымкент,Город,KZSHY,10.03
2010,на 1000 родившихся,женщины,,Село,,9.07
2010,на 1000 родившихся,женщины,Абай,Село,KZABY,13.44
2010,на 1000 родившихся,женщины,Акмолинская,Село,KZAKM,6.36
2010,на 1000 родившихся,женщины,Актюбинская,Село,KZAKT,8.67
2010,на 1000 родившихся,женщины,Алматинская,Село,KZALM,7.39
2010,на 1000 родившихся,женщины,Атырауская,Село,KZATY,10.48
2010,на 1000 родившихся,женщины,Западно-Казахстанская,Село,KZZAP,7.48
2010,на 1000 родившихся,женщины,Жымбылская,Село,KZZHA,7.61
2010,на 1000 родившихся,женщины,Жетісу,Село,KZZHS,6.13
2010,на 1000 родившихся,женщины,Карагандинская,Село,KZKAR,9.39
2010,на 1000 родившихся,женщины,Костанайская,Село,KZKUS,5.95
2010,на 1000 родившихся,женщины,Кызылординская,Село,KZKZY,13.69
2010,на 1000 родившихся,женщины,Мангистауская,Село,KZMAN,13.08
2010,на 1000 родившихся,женщины,Павлодарская,Село,KZPAV,4.53
2010,на 1000 родившихся,женщины,Северо-Казахстанская,Село,KZSEV,7.86
2010,на 1000 родившихся,женщины,Туркестанская,Село,KZYUZ,9.87
2010,на 1000 родившихся,женщины,Ұлытау,Село,KZULU,7.81
2010,на 1000 родившихся,женщины,Восточно-Казахстанская,Село,KZVOS,11.8
2011,на 1000 родившихся,мальчики и девочки,,,,9.796345488207358
2011,на 1000 родившихся,мальчики и девочки,Акмолинская,,KZAKM,10.019723865877712
2011,на 1000 родившихся,мальчики и девочки,Актюбинская,,KZAKT,7.195862379132
2011,на 1000 родившихся,мальчики и девочки,Алматинская,,KZALM,7.858075750979538
2011,на 1000 родившихся,мальчики и девочки,Атырауская,,KZATY,11.752415774353617
2011,на 1000 родившихся,мальчики и девочки,Западно-Казахстанская,,KZZAP,8.826496301277741
2011,на 1000 родившихся,мальчики и девочки,Жымбылская,,KZZHA,9.554250773025744
2011,на 1000 родившихся,мальчики и девочки,Карагандинская,,KZKAR,6.586801696101436
2011,на 1000 родившихся,мальчики и девочки,Костанайская,,KZKUS,7.768361581920904
2011,на 1000 родившихся,мальчики и девочки,Кызылординская,,KZKZY,11.82961379790248
2011,на 1000 родившихся,мальчики и девочки,Мангистауская,,KZMAN,12.627519283403831
2011,на 1000 родившихся,мальчики и девочки,Южно-Казахстанская,,KZONT,10.22744427112162
2011,на 1000 родившихся,мальчики и девочки,Павлодарская,,KZPAV,8.828996282527882
2011,на 1000 родившихся,мальчики и девочки,Северо-Казахстанская,,KZSEV,7.038190838813892
2011,на 1000 родившихся,мальчики и девочки,Восточно-Казахстанская,,KZVOS,13.47520823339584
2011,на 1000 родившихся,мальчики и девочки,г_Астана,,KZNS,7.052896725440806
2011,на 1000 родившихся,мальчики и девочки,г_Алматы,,KZALA,13.971025997221671
2011,на 1000 родившихся,мальчики и девочки,,Город,,10.994578710036988
2011,на 1000 родившихся,мальчики и девочки,Акмолинская,Город,KZAKM,11.19177253478524
2011,на 1000 родившихся,мальчики и девочки,Актюбинская,Город,KZAKT,6.88924218335983
2011,на 1000 родившихся,мальчики и девочки,Алматинская,Город,KZALM,10.24101703893352
2011,на 1000 родившихся,мальчики и девочки,Атырауская,Город,KZATY,11.31928181108509
2011,на 1000 родившихся,мальчики и девочки,Западно-Казахстанская,Город,KZZAP,7.763975155279503
2011,на 1000 родившихся,мальчики и девочки,Жымбылская,Город,KZZHA,12.126111560226354
2011,на 1000 родившихся,мальчики и девочки,Карагандинская,Город,KZKAR,6.494866959983239
2011,на 1000 родившихся,мальчики и девочки,Костанайская,Город,KZKUS,8.796779484121068
2011,на 1000 родившихся,мальчики и девочки,Кызылординская,Город,KZKZY,12.01558778956484
2011,на 1000 родившихся,мальчики и девочки,Мангистауская,Город,KZMAN,14.065050860228558
2011,на 1000 родившихся,мальчики и девочки,Южно-Казахстанская,Город,KZONT,15.28765352294764
2011,на 1000 родившихся,мальчики и девочки,Павлодарская,Город,KZPAV,8.08967987981047
2011,на 1000 родившихся,мальчики и девочки,Северо-Казахстанская,Город,KZSEV,6.307490144546649
2011,на 1000 родившихся,мальчики и девочки,Восточно-Казахстанская,Город,KZVOS,13.366188769414576
2011,на 1000 родившихся,мальчики и девочки,г_Астана,Город,KZNS,7.052896725440806
2011,на 1000 родившихся,мальчики и девочки,г_Алматы,Город,KZALA,13.971025997221671
2011,на 1000 родившихся,мальчики и девочки,,Село,,8.447410449463838
2011,на 1000 родившихся,мальчики и девочки,Акмолинская,Село,KZAKM,8.741547088899885
2011,на 1000 родившихся,мальчики и девочки,Актюбинская,Село,KZAKT,7.732755954222085
2011,на 1000 родившихся,мальчики и девочки,Алматинская,Село,KZALM,7.078265391615867
2011,на 1000 родившихся,мальчики и девочки,Атырауская,Село,KZATY,12.18872870249017
2011,на 1000 родившихся,мальчики и девочки,Западно-Казахстанская,Село,KZZAP,10.080645161290322
2011,на 1000 родившихся,мальчики и девочки,Жымбылская,Село,KZZHA,7.93201133144476
2011,на 1000 родившихся,мальчики и девочки,Карагандинская,Село,KZKAR,6.924408540103866
2011,на 1000 родившихся,мальчики и девочки,Костанайская,Село,KZKUS,6.625807520291535
2011,на 1000 родившихся,мальчики и девочки,Кызылординская,Село,KZKZY,11.671721349140704
2011,на 1000 родившихся,мальчики и девочки,Мангистауская,Село,KZMAN,11.216566005176878
2011,на 1000 родившихся,мальчики и девочки,Южно-Казахстанская,Село,KZONT,7.002801120448179
2011,на 1000 родившихся,мальчики и девочки,Павлодарская,Село,KZPAV,10.331063629960084
2011,на 1000 родившихся,мальчики и девочки,Северо-Казахстанская,Село,KZSEV,7.610037021801728
2011,на 1000 родившихся,мальчики и девочки,Восточно-Казахстанская,Село,KZVOS,13.628262920641577
2011,на 1000 родившихся,мужчины,,,,11.120370852648575
2011,на 1000 родившихся,мужчины,Акмолинская,,KZAKM,10.74780502573418
2011,на 1000 родившихся,мужчины,Актюбинская,,KZAKT,9.18032786885246
2011,на 1000 родившихся,мужчины,Алматинская,,KZALM,9.279267827634422
2011,на 1000 родившихся,мужчины,Атырауская,,KZATY,13.309671694764862
2011,на 1000 родившихся,мужчины,Западно-Казахстанская,,KZZAP,9.751340809361286
2011,на 1000 родившихся,мужчины,Жымбылская,,KZZHA,10.375261065822274
2011,на 1000 родившихся,мужчины,Карагандинская,,KZKAR,7.678008567041138
2011,на 1000 родившихся,мужчины,Костанайская,,KZKUS,8.805808744013596
2011,на 1000 родившихся,мужчины,Кызылординская,,KZKZY,13.771186440677964
2011,на 1000 родившихся,мужчины,Мангистауская,,KZMAN,13.306161591944376
2011,на 1000 родившихся,мужчины,Южно-Казахстанская,,KZONT,11.72991862368955
2011,на 1000 родившихся,мужчины,Павлодарская,,KZPAV,9.486523113988858
2011,на 1000 родившихся,мужчины,Северо-Казахстанская,,KZSEV,8.678237650200266
2011,на 1000 родившихся,мужчины,Восточно-Казахстанская,,KZVOS,15.737372028090364
2011,на 1000 родившихся,мужчины,г_Астана,,KZNS,7.539335664335664
2011,на 1000 родившихся,мужчины,г_Алматы,,KZALA,15.134230739980229
2011,на 1000 родившихся,мужчины,,Город,,12.40099836880687
2011,на 1000 родившихся,мужчины,Акмолинская,Город,KZAKM,11.928429423459244
2011,на 1000 родившихся,мужчины,Актюбинская,Город,KZAKT,8.651399491094146
2011,на 1000 родившихся,мужчины,Алматинская,Город,KZALM,12.307692307692308
2011,на 1000 родившихся,мужчины,Атырауская,Город,KZATY,13.853258081067214
2011,на 1000 родившихся,мужчины,Западно-Казахстанская,Город,KZZAP,8.035714285714285
2011,на 1000 родившихся,мужчины,Жымбылская,Город,KZZHA,13.574660633484164
2011,на 1000 родившихся,мужчины,Карагандинская,Город,KZKAR,7.714462044846739
2011,на 1000 родившихся,мужчины,Костанайская,Город,KZKUS,10.733971569480708
2011,на 1000 родившихся,мужчины,Кызылординская,Город,KZKZY,13.000629062696582
2011,на 1000 родившихся,мужчины,Мангистауская,Город,KZMAN,14.489194499017682
2011,на 1000 родившихся,мужчины,Южно-Казахстанская,Город,KZONT,17.279434949864413
2011,на 1000 родившихся,мужчины,Павлодарская,Город,KZPAV,9.73731884057971
2011,на 1000 родившихся,мужчины,Северо-Казахстанская,Город,KZSEV,7.518796992481203
2011,на 1000 родившихся,мужчины,Восточно-Казахстанская,Город,KZVOS,15.17999132571924
2011,на 1000 родившихся,мужчины,г_Астана,Город,KZNS,7.539335664335664
2011,на 1000 родившихся,мужчины,г_Алматы,Город,KZALA,15.134230739980229
2011,на 1000 родившихся,мужчины,,Село,,9.675917715907076
2011,на 1000 родившихся,мужчины,Акмолинская,Село,KZAKM,9.40032414910859
2011,на 1000 родившихся,мужчины,Актюбинская,Село,KZAKT,10.138248847926269
2011,на 1000 родившихся,мужчины,Алматинская,Село,KZALM,8.281223593037012
2011,на 1000 родившихся,мужчины,Атырауская,Село,KZATY,12.778752192432975
2011,на 1000 родившихся,мужчины,Западно-Казахстанская,Село,KZZAP,11.815252416756175
2011,на 1000 родившихся,мужчины,Жымбылская,Село,KZZHA,8.354402550291304
2011,на 1000 родившихся,мужчины,Карагандинская,Село,KZKAR,7.544322897019992
2011,на 1000 родившихся,мужчины,Костанайская,Село,KZKUS,6.609385327164574
2011,на 1000 родившихся,мужчины,Кызылординская,Село,KZKZY,14.425645592163846
2011,на 1000 родившихся,мужчины,Мангистауская,Село,KZMAN,12.177985948477753
2011,на 1000 родившихся,мужчины,Южно-Казахстанская,Село,KZONT,8.218959463772743
2011,на 1000 родившихся,мужчины,Павлодарская,Село,KZPAV,8.98876404494382
2011,на 1000 родившихся,мужчины,Северо-Казахстанская,Село,KZSEV,9.603841536614643
2011,на 1000 родившихся,мужчины,Восточно-Казахстанская,Село,KZVOS,16.523867809057528
2011,на 1000 родившихся,женщины,,,,8.389596015495297
2011,на 1000 родившихся,женщины,Акмолинская,,KZAKM,9.22722029988466
2011,на 1000 родившихся,женщины,Актюбинская,,KZAKT,5.093771706413522
2011,на 1000 родившихся,женщины,Алматинская,,KZALM,6.356596087559873
2011,на 1000 родившихся,женщины,Атырауская,,KZATY,10.098290022889458
2011,на 1000 родившихся,женщины,Западно-Казахстанская,,KZZAP,7.835625979453249
2011,на 1000 родившихся,женщины,Жымбылская,,KZZHA,8.680057388809182
2011,на 1000 родившихся,женщины,Карагандинская,,KZKAR,5.453935224030878
2011,на 1000 родившихся,женщины,Костанайская,,KZKUS,6.697496412055494
2011,на 1000 родившихся,женщины,Кызылординская,,KZKZY,9.758602978941962
2011,на 1000 родившихся,женщины,Мангистауская,,KZMAN,11.895526247737266
2011,на 1000 родившихся,женщины,Южно-Казахстанская,,KZONT,8.633429260325116
2011,на 1000 родившихся,женщины,Павлодарская,,KZPAV,8.132674214638813
2011,на 1000 родившихся,женщины,Северо-Казахстанская,,KZSEV,5.271986580397795
2011,на 1000 родившихся,женщины,Восточно-Казахстанская,,KZVOS,11.069114470842331
2011,на 1000 родившихся,женщины,г_Астана,,KZNS,6.541948812119821
2011,на 1000 родившихся,женщины,г_Алматы,,KZALA,12.701311638718249
2011,на 1000 родившихся,женщины,,Город,,9.497510564411533
2011,на 1000 родившихся,женщины,Акмолинская,Город,KZAKM,10.35263668715626
2011,на 1000 родившихся,женщины,Актюбинская,Город,KZAKT,4.975124378109452
2011,на 1000 родившихся,женщины,Алматинская,Город,KZALM,8.033595033777615
2011,на 1000 родившихся,женщины,Атырауская,Город,KZATY,8.711721224920803
2011,на 1000 родившихся,женщины,Западно-Казахстанская,Город,KZZAP,7.467532467532467
2011,на 1000 родившихся,женщины,Жымбылская,Город,KZZHA,10.581028401707815
2011,на 1000 родившихся,женщины,Карагандинская,Город,KZKAR,5.229455709711846
2011,на 1000 родившихся,женщины,Костанайская,Город,KZKUS,6.748466257668712
2011,на 1000 родившихся,женщины,Кызылординская,Город,KZKZY,10.964421570821214
2011,на 1000 родившихся,женщины,Мангистауская,Город,KZMAN,13.621177075301976
2011,на 1000 родившихся,женщины,Южно-Казахстанская,Город,KZONT,13.19366173838096
2011,на 1000 родившихся,женщины,Павлодарская,Город,KZPAV,6.372433325466131
2011,на 1000 родившихся,женщины,Северо-Казахстанская,Город,KZSEV,4.972375690607734
2011,на 1000 родившихся,женщины,Восточно-Казахстанская,Город,KZVOS,11.428571428571429
2011,на 1000 родившихся,женщины,г_Астана,Город,KZNS,6.541948812119821
2011,на 1000 родившихся,женщины,г_Алматы,Город,KZALA,12.701311638718249
2011,на 1000 родившихся,женщины,,Село,,7.14487167434427
2011,на 1000 родившихся,женщины,Акмолинская,Село,KZAKM,8.059100067159166
2011,на 1000 родившихся,женщины,Актюбинская,Село,KZAKT,5.294300840859545
2011,на 1000 родившихся,женщины,Алматинская,Село,KZALM,5.811884711184913
2011,на 1000 родившихся,женщины,Атырауская,Село,KZATY,11.541632316570489
2011,на 1000 родившихся,женщины,Западно-Казахстанская,Село,KZZAP,8.261359369132558
2011,на 1000 родившихся,женщины,Жымбылская,Село,KZZHA,7.482754589033087
2011,на 1000 родившихся,женщины,Карагандинская,Село,KZKAR,6.279434850863423
2011,на 1000 родившихся,женщины,Костанайская,Село,KZKUS,6.642311524410495
2011,на 1000 родившихся,женщины,Кызылординская,Село,KZKZY,8.735282947208509
2011,на 1000 родившихся,женщины,Мангистауская,Село,KZMAN,10.14832162373146
2011,на 1000 родившихся,женщины,Южно-Казахстанская,Село,KZONT,5.705040871934605
2011,на 1000 родившихся,женщины,Павлодарская,Село,KZPAV,11.799410029498524
2011,на 1000 родившихся,женщины,Северо-Казахстанская,Село,KZSEV,5.50148116800677
2011,на 1000 родившихся,женщины,Восточно-Казахстанская,Село,KZVOS,10.567177054129829
2012,на 1000 родившихся,мальчики и девочки,,,,9.025247079256886
2012,на 1000 родившихся,мальчики и девочки,Акмолинская,,KZAKM,6.921187765126144
2012,на 1000 родившихся,мальчики и девочки,Актюбинская,,KZAKT,8.72523733743072
2012,на 1000 родившихся,мальчики и девочки,Алматинская,,KZALM,7.509333333333333
2012,на 1000 родившихся,мальчики и девочки,Атырауская,,KZATY,11.548825869369947
2012,на 1000 родившихся,мальчики и девочки,Западно-Казахстанская,,KZZAP,7.082494969818914
2012,на 1000 родившихся,мальчики и девочки,Жымбылская,,KZZHA,8.721339147559432
2012,на 1000 родившихся,мальчики и девочки,Карагандинская,,KZKAR,6.895707524073772
2012,на 1000 родившихся,мальчики и девочки,Костанайская,,KZKUS,9.688000610267755
2012,на 1000 родившихся,мальчики и девочки,Кызылординская,,KZKZY,13.006923837784372
2012,на 1000 родившихся,мальчики и девочки,Мангистауская,,KZMAN,9.080188679245282
2012,на 1000 родившихся,мальчики и девочки,Южно-Казахстанская,,KZONT,9.575650132960462
2012,на 1000 родившихся,мальчики и девочки,Павлодарская,,KZPAV,6.527820951196768
2012,на 1000 родившихся,мальчики и девочки,Северо-Казахстанская,,KZSEV,7.10927645912166
2012,на 1000 родившихся,мальчики и девочки,Восточно-Казахстанская,,KZVOS,12.65768655120804
2012,на 1000 родившихся,мальчики и девочки,г_Астана,,KZNS,6.987617530699276
2012,на 1000 родившихся,мальчики и девочки,г_Алматы,,KZALA,9.76227736791117
2012,на 1000 родившихся,мальчики и девочки,,Город,,9.5173417414504
2012,на 1000 родившихся,мальчики и девочки,Акмолинская,Город,KZAKM,8.475793707800603
2012,на 1000 родившихся,мальчики и девочки,Актюбинская,Город,KZAKT,10.819560402112796
2012,на 1000 родившихся,мальчики и девочки,Алматинская,Город,KZALM,8.548469823901522
2012,на 1000 родившихся,мальчики и девочки,Атырауская,Город,KZATY,12.257026123560728
2012,на 1000 родившихся,мальчики и девочки,Западно-Казахстанская,Город,KZZAP,5.979291235234068
2012,на 1000 родившихся,мальчики и девочки,Жымбылская,Город,KZZHA,8.970156977747111
2012,на 1000 родившихся,мальчики и девочки,Карагандинская,Город,KZKAR,7.2783987522745
2012,на 1000 родившихся,мальчики и девочки,Костанайская,Город,KZKUS,10.655964572377526
2012,на 1000 родившихся,мальчики и девочки,Кызылординская,Город,KZKZY,12.38919149845135
2012,на 1000 родившихся,мальчики и девочки,Мангистауская,Город,KZMAN,7.942417473318442
2012,на 1000 родившихся,мальчики и девочки,Южно-Казахстанская,Город,KZONT,11.06305628682462
2012,на 1000 родившихся,мальчики и девочки,Павлодарская,Город,KZPAV,6.693896074427048
2012,на 1000 родившихся,мальчики и девочки,Северо-Казахстанская,Город,KZSEV,7.660878447395301
2012,на 1000 родившихся,мальчики и девочки,Восточно-Казахстанская,Город,KZVOS,13.537906137184116
2012,на 1000 родившихся,мальчики и девочки,г_Астана,Город,KZNS,6.987617530699276
2012,на 1000 родившихся,мальчики и девочки,г_Алматы,Город,KZALA,9.76227736791117
2012,на 1000 родившихся,мальчики и девочки,,Село,,8.44556950452278
2012,на 1000 родившихся,мальчики и девочки,Акмолинская,Село,KZAKM,5.250154416306362
2012,на 1000 родившихся,мальчики и девочки,Актюбинская,Село,KZAKT,4.934464148033924
2012,на 1000 родившихся,мальчики и девочки,Алматинская,Село,KZALM,7.163771782698922
2012,на 1000 родившихся,мальчики и девочки,Атырауская,Село,KZATY,10.787055533359968
2012,на 1000 родившихся,мальчики и девочки,Западно-Казахстанская,Село,KZZAP,8.441091954022989
2012,на 1000 родившихся,мальчики и девочки,Жымбылская,Село,KZZHA,8.550053437833986
2012,на 1000 родившихся,мальчики и девочки,Карагандинская,Село,KZKAR,5.499715531955244
2012,на 1000 родившихся,мальчики и девочки,Костанайская,Село,KZKUS,8.499065102838687
2012,на 1000 родившихся,мальчики и девочки,Кызылординская,Село,KZKZY,13.53965183752418
2012,на 1000 родившихся,мальчики и девочки,Мангистауская,Село,KZMAN,10.11008762075938
2012,на 1000 родившихся,мальчики и девочки,Южно-Казахстанская,Село,KZONT,8.590815712477433
2012,на 1000 родившихся,мальчики и девочки,Павлодарская,Село,KZPAV,6.166748889985199
2012,на 1000 родившихся,мальчики и девочки,Северо-Казахстанская,Село,KZSEV,6.659729448491155
2012,на 1000 родившихся,мальчики и девочки,Восточно-Казахстанская,Село,KZVOS,11.245963701146866
2012,на 1000 родившихся,мужчины,,,,10.101061736094426
2012,на 1000 родившихся,мужчины,Акмолинская,,KZAKM,6.472491909385114
2012,на 1000 родившихся,мужчины,Актюбинская,,KZAKT,9.094754653130288
2012,на 1000 родившихся,мужчины,Алматинская,,KZALM,9.143528227497692
2012,на 1000 родившихся,мужчины,Атырауская,,KZATY,11.541839166980305
2012,на 1000 родившихся,мужчины,Западно-Казахстанская,,KZZAP,9.16860916860917
2012,на 1000 родившихся,мужчины,Жымбылская,,KZZHA,10.084265782566652
2012,на 1000 родившихся,мужчины,Карагандинская,,KZKAR,7.5307173999207295
2012,на 1000 родившихся,мужчины,Костанайская,,KZKUS,11.897590361445785
2012,на 1000 родившихся,мужчины,Кызылординская,,KZKZY,14.04041362299592
2012,на 1000 родившихся,мужчины,Мангистауская,,KZMAN,9.469915694652965
2012,на 1000 родившихся,мужчины,Южно-Казахстанская,,KZONT,10.638812321678998
2012,на 1000 родившихся,мужчины,Павлодарская,,KZPAV,8.15833207433147
2012,на 1000 родившихся,мужчины,Северо-Казахстанская,,KZSEV,8.292245629762439
2012,на 1000 родившихся,мужчины,Восточно-Казахстанская,,KZVOS,13.94254997480262
2012,на 1000 родившихся,мужчины,г_Астана,,KZNS,8.117045796171961
2012,на 1000 родившихся,мужчины,г_Алматы,,KZALA,10.747259088286208
2012,на 1000 родившихся,мужчины,,Город,,10.562647754137116
2012,на 1000 родившихся,мужчины,Акмолинская,Город,KZAKM,8.016032064128256
2012,на 1000 родившихся,мужчины,Актюбинская,Город,KZAKT,10.962041884816752
2012,на 1000 родившихся,мужчины,Алматинская,Город,KZALM,9.764309764309765
2012,на 1000 родившихся,мужчины,Атырауская,Город,KZATY,13.116346854505707
2012,на 1000 родившихся,мужчины,Западно-Казахстанская,Город,KZZAP,7.896221094190638
2012,на 1000 родившихся,мужчины,Жымбылская,Город,KZZHA,8.771929824561402
2012,на 1000 родившихся,мужчины,Карагандинская,Город,KZKAR,8.384685321749672
2012,на 1000 родившихся,мужчины,Костанайская,Город,KZKUS,14.309301045679693
2012,на 1000 родившихся,мужчины,Кызылординская,Город,KZKZY,13.18771893674016
2012,на 1000 родившихся,мужчины,Мангистауская,Город,KZMAN,8.011653313911145
2012,на 1000 родившихся,мужчины,Южно-Казахстанская,Город,KZONT,12.642071354768127
2012,на 1000 родившихся,мужчины,Павлодарская,Город,KZPAV,8.8339222614841
2012,на 1000 родившихся,мужчины,Северо-Казахстанская,Город,KZSEV,7.299270072992701
2012,на 1000 родившихся,мужчины,Восточно-Казахстанская,Город,KZVOS,14.43355119825708
2012,на 1000 родившихся,мужчины,г_Астана,Город,KZNS,8.117045796171961
2012,на 1000 родившихся,мужчины,г_Алматы,Город,KZALA,10.747259088286208
2012,на 1000 родившихся,мужчины,,Село,,9.557931748133475
2012,на 1000 родившихся,мужчины,Акмолинская,Село,KZAKM,4.841149773071104
2012,на 1000 родившихся,мужчины,Актюбинская,Село,KZAKT,5.681818181818182
2012,на 1000 родившихся,мужчины,Алматинская,Село,KZALM,8.937548877220424
2012,на 1000 родившихся,мужчины,Атырауская,Село,KZATY,9.859885832900884
2012,на 1000 родившихся,мужчины,Западно-Казахстанская,Село,KZZAP,10.730356524749048
2012,на 1000 родившихся,мужчины,Жымбылская,Село,KZZHA,10.964912280701752
2012,на 1000 родившихся,мужчины,Карагандинская,Село,KZKAR,4.418262150220913
2012,на 1000 родившихся,мужчины,Костанайская,Село,KZKUS,8.982035928143713
2012,на 1000 родившихся,мужчины,Кызылординская,Село,KZKZY,14.767932489451477
2012,на 1000 родившихся,мужчины,Мангистауская,Село,KZMAN,10.79295154185022
2012,на 1000 родившихся,мужчины,Южно-Казахстанская,Село,KZONT,9.315398514354548
2012,на 1000 родившихся,мужчины,Павлодарская,Село,KZPAV,6.695361071257771
2012,на 1000 родившихся,мужчины,Северо-Казахстанская,Село,KZSEV,9.140008309098464
2012,на 1000 родившихся,мужчины,Восточно-Казахстанская,Село,KZVOS,13.1521262604121
2012,на 1000 родившихся,женщины,,,,7.890907130922224
2012,на 1000 родившихся,женщины,Акмолинская,,KZAKM,7.380629612893508
2012,на 1000 родившихся,женщины,Актюбинская,,KZAKT,8.32667959393179
2012,на 1000 родившихся,женщины,Алматинская,,KZALM,5.817739764685451
2012,на 1000 родившихся,женщины,Атырауская,,KZATY,11.556139198949442
2012,на 1000 родившихся,женщины,Западно-Казахстанская,,KZZAP,4.841402337228715
2012,на 1000 родившихся,женщины,Жымбылская,,KZZHA,7.307637197306204
2012,на 1000 родившихся,женщины,Карагандинская,,KZKAR,6.222147481711931
2012,на 1000 родившихся,женщины,Костанайская,,KZKUS,7.420003091667955
2012,на 1000 родившихся,женщины,Кызылординская,,KZKZY,11.881392705858044
2012,на 1000 родившихся,женщины,Мангистауская,,KZMAN,8.673653776653415
2012,на 1000 родившихся,женщины,Южно-Казахстанская,,KZONT,8.440670091117937
2012,на 1000 родившихся,женщины,Павлодарская,,KZPAV,4.800768122899664
2012,на 1000 родившихся,женщины,Северо-Казахстанская,,KZSEV,5.869922517022775
2012,на 1000 родившихся,женщины,Восточно-Казахстанская,,KZVOS,11.32502831257078
2012,на 1000 родившихся,женщины,г_Астана,,KZNS,5.799240826655419
2012,на 1000 родившихся,женщины,г_Алматы,,KZALA,8.709727146600894
2012,на 1000 родившихся,женщины,,Город,,8.41633466135458
2012,на 1000 родившихся,женщины,Акмолинская,Город,KZAKM,8.938869665513264
2012,на 1000 родившихся,женщины,Актюбинская,Город,KZAKT,10.66477070742979
2012,на 1000 родившихся,женщины,Алматинская,Город,KZALM,7.29419937478291
2012,на 1000 родившихся,женщины,Атырауская,Город,KZATY,11.363636363636363
2012,на 1000 родившихся,женщины,Западно-Казахстанская,Город,KZZAP,3.926306251887647
2012,на 1000 родившихся,женщины,Жымбылская,Город,KZZHA,9.16955017301038
2012,на 1000 родившихся,женщины,Карагандинская,Город,KZKAR,6.105398457583547
2012,на 1000 родившихся,женщины,Костанайская,Город,KZKUS,6.9599109131403125
2012,на 1000 родившихся,женщины,Кызылординская,Город,KZKZY,11.529933481152993
2012,на 1000 родившихся,женщины,Мангистауская,Город,KZMAN,7.870017771007871
2012,на 1000 родившихся,женщины,Южно-Казахстанская,Город,KZONT,9.38207699773536
2012,на 1000 родившихся,женщины,Павлодарская,Город,KZPAV,4.433037797480168
2012,на 1000 родившихся,женщины,Северо-Казахстанская,Город,KZSEV,8.060182697474476
2012,на 1000 родившихся,женщины,Восточно-Казахстанская,Город,KZVOS,12.606232294617564
2012,на 1000 родившихся,женщины,г_Астана,Город,KZNS,5.799240826655419
2012,на 1000 родившихся,женщины,г_Алматы,Город,KZALA,8.709727146600894
2012,на 1000 родившихся,женщины,,Село,,7.271232233055327
2012,на 1000 родившихся,женщины,Акмолинская,Село,KZAKM,5.676442762535478
2012,на 1000 родившихся,женщины,Актюбинская,Село,KZAKT,4.138809296402419
2012,на 1000 родившихся,женщины,Алматинская,Село,KZALM,5.32561505065123
2012,на 1000 родившихся,женщины,Атырауская,Село,KZATY,11.76470588235294
2012,на 1000 родившихся,женщины,Западно-Казахстанская,Село,KZZAP,5.972377752892871
2012,на 1000 родившихся,женщины,Жымбылская,Село,KZZHA,5.99168500855955
2012,на 1000 родившихся,женщины,Карагандинская,Село,KZKAR,6.64841611263199
2012,на 1000 родившихся,женщины,Костанайская,Село,KZKUS,7.994438651372959
2012,на 1000 родившихся,женщины,Кызылординская,Село,KZKZY,12.188044109112012
2012,на 1000 родившихся,женщины,Мангистауская,Село,KZMAN,9.399358092618064
2012,на 1000 родившихся,женщины,Южно-Казахстанская,Село,KZONT,7.8158550201838
2012,на 1000 родившихся,женщины,Павлодарская,Село,KZPAV,5.603667855323485
2012,на 1000 родившихся,женщины,Северо-Казахстанская,Село,KZSEV,4.170141784820684
2012,на 1000 родившихся,женщины,Восточно-Казахстанская,Село,KZVOS,9.278117221090746
2013,на 1000 родившихся,мальчики и девочки,,,,7.134815212675853
2013,на 1000 родившихся,мальчики и девочки,Акмолинская,,KZAKM,8.088978766430738
2013,на 1000 родившихся,мальчики и девочки,Актюбинская,,KZAKT,7.463880151410141
2013,на 1000 родившихся,мальчики и девочки,Алматинская,,KZALM,5.611139762764311
2013,на 1000 родившихся,мальчики и девочки,Атырауская,,KZATY,5.726735138499844
2013,на 1000 родившихся,мальчики и девочки,Западно-Казахстанская,,KZZAP,5.34465141869056
2013,на 1000 родившихся,мальчики и девочки,Жымбылская,,KZZHA,9.278814527576776
2013,на 1000 родившихся,мальчики и девочки,Карагандинская,,KZKAR,6.320907617504052
2013,на 1000 родившихся,мальчики и девочки,Костанайская,,KZKUS,6.677411927239235
2013,на 1000 родившихся,мальчики и девочки,Кызылординская,,KZKZY,8.590017281691573
2013,на 1000 родившихся,мальчики и девочки,Мангистауская,,KZMAN,6.331186551686497
2013,на 1000 родившихся,мальчики и девочки,Южно-Казахстанская,,KZONT,7.953254341827625
2013,на 1000 родившихся,мальчики и девочки,Павлодарская,,KZPAV,4.349484929416253
2013,на 1000 родившихся,мальчики и девочки,Северо-Казахстанская,,KZSEV,5.957247985048475
2013,на 1000 родившихся,мальчики и девочки,Восточно-Казахстанская,,KZVOS,9.331872946330778
2013,на 1000 родившихся,мальчики и девочки,г_Астана,,KZNS,5.343441724515894
2013,на 1000 родившихся,мальчики и девочки,г_Алматы,,KZALA,7.908901175350591
2013,на 1000 родившихся,мальчики и девочки,,Город,,7.622395323402568
2013,на 1000 родившихся,мальчики и девочки,Акмолинская,Город,KZAKM,9.5068330362448
2013,на 1000 родившихся,мальчики и девочки,Актюбинская,Город,KZAKT,7.524331397726343
2013,на 1000 родившихся,мальчики и девочки,Алматинская,Город,KZALM,6.848743005094797
2013,на 1000 родившихся,мальчики и девочки,Атырауская,Город,KZATY,6.306852637962401
2013,на 1000 родившихся,мальчики и девочки,Западно-Казахстанская,Город,KZZAP,5.428571428571429
2013,на 1000 родившихся,мальчики и девочки,Жымбылская,Город,KZZHA,13.869005010737297
2013,на 1000 родившихся,мальчики и девочки,Карагандинская,Город,KZKAR,6.272949816401469
2013,на 1000 родившихся,мальчики и девочки,Костанайская,Город,KZKUS,6.886103842445944
2013,на 1000 родившихся,мальчики и девочки,Кызылординская,Город,KZKZY,8.97308075772682
2013,на 1000 родившихся,мальчики и девочки,Мангистауская,Город,KZMAN,6.055066834228264
2013,на 1000 родившихся,мальчики и девочки,Южно-Казахстанская,Город,KZONT,8.910037364672819
2013,на 1000 родившихся,мальчики и девочки,Павлодарская,Город,KZPAV,4.02729611813402
2013,на 1000 родившихся,мальчики и девочки,Северо-Казахстанская,Город,KZSEV,7.274616783580151
2013,на 1000 родившихся,мальчики и девочки,Восточно-Казахстанская,Город,KZVOS,9.23754707596106
2013,на 1000 родившихся,мальчики и девочки,г_Астана,Город,KZNS,5.343441724515894
2013,на 1000 родившихся,мальчики и девочки,г_Алматы,Город,KZALA,7.908901175350591
2013,на 1000 родившихся,мальчики и девочки,,Село,,6.560860838913157
2013,на 1000 родившихся,мальчики и девочки,Акмолинская,Село,KZAKM,6.530612244897959
2013,на 1000 родившихся,мальчики и девочки,Актюбинская,Село,KZAKT,7.350689127105666
2013,на 1000 родившихся,мальчики и девочки,Алматинская,Село,KZALM,5.205194235932278
2013,на 1000 родившихся,мальчики и девочки,Атырауская,Село,KZATY,5.115089514066496
2013,на 1000 родившихся,мальчики и девочки,Западно-Казахстанская,Село,KZZAP,5.242005940940066
2013,на 1000 родившихся,мальчики и девочки,Жымбылская,Село,KZZHA,6.381656971819054
2013,на 1000 родившихся,мальчики и девочки,Карагандинская,Село,KZKAR,6.506309148264984
2013,на 1000 родившихся,мальчики и девочки,Костанайская,Село,KZKUS,6.414701803051317
2013,на 1000 родившихся,мальчики и девочки,Кызылординская,Село,KZKZY,8.265239034469804
2013,на 1000 родившихся,мальчики и девочки,Мангистауская,Село,KZMAN,6.583760058522311
2013,на 1000 родившихся,мальчики и девочки,Южно-Казахстанская,Село,KZONT,7.339073390733907
2013,на 1000 родившихся,мальчики и девочки,Павлодарская,Село,KZPAV,5.040806529044647
2013,на 1000 родившихся,мальчики и девочки,Северо-Казахстанская,Село,KZSEV,4.881154499151104
2013,на 1000 родившихся,мальчики и девочки,Восточно-Казахстанская,Село,KZVOS,9.483546617915906
2013,на 1000 родившихся,мужчины,,,,8.083516329603379
2013,на 1000 родившихся,мужчины,Акмолинская,,KZAKM,9.8098400241473
2013,на 1000 родившихся,мужчины,Актюбинская,,KZAKT,8.558465663023304
2013,на 1000 родившихся,мужчины,Алматинская,,KZALM,6.965975437890074
2013,на 1000 родившихся,мужчины,Атырауская,,KZATY,5.827364331674153
2013,на 1000 родившихся,мужчины,Западно-Казахстанская,,KZZAP,5.9790732436472345
2013,на 1000 родившихся,мужчины,Жымбылская,,KZZHA,9.32525144874442
2013,на 1000 родившихся,мужчины,Карагандинская,,KZKAR,6.949928921181488
2013,на 1000 родившихся,мужчины,Костанайская,,KZKUS,7.618763071407231
2013,на 1000 родившихся,мужчины,Кызылординская,,KZKZY,9.393346379647747
2013,на 1000 родившихся,мужчины,Мангистауская,,KZMAN,7.49024158666526
2013,на 1000 родившихся,мужчины,Южно-Казахстанская,,KZONT,9.041328323839537
2013,на 1000 родившихся,мужчины,Павлодарская,,KZPAV,5.5523085914669785
2013,на 1000 родившихся,мужчины,Северо-Казахстанская,,KZSEV,6.503700381251401
2013,на 1000 родившихся,мужчины,Восточно-Казахстанская,,KZVOS,10.62473438164046
2013,на 1000 родившихся,мужчины,г_Астана,,KZNS,5.708765150184437
2013,на 1000 родившихся,мужчины,г_Алматы,,KZALA,9.323843416370106
2013,на 1000 родившихся,мужчины,,Город,,8.490016369639406
2013,на 1000 родившихся,мужчины,Акмолинская,Город,KZAKM,10.93210586881473
2013,на 1000 родившихся,мужчины,Актюбинская,Город,KZAKT,8.410028562361155
2013,на 1000 родившихся,мужчины,Алматинская,Город,KZALM,8.6011035378124
2013,на 1000 родившихся,мужчины,Атырауская,Город,KZATY,6.399620763214032
2013,на 1000 родившихся,мужчины,Западно-Казахстанская,Город,KZZAP,6.202804746494067
2013,на 1000 родившихся,мужчины,Жымбылская,Город,KZZHA,14.042995839112344
2013,на 1000 родившихся,мужчины,Карагандинская,Город,KZKAR,6.252481143310838
2013,на 1000 родившихся,мужчины,Костанайская,Город,KZKUS,8.986928104575163
2013,на 1000 родившихся,мужчины,Кызылординская,Город,KZKZY,8.624407072013799
2013,на 1000 родившихся,мужчины,Мангистауская,Город,KZMAN,6.610841780520053
2013,на 1000 родившихся,мужчины,Южно-Казахстанская,Город,KZONT,10.130335412934707
2013,на 1000 родившихся,мужчины,Павлодарская,Город,KZPAV,5.170185264971995
2013,на 1000 родившихся,мужчины,Северо-Казахстанская,Город,KZSEV,8.995502248875562
2013,на 1000 родившихся,мужчины,Восточно-Казахстанская,Город,KZVOS,10.273972602739724
2013,на 1000 родившихся,мужчины,г_Астана,Город,KZNS,5.708765150184437
2013,на 1000 родившихся,мужчины,г_Алматы,Город,KZALA,9.323843416370106
2013,на 1000 родившихся,мужчины,,Село,,7.604645588651865
2013,на 1000 родившихся,мужчины,Акмолинская,Село,KZAKM,8.571428571428571
2013,на 1000 родившихся,мужчины,Актюбинская,Село,KZAKT,8.8339222614841
2013,на 1000 родившихся,мужчины,Алматинская,Село,KZALM,6.426391045895143
2013,на 1000 родившихся,мужчины,Атырауская,Село,KZATY,5.226480836236934
2013,на 1000 родившихся,мужчины,Западно-Казахстанская,Село,KZZAP,5.700871898054997
2013,на 1000 родившихся,мужчины,Жымбылская,Село,KZZHA,6.381828015143321
2013,на 1000 родившихся,мужчины,Карагандинская,Село,KZKAR,9.667440061871616
2013,на 1000 родившихся,мужчины,Костанайская,Село,KZKUS,5.956320317670417
2013,на 1000 родившихся,мужчины,Кызылординская,Село,KZKZY,10.032246506628448
2013,на 1000 родившихся,мужчины,Мангистауская,Село,KZMAN,8.297915401740537
2013,на 1000 родившихся,мужчины,Южно-Казахстанская,Село,KZONT,8.337987712439162
2013,на 1000 родившихся,мужчины,Павлодарская,Село,KZPAV,6.357856494096277
2013,на 1000 родившихся,мужчины,Северо-Казахстанская,Село,KZSEV,4.475183075671278
2013,на 1000 родившихся,мужчины,Восточно-Казахстанская,Село,KZVOS,11.198208286674133
2013,на 1000 родившихся,женщины,,,,6.122459873067048
2013,на 1000 родившихся,женщины,Акмолинская,,KZAKM,6.259027443428021
2013,на 1000 родившихся,женщины,Актюбинская,,KZAKT,6.292085219119109
2013,на 1000 родившихся,женщины,Алматинская,,KZALM,4.187817258883249
2013,на 1000 родившихся,женщины,Атырауская,,KZATY,5.620848237097598
2013,на 1000 родившихся,женщины,Западно-Казахстанская,,KZZAP,4.641140394496934
2013,на 1000 родившихся,женщины,Жымбылская,,KZZHA,9.228550829127617
2013,на 1000 родившихся,женщины,Карагандинская,,KZKAR,5.658179397570311
2013,на 1000 родившихся,женщины,Костанайская,,KZKUS,5.682715074980268
2013,на 1000 родившихся,женщины,Кызылординская,,KZKZY,7.721599323037867
2013,на 1000 родившихся,женщины,Мангистауская,,KZMAN,5.088770779147349
2013,на 1000 родившихся,женщины,Южно-Казахстанская,,KZONT,6.797466398887687
2013,на 1000 родившихся,женщины,Павлодарская,,KZPAV,3.034659000159719
2013,на 1000 родившихся,женщины,Северо-Казахстанская,,KZSEV,5.363237445148708
2013,на 1000 родившихся,женщины,Восточно-Казахстанская,,KZVOS,7.956600361663654
2013,на 1000 родившихся,женщины,г_Астана,,KZNS,4.947668886774501
2013,на 1000 родившихся,женщины,г_Алматы,,KZALA,6.409773018626047
2013,на 1000 родившихся,женщины,,Город,,6.695899502251718
2013,на 1000 родившихся,женщины,Акмолинская,Город,KZAKM,7.985257985257985
2013,на 1000 родившихся,женщины,Актюбинская,Город,KZAKT,6.582278481012658
2013,на 1000 родившихся,женщины,Алматинская,Город,KZALM,4.990535191877474
2013,на 1000 родившихся,женщины,Атырауская,Город,KZATY,6.209637357178341
2013,на 1000 родившихся,женщины,Западно-Казахстанская,Город,KZZAP,4.556500607533414
2013,на 1000 родившихся,женщины,Жымбылская,Город,KZZHA,13.683431952662724
2013,на 1000 родившихся,женщины,Карагандинская,Город,KZKAR,6.29458665547629
2013,на 1000 родившихся,женщины,Костанайская,Город,KZKUS,4.736695458344943
2013,на 1000 родившихся,женщины,Кызылординская,Город,KZKZY,9.341535657325132
2013,на 1000 родившихся,женщины,Мангистауская,Город,KZMAN,5.456702253855279
2013,на 1000 родившихся,женщины,Южно-Казахстанская,Город,KZONT,7.603808516265539
2013,на 1000 родившихся,женщины,Павлодарская,Город,KZPAV,2.7926460321154294
2013,на 1000 родившихся,женщины,Северо-Казахстанская,Город,KZSEV,5.411255411255411
2013,на 1000 родившихся,женщины,Восточно-Казахстанская,Город,KZVOS,8.120478369998523
2013,на 1000 родившихся,женщины,г_Астана,Город,KZNS,4.947668886774501
2013,на 1000 родившихся,женщины,г_Алматы,Город,KZALA,6.409773018626047
2013,на 1000 родившихся,женщины,,Село,,5.44797704647624
2013,на 1000 родившихся,женщины,Акмолинская,Село,KZAKM,4.369747899159663
2013,на 1000 родившихся,женщины,Актюбинская,Село,KZAKT,5.74345883854499
2013,на 1000 родившихся,женщины,Алматинская,Село,KZALM,3.926187671770711
2013,на 1000 родившихся,женщины,Атырауская,Село,KZATY,4.997369805365597
2013,на 1000 родившихся,женщины,Западно-Казахстанская,Село,KZZAP,4.742794600510763
2013,на 1000 родившихся,женщины,Жымбылская,Село,KZZHA,6.38147010163082
2013,на 1000 родившихся,женщины,Карагандинская,Село,KZKAR,3.218020917135961
2013,на 1000 родившихся,женщины,Костанайская,Село,KZKUS,6.919155134741442
2013,на 1000 родившихся,женщины,Кызылординская,Село,KZKZY,6.317867719644619
2013,на 1000 родившихся,женщины,Мангистауская,Село,KZMAN,4.753673292999135
2013,на 1000 родившихся,женщины,Южно-Казахстанская,Село,KZONT,6.283208231424475
2013,на 1000 родившихся,женщины,Павлодарская,Село,KZPAV,3.564154786150713
2013,на 1000 родившихся,женщины,Северо-Казахстанская,Село,KZSEV,5.323868677905945
2013,на 1000 родившихся,женщины,Восточно-Казахстанская,Село,KZVOS,7.697690692792162
2014,на 1000 родившихся,мальчики и девочки,,,,5.885166625345284
2014,на 1000 родившихся,мальчики и девочки,Акмолинская,,KZAKM,5.623681949543076
2014,на 1000 родившихся,мальчики и девочки,Актюбинская,,KZAKT,5.75796178343949
2014,на 1000 родившихся,мальчики и девочки,Алматинская,,KZALM,5.197609099814086
2014,на 1000 родившихся,мальчики и девочки,Атырауская,,KZATY,4.637256696564768
2014,на 1000 родившихся,мальчики и девочки,Западно-Казахстанская,,KZZAP,5.598159509202453
2014,на 1000 родившихся,мальчики и девочки,Жымбылская,,KZZHA,6.4568473006321625
2014,на 1000 родившихся,мальчики и девочки,Карагандинская,,KZKAR,5.5392766828563405
2014,на 1000 родившихся,мальчики и девочки,Костанайская,,KZKUS,7.44339105226044
2014,на 1000 родившихся,мальчики и девочки,Кызылординская,,KZKZY,6.9751449061793895
2014,на 1000 родившихся,мальчики и девочки,Мангистауская,,KZMAN,4.817258351659859
2014,на 1000 родившихся,мальчики и девочки,Южно-Казахстанская,,KZONT,6.550458044133253
2014,на 1000 родившихся,мальчики и девочки,Павлодарская,,KZPAV,4.524192929990032
2014,на 1000 родившихся,мальчики и девочки,Северо-Казахстанская,,KZSEV,5.111976630963973
2014,на 1000 родившихся,мальчики и девочки,Восточно-Казахстанская,,KZVOS,7.755205260052263
2014,на 1000 родившихся,мальчики и девочки,г_Астана,,KZNS,4.027904659081472
2014,на 1000 родившихся,мальчики и девочки,г_Алматы,,KZALA,6.0326233486114855
2014,на 1000 родившихся,мальчики и девочки,,Город,,6.368340506505222
2014,на 1000 родившихся,мальчики и девочки,Акмолинская,Город,KZAKM,5.473372781065089
2014,на 1000 родившихся,мальчики и девочки,Актюбинская,Город,KZAKT,6.695212144803425
2014,на 1000 родившихся,мальчики и девочки,Алматинская,Город,KZALM,4.832448704745306
2014,на 1000 родившихся,мальчики и девочки,Атырауская,Город,KZATY,5.03190967108493
2014,на 1000 родившихся,мальчики и девочки,Западно-Казахстанская,Город,KZZAP,6.686046511627907
2014,на 1000 родившихся,мальчики и девочки,Жымбылская,Город,KZZHA,10.763038151907596
2014,на 1000 родившихся,мальчики и девочки,Карагандинская,Город,KZKAR,5.155420773313116
2014,на 1000 родившихся,мальчики и девочки,Костанайская,Город,KZKUS,7.610993657505285
2014,на 1000 родившихся,мальчики и девочки,Кызылординская,Город,KZKZY,8.181045473863152
2014,на 1000 родившихся,мальчики и девочки,Мангистауская,Город,KZMAN,5.539865305235716
2014,на 1000 родившихся,мальчики и девочки,Южно-Казахстанская,Город,KZONT,7.488232777064613
2014,на 1000 родившихся,мальчики и девочки,Павлодарская,Город,KZPAV,4.231625835189309
2014,на 1000 родившихся,мальчики и девочки,Северо-Казахстанская,Город,KZSEV,4.641567818463125
2014,на 1000 родившихся,мальчики и девочки,Восточно-Казахстанская,Город,KZVOS,8.814485821660403
2014,на 1000 родившихся,мальчики и девочки,г_Астана,Город,KZNS,4.027904659081472
2014,на 1000 родившихся,мальчики и девочки,г_Алматы,Город,KZALA,6.0326233486114855
2014,на 1000 родившихся,мальчики и девочки,,Село,,5.275146185576357
2014,на 1000 родившихся,мальчики и девочки,Акмолинская,Село,KZAKM,5.7918252523581
2014,на 1000 родившихся,мальчики и девочки,Актюбинская,Село,KZAKT,3.982300884955752
2014,на 1000 родившихся,мальчики и девочки,Алматинская,Село,KZALM,5.3208556149732615
2014,на 1000 родившихся,мальчики и девочки,Атырауская,Село,KZATY,4.247057395947094
2014,на 1000 родившихся,мальчики и девочки,Западно-Казахстанская,Село,KZZAP,4.383116883116883
2014,на 1000 родившихся,мальчики и девочки,Жымбылская,Село,KZZHA,3.74593731063736
2014,на 1000 родившихся,мальчики и девочки,Карагандинская,Село,KZKAR,7.02028081123245
2014,на 1000 родившихся,мальчики и девочки,Костанайская,Село,KZKUS,7.233592095977418
2014,на 1000 родившихся,мальчики и девочки,Кызылординская,Село,KZKZY,5.938242280285036
2014,на 1000 родившихся,мальчики и девочки,Мангистауская,Село,KZMAN,4.144763445208249
2014,на 1000 родившихся,мальчики и девочки,Южно-Казахстанская,Село,KZONT,5.764011931728979
2014,на 1000 родившихся,мальчики и девочки,Павлодарская,Село,KZPAV,5.171140113272593
2014,на 1000 родившихся,мальчики и девочки,Северо-Казахстанская,Село,KZSEV,5.532503457814661
2014,на 1000 родившихся,мальчики и девочки,Восточно-Казахстанская,Село,KZVOS,6.049939500604994
2014,на 1000 родившихся,мужчины,,,,6.512568284764479
2014,на 1000 родившихся,мужчины,Акмолинская,,KZAKM,7.0186145865120535
2014,на 1000 родившихся,мужчины,Актюбинская,,KZAKT,6.332813717848792
2014,на 1000 родившихся,мужчины,Алматинская,,KZALM,5.491530667491686
2014,на 1000 родившихся,мужчины,Атырауская,,KZATY,4.71253534401508
2014,на 1000 родившихся,мужчины,Западно-Казахстанская,,KZZAP,6.096654275092937
2014,на 1000 родившихся,мужчины,Жымбылская,,KZZHA,6.818934127772261
2014,на 1000 родившихся,мужчины,Карагандинская,,KZKAR,6.869096869877449
2014,на 1000 родившихся,мужчины,Костанайская,,KZKUS,7.507277462846638
2014,на 1000 родившихся,мужчины,Кызылординская,,KZKZY,7.180469123982767
2014,на 1000 родившихся,мужчины,Мангистауская,,KZMAN,5.983772819472617
2014,на 1000 родившихся,мужчины,Южно-Казахстанская,,KZONT,7.439347990902198
2014,на 1000 родившихся,мужчины,Павлодарская,,KZPAV,4.179728317659353
2014,на 1000 родившихся,мужчины,Северо-Казахстанская,,KZSEV,6.162597771983883
2014,на 1000 родившихся,мужчины,Восточно-Казахстанская,,KZVOS,8.42397971701971
2014,на 1000 родившихся,мужчины,г_Астана,,KZNS,4.366106080206986
2014,на 1000 родившихся,мужчины,г_Алматы,,KZALA,6.9489544096635925
2014,на 1000 родившихся,мужчины,,Город,,6.956763713520471
2014,на 1000 родившихся,мужчины,Акмолинская,Город,KZAKM,7.778738115816767
2014,на 1000 родившихся,мужчины,Актюбинская,Город,KZAKT,7.252812314979278
2014,на 1000 родившихся,мужчины,Алматинская,Город,KZALM,4.158324349299246
2014,на 1000 родившихся,мужчины,Атырауская,Город,KZATY,5.421970768505422
2014,на 1000 родившихся,мужчины,Западно-Казахстанская,Город,KZZAP,6.495340299350466
2014,на 1000 родившихся,мужчины,Жымбылская,Город,KZZHA,11.285909712722296
2014,на 1000 родившихся,мужчины,Карагандинская,Город,KZKAR,6.0855908912446015
2014,на 1000 родившихся,мужчины,Костанайская,Город,KZKUS,7.685973099094153
2014,на 1000 родившихся,мужчины,Кызылординская,Город,KZKZY,8.816895632561
2014,на 1000 родившихся,мужчины,Мангистауская,Город,KZMAN,7.432575918454024
2014,на 1000 родившихся,мужчины,Южно-Казахстанская,Город,KZONT,8.21365843578882
2014,на 1000 родившихся,мужчины,Павлодарская,Город,KZPAV,3.4714688652636148
2014,на 1000 родившихся,мужчины,Северо-Казахстанская,Город,KZSEV,5.3921568627450975
2014,на 1000 родившихся,мужчины,Восточно-Казахстанская,Город,KZVOS,9.389671361502348
2014,на 1000 родившихся,мужчины,г_Астана,Город,KZNS,4.366106080206986
2014,на 1000 родившихся,мужчины,г_Алматы,Город,KZALA,6.9489544096635925
2014,на 1000 родившихся,мужчины,,Село,,5.949757602468048
2014,на 1000 родившихся,мужчины,Акмолинская,Село,KZAKM,6.162828413882583
2014,на 1000 родившихся,мужчины,Актюбинская,Село,KZAKT,4.561003420752566
2014,на 1000 родившихся,мужчины,Алматинская,Село,KZALM,5.938548928479215
2014,на 1000 родившихся,мужчины,Атырауская,Село,KZATY,4.003768252472916
2014,на 1000 родившихся,мужчины,Западно-Казахстанская,Село,KZZAP,5.653266331658291
2014,на 1000 родившихся,мужчины,Жымбылская,Село,KZZHA,3.996975261963919
2014,на 1000 родившихся,мужчины,Карагандинская,Село,KZKAR,9.912314144109796
2014,на 1000 родившихся,мужчины,Костанайская,Село,KZKUS,7.281553398058253
2014,на 1000 родившихся,мужчины,Кызылординская,Село,KZKZY,5.747126436781609
2014,на 1000 родившихся,мужчины,Мангистауская,Село,KZMAN,4.659289458357601
2014,на 1000 родившихся,мужчины,Южно-Казахстанская,Село,KZONT,6.783369803063457
2014,на 1000 родившихся,мужчины,Павлодарская,Село,KZPAV,5.741626794258373
2014,на 1000 родившихся,мужчины,Северо-Казахстанская,Село,KZSEV,6.883891693437357
2014,на 1000 родившихся,мужчины,Восточно-Казахстанская,Село,KZVOS,6.9153394803017605
2014,на 1000 родившихся,женщины,,,,5.218208966019643
2014,на 1000 родившихся,женщины,Акмолинская,,KZAKM,4.160665706513042
2014,на 1000 родившихся,женщины,Актюбинская,,KZAKT,5.127657301570345
2014,на 1000 родившихся,женщины,Алматинская,,KZALM,4.883095385888682
2014,на 1000 родившихся,женщины,Атырауская,,KZATY,4.556385267687634
2014,на 1000 родившихся,женщины,Западно-Казахстанская,,KZZAP,5.067300079176564
2014,на 1000 родившихся,женщины,Жымбылская,,KZZHA,6.079027355623101
2014,на 1000 родившихся,женщины,Карагандинская,,KZKAR,4.131548504379442
2014,на 1000 родившихся,женщины,Костанайская,,KZKUS,7.376523412443874
2014,на 1000 родившихся,женщины,Кызылординская,,KZKZY,6.7588015736911125
2014,на 1000 родившихся,женщины,Мангистауская,,KZMAN,3.5722017752760338
2014,на 1000 родившихся,женщины,Южно-Казахстанская,,KZONT,5.607100651228282
2014,на 1000 родившихся,женщины,Павлодарская,,KZPAV,4.888047934405551
2014,на 1000 родившихся,женщины,Северо-Казахстанская,,KZSEV,4.003002251688766
2014,на 1000 родившихся,женщины,Восточно-Казахстанская,,KZVOS,7.044090790503522
2014,на 1000 родившихся,женщины,г_Астана,,KZNS,3.670821239542428
2014,на 1000 родившихся,женщины,г_Алматы,,KZALA,5.044136191677175
2014,на 1000 родившихся,женщины,,Город,,5.740783677254812
2014,на 1000 родившихся,женщины,Акмолинская,Город,KZAKM,3.0404378230465183
2014,на 1000 родившихся,женщины,Актюбинская,Город,KZAKT,6.076531450156019
2014,на 1000 родившихся,женщины,Алматинская,Город,KZALM,5.5464926590538335
2014,на 1000 родившихся,женщины,Атырауская,Город,KZATY,4.608294930875576
2014,на 1000 родившихся,женщины,Западно-Казахстанская,Город,KZZAP,6.888289907157832
2014,на 1000 родившихся,женщины,Жымбылская,Город,KZZHA,10.21505376344086
2014,на 1000 родившихся,женщины,Карагандинская,Город,KZKAR,4.167969157028238
2014,на 1000 родившихся,женщины,Костанайская,Город,KZKUS,7.531865585168019
2014,на 1000 родившихся,женщины,Кызылординская,Город,KZKZY,7.497243660418963
2014,на 1000 родившихся,женщины,Мангистауская,Город,KZMAN,3.55792750722704
2014,на 1000 родившихся,женщины,Южно-Казахстанская,Город,KZONT,6.709548630364866
2014,на 1000 родившихся,женщины,Павлодарская,Город,KZPAV,5.033173186913749
2014,на 1000 родившихся,женщины,Северо-Казахстанская,Город,KZSEV,3.808487486398259
2014,на 1000 родившихся,женщины,Восточно-Казахстанская,Город,KZVOS,8.217270194986073
2014,на 1000 родившихся,женщины,г_Астана,Город,KZNS,3.670821239542428
2014,на 1000 родившихся,женщины,г_Алматы,Город,KZALA,5.044136191677175
2014,на 1000 родившихся,женщины,,Село,,4.560936916759985
2014,на 1000 родившихся,женщины,Акмолинская,Село,KZAKM,5.405405405405405
2014,на 1000 родившихся,женщины,Актюбинская,Село,KZAKT,3.361858190709046
2014,на 1000 родившихся,женщины,Алматинская,Село,KZALM,4.657610202384253
2014,на 1000 родившихся,женщины,Атырауская,Село,KZATY,4.505632040050063
2014,на 1000 родившихся,женщины,Западно-Казахстанская,Село,KZZAP,3.0241935483870965
2014,на 1000 родившихся,женщины,Жымбылская,Село,KZZHA,3.4847122302158278
2014,на 1000 родившихся,женщины,Карагандинская,Село,KZKAR,3.992015968063872
2014,на 1000 родившихся,женщины,Костанайская,Село,KZKUS,7.183908045977011
2014,на 1000 родившихся,женщины,Кызылординская,Село,KZKZY,6.136110078095946
2014,на 1000 родившихся,женщины,Мангистауская,Село,KZMAN,3.585741404766927
2014,на 1000 родившихся,женщины,Южно-Казахстанская,Село,KZONT,4.692459861066385
2014,на 1000 родившихся,женщины,Павлодарская,Село,KZPAV,4.5662100456621
2014,на 1000 родившихся,женщины,Северо-Казахстанская,Село,KZSEV,4.168596572487263
2014,на 1000 родившихся,женщины,Восточно-Казахстанская,Село,KZVOS,5.093771706413522
2015,на 1000 родившихся,мальчики и девочки,,,,5.606613495023315
2015,на 1000 родившихся,мальчики и девочки,Акмолинская,,KZAKM,4.181789490295093
2015,на 1000 родившихся,мальчики и девочки,Актюбинская,,KZAKT,6.056056056056057
2015,на 1000 родившихся,мальчики и девочки,Алматинская,,KZALM,5.065980308044287
2015,на 1000 родившихся,мальчики и девочки,Атырауская,,KZATY,4.749147588894301
2015,на 1000 родившихся,мальчики и девочки,Западно-Казахстанская,,KZZAP,4.855865577308463
2015,на 1000 родившихся,мальчики и девочки,Жымбылская,,KZZHA,6.44184736693889
2015,на 1000 родившихся,мальчики и девочки,Карагандинская,,KZKAR,5.143696930111038
2015,на 1000 родившихся,мальчики и девочки,Костанайская,,KZKUS,6.891690813689404
2015,на 1000 родившихся,мальчики и девочки,Кызылординская,,KZKZY,6.149311378767088
2015,на 1000 родившихся,мальчики и девочки,Мангистауская,,KZMAN,4.610204610204611
2015,на 1000 родившихся,мальчики и девочки,Южно-Казахстанская,,KZONT,6.376286577977946
2015,на 1000 родившихся,мальчики и девочки,Павлодарская,,KZPAV,4.384934617492757
2015,на 1000 родившихся,мальчики и девочки,Северо-Казахстанская,,KZSEV,3.4431874077717657
2015,на 1000 родившихся,мальчики и девочки,Восточно-Казахстанская,,KZVOS,6.377773894810414
2015,на 1000 родившихся,мальчики и девочки,г_Астана,,KZNS,4.515190939006658
2015,на 1000 родившихся,мальчики и девочки,г_Алматы,,KZALA,6.258223948136974
2015,на 1000 родившихся,мальчики и девочки,,Город,,6.226528732374407
2015,на 1000 родившихся,мальчики и девочки,Акмолинская,Город,KZAKM,5.632132799762857
2015,на 1000 родившихся,мальчики и девочки,Актюбинская,Город,KZAKT,6.032727546942161
2015,на 1000 родившихся,мальчики и девочки,Алматинская,Город,KZALM,5.484174240050141
2015,на 1000 родившихся,мальчики и девочки,Атырауская,Город,KZATY,4.999390318253871
2015,на 1000 родившихся,мальчики и девочки,Западно-Казахстанская,Город,KZZAP,6.157811828726908
2015,на 1000 родившихся,мальчики и девочки,Жымбылская,Город,KZZHA,10.494752623688155
2015,на 1000 родившихся,мальчики и девочки,Карагандинская,Город,KZKAR,5.4804343372259785
2015,на 1000 родившихся,мальчики и девочки,Костанайская,Город,KZKUS,8.245981830887493
2015,на 1000 родившихся,мальчики и девочки,Кызылординская,Город,KZKZY,8.23045267489712
2015,на 1000 родившихся,мальчики и девочки,Мангистауская,Город,KZMAN,4.537650233014471
2015,на 1000 родившихся,мальчики и девочки,Южно-Казахстанская,Город,KZONT,6.79139580360446
2015,на 1000 родившихся,мальчики и девочки,Павлодарская,Город,KZPAV,4.581005586592179
2015,на 1000 родившихся,мальчики и девочки,Северо-Казахстанская,Город,KZSEV,4.124774426398557
2015,на 1000 родившихся,мальчики и девочки,Восточно-Казахстанская,Город,KZVOS,7.526584725866592
2015,на 1000 родившихся,мальчики и девочки,г_Астана,Город,KZNS,4.515190939006658
2015,на 1000 родившихся,мальчики и девочки,г_Алматы,Город,KZALA,6.258223948136974
2015,на 1000 родившихся,мальчики и девочки,,Село,,4.843153196890556
2015,на 1000 родившихся,мальчики и девочки,Акмолинская,Село,KZAKM,2.6001040041601664
2015,на 1000 родившихся,мальчики и девочки,Актюбинская,Село,KZAKT,6.173769010691161
2015,на 1000 родившихся,мальчики и девочки,Алматинская,Село,KZALM,4.649583365984902
2015,на 1000 родившихся,мальчики и девочки,Атырауская,Село,KZATY,4.58601883986118
2015,на 1000 родившихся,мальчики и девочки,Западно-Казахстанская,Село,KZZAP,3.4746351633078527
2015,на 1000 родившихся,мальчики и девочки,Жымбылская,Село,KZZHA,3.807031110582357
2015,на 1000 родившихся,мальчики и девочки,Карагандинская,Село,KZKAR,4.054630815194195
2015,на 1000 родившихся,мальчики и девочки,Костанайская,Село,KZKUS,5.502846299810247
2015,на 1000 родившихся,мальчики и девочки,Кызылординская,Село,KZKZY,4.491914553803154
2015,на 1000 родившихся,мальчики и девочки,Мангистауская,Село,KZMAN,4.714415231187671
2015,на 1000 родившихся,мальчики и девочки,Южно-Казахстанская,Село,KZONT,6.190788856580058
2015,на 1000 родившихся,мальчики и девочки,Павлодарская,Село,KZPAV,3.9380414807035966
2015,на 1000 родившихся,мальчики и девочки,Северо-Казахстанская,Село,KZSEV,3.0643513789581203
2015,на 1000 родившихся,мальчики и девочки,Восточно-Казахстанская,Село,KZVOS,4.478334543694021
2015,на 1000 родившихся,мужчины,,,,6.405541402204675
2015,на 1000 родившихся,мужчины,Акмолинская,,KZAKM,4.134129536058796
2015,на 1000 родившихся,мужчины,Актюбинская,,KZAKT,6.929740134744947
2015,на 1000 родившихся,мужчины,Алматинская,,KZALM,6.321313561006639
2015,на 1000 родившихся,мужчины,Атырауская,,KZATY,5.4399243140965
2015,на 1000 родившихся,мужчины,Западно-Казахстанская,,KZZAP,5.082212257100149
2015,на 1000 родившихся,мужчины,Жымбылская,,KZZHA,7.024483393575666
2015,на 1000 родившихся,мужчины,Карагандинская,,KZKAR,6.354754150448804
2015,на 1000 родившихся,мужчины,Костанайская,,KZKUS,7.883565797453001
2015,на 1000 родившихся,мужчины,Кызылординская,,KZKZY,6.560908734821778
2015,на 1000 родившихся,мужчины,Мангистауская,,KZMAN,5.895872888977716
2015,на 1000 родившихся,мужчины,Южно-Казахстанская,,KZONT,7.37761488850282
2015,на 1000 родившихся,мужчины,Павлодарская,,KZPAV,4.917025199754148
2015,на 1000 родившихся,мужчины,Северо-Казахстанская,,KZSEV,3.2948929159802307
2015,на 1000 родившихся,мужчины,Восточно-Казахстанская,,KZVOS,7.00076837701699
2015,на 1000 родившихся,мужчины,г_Астана,,KZNS,5.108556832694764
2015,на 1000 родившихся,мужчины,г_Алматы,,KZALA,6.788447296963713
2015,на 1000 родившихся,мужчины,,Город,,6.919108241979929
2015,на 1000 родившихся,мужчины,Акмолинская,Город,KZAKM,4.862700228832952
2015,на 1000 родившихся,мужчины,Актюбинская,Город,KZAKT,6.086074481959136
2015,на 1000 родившихся,мужчины,Алматинская,Город,KZALM,6.386861313868613
2015,на 1000 родившихся,мужчины,Атырауская,Город,KZATY,5.813953488372093
2015,на 1000 родившихся,мужчины,Западно-Казахстанская,Город,KZZAP,5.851212036779048
2015,на 1000 родившихся,мужчины,Жымбылская,Город,KZZHA,11.649501941583656
2015,на 1000 родившихся,мужчины,Карагандинская,Город,KZKAR,6.607267994794274
2015,на 1000 родившихся,мужчины,Костанайская,Город,KZKUS,9.617953513224686
2015,на 1000 родившихся,мужчины,Кызылординская,Город,KZKZY,9.57535387177352
2015,на 1000 родившихся,мужчины,Мангистауская,Город,KZMAN,4.727014890096904
2015,на 1000 родившихся,мужчины,Южно-Казахстанская,Город,KZONT,7.874015748031496
2015,на 1000 родившихся,мужчины,Павлодарская,Город,KZPAV,5.024027959807776
2015,на 1000 родившихся,мужчины,Северо-Казахстанская,Город,KZSEV,3.966286564204264
2015,на 1000 родившихся,мужчины,Восточно-Казахстанская,Город,KZVOS,8.063432334363661
2015,на 1000 родившихся,мужчины,г_Астана,Город,KZNS,5.108556832694764
2015,на 1000 родившихся,мужчины,г_Алматы,Город,KZALA,6.788447296963713
2015,на 1000 родившихся,мужчины,,Село,,5.731852886196257
2015,на 1000 родившихся,мужчины,Акмолинская,Село,KZAKM,3.2948929159802307
2015,на 1000 родившихся,мужчины,Актюбинская,Село,KZAKT,8.598452278589853
2015,на 1000 родившихся,мужчины,Алматинская,Село,KZALM,6.298110566829951
2015,на 1000 родившихся,мужчины,Атырауская,Село,KZATY,5.0831792975970425
2015,на 1000 родившихся,мужчины,Западно-Казахстанская,Село,KZZAP,4.19219606578523
2015,на 1000 родившихся,мужчины,Жымбылская,Село,KZZHA,3.890160183066362
2015,на 1000 родившихся,мужчины,Карагандинская,Село,KZKAR,5.384615384615384
2015,на 1000 родившихся,мужчины,Костанайская,Село,KZKUS,5.608131791097091
2015,на 1000 родившихся,мужчины,Кызылординская,Село,KZKZY,3.883136094674556
2015,на 1000 родившихся,мужчины,Мангистауская,Село,KZMAN,6.752077562326869
2015,на 1000 родившихся,мужчины,Южно-Казахстанская,Село,KZONT,6.945371978095365
2015,на 1000 родившихся,мужчины,Павлодарская,Село,KZPAV,4.66321243523316
2015,на 1000 родившихся,мужчины,Северо-Казахстанская,Село,KZSEV,2.688172043010753
2015,на 1000 родившихся,мужчины,Восточно-Казахстанская,Село,KZVOS,5.1498127340823965
2015,на 1000 родившихся,женщины,,,,4.757541401999306
2015,на 1000 родившихся,женщины,Акмолинская,,KZAKM,4.232459710239297
2015,на 1000 родившихся,женщины,Актюбинская,,KZAKT,5.109489051094891
2015,на 1000 родившихся,женщины,Алматинская,,KZALM,3.739338683248603
2015,на 1000 родившихся,женщины,Атырауская,,KZATY,4.016064257028112
2015,на 1000 родившихся,женщины,Западно-Казахстанская,,KZZAP,4.614894971355825
2015,на 1000 родившихся,женщины,Жымбылская,,KZZHA,5.820298290287377
2015,на 1000 родившихся,женщины,Карагандинская,,KZKAR,3.8632737045435457
2015,на 1000 родившихся,женщины,Костанайская,,KZKUS,5.831848371942329
2015,на 1000 родившихся,женщины,Кызылординская,,KZKZY,5.705229793977813
2015,на 1000 родившихся,женщины,Мангистауская,,KZMAN,3.226500322650032
2015,на 1000 родившихся,женщины,Южно-Казахстанская,,KZONT,5.316200554295793
2015,на 1000 родившихся,женщины,Павлодарская,,KZPAV,3.832029378891905
2015,на 1000 родившихся,женщины,Северо-Казахстанская,,KZSEV,3.605459696111254
2015,на 1000 родившихся,женщины,Восточно-Казахстанская,,KZVOS,5.7250201270238845
2015,на 1000 родившихся,женщины,г_Астана,,KZNS,3.89924354675193
2015,на 1000 родившихся,женщины,г_Алматы,,KZALA,5.683717820127048
2015,на 1000 родившихся,женщины,,Город,,5.488524410212315
2015,на 1000 родившихся,женщины,Акмолинская,Город,KZAKM,6.459550907413104
2015,на 1000 родившихся,женщины,Актюбинская,Город,KZAKT,5.9748427672955975
2015,на 1000 родившихся,женщины,Алматинская,Город,KZALM,4.524886877828055
2015,на 1000 родившихся,женщины,Атырауская,Город,KZATY,4.173827645470169
2015,на 1000 родившихся,женщины,Западно-Казахстанская,Город,KZZAP,6.48202710665881
2015,на 1000 родившихся,женщины,Жымбылская,Город,KZZHA,9.231905465288037
2015,на 1000 родившихся,женщины,Карагандинская,Город,KZKAR,4.299947561615102
2015,на 1000 родившихся,женщины,Костанайская,Город,KZKUS,6.740914419695193
2015,на 1000 родившихся,женщины,Кызылординская,Город,KZKZY,6.772009029345372
2015,на 1000 родившихся,женщины,Мангистауская,Город,KZMAN,4.333418302319653
2015,на 1000 родившихся,женщины,Южно-Казахстанская,Город,KZONT,5.633340625683658
2015,на 1000 родившихся,женщины,Павлодарская,Город,KZPAV,4.117108874656907
2015,на 1000 родившихся,женщины,Северо-Казахстанская,Город,KZSEV,4.296455424274973
2015,на 1000 родившихся,женщины,Восточно-Казахстанская,Город,KZVOS,6.9592387444965205
2015,на 1000 родившихся,женщины,г_Астана,Город,KZNS,3.89924354675193
2015,на 1000 родившихся,женщины,г_Алматы,Город,KZALA,5.683717820127048
2015,на 1000 родившихся,женщины,,Село,,3.8045033870813856
2015,на 1000 родившихся,женщины,Акмолинская,Село,KZAKM,1.7289073305670817
2015,на 1000 родившихся,женщины,Актюбинская,Село,KZAKT,3.405572755417957
2015,на 1000 родившихся,женщины,Алматинская,Село,KZALM,3.463350933969227
2015,на 1000 родившихся,женщины,Атырауская,Село,KZATY,3.851091142490372
2015,на 1000 родившихся,женщины,Западно-Казахстанская,Село,KZZAP,2.422145328719723
2015,на 1000 родившихся,женщины,Жымбылская,Село,KZZHA,3.601872973946452
2015,на 1000 родившихся,женщины,Карагандинская,Село,KZKAR,2.1079258010118043
2015,на 1000 родившихся,женщины,Костанайская,Село,KZKUS,4.708438971387179
2015,на 1000 родившихся,женщины,Кызылординская,Село,KZKZY,4.766633565044687
2015,на 1000 родившихся,женщины,Мангистауская,Село,KZMAN,2.4186046511627906
2015,на 1000 родившихся,женщины,Южно-Казахстанская,Село,KZONT,5.045314397832383
2015,на 1000 родившихся,женщины,Павлодарская,Село,KZPAV,3.1729243786356425
2015,на 1000 родившихся,женщины,Северо-Казахстанская,Село,KZSEV,2.968827313211281
2015,на 1000 родившихся,женщины,Восточно-Казахстанская,Село,KZVOS,3.624939584340261
2016,на 1000 родившихся,мальчики и девочки,,,,5.156054245883392
2016,на 1000 родившихся,мальчики и девочки,Акмолинская,,KZAKM,3.921254801536492
2016,на 1000 родившихся,мальчики и девочки,Актюбинская,,KZAKT,5.513683039101624
2016,на 1000 родившихся,мальчики и девочки,Алматинская,,KZALM,4.5799426032944135
2016,на 1000 родившихся,мальчики и девочки,Атырауская,,KZATY,4.84160191273162
2016,на 1000 родившихся,мальчики и девочки,Западно-Казахстанская,,KZZAP,5.157766990291263
2016,на 1000 родившихся,мальчики и девочки,Жымбылская,,KZZHA,4.6584403115109705
2016,на 1000 родившихся,мальчики и девочки,Карагандинская,,KZKAR,5.093945720250522
2016,на 1000 родившихся,мальчики и девочки,Костанайская,,KZKUS,5.370219690805533
2016,на 1000 родившихся,мальчики и девочки,Кызылординская,,KZKZY,6.076028250934773
2016,на 1000 родившихся,мальчики и девочки,Мангистауская,,KZMAN,5.607759927250682
2016,на 1000 родившихся,мальчики и девочки,Южно-Казахстанская,,KZONT,5.929581614614024
2016,на 1000 родившихся,мальчики и девочки,Павлодарская,,KZPAV,4.360580353603425
2016,на 1000 родившихся,мальчики и девочки,Северо-Казахстанская,,KZSEV,5.328827657915259
2016,на 1000 родившихся,мальчики и девочки,Восточно-Казахстанская,,KZVOS,5.846932542106641
2016,на 1000 родившихся,мальчики и девочки,г_Астана,,KZNS,3.627222122463638
2016,на 1000 родившихся,мальчики и девочки,г_Алматы,,KZALA,5.20439061317184
2016,на 1000 родившихся,мальчики и девочки,,Город,,5.314911788134819
2016,на 1000 родившихся,мальчики и девочки,Акмолинская,Город,KZAKM,4.4596402556860415
2016,на 1000 родившихся,мальчики и девочки,Актюбинская,Город,KZAKT,6.0938452163315056
2016,на 1000 родившихся,мальчики и девочки,Алматинская,Город,KZALM,5.400683027559368
2016,на 1000 родившихся,мальчики и девочки,Атырауская,Город,KZATY,4.617871161394597
2016,на 1000 родившихся,мальчики и девочки,Западно-Казахстанская,Город,KZZAP,5.250403877221325
2016,на 1000 родившихся,мальчики и девочки,Жымбылская,Город,KZZHA,7.250221043324492
2016,на 1000 родившихся,мальчики и девочки,Карагандинская,Город,KZKAR,5.29485049833887
2016,на 1000 родившихся,мальчики и девочки,Костанайская,Город,KZKUS,5.27065527065527
2016,на 1000 родившихся,мальчики и девочки,Кызылординская,Город,KZKZY,8.443386014288807
2016,на 1000 родившихся,мальчики и девочки,Мангистауская,Город,KZMAN,5.70515746234596
2016,на 1000 родившихся,мальчики и девочки,Южно-Казахстанская,Город,KZONT,5.333402040605998
2016,на 1000 родившихся,мальчики и девочки,Павлодарская,Город,KZPAV,4.202635165833712
2016,на 1000 родившихся,мальчики и девочки,Северо-Казахстанская,Город,KZSEV,4.235044997353097
2016,на 1000 родившихся,мальчики и девочки,Восточно-Казахстанская,Город,KZVOS,6.0725982532751095
2016,на 1000 родившихся,мальчики и девочки,г_Астана,Город,KZNS,3.627222122463638
2016,на 1000 родившихся,мальчики и девочки,г_Алматы,Город,KZALA,5.20439061317184
2016,на 1000 родившихся,мальчики и девочки,,Село,,4.942589917116569
2016,на 1000 родившихся,мальчики и девочки,Акмолинская,Село,KZAKM,3.29346507193621
2016,на 1000 родившихся,мальчики и девочки,Актюбинская,Село,KZAKT,4.366812227074235
2016,на 1000 родившихся,мальчики и девочки,Алматинская,Село,KZALM,4.310007052738814
2016,на 1000 родившихся,мальчики и девочки,Атырауская,Село,KZATY,5.081804660386712
2016,на 1000 родившихся,мальчики и девочки,Западно-Казахстанская,Село,KZZAP,5.038220986796386
2016,на 1000 родившихся,мальчики и девочки,Жымбылская,Село,KZZHA,2.914758194039617
2016,на 1000 родившихся,мальчики и девочки,Карагандинская,Село,KZKAR,4.268032437046522
2016,на 1000 родившихся,мальчики и девочки,Костанайская,Село,KZKUS,5.502846299810247
2016,на 1000 родившихся,мальчики и девочки,Кызылординская,Село,KZKZY,3.8929926132960673
2016,на 1000 родившихся,мальчики и девочки,Мангистауская,Село,KZMAN,5.530371713508613
2016,на 1000 родившихся,мальчики и девочки,Южно-Казахстанская,Село,KZONT,6.47218835006097
2016,на 1000 родившихся,мальчики и девочки,Павлодарская,Село,KZPAV,4.725649776844317
2016,на 1000 родившихся,мальчики и девочки,Северо-Казахстанская,Село,KZSEV,6.384065372829418
2016,на 1000 родившихся,мальчики и девочки,Восточно-Казахстанская,Село,KZVOS,5.446623093681917
2016,на 1000 родившихся,мужчины,,,,5.87290020895364
2016,на 1000 родившихся,мужчины,Акмолинская,,KZAKM,3.873566780291292
2016,на 1000 родившихся,мужчины,Актюбинская,,KZAKT,6.380681260429959
2016,на 1000 родившихся,мужчины,Алматинская,,KZALM,5.096647538508004
2016,на 1000 родившихся,мужчины,Атырауская,,KZATY,4.753623188405797
2016,на 1000 родившихся,мужчины,Западно-Казахстанская,,KZZAP,6.783085582335113
2016,на 1000 родившихся,мужчины,Жымбылская,,KZZHA,5.569867019424912
2016,на 1000 родившихся,мужчины,Карагандинская,,KZKAR,5.945593744909595
2016,на 1000 родившихся,мужчины,Костанайская,,KZKUS,5.322479649342517
2016,на 1000 родившихся,мужчины,Кызылординская,,KZKZY,6.7547432204231646
2016,на 1000 родившихся,мужчины,Мангистауская,,KZMAN,6.55192646195971
2016,на 1000 родившихся,мужчины,Южно-Казахстанская,,KZONT,6.930928079753145
2016,на 1000 родившихся,мужчины,Павлодарская,,KZPAV,4.422754308372731
2016,на 1000 родившихся,мужчины,Северо-Казахстанская,,KZSEV,6.329113924050633
2016,на 1000 родившихся,мужчины,Восточно-Казахстанская,,KZVOS,7.204490240428918
2016,на 1000 родившихся,мужчины,г_Астана,,KZNS,4.055660443325642
2016,на 1000 родившихся,мужчины,г_Алматы,,KZALA,5.629321422015542
2016,на 1000 родившихся,мужчины,,Город,,6.048353129475191
2016,на 1000 родившихся,мужчины,Акмолинская,Город,KZAKM,4.319032536711776
2016,на 1000 родившихся,мужчины,Актюбинская,Город,KZAKT,7.204822820173504
2016,на 1000 родившихся,мужчины,Алматинская,Город,KZALM,6.713457430576747
2016,на 1000 родившихся,мужчины,Атырауская,Город,KZATY,4.239178937974119
2016,на 1000 родившихся,мужчины,Западно-Казахстанская,Город,KZZAP,6.664957703153037
2016,на 1000 родившихся,мужчины,Жымбылская,Город,KZZHA,8.832698302736405
2016,на 1000 родившихся,мужчины,Карагандинская,Город,KZKAR,6.199186991869919
2016,на 1000 родившихся,мужчины,Костанайская,Город,KZKUS,4.994450610432853
2016,на 1000 родившихся,мужчины,Кызылординская,Город,KZKZY,9.872480460715757
2016,на 1000 родившихся,мужчины,Мангистауская,Город,KZMAN,7.587592055344789
2016,на 1000 родившихся,мужчины,Южно-Казахстанская,Город,KZONT,6.016907011437096
2016,на 1000 родившихся,мужчины,Павлодарская,Город,KZPAV,3.8944180008654254
2016,на 1000 родившихся,мужчины,Северо-Казахстанская,Город,KZSEV,4.624871531346352
2016,на 1000 родившихся,мужчины,Восточно-Казахстанская,Город,KZVOS,7.221638655462185
2016,на 1000 родившихся,мужчины,г_Астана,Город,KZNS,4.055660443325642
2016,на 1000 родившихся,мужчины,г_Алматы,Город,KZALA,5.629321422015542
2016,на 1000 родившихся,мужчины,,Село,,5.637589958537164
2016,на 1000 родившихся,мужчины,Акмолинская,Село,KZAKM,3.3545790003354576
2016,на 1000 родившихся,мужчины,Актюбинская,Село,KZAKT,4.725339633786178
2016,на 1000 родившихся,мужчины,Алматинская,Село,KZALM,4.56506471355473
2016,на 1000 родившихся,мужчины,Атырауская,Село,KZATY,5.310161718561429
2016,на 1000 родившихся,мужчины,Западно-Казахстанская,Село,KZZAP,6.935270805812417
2016,на 1000 родившихся,мужчины,Жымбылская,Село,KZZHA,3.3764116893701246
2016,на 1000 родившихся,мужчины,Карагандинская,Село,KZKAR,4.9220672682526665
2016,на 1000 родившихся,мужчины,Костанайская,Село,KZKUS,5.747126436781609
2016,на 1000 родившихся,мужчины,Кызылординская,Село,KZKZY,3.8424591738712777
2016,на 1000 родившихся,мужчины,Мангистауская,Село,KZMAN,5.744125326370757
2016,на 1000 родившихся,мужчины,Южно-Казахстанская,Село,KZONT,7.76566757493188
2016,на 1000 родившихся,мужчины,Павлодарская,Село,KZPAV,5.684754521963824
2016,на 1000 родившихся,мужчины,Северо-Казахстанская,Село,KZSEV,7.984031936127744
2016,на 1000 родившихся,мужчины,Восточно-Казахстанская,Село,KZVOS,7.174265216385097
2016,на 1000 родившихся,женщины,,,,4.388254570452419
2016,на 1000 родившихся,женщины,Акмолинская,,KZAKM,3.972194637537239
2016,на 1000 родившихся,женщины,Актюбинская,,KZAKT,4.59194322688374
2016,на 1000 родившихся,женщины,Алматинская,,KZALM,4.018699253670138
2016,на 1000 родившихся,женщины,Атырауская,,KZATY,4.9352251696483656
2016,на 1000 родившихся,женщины,Западно-Казахстанская,,KZZAP,3.357314148681055
2016,на 1000 родившихся,женщины,Жымбылская,,KZZHA,3.706934147405146
2016,на 1000 родившихся,женщины,Карагандинская,,KZKAR,4.198080877313228
2016,на 1000 родившихся,женщины,Костанайская,,KZKUS,5.421890884445951
2016,на 1000 родившихся,женщины,Кызылординская,,KZKZY,5.3324627271737945
2016,на 1000 родившихся,женщины,Мангистауская,,KZMAN,4.59866220735786
2016,на 1000 родившихся,женщины,Южно-Казахстанская,,KZONT,4.856837715506281
2016,на 1000 родившихся,женщины,Павлодарская,,KZPAV,4.29326287978864
2016,на 1000 родившихся,женщины,Северо-Казахстанская,,KZSEV,4.273504273504274
2016,на 1000 родившихся,женщины,Восточно-Казахстанская,,KZVOS,4.371186595027775
2016,на 1000 родившихся,женщины,г_Астана,,KZNS,3.1748375664500883
2016,на 1000 родившихся,женщины,г_Алматы,,KZALA,4.752294772475751
2016,на 1000 родившихся,женщины,,Город,,4.530674376919682
2016,на 1000 родившихся,женщины,Акмолинская,Город,KZAKM,4.609711124769515
2016,на 1000 родившихся,женщины,Актюбинская,Город,KZAKT,4.899636478583846
2016,на 1000 родившихся,женщины,Алматинская,Город,KZALM,3.975484512174921
2016,на 1000 родившихся,женщины,Атырауская,Город,KZATY,5.023923444976076
2016,на 1000 родившихся,женщины,Западно-Казахстанская,Город,KZZAP,3.685851998865892
2016,на 1000 родившихся,женщины,Жымбылская,Город,KZZHA,5.59971098265896
2016,на 1000 родившихся,женщины,Карагандинская,Город,KZKAR,4.350594227504245
2016,на 1000 родившихся,женщины,Костанайская,Город,KZKUS,5.562060889929742
2016,на 1000 родившихся,женщины,Кызылординская,Город,KZKZY,6.855575868372943
2016,на 1000 родившихся,женщины,Мангистауская,Город,KZMAN,3.7356992762082655
2016,на 1000 родившихся,женщины,Южно-Казахстанская,Город,KZONT,4.598438669660999
2016,на 1000 родившихся,женщины,Павлодарская,Город,KZPAV,4.543280726924916
2016,на 1000 родившихся,женщины,Северо-Казахстанская,Город,KZSEV,3.820960698689956
2016,на 1000 родившихся,женщины,Восточно-Казахстанская,Город,KZVOS,4.829545454545454
2016,на 1000 родившихся,женщины,г_Астана,Город,KZNS,3.1748375664500883
2016,на 1000 родившихся,женщины,г_Алматы,Город,KZALA,4.752294772475751
2016,на 1000 родившихся,женщины,,Село,,4.19648271679806
2016,на 1000 родившихся,женщины,Акмолинская,Село,KZAKM,3.2281205164992826
2016,на 1000 родившихся,женщины,Актюбинская,Село,KZAKT,3.993855606758832
2016,на 1000 родившихся,женщины,Алматинская,Село,KZALM,4.032917325194833
2016,на 1000 родившихся,женщины,Атырауская,Село,KZATY,4.840764331210191
2016,на 1000 родившихся,женщины,Западно-Казахстанская,Село,KZZAP,2.932551319648094
2016,на 1000 родившихся,женщины,Жымбылская,Село,KZZHA,2.4324981756263684
2016,на 1000 родившихся,женщины,Карагандинская,Село,KZKAR,3.558718861209964
2016,на 1000 родившихся,женщины,Костанайская,Село,KZKUS,5.229283990345937
2016,на 1000 родившихся,женщины,Кызылординская,Село,KZKZY,3.947641803448992
2016,на 1000 родившихся,женщины,Мангистауская,Село,KZMAN,5.298013245033113
2016,на 1000 родившихся,женщины,Южно-Казахстанская,Село,KZONT,5.091155934833204
2016,на 1000 родившихся,женщины,Павлодарская,Село,KZPAV,3.735325506937033
2016,на 1000 родившихся,женщины,Северо-Казахстанская,Село,KZSEV,4.7071129707112975
2016,на 1000 родившихся,женщины,Восточно-Казахстанская,Село,KZVOS,3.552397868561279
2017,на 1000 родившихся,мальчики и девочки,,,,4.614848486401443
2017,на 1000 родившихся,мальчики и девочки,Акмолинская,,KZAKM,3.818964816770943
2017,на 1000 родившихся,мальчики и девочки,Актюбинская,,KZAKT,4.389173372348208
2017,на 1000 родившихся,мальчики и девочки,Алматинская,,KZALM,4.682809685811487
2017,на 1000 родившихся,мальчики и девочки,Атырауская,,KZATY,4.378762999452655
2017,на 1000 родившихся,мальчики и девочки,Западно-Казахстанская,,KZZAP,4.976671850699844
2017,на 1000 родившихся,мальчики и девочки,Жымбылская,,KZZHA,4.042770242188386
2017,на 1000 родившихся,мальчики и девочки,Карагандинская,,KZKAR,4.710336326818102
2017,на 1000 родившихся,мальчики и девочки,Костанайская,,KZKUS,7.07225630538514
2017,на 1000 родившихся,мальчики и девочки,Кызылординская,,KZKZY,3.951319740793425
2017,на 1000 родившихся,мальчики и девочки,Мангистауская,,KZMAN,5.056759545923633
2017,на 1000 родившихся,мальчики и девочки,Южно-Казахстанская,,KZONT,5.051336262011167
2017,на 1000 родившихся,мальчики и девочки,Павлодарская,,KZPAV,4.823284823284823
2017,на 1000 родившихся,мальчики и девочки,Северо-Казахстанская,,KZSEV,5.414918099363747
2017,на 1000 родившихся,мальчики и девочки,Восточно-Казахстанская,,KZVOS,4.60205739036275
2017,на 1000 родившихся,мальчики и девочки,г_Астана,,KZNS,3.430471070872825
2017,на 1000 родившихся,мальчики и девочки,г_Алматы,,KZALA,4.264392324093817
2017,на 1000 родившихся,мальчики и девочки,,Город,,4.492014441451728
2017,на 1000 родившихся,мальчики и девочки,Акмолинская,Город,KZAKM,3.351104341203351
2017,на 1000 родившихся,мальчики и девочки,Актюбинская,Город,KZAKT,3.996311097448509
2017,на 1000 родившихся,мальчики и девочки,Алматинская,Город,KZALM,4.162412628602843
2017,на 1000 родившихся,мальчики и девочки,Атырауская,Город,KZATY,4.246542101431691
2017,на 1000 родившихся,мальчики и девочки,Западно-Казахстанская,Город,KZZAP,5.554802872239534
2017,на 1000 родившихся,мальчики и девочки,Жымбылская,Город,KZZHA,5.613324744639734
2017,на 1000 родившихся,мальчики и девочки,Карагандинская,Город,KZKAR,4.904121666299317
2017,на 1000 родившихся,мальчики и девочки,Костанайская,Город,KZKUS,6.633254716981132
2017,на 1000 родившихся,мальчики и девочки,Кызылординская,Город,KZKZY,3.982741453700631
2017,на 1000 родившихся,мальчики и девочки,Мангистауская,Город,KZMAN,3.8263911665026784
2017,на 1000 родившихся,мальчики и девочки,Южно-Казахстанская,Город,KZONT,5.009072554882568
2017,на 1000 родившихся,мальчики и девочки,Павлодарская,Город,KZPAV,5.487295717523559
2017,на 1000 родившихся,мальчики и девочки,Северо-Казахстанская,Город,KZSEV,5.060444194545966
2017,на 1000 родившихся,мальчики и девочки,Восточно-Казахстанская,Город,KZVOS,4.166372431325471
2017,на 1000 родившихся,мальчики и девочки,г_Астана,Город,KZNS,3.430471070872825
2017,на 1000 родившихся,мальчики и девочки,г_Алматы,Город,KZALA,4.264392324093817
2017,на 1000 родившихся,мальчики и девочки,,Село,,4.785362420830402
2017,на 1000 родившихся,мальчики и девочки,Акмолинская,Село,KZAKM,4.353883664228492
2017,на 1000 родившихся,мальчики и девочки,Актюбинская,Село,KZAKT,5.223636957231473
2017,на 1000 родившихся,мальчики и девочки,Алматинская,Село,KZALM,4.860756774176222
2017,на 1000 родившихся,мальчики и девочки,Атырауская,Село,KZATY,4.511644921351055
2017,на 1000 родившихся,мальчики и девочки,Западно-Казахстанская,Село,KZZAP,4.197846322321591
2017,на 1000 родившихся,мальчики и девочки,Жымбылская,Село,KZZHA,2.948717948717949
2017,на 1000 родившихся,мальчики и девочки,Карагандинская,Село,KZKAR,3.9404553415061296
2017,на 1000 родившихся,мальчики и девочки,Костанайская,Село,KZKUS,7.673667205169628
2017,на 1000 родившихся,мальчики и девочки,Кызылординская,Село,KZKZY,3.922751961375981
2017,на 1000 родившихся,мальчики и девочки,Мангистауская,Село,KZMAN,6.156552330694811
2017,на 1000 родившихся,мальчики и девочки,Южно-Казахстанская,Село,KZONT,5.092824887104867
2017,на 1000 родившихся,мальчики и девочки,Павлодарская,Село,KZPAV,3.2948929159802307
2017,на 1000 родившихся,мальчики и девочки,Северо-Казахстанская,Село,KZSEV,5.744125326370757
2017,на 1000 родившихся,мальчики и девочки,Восточно-Казахстанская,Село,KZVOS,5.372985130576033
2017,на 1000 родившихся,мужчины,,,,5.149784888677412
2017,на 1000 родившихся,мужчины,Акмолинская,,KZAKM,3.6163522012578615
2017,на 1000 родившихся,мужчины,Актюбинская,,KZAKT,3.946170191237479
2017,на 1000 родившихся,мужчины,Алматинская,,KZALM,5.287941948432916
2017,на 1000 родившихся,мужчины,Атырауская,,KZATY,4.3611504007543616
2017,на 1000 родившихся,мужчины,Западно-Казахстанская,,KZZAP,5.432322317790856
2017,на 1000 родившихся,мужчины,Жымбылская,,KZZHA,4.985702764132268
2017,на 1000 родившихся,мужчины,Карагандинская,,KZKAR,5.602965261615378
2017,на 1000 родившихся,мужчины,Костанайская,,KZKUS,9.156311314584697
2017,на 1000 родившихся,мужчины,Кызылординская,,KZKZY,4.072075740608775
2017,на 1000 родившихся,мужчины,Мангистауская,,KZMAN,5.865394174371209
2017,на 1000 родившихся,мужчины,Южно-Казахстанская,,KZONT,5.788996001668016
2017,на 1000 родившихся,мужчины,Павлодарская,,KZPAV,5.28169014084507
2017,на 1000 родившихся,мужчины,Северо-Казахстанская,,KZSEV,5.896542481908336
2017,на 1000 родившихся,мужчины,Восточно-Казахстанская,,KZVOS,5.340103300358925
2017,на 1000 родившихся,мужчины,г_Астана,,KZNS,3.4644385571632363
2017,на 1000 родившихся,мужчины,г_Алматы,,KZALA,4.643773677135525
2017,на 1000 родившихся,мужчины,,Город,,4.742166044044147
2017,на 1000 родившихся,мужчины,Акмолинская,Город,KZAKM,2.6354319180087846
2017,на 1000 родившихся,мужчины,Актюбинская,Город,KZAKT,3.4023668639053253
2017,на 1000 родившихся,мужчины,Алматинская,Город,KZALM,4.5822514128608525
2017,на 1000 родившихся,мужчины,Атырауская,Город,KZATY,3.72093023255814
2017,на 1000 родившихся,мужчины,Западно-Казахстанская,Город,KZZAP,4.993429697766097
2017,на 1000 родившихся,мужчины,Жымбылская,Город,KZZHA,6.670272219217595
2017,на 1000 родившихся,мужчины,Карагандинская,Город,KZKAR,5.845421086815328
2017,на 1000 родившихся,мужчины,Костанайская,Город,KZKUS,7.751937984496124
2017,на 1000 родившихся,мужчины,Кызылординская,Город,KZKZY,4.0851429800043
2017,на 1000 родившихся,мужчины,Мангистауская,Город,KZMAN,4.046858359957401
2017,на 1000 родившихся,мужчины,Южно-Казахстанская,Город,KZONT,5.286822471465982
2017,на 1000 родившихся,мужчины,Павлодарская,Город,KZPAV,5.68569479190357
2017,на 1000 родившихся,мужчины,Северо-Казахстанская,Город,KZSEV,4.489337822671156
2017,на 1000 родившихся,мужчины,Восточно-Казахстанская,Город,KZVOS,4.931506849315069
2017,на 1000 родившихся,мужчины,г_Астана,Город,KZNS,3.4644385571632363
2017,на 1000 родившихся,мужчины,г_Алматы,Город,KZALA,4.643773677135525
2017,на 1000 родившихся,мужчины,,Село,,5.715299964501243
2017,на 1000 родившихся,мужчины,Акмолинская,Село,KZAKM,4.753820033955857
2017,на 1000 родившихся,мужчины,Актюбинская,Село,KZAKT,5.123278898495037
2017,на 1000 родившихся,мужчины,Алматинская,Село,KZALM,5.526574040597076
2017,на 1000 родившихся,мужчины,Атырауская,Село,KZATY,5.019120458891013
2017,на 1000 родившихся,мужчины,Западно-Казахстанская,Село,KZZAP,6.024096385542169
2017,на 1000 родившихся,мужчины,Жымбылская,Село,KZZHA,3.830944142362827
2017,на 1000 родившихся,мужчины,Карагандинская,Село,KZKAR,4.655099449851884
2017,на 1000 родившихся,мужчины,Костанайская,Село,KZKUS,11.014052411697683
2017,на 1000 родившихся,мужчины,Кызылординская,Село,KZKZY,4.060324825986079
2017,на 1000 родившихся,мужчины,Мангистауская,Село,KZMAN,7.457121551081283
2017,на 1000 родившихся,мужчины,Южно-Казахстанская,Село,KZONT,6.284099766173032
2017,на 1000 родившихся,мужчины,Павлодарская,Село,KZPAV,4.321988114532685
2017,на 1000 родившихся,мужчины,Северо-Казахстанская,Село,KZSEV,7.183170856849666
2017,на 1000 родившихся,мужчины,Восточно-Казахстанская,Село,KZVOS,6.06354596167839
2017,на 1000 родившихся,женщины,,,,4.042311650557542
2017,на 1000 родившихся,женщины,Акмолинская,,KZAKM,4.035648225996301
2017,на 1000 родившихся,женщины,Актюбинская,,KZAKT,4.862236628849271
2017,на 1000 родившихся,женщины,Алматинская,,KZALM,4.03125259745657
2017,на 1000 родившихся,женщины,Атырауская,,KZATY,4.397537379067723
2017,на 1000 родившихся,женщины,Западно-Казахстанская,,KZZAP,4.492218835231831
2017,на 1000 родившихся,женщины,Жымбылская,,KZZHA,3.0402245088868103
2017,на 1000 родившихся,женщины,Карагандинская,,KZKAR,3.778677462887989
2017,на 1000 родившихся,женщины,Костанайская,,KZKUS,4.804270462633451
2017,на 1000 родившихся,женщины,Кызылординская,,KZKZY,3.821795151779865
2017,на 1000 родившихся,женщины,Мангистауская,,KZMAN,4.184100418410042
2017,на 1000 родившихся,женщины,Южно-Казахстанская,,KZONT,4.264559677672544
2017,на 1000 родившихся,женщины,Павлодарская,,KZPAV,4.327505625757314
2017,на 1000 родившихся,женщины,Северо-Казахстанская,,KZSEV,4.923413566739606
2017,на 1000 родившихся,женщины,Восточно-Казахстанская,,KZVOS,3.817149241225212
2017,на 1000 родившихся,женщины,г_Астана,,KZNS,3.3935817041682035
2017,на 1000 родившихся,женщины,г_Алматы,,KZALA,3.852028956631467
2017,на 1000 родившихся,женщины,,Город,,4.224414010821069
2017,на 1000 родившихся,женщины,Акмолинская,Город,KZAKM,4.126984126984127
2017,на 1000 родившихся,женщины,Актюбинская,Город,KZAKT,4.6385156749840055
2017,на 1000 родившихся,женщины,Алматинская,Город,KZALM,3.7180730682185583
2017,на 1000 родившихся,женщины,Атырауская,Город,KZATY,4.819888381532217
2017,на 1000 родившихся,женщины,Западно-Казахстанская,Город,KZZAP,6.152125279642059
2017,на 1000 родившихся,женщины,Жымбылская,Город,KZZHA,4.511278195488722
2017,на 1000 родившихся,женщины,Карагандинская,Город,KZKAR,3.928170594837262
2017,на 1000 родившихся,женщины,Костанайская,Город,KZKUS,5.45289306270827
2017,на 1000 родившихся,женщины,Кызылординская,Город,KZKZY,3.8742023701002735
2017,на 1000 родившихся,женщины,Мангистауская,Город,KZMAN,3.593890386343217
2017,на 1000 родившихся,женщины,Южно-Казахстанская,Город,KZONT,4.71148755955532
2017,на 1000 родившихся,женщины,Павлодарская,Город,KZPAV,5.268439538384346
2017,на 1000 родившихся,женщины,Северо-Казахстанская,Город,KZSEV,5.633802816901409
2017,на 1000 родившихся,женщины,Восточно-Казахстанская,Город,KZVOS,3.3522810085993293
2017,на 1000 родившихся,женщины,г_Астана,Город,KZNS,3.3935817041682035
2017,на 1000 родившихся,женщины,г_Алматы,Город,KZALA,3.852028956631467
2017,на 1000 родившихся,женщины,,Село,,3.7893669602686777
2017,на 1000 родившихся,женщины,Акмолинская,Село,KZAKM,3.9327851269217016
2017,на 1000 родившихся,женщины,Актюбинская,Село,KZAKT,5.328005328005328
2017,на 1000 родившихся,женщины,Алматинская,Село,KZALM,4.139628552248825
2017,на 1000 родившихся,женщины,Атырауская,Село,KZATY,3.983071944236993
2017,на 1000 родившихся,женщины,Западно-Казахстанская,Село,KZZAP,2.2581859239744078
2017,на 1000 родившихся,женщины,Жымбылская,Село,KZZHA,1.997868939797549
2017,на 1000 родившихся,женщины,Карагандинская,Село,KZKAR,3.1746031746031744
2017,на 1000 родившихся,женщины,Костанайская,Село,KZKUS,3.8809831824062098
2017,на 1000 родившихся,женщины,Кызылординская,Село,KZKZY,3.7735849056603774
2017,на 1000 родившихся,женщины,Мангистауская,Село,KZMAN,4.72376257958513
2017,на 1000 родившихся,женщины,Южно-Казахстанская,Село,KZONT,3.82785019656528
2017,на 1000 родившихся,женщины,Павлодарская,Село,KZPAV,2.233389168062535
2017,на 1000 родившихся,женщины,Северо-Казахстанская,Село,KZSEV,4.253056884635832
2017,на 1000 родившихся,женщины,Восточно-Казахстанская,Село,KZVOS,4.639175257731959
2018,на 1000 родившихся,мальчики и девочки,,,,4.57
2018,на 1000 родившихся,мальчики и девочки,Абай,,KZABY,4.18
2018,на 1000 родившихся,мальчики и девочки,Акмолинская,,KZAKM,3.3
2018,на 1000 родившихся,мальчики и девочки,Актюбинская,,KZAKT,5.25
2018,на 1000 родившихся,мальчики и девочки,Алматинская,,KZALM,4.39
2018,на 1000 родившихся,мальчики и девочки,Атырауская,,KZATY,6.05
2018,на 1000 родившихся,мальчики и девочки,Западно-Казахстанская,,KZZAP,3.9
2018,на 1000 родившихся,мальчики и девочки,Жымбылская,,KZZHA,3.32
2018,на 1000 родившихся,мальчики и девочки,Жетісу,,KZZHS,3.58
2018,на 1000 родившихся,мальчики и девочки,Карагандинская,,KZKAR,4.92
2018,на 1000 родившихся,мальчики и девочки,Костанайская,,KZKUS,6.28
2018,на 1000 родившихся,мальчики и девочки,Кызылординская,,KZKZY,4.85
2018,на 1000 родившихся,мальчики и девочки,Мангистауская,,KZMAN,5.43
2018,на 1000 родившихся,мальчики и девочки,Павлодарская,,KZPAV,3.63
2018,на 1000 родившихся,мальчики и девочки,Северо-Казахстанская,,KZSEV,6.12
2018,на 1000 родившихся,мальчики и девочки,Туркестанская,,KZYUZ,4.14
2018,на 1000 родившихся,мальчики и девочки,Ұлытау,,KZULU,4.53
2018,на 1000 родившихся,мальчики и девочки,Восточно-Казахстанская,,KZVOS,5.76
2018,на 1000 родившихся,мальчики и девочки,г_Астана,,KZNS,3.46
2018,на 1000 родившихся,мальчики и девочки,г_Алматы,,KZALA,5.66
2018,на 1000 родившихся,мальчики и девочки,г_Шымкент,,KZSHY,4.71
2018,на 1000 родившихся,мальчики и девочки,,Город,,4.88
2018,на 1000 родившихся,мальчики и девочки,Абай,Город,KZABY,5.09
2018,на 1000 родившихся,мальчики и девочки,Акмолинская,Город,KZAKM,4.12
2018,на 1000 родившихся,мальчики и девочки,Актюбинская,Город,KZAKT,5.51
2018,на 1000 родившихся,мальчики и девочки,Алматинская,Город,KZALM,5.0
2018,на 1000 родившихся,мальчики и девочки,Атырауская,Город,KZATY,5.72
2018,на 1000 родившихся,мальчики и девочки,Западно-Казахстанская,Город,KZZAP,3.68
2018,на 1000 родившихся,мальчики и девочки,Жымбылская,Город,KZZHA,4.02
2018,на 1000 родившихся,мальчики и девочки,Жетісу,Город,KZZHS,3.19
2018,на 1000 родившихся,мальчики и девочки,Карагандинская,Город,KZKAR,5.57
2018,на 1000 родившихся,мальчики и девочки,Костанайская,Город,KZKUS,6.25
2018,на 1000 родившихся,мальчики и девочки,Кызылординская,Город,KZKZY,6.25
2018,на 1000 родившихся,мальчики и девочки,Мангистауская,Город,KZMAN,5.7
2018,на 1000 родившихся,мальчики и девочки,Павлодарская,Город,KZPAV,4.21
2018,на 1000 родившихся,мальчики и девочки,Северо-Казахстанская,Город,KZSEV,7.01
2018,на 1000 родившихся,мальчики и девочки,Туркестанская,Город,KZYUZ,4.08
2018,на 1000 родившихся,мальчики и девочки,Ұлытау,Город,KZULU,4.05
2018,на 1000 родившихся,мальчики и девочки,Восточно-Казахстанская,Город,KZVOS,6.19
2018,на 1000 родившихся,мальчики и девочки,г_Астана,Город,KZNS,3.46
2018,на 1000 родившихся,мальчики и девочки,г_Алматы,Город,KZALA,5.66
2018,на 1000 родившихся,мальчики и девочки,г_Шымкент,Город,KZSHY,4.71
2018,на 1000 родившихся,мальчики и девочки,,Село,,4.11
2018,на 1000 родившихся,мальчики и девочки,Абай,Село,KZABY,2.65
2018,на 1000 родившихся,мальчики и девочки,Акмолинская,Село,KZAKM,2.31
2018,на 1000 родившихся,мальчики и девочки,Актюбинская,Село,KZAKT,4.47
2018,на 1000 родившихся,мальчики и девочки,Алматинская,Село,KZALM,4.27
2018,на 1000 родившихся,мальчики и девочки,Атырауская,Село,KZATY,6.5
2018,на 1000 родившихся,мальчики и девочки,Западно-Казахстанская,Село,KZZAP,4.22
2018,на 1000 родившихся,мальчики и девочки,Жымбылская,Село,KZZHA,2.81
2018,на 1000 родившихся,мальчики и девочки,Жетісу,Село,KZZHS,3.91
2018,на 1000 родившихся,мальчики и девочки,Карагандинская,Село,KZKAR,2.23
2018,на 1000 родившихся,мальчики и девочки,Костанайская,Село,KZKUS,6.32
2018,на 1000 родившихся,мальчики и девочки,Кызылординская,Село,KZKZY,3.53
2018,на 1000 родившихся,мальчики и девочки,Мангистауская,Село,KZMAN,5.22
2018,на 1000 родившихся,мальчики и девочки,Павлодарская,Село,KZPAV,2.25
2018,на 1000 родившихся,мальчики и девочки,Северо-Казахстанская,Село,KZSEV,5.24
2018,на 1000 родившихся,мальчики и девочки,Туркестанская,Село,KZYUZ,4.16
2018,на 1000 родившихся,мальчики и девочки,Ұлытау,Село,KZULU,6.44
2018,на 1000 родившихся,мальчики и девочки,Восточно-Казахстанская,Село,KZVOS,4.89
2018,на 1000 родившихся,мужчины,,,,5.31
2018,на 1000 родившихся,мужчины,Абай,,KZABY,4.3
2018,на 1000 родившихся,мужчины,Акмолинская,,KZAKM,3.45
2018,на 1000 родившихся,мужчины,Актюбинская,,KZAKT,5.76
2018,на 1000 родившихся,мужчины,Алматинская,,KZALM,5.02
2018,на 1000 родившихся,мужчины,Атырауская,,KZATY,8.06
2018,на 1000 родившихся,мужчины,Западно-Казахстанская,,KZZAP,4.91
2018,на 1000 родившихся,мужчины,Жымбылская,,KZZHA,4.15
2018,на 1000 родившихся,мужчины,Жетісу,,KZZHS,4.29
2018,на 1000 родившихся,мужчины,Карагандинская,,KZKAR,5.94
2018,на 1000 родившихся,мужчины,Костанайская,,KZKUS,7.23
2018,на 1000 родившихся,мужчины,Кызылординская,,KZKZY,5.95
2018,на 1000 родившихся,мужчины,Мангистауская,,KZMAN,5.89
2018,на 1000 родившихся,мужчины,Павлодарская,,KZPAV,3.97
2018,на 1000 родившихся,мужчины,Северо-Казахстанская,,KZSEV,7.28
2018,на 1000 родившихся,мужчины,Туркестанская,,KZYUZ,4.81
2018,на 1000 родившихся,мужчины,Ұлытау,,KZULU,5.91
2018,на 1000 родившихся,мужчины,Восточно-Казахстанская,,KZVOS,7.59
2018,на 1000 родившихся,мужчины,г_Астана,,KZNS,4.14
2018,на 1000 родившихся,мужчины,г_Алматы,,KZALA,6.07
2018,на 1000 родившихся,мужчины,г_Шымкент,,KZSHY,5.04
2018,на 1000 родившихся,мужчины,,Город,,5.63
2018,на 1000 родившихся,мужчины,Абай,Город,KZABY,5.67
2018,на 1000 родившихся,мужчины,Акмолинская,Город,KZAKM,4.25
2018,на 1000 родившихся,мужчины,Актюбинская,Город,KZAKT,6.89
2018,на 1000 родившихся,мужчины,Алматинская,Город,KZALM,4.92
2018,на 1000 родившихся,мужчины,Атырауская,Город,KZATY,6.54
2018,на 1000 родившихся,мужчины,Западно-Казахстанская,Город,KZZAP,5.14
2018,на 1000 родившихся,мужчины,Жымбылская,Город,KZZHA,5.24
2018,на 1000 родившихся,мужчины,Жетісу,Город,KZZHS,3.95
2018,на 1000 родившихся,мужчины,Карагандинская,Город,KZKAR,6.81
2018,на 1000 родившихся,мужчины,Костанайская,Город,KZKUS,7.44
2018,на 1000 родившихся,мужчины,Кызылординская,Город,KZKZY,7.8
2018,на 1000 родившихся,мужчины,Мангистауская,Город,KZMAN,6.37
2018,на 1000 родившихся,мужчины,Павлодарская,Город,KZPAV,4.26
2018,на 1000 родившихся,мужчины,Северо-Казахстанская,Город,KZSEV,7.07
2018,на 1000 родившихся,мужчины,Туркестанская,Город,KZYUZ,4.27
2018,на 1000 родившихся,мужчины,Ұлытау,Город,KZULU,5.27
2018,на 1000 родившихся,мужчины,Восточно-Казахстанская,Город,KZVOS,8.32
2018,на 1000 родившихся,мужчины,г_Астана,Город,KZNS,4.14
2018,на 1000 родившихся,мужчины,г_Алматы,Город,KZALA,6.07
2018,на 1000 родившихся,мужчины,г_Шымкент,Город,KZSHY,5.04
2018,на 1000 родившихся,мужчины,,Село,,4.84
2018,на 1000 родившихся,мужчины,Абай,Село,KZABY,1.9
2018,на 1000 родившихся,мужчины,Акмолинская,Село,KZAKM,2.45
2018,на 1000 родившихся,мужчины,Актюбинская,Село,KZAKT,2.38
2018,на 1000 родившихся,мужчины,Алматинская,Село,KZALM,5.04
2018,на 1000 родившихся,мужчины,Атырауская,Село,KZATY,10.09
2018,на 1000 родившихся,мужчины,Западно-Казахстанская,Село,KZZAP,4.59
2018,на 1000 родившихся,мужчины,Жымбылская,Село,KZZHA,3.35
2018,на 1000 родившихся,мужчины,Жетісу,Село,KZZHS,4.59
2018,на 1000 родившихся,мужчины,Карагандинская,Село,KZKAR,2.21
2018,на 1000 родившихся,мужчины,Костанайская,Село,KZKUS,6.91
2018,на 1000 родившихся,мужчины,Кызылординская,Село,KZKZY,4.16
2018,на 1000 родившихся,мужчины,Мангистауская,Село,KZMAN,5.52
2018,на 1000 родившихся,мужчины,Павлодарская,Село,KZPAV,3.31
2018,на 1000 родившихся,мужчины,Северо-Казахстанская,Село,KZSEV,7.49
2018,на 1000 родившихся,мужчины,Туркестанская,Село,KZYUZ,5.0
2018,на 1000 родившихся,мужчины,Ұлытау,Село,KZULU,8.51
2018,на 1000 родившихся,мужчины,Восточно-Казахстанская,Село,KZVOS,6.08
2018,на 1000 родившихся,женщины,,,,3.78
2018,на 1000 родившихся,женщины,Абай,,KZABY,4.05
2018,на 1000 родившихся,женщины,Акмолинская,,KZAKM,3.15
2018,на 1000 родившихся,женщины,Актюбинская,,KZAKT,4.72
2018,на 1000 родившихся,женщины,Алматинская,,KZALM,3.72
2018,на 1000 родившихся,женщины,Атырауская,,KZATY,3.9
2018,на 1000 родившихся,женщины,Западно-Казахстанская,,KZZAP,2.84
2018,на 1000 родившихся,женщины,Жымбылская,,KZZHA,2.44
2018,на 1000 родившихся,женщины,Жетісу,,KZZHS,2.84
2018,на 1000 родившихся,женщины,Карагандинская,,KZKAR,3.79
2018,на 1000 родившихся,женщины,Костанайская,,KZKUS,5.27
2018,на 1000 родившихся,женщины,Кызылординская,,KZKZY,3.67
2018,на 1000 родившихся,женщины,Мангистауская,,KZMAN,4.93
2018,на 1000 родившихся,женщины,Павлодарская,,KZPAV,3.27
2018,на 1000 родившихся,женщины,Северо-Казахстанская,,KZSEV,4.88
2018,на 1000 родившихся,женщины,Туркестанская,,KZYUZ,3.43
2018,на 1000 родившихся,женщины,Ұлытау,,KZULU,3.09
2018,на 1000 родившихся,женщины,Восточно-Казахстанская,,KZVOS,3.76
2018,на 1000 родившихся,женщины,г_Астана,,KZNS,2.75
2018,на 1000 родившихся,женщины,г_Алматы,,KZALA,5.21
2018,на 1000 родившихся,женщины,г_Шымкент,,KZSHY,4.34
2018,на 1000 родившихся,женщины,,Город,,4.08
2018,на 1000 родившихся,женщины,Абай,Город,KZABY,4.44
2018,на 1000 родившихся,женщины,Акмолинская,Город,KZAKM,3.99
2018,на 1000 родившихся,женщины,Актюбинская,Город,KZAKT,4.06
2018,на 1000 родившихся,женщины,Алматинская,Город,KZALM,5.08
2018,на 1000 родившихся,женщины,Атырауская,Город,KZATY,4.85
2018,на 1000 родившихся,женщины,Западно-Казахстанская,Город,KZZAP,2.15
2018,на 1000 родившихся,женщины,Жымбылская,Город,KZZHA,2.71
2018,на 1000 родившихся,женщины,Жетісу,Город,KZZHS,2.38
2018,на 1000 родившихся,женщины,Карагандинская,Город,KZKAR,4.18
2018,на 1000 родившихся,женщины,Костанайская,Город,KZKUS,5.04
2018,на 1000 родившихся,женщины,Кызылординская,Город,KZKZY,4.54
2018,на 1000 родившихся,женщины,Мангистауская,Город,KZMAN,4.97
2018,на 1000 родившихся,женщины,Павлодарская,Город,KZPAV,4.17
2018,на 1000 родившихся,женщины,Северо-Казахстанская,Город,KZSEV,6.95
2018,на 1000 родившихся,женщины,Туркестанская,Город,KZYUZ,3.89
2018,на 1000 родившихся,женщины,Ұлытау,Город,KZULU,2.78
2018,на 1000 родившихся,женщины,Восточно-Казахстанская,Город,KZVOS,3.84
2018,на 1000 родившихся,женщины,г_Астана,Город,KZNS,2.75
2018,на 1000 родившихся,женщины,г_Алматы,Город,KZALA,5.21
2018,на 1000 родившихся,женщины,г_Шымкент,Город,KZSHY,4.34
2018,на 1000 родившихся,женщины,,Село,,3.35
2018,на 1000 родившихся,женщины,Абай,Село,KZABY,3.41
2018,на 1000 родившихся,женщины,Акмолинская,Село,KZAKM,2.16
2018,на 1000 родившихся,женщины,Актюбинская,Село,KZAKT,6.68
2018,на 1000 родившихся,женщины,Алматинская,Село,KZALM,3.46
2018,на 1000 родившихся,женщины,Атырауская,Село,KZATY,2.6
2018,на 1000 родившихся,женщины,Западно-Казахстанская,Село,KZZAP,3.82
2018,на 1000 родившихся,женщины,Жымбылская,Село,KZZHA,2.24
2018,на 1000 родившихся,женщины,Жетісу,Село,KZZHS,3.21
2018,на 1000 родившихся,женщины,Карагандинская,Село,KZKAR,2.26
2018,на 1000 родившихся,женщины,Костанайская,Село,KZKUS,5.67
2018,на 1000 родившихся,женщины,Кызылординская,Село,KZKZY,2.88
2018,на 1000 родившихся,женщины,Мангистауская,Село,KZMAN,4.9
2018,на 1000 родившихся,женщины,Павлодарская,Село,KZPAV,1.15
2018,на 1000 родившихся,женщины,Северо-Казахстанская,Село,KZSEV,2.85
2018,на 1000 родившихся,женщины,Туркестанская,Село,KZYUZ,3.27
2018,на 1000 родившихся,женщины,Ұлытау,Село,KZULU,4.34
2018,на 1000 родившихся,женщины,Восточно-Казахстанская,Село,KZVOS,3.59
2019,на 1000 родившихся,мальчики и девочки,,,,4.8
2019,на 1000 родившихся,мальчики и девочки,Абай,,KZABY,4.4
2019,на 1000 родившихся,мальчики и девочки,Акмолинская,,KZAKM,4.41
2019,на 1000 родившихся,мальчики и девочки,Актюбинская,,KZAKT,5.42
2019,на 1000 родившихся,мальчики и девочки,Алматинская,,KZALM,4.15
2019,на 1000 родившихся,мальчики и девочки,Атырауская,,KZATY,8.07
2019,на 1000 родившихся,мальчики и девочки,Западно-Казахстанская,,KZZAP,4.72
2019,на 1000 родившихся,мальчики и девочки,Жымбылская,,KZZHA,4.88
2019,на 1000 родившихся,мальчики и девочки,Жетісу,,KZZHS,5.1
2019,на 1000 родившихся,мальчики и девочки,Карагандинская,,KZKAR,5.55
2019,на 1000 родившихся,мальчики и девочки,Костанайская,,KZKUS,6.03
2019,на 1000 родившихся,мальчики и девочки,Кызылординская,,KZKZY,5.01
2019,на 1000 родившихся,мальчики и девочки,Мангистауская,,KZMAN,5.58
2019,на 1000 родившихся,мальчики и девочки,Павлодарская,,KZPAV,3.64
2019,на 1000 родившихся,мальчики и девочки,Северо-Казахстанская,,KZSEV,5.09
2019,на 1000 родившихся,мальчики и девочки,Туркестанская,,KZYUZ,3.56
2019,на 1000 родившихся,мальчики и девочки,Ұлытау,,KZULU,4.95
2019,на 1000 родившихся,мальчики и девочки,Восточно-Казахстанская,,KZVOS,6.04
2019,на 1000 родившихся,мальчики и девочки,г_Астана,,KZNS,3.2
2019,на 1000 родившихся,мальчики и девочки,г_Алматы,,KZALA,4.61
2019,на 1000 родившихся,мальчики и девочки,г_Шымкент,,KZSHY,5.83
2019,на 1000 родившихся,мальчики и девочки,,Город,,5.23
2019,на 1000 родившихся,мальчики и девочки,Абай,Город,KZABY,4.44
2019,на 1000 родившихся,мальчики и девочки,Акмолинская,Город,KZAKM,4.92
2019,на 1000 родившихся,мальчики и девочки,Актюбинская,Город,KZAKT,5.33
2019,на 1000 родившихся,мальчики и девочки,Алматинская,Город,KZALM,6.04
2019,на 1000 родившихся,мальчики и девочки,Атырауская,Город,KZATY,8.32
2019,на 1000 родившихся,мальчики и девочки,Западно-Казахстанская,Город,KZZAP,5.06
2019,на 1000 родившихся,мальчики и девочки,Жымбылская,Город,KZZHA,6.53
2019,на 1000 родившихся,мальчики и девочки,Жетісу,Город,KZZHS,5.69
2019,на 1000 родившихся,мальчики и девочки,Карагандинская,Город,KZKAR,5.97
2019,на 1000 родившихся,мальчики и девочки,Костанайская,Город,KZKUS,5.78
2019,на 1000 родившихся,мальчики и девочки,Кызылординская,Город,KZKZY,4.79
2019,на 1000 родившихся,мальчики и девочки,Мангистауская,Город,KZMAN,7.27
2019,на 1000 родившихся,мальчики и девочки,Павлодарская,Город,KZPAV,4.42
2019,на 1000 родившихся,мальчики и девочки,Северо-Казахстанская,Город,KZSEV,5.9
2019,на 1000 родившихся,мальчики и девочки,Туркестанская,Город,KZYUZ,4.02
2019,на 1000 родившихся,мальчики и девочки,Ұлытау,Город,KZULU,6.08
2019,на 1000 родившихся,мальчики и девочки,Восточно-Казахстанская,Город,KZVOS,6.64
2019,на 1000 родившихся,мальчики и девочки,г_Астана,Город,KZNS,3.2
2019,на 1000 родившихся,мальчики и девочки,г_Алматы,Город,KZALA,4.61
2019,на 1000 родившихся,мальчики и девочки,г_Шымкент,Город,KZSHY,5.83
2019,на 1000 родившихся,мальчики и девочки,,Село,,4.16
2019,на 1000 родившихся,мальчики и девочки,Абай,Село,KZABY,4.32
2019,на 1000 родившихся,мальчики и девочки,Акмолинская,Село,KZAKM,3.74
2019,на 1000 родившихся,мальчики и девочки,Актюбинская,Село,KZAKT,5.68
2019,на 1000 родившихся,мальчики и девочки,Алматинская,Село,KZALM,3.8
2019,на 1000 родившихся,мальчики и девочки,Атырауская,Село,KZATY,7.74
2019,на 1000 родившихся,мальчики и девочки,Западно-Казахстанская,Село,KZZAP,4.28
2019,на 1000 родившихся,мальчики и девочки,Жымбылская,Село,KZZHA,3.61
2019,на 1000 родившихся,мальчики и девочки,Жетісу,Село,KZZHS,4.58
2019,на 1000 родившихся,мальчики и девочки,Карагандинская,Село,KZKAR,3.85
2019,на 1000 родившихся,мальчики и девочки,Костанайская,Село,KZKUS,6.45
2019,на 1000 родившихся,мальчики и девочки,Кызылординская,Село,KZKZY,5.24
2019,на 1000 родившихся,мальчики и девочки,Мангистауская,Село,KZMAN,4.43
2019,на 1000 родившихся,мальчики и девочки,Павлодарская,Село,KZPAV,1.76
2019,на 1000 родившихся,мальчики и девочки,Северо-Казахстанская,Село,KZSEV,4.31
2019,на 1000 родившихся,мальчики и девочки,Туркестанская,Село,KZYUZ,3.38
2019,на 1000 родившихся,мальчики и девочки,Ұлытау,Село,KZULU,0.97
2019,на 1000 родившихся,мальчики и девочки,Восточно-Казахстанская,Село,KZVOS,4.86
2019,на 1000 родившихся,мужчины,,,,5.51
2019,на 1000 родившихся,мужчины,Абай,,KZABY,4.68
2019,на 1000 родившихся,мужчины,Акмолинская,,KZAKM,4.88
2019,на 1000 родившихся,мужчины,Актюбинская,,KZAKT,5.39
2019,на 1000 родившихся,мужчины,Алматинская,,KZALM,5.11
2019,на 1000 родившихся,мужчины,Атырауская,,KZATY,8.92
2019,на 1000 родившихся,мужчины,Западно-Казахстанская,,KZZAP,5.97
2019,на 1000 родившихся,мужчины,Жымбылская,,KZZHA,5.94
2019,на 1000 родившихся,мужчины,Жетісу,,KZZHS,6.27
2019,на 1000 родившихся,мужчины,Карагандинская,,KZKAR,6.12
2019,на 1000 родившихся,мужчины,Костанайская,,KZKUS,8.05
2019,на 1000 родившихся,мужчины,Кызылординская,,KZKZY,6.01
2019,на 1000 родившихся,мужчины,Мангистауская,,KZMAN,6.47
2019,на 1000 родившихся,мужчины,Павлодарская,,KZPAV,3.82
2019,на 1000 родившихся,мужчины,Северо-Казахстанская,,KZSEV,7.04
2019,на 1000 родившихся,мужчины,Туркестанская,,KZYUZ,3.9
2019,на 1000 родившихся,мужчины,Ұлытау,,KZULU,4.97
2019,на 1000 родившихся,мужчины,Восточно-Казахстанская,,KZVOS,5.88
2019,на 1000 родившихся,мужчины,г_Астана,,KZNS,3.47
2019,на 1000 родившихся,мужчины,г_Алматы,,KZALA,5.56
2019,на 1000 родившихся,мужчины,г_Шымкент,,KZSHY,6.6
2019,на 1000 родившихся,мужчины,,Город,,5.89
2019,на 1000 родившихся,мужчины,Абай,Город,KZABY,5.55
2019,на 1000 родившихся,мужчины,Акмолинская,Город,KZAKM,6.1
2019,на 1000 родившихся,мужчины,Актюбинская,Город,KZAKT,5.3
2019,на 1000 родившихся,мужчины,Алматинская,Город,KZALM,8.27
2019,на 1000 родившихся,мужчины,Атырауская,Город,KZATY,8.19
2019,на 1000 родившихся,мужчины,Западно-Казахстанская,Город,KZZAP,6.35
2019,на 1000 родившихся,мужчины,Жымбылская,Город,KZZHA,7.05
2019,на 1000 родившихся,мужчины,Жетісу,Город,KZZHS,5.43
2019,на 1000 родившихся,мужчины,Карагандинская,Город,KZKAR,6.83
2019,на 1000 родившихся,мужчины,Костанайская,Город,KZKUS,7.99
2019,на 1000 родившихся,мужчины,Кызылординская,Город,KZKZY,4.8
2019,на 1000 родившихся,мужчины,Мангистауская,Город,KZMAN,8.71
2019,на 1000 родившихся,мужчины,Павлодарская,Город,KZPAV,4.48
2019,на 1000 родившихся,мужчины,Северо-Казахстанская,Город,KZSEV,8.42
2019,на 1000 родившихся,мужчины,Туркестанская,Город,KZYUZ,4.77
2019,на 1000 родившихся,мужчины,Ұлытау,Город,KZULU,5.83
2019,на 1000 родившихся,мужчины,Восточно-Казахстанская,Город,KZVOS,5.81
2019,на 1000 родившихся,мужчины,г_Астана,Город,KZNS,3.47
2019,на 1000 родившихся,мужчины,г_Алматы,Город,KZALA,5.56
2019,на 1000 родившихся,мужчины,г_Шымкент,Город,KZSHY,6.6
2019,на 1000 родившихся,мужчины,,Село,,4.94
2019,на 1000 родившихся,мужчины,Абай,Село,KZABY,3.17
2019,на 1000 родившихся,мужчины,Акмолинская,Село,KZAKM,3.27
2019,на 1000 родившихся,мужчины,Актюбинская,Село,KZAKT,5.65
2019,на 1000 родившихся,мужчины,Алматинская,Село,KZALM,4.51
2019,на 1000 родившихся,мужчины,Атырауская,Село,KZATY,9.88
2019,на 1000 родившихся,мужчины,Западно-Казахстанская,Село,KZZAP,5.46
2019,на 1000 родившихся,мужчины,Жымбылская,Село,KZZHA,5.09
2019,на 1000 родившихся,мужчины,Жетісу,Село,KZZHS,7.0
2019,на 1000 родившихся,мужчины,Карагандинская,Село,KZKAR,3.2
2019,на 1000 родившихся,мужчины,Костанайская,Село,KZKUS,8.13
2019,на 1000 родившихся,мужчины,Кызылординская,Село,KZKZY,7.22
2019,на 1000 родившихся,мужчины,Мангистауская,Село,KZMAN,4.95
2019,на 1000 родившихся,мужчины,Павлодарская,Село,KZPAV,2.25
2019,на 1000 родившихся,мужчины,Северо-Казахстанская,Село,KZSEV,5.65
2019,на 1000 родившихся,мужчины,Туркестанская,Село,KZYUZ,3.56
2019,на 1000 родившихся,мужчины,Ұлытау,Село,KZULU,1.9
2019,на 1000 родившихся,мужчины,Восточно-Казахстанская,Село,KZVOS,5.91
2019,на 1000 родившихся,женщины,,,,4.04
2019,на 1000 родившихся,женщины,Абай,,KZABY,4.09
2019,на 1000 родившихся,женщины,Акмолинская,,KZAKM,3.9
2019,на 1000 родившихся,женщины,Актюбинская,,KZAKT,5.45
2019,на 1000 родившихся,женщины,Алматинская,,KZALM,3.13
2019,на 1000 родившихся,женщины,Атырауская,,KZATY,7.15
2019,на 1000 родившихся,женщины,Западно-Казахстанская,,KZZAP,3.36
2019,на 1000 родившихся,женщины,Жымбылская,,KZZHA,3.75
2019,на 1000 родившихся,женщины,Жетісу,,KZZHS,3.88
2019,на 1000 родившихся,женщины,Карагандинская,,KZKAR,4.92
2019,на 1000 родившихся,женщины,Костанайская,,KZKUS,3.93
2019,на 1000 родившихся,женщины,Кызылординская,,KZKZY,3.95
2019,на 1000 родившихся,женщины,Мангистауская,,KZMAN,4.63
2019,на 1000 родившихся,женщины,Павлодарская,,KZPAV,3.43
2019,на 1000 родившихся,женщины,Северо-Казахстанская,,KZSEV,3.01
2019,на 1000 родившихся,женщины,Туркестанская,,KZYUZ,3.2
2019,на 1000 родившихся,женщины,Ұлытау,,KZULU,4.93
2019,на 1000 родившихся,женщины,Восточно-Казахстанская,,KZVOS,6.22
2019,на 1000 родившихся,женщины,г_Астана,,KZNS,2.93
2019,на 1000 родившихся,женщины,г_Алматы,,KZALA,3.6
2019,на 1000 родившихся,женщины,г_Шымкент,,KZSHY,5.0
2019,на 1000 родившихся,женщины,,Город,,4.52
2019,на 1000 родившихся,женщины,Абай,Город,KZABY,3.21
2019,на 1000 родившихся,женщины,Акмолинская,Город,KZAKM,3.63
2019,на 1000 родившихся,женщины,Актюбинская,Город,KZAKT,5.37
2019,на 1000 родившихся,женщины,Алматинская,Город,KZALM,3.51
2019,на 1000 родившихся,женщины,Атырауская,Город,KZATY,8.48
2019,на 1000 родившихся,женщины,Западно-Казахстанская,Город,KZZAP,3.64
2019,на 1000 родившихся,женщины,Жымбылская,Город,KZZHA,5.98
2019,на 1000 родившихся,женщины,Жетісу,Город,KZZHS,5.97
2019,на 1000 родившихся,женщины,Карагандинская,Город,KZKAR,5.02
2019,на 1000 родившихся,женщины,Костанайская,Город,KZKUS,3.46
2019,на 1000 родившихся,женщины,Кызылординская,Город,KZKZY,4.77
2019,на 1000 родившихся,женщины,Мангистауская,Город,KZMAN,5.74
2019,на 1000 родившихся,женщины,Павлодарская,Город,KZPAV,4.35
2019,на 1000 родившихся,женщины,Северо-Казахстанская,Город,KZSEV,3.11
2019,на 1000 родившихся,женщины,Туркестанская,Город,KZYUZ,3.23
2019,на 1000 родившихся,женщины,Ұлытау,Город,KZULU,6.35
2019,на 1000 родившихся,женщины,Восточно-Казахстанская,Город,KZVOS,7.46
2019,на 1000 родившихся,женщины,г_Астана,Город,KZNS,2.93
2019,на 1000 родившихся,женщины,г_Алматы,Город,KZALA,3.6
2019,на 1000 родившихся,женщины,г_Шымкент,Город,KZSHY,5.0
2019,на 1000 родившихся,женщины,,Село,,3.33
2019,на 1000 родившихся,женщины,Абай,Село,KZABY,5.62
2019,на 1000 родившихся,женщины,Акмолинская,Село,KZAKM,4.23
2019,на 1000 родившихся,женщины,Актюбинская,Село,KZAKT,5.7
2019,на 1000 родившихся,женщины,Алматинская,Село,KZALM,3.06
2019,на 1000 родившихся,женщины,Атырауская,Село,KZATY,5.41
2019,на 1000 родившихся,женщины,Западно-Казахстанская,Село,KZZAP,2.98
2019,на 1000 родившихся,женщины,Жымбылская,Село,KZZHA,2.03
2019,на 1000 родившихся,женщины,Жетісу,Село,KZZHS,2.03
2019,на 1000 родившихся,женщины,Карагандинская,Село,KZKAR,4.54
2019,на 1000 родившихся,женщины,Костанайская,Село,KZKUS,4.7
2019,на 1000 родившихся,женщины,Кызылординская,Село,KZKZY,3.16
2019,на 1000 родившихся,женщины,Мангистауская,Село,KZMAN,3.88
2019,на 1000 родившихся,женщины,Павлодарская,Село,KZPAV,1.23
2019,на 1000 родившихся,женщины,Северо-Казахстанская,Село,KZSEV,2.93
2019,на 1000 родившихся,женщины,Туркестанская,Село,KZYUZ,3.2
2019,на 1000 родившихся,женщины,Ұлытау,Село,KZULU,0.0
2019,на 1000 родившихся,женщины,Восточно-Казахстанская,Село,KZVOS,3.67
2020,на 1000 родившихся,мальчики и девочки,,,,4.78
2020,на 1000 родившихся,мальчики и девочки,Абай,,KZABY,4.68
2020,на 1000 родившихся,мальчики и девочки,Акмолинская,,KZAKM,4.0
2020,на 1000 родившихся,мальчики и девочки,Актюбинская,,KZAKT,5.97
2020,на 1000 родившихся,мальчики и девочки,Алматинская,,KZALM,5.12
2020,на 1000 родившихся,мальчики и девочки,Атырауская,,KZATY,6.94
2020,на 1000 родившихся,мальчики и девочки,Западно-Казахстанская,,KZZAP,6.65
2020,на 1000 родившихся,мальчики и девочки,Жымбылская,,KZZHA,3.77
2020,на 1000 родившихся,мальчики и девочки,Жетісу,,KZZHS,4.18
2020,на 1000 родившихся,мальчики и девочки,Карагандинская,,KZKAR,5.0
2020,на 1000 родившихся,мальчики и девочки,Костанайская,,KZKUS,6.08
2020,на 1000 родившихся,мальчики и девочки,Кызылординская,,KZKZY,6.8
2020,на 1000 родившихся,мальчики и девочки,Мангистауская,,KZMAN,4.97
2020,на 1000 родившихся,мальчики и девочки,Павлодарская,,KZPAV,3.99
2020,на 1000 родившихся,мальчики и девочки,Северо-Казахстанская,,KZSEV,6.11
2020,на 1000 родившихся,мальчики и девочки,Туркестанская,,KZYUZ,3.56
2020,на 1000 родившихся,мальчики и девочки,Ұлытау,,KZULU,5.61
2020,на 1000 родившихся,мальчики и девочки,Восточно-Казахстанская,,KZVOS,5.5
2020,на 1000 родившихся,мальчики и девочки,г_Астана,,KZNS,2.88
2020,на 1000 родившихся,мальчики и девочки,г_Алматы,,KZALA,4.81
2020,на 1000 родившихся,мальчики и девочки,г_Шымкент,,KZSHY,4.67
2020,на 1000 родившихся,мальчики и девочки,,Город,,5.39
2020,на 1000 родившихся,мальчики и девочки,Абай,Город,KZABY,4.47
2020,на 1000 родившихся,мальчики и девочки,Акмолинская,Город,KZAKM,3.98
2020,на 1000 родившихся,мальчики и девочки,Актюбинская,Город,KZAKT,5.94
2020,на 1000 родившихся,мальчики и девочки,Алматинская,Город,KZALM,8.7
2020,на 1000 родившихся,мальчики и девочки,Атырауская,Город,KZATY,7.89
2020,на 1000 родившихся,мальчики и девочки,Западно-Казахстанская,Город,KZZAP,7.37
2020,на 1000 родившихся,мальчики и девочки,Жымбылская,Город,KZZHA,6.03
2020,на 1000 родившихся,мальчики и девочки,Жетісу,Город,KZZHS,5.32
2020,на 1000 родившихся,мальчики и девочки,Карагандинская,Город,KZKAR,5.6
2020,на 1000 родившихся,мальчики и девочки,Костанайская,Город,KZKUS,7.08
2020,на 1000 родившихся,мальчики и девочки,Кызылординская,Город,KZKZY,8.19
2020,на 1000 родившихся,мальчики и девочки,Мангистауская,Город,KZMAN,6.72
2020,на 1000 родившихся,мальчики и девочки,Павлодарская,Город,KZPAV,4.09
2020,на 1000 родившихся,мальчики и девочки,Северо-Казахстанская,Город,KZSEV,4.84
2020,на 1000 родившихся,мальчики и девочки,Туркестанская,Город,KZYUZ,5.95
2020,на 1000 родившихся,мальчики и девочки,Ұлытау,Город,KZULU,6.63
2020,на 1000 родившихся,мальчики и девочки,Восточно-Казахстанская,Город,KZVOS,5.51
2020,на 1000 родившихся,мальчики и девочки,г_Астана,Город,KZNS,2.88
2020,на 1000 родившихся,мальчики и девочки,г_Алматы,Город,KZALA,4.81
2020,на 1000 родившихся,мальчики и девочки,г_Шымкент,Город,KZSHY,4.67
2020,на 1000 родившихся,мальчики и девочки,,Село,,3.91
2020,на 1000 родившихся,мальчики и девочки,Абай,Село,KZABY,5.05
2020,на 1000 родившихся,мальчики и девочки,Акмолинская,Село,KZAKM,4.02
2020,на 1000 родившихся,мальчики и девочки,Актюбинская,Село,KZAKT,6.05
2020,на 1000 родившихся,мальчики и девочки,Алматинская,Село,KZALM,4.5
2020,на 1000 родившихся,мальчики и девочки,Атырауская,Село,KZATY,5.82
2020,на 1000 родившихся,мальчики и девочки,Западно-Казахстанская,Село,KZZAP,5.73
2020,на 1000 родившихся,мальчики и девочки,Жымбылская,Село,KZZHA,1.97
2020,на 1000 родившихся,мальчики и девочки,Жетісу,Село,KZZHS,3.24
2020,на 1000 родившихся,мальчики и девочки,Карагандинская,Село,KZKAR,2.63
2020,на 1000 родившихся,мальчики и девочки,Костанайская,Село,KZKUS,4.48
2020,на 1000 родившихся,мальчики и девочки,Кызылординская,Село,KZKZY,5.49
2020,на 1000 родившихся,мальчики и девочки,Мангистауская,Село,KZMAN,3.75
2020,на 1000 родившихся,мальчики и девочки,Павлодарская,Село,KZPAV,3.78
2020,на 1000 родившихся,мальчики и девочки,Северо-Казахстанская,Село,KZSEV,7.28
2020,на 1000 родившихся,мальчики и девочки,Туркестанская,Село,KZYUZ,2.72
2020,на 1000 родившихся,мальчики и девочки,Ұлытау,Село,KZULU,1.92
2020,на 1000 родившихся,мальчики и девочки,Восточно-Казахстанская,Село,KZVOS,5.48
2020,на 1000 родившихся,мужчины,,,,5.42
2020,на 1000 родившихся,мужчины,Абай,,KZABY,3.9
2020,на 1000 родившихся,мужчины,Акмолинская,,KZAKM,4.6
2020,на 1000 родившихся,мужчины,Актюбинская,,KZAKT,7.35
2020,на 1000 родившихся,мужчины,Алматинская,,KZALM,5.89
2020,на 1000 родившихся,мужчины,Атырауская,,KZATY,6.36
2020,на 1000 родившихся,мужчины,Западно-Казахстанская,,KZZAP,6.77
2020,на 1000 родившихся,мужчины,Жымбылская,,KZZHA,4.79
2020,на 1000 родившихся,мужчины,Жетісу,,KZZHS,4.82
2020,на 1000 родившихся,мужчины,Карагандинская,,KZKAR,5.81
2020,на 1000 родившихся,мужчины,Костанайская,,KZKUS,8.02
2020,на 1000 родившихся,мужчины,Кызылординская,,KZKZY,8.5
2020,на 1000 родившихся,мужчины,Мангистауская,,KZMAN,5.38
2020,на 1000 родившихся,мужчины,Павлодарская,,KZPAV,5.32
2020,на 1000 родившихся,мужчины,Северо-Казахстанская,,KZSEV,6.7
2020,на 1000 родившихся,мужчины,Туркестанская,,KZYUZ,3.93
2020,на 1000 родившихся,мужчины,Ұлытау,,KZULU,5.77
2020,на 1000 родившихся,мужчины,Восточно-Казахстанская,,KZVOS,5.48
2020,на 1000 родившихся,мужчины,г_Астана,,KZNS,3.58
2020,на 1000 родившихся,мужчины,г_Алматы,,KZALA,5.62
2020,на 1000 родившихся,мужчины,г_Шымкент,,KZSHY,5.08
2020,на 1000 родившихся,мужчины,,Город,,6.2
2020,на 1000 родившихся,мужчины,Абай,Город,KZABY,3.89
2020,на 1000 родившихся,мужчины,Акмолинская,Город,KZAKM,4.67
2020,на 1000 родившихся,мужчины,Актюбинская,Город,KZAKT,7.45
2020,на 1000 родившихся,мужчины,Алматинская,Город,KZALM,8.4
2020,на 1000 родившихся,мужчины,Атырауская,Город,KZATY,7.51
2020,на 1000 родившихся,мужчины,Западно-Казахстанская,Город,KZZAP,7.96
2020,на 1000 родившихся,мужчины,Жымбылская,Город,KZZHA,7.86
2020,на 1000 родившихся,мужчины,Жетісу,Город,KZZHS,5.87
2020,на 1000 родившихся,мужчины,Карагандинская,Город,KZKAR,6.53
2020,на 1000 родившихся,мужчины,Костанайская,Город,KZKUS,10.46
2020,на 1000 родившихся,мужчины,Кызылординская,Город,KZKZY,10.59
2020,на 1000 родившихся,мужчины,Мангистауская,Город,KZMAN,7.07
2020,на 1000 родившихся,мужчины,Павлодарская,Город,KZPAV,5.32
2020,на 1000 родившихся,мужчины,Северо-Казахстанская,Город,KZSEV,5.75
2020,на 1000 родившихся,мужчины,Туркестанская,Город,KZYUZ,6.54
2020,на 1000 родившихся,мужчины,Ұлытау,Город,KZULU,6.9
2020,на 1000 родившихся,мужчины,Восточно-Казахстанская,Город,KZVOS,5.5
2020,на 1000 родившихся,мужчины,г_Астана,Город,KZNS,3.58
2020,на 1000 родившихся,мужчины,г_Алматы,Город,KZALA,5.62
2020,на 1000 родившихся,мужчины,г_Шымкент,Город,KZSHY,5.08
2020,на 1000 родившихся,мужчины,,Село,,4.32
2020,на 1000 родившихся,мужчины,Абай,Село,KZABY,3.91
2020,на 1000 родившихся,мужчины,Акмолинская,Село,KZAKM,4.5
2020,на 1000 родившихся,мужчины,Актюбинская,Село,KZAKT,7.06
2020,на 1000 родившихся,мужчины,Алматинская,Село,KZALM,5.46
2020,на 1000 родившихся,мужчины,Атырауская,Село,KZATY,4.98
2020,на 1000 родившихся,мужчины,Западно-Казахстанская,Село,KZZAP,5.21
2020,на 1000 родившихся,мужчины,Жымбылская,Село,KZZHA,2.38
2020,на 1000 родившихся,мужчины,Жетісу,Село,KZZHS,3.96
2020,на 1000 родившихся,мужчины,Карагандинская,Село,KZKAR,3.03
2020,на 1000 родившихся,мужчины,Костанайская,Село,KZKUS,3.98
2020,на 1000 родившихся,мужчины,Кызылординская,Село,KZKZY,6.53
2020,на 1000 родившихся,мужчины,Мангистауская,Село,KZMAN,4.19
2020,на 1000 родившихся,мужчины,Павлодарская,Село,KZPAV,5.33
2020,на 1000 родившихся,мужчины,Северо-Казахстанская,Село,KZSEV,7.58
2020,на 1000 родившихся,мужчины,Туркестанская,Село,KZYUZ,2.99
2020,на 1000 родившихся,мужчины,Ұлытау,Село,KZULU,1.84
2020,на 1000 родившихся,мужчины,Восточно-Казахстанская,Село,KZVOS,5.44
2020,на 1000 родившихся,женщины,,,,0.15
2020,на 1000 родившихся,женщины,Абай,,KZABY,3.58
2020,на 1000 родившихся,женщины,Акмолинская,,KZAKM,7.7
2020,на 1000 родившихся,женщины,Актюбинская,,KZAKT,7.79
2020,на 1000 родившихся,женщины,Алматинская,,KZALM,3.56
2020,на 1000 родившихся,женщины,Атырауская,,KZATY,4.92
2020,на 1000 родившихся,женщины,Западно-Казахстанская,,KZZAP,5.77
2020,на 1000 родившихся,женщины,Жымбылская,,KZZHA,1.98
2020,на 1000 родившихся,женщины,Жетісу,,KZZHS,4.64
2020,на 1000 родившихся,женщины,Карагандинская,,KZKAR,2.56
2020,на 1000 родившихся,женщины,Костанайская,,KZKUS,9.15
2020,на 1000 родившихся,женщины,Кызылординская,,KZKZY,4.48
2020,на 1000 родившихся,женщины,Мангистауская,,KZMAN,1.44
2020,на 1000 родившихся,женщины,Павлодарская,,KZPAV,3.13
2020,на 1000 родившихся,женщины,Северо-Казахстанская,,KZSEV,28.24
2020,на 1000 родившихся,женщины,Туркестанская,,KZYUZ,0.44
2020,на 1000 родившихся,женщины,Ұлытау,,KZULU,12.18
2020,на 1000 родившихся,женщины,Восточно-Казахстанская,,KZVOS,5.71
2020,на 1000 родившихся,женщины,г_Астана,,KZNS,4.72
2020,на 1000 родившихся,женщины,г_Алматы,,KZALA,3.81
2020,на 1000 родившихся,женщины,г_Шымкент,,KZSHY,0.0
2020,на 1000 родившихся,женщины,,Город,,4.51
2020,на 1000 родившихся,женщины,Абай,Город,KZABY,5.09
2020,на 1000 родившихся,женщины,Акмолинская,Город,KZAKM,3.24
2020,на 1000 родившихся,женщины,Актюбинская,Город,KZAKT,4.32
2020,на 1000 родившихся,женщины,Алматинская,Город,KZALM,9.01
2020,на 1000 родившихся,женщины,Атырауская,Город,KZATY,8.29
2020,на 1000 родившихся,женщины,Западно-Казахстанская,Город,KZZAP,6.73
2020,на 1000 родившихся,женщины,Жымбылская,Город,KZZHA,4.12
2020,на 1000 родившихся,женщины,Жетісу,Город,KZZHS,4.75
2020,на 1000 родившихся,женщины,Карагандинская,Город,KZKAR,4.61
2020,на 1000 родившихся,женщины,Костанайская,Город,KZKUS,3.45
2020,на 1000 родившихся,женщины,Кызылординская,Город,KZKZY,5.58
2020,на 1000 родившихся,женщины,Мангистауская,Город,KZMAN,6.34
2020,на 1000 родившихся,женщины,Павлодарская,Город,KZPAV,2.8
2020,на 1000 родившихся,женщины,Северо-Казахстанская,Город,KZSEV,3.83
2020,на 1000 родившихся,женщины,Туркестанская,Город,KZYUZ,5.28
2020,на 1000 родившихся,женщины,Ұлытау,Город,KZULU,6.36
2020,на 1000 родившихся,женщины,Восточно-Казахстанская,Город,KZVOS,5.53
2020,на 1000 родившихся,женщины,г_Астана,Город,KZNS,2.12
2020,на 1000 родившихся,женщины,г_Алматы,Город,KZALA,3.93
2020,на 1000 родившихся,женщины,г_Шымкент,Город,KZSHY,4.23
2020,на 1000 родившихся,женщины,,Село,,3.48
2020,на 1000 родившихся,женщины,Абай,Село,KZABY,6.33
2020,на 1000 родившихся,женщины,Акмолинская,Село,KZAKM,3.48
2020,на 1000 родившихся,женщины,Актюбинская,Село,KZAKT,4.96
2020,на 1000 родившихся,женщины,Алматинская,Село,KZALM,3.48
2020,на 1000 родившихся,женщины,Атырауская,Село,KZATY,6.7
2020,на 1000 родившихся,женщины,Западно-Казахстанская,Село,KZZAP,6.28
2020,на 1000 родившихся,женщины,Жымбылская,Село,KZZHA,1.53
2020,на 1000 родившихся,женщины,Жетісу,Село,KZZHS,2.51
2020,на 1000 родившихся,женщины,Карагандинская,Село,KZKAR,2.2
2020,на 1000 родившихся,женщины,Костанайская,Село,KZKUS,4.99
2020,на 1000 родившихся,женщины,Кызылординская,Село,KZKZY,4.39
2020,на 1000 родившихся,женщины,Мангистауская,Село,KZMAN,3.26
2020,на 1000 родившихся,женщины,Павлодарская,Село,KZPAV,2.19
2020,на 1000 родившихся,женщины,Северо-Казахстанская,Село,KZSEV,6.96
2020,на 1000 родившихся,женщины,Туркестанская,Село,KZYUZ,2.43
2020,на 1000 родившихся,женщины,Ұлытау,Село,KZULU,2.02
2020,на 1000 родившихся,женщины,Восточно-Казахстанская,Село,KZVOS,5.52
2021,на 1000 родившихся,мальчики и девочки,,,,5.06
2021,на 1000 родившихся,мальчики и девочки,Абай,,KZABY,5.17
2021,на 1000 родившихся,мальчики и девочки,Акмолинская,,KZAKM,3.35
2021,на 1000 родившихся,мальчики и девочки,Актюбинская,,KZAKT,6.77
2021,на 1000 родившихся,мальчики и девочки,Алматинская,,KZALM,4.87
2021,на 1000 родившихся,мальчики и девочки,Атырауская,,KZATY,5.54
2021,на 1000 родившихся,мальчики и девочки,Западно-Казахстанская,,KZZAP,5.41
2021,на 1000 родившихся,мальчики и девочки,Жымбылская,,KZZHA,3.87
2021,на 1000 родившихся,мальчики и девочки,Жетісу,,KZZHS,5.41
2021,на 1000 родившихся,мальчики и девочки,Карагандинская,,KZKAR,5.29
2021,на 1000 родившихся,мальчики и девочки,Костанайская,,KZKUS,7.16
2021,на 1000 родившихся,мальчики и девочки,Кызылординская,,KZKZY,5.91
2021,на 1000 родившихся,мальчики и девочки,Мангистауская,,KZMAN,5.61
2021,на 1000 родившихся,мальчики и девочки,Павлодарская,,KZPAV,4.2
2021,на 1000 родившихся,мальчики и девочки,Северо-Казахстанская,,KZSEV,6.01
2021,на 1000 родившихся,мальчики и девочки,Туркестанская,,KZYUZ,3.65
2021,на 1000 родившихся,мальчики и девочки,Ұлытау,,KZULU,5.95
2021,на 1000 родившихся,мальчики и девочки,Восточно-Казахстанская,,KZVOS,4.49
2021,на 1000 родившихся,мальчики и девочки,г_Астана,,KZNS,4.02
2021,на 1000 родившихся,мальчики и девочки,г_Алматы,,KZALA,6.03
2021,на 1000 родившихся,мальчики и девочки,г_Шымкент,,KZSHY,6.22
2021,на 1000 родившихся,мальчики и девочки,,Город,,6.38
2021,на 1000 родившихся,мальчики и девочки,Абай,Город,KZABY,6.27
2021,на 1000 родившихся,мальчики и девочки,Акмолинская,Город,KZAKM,4.97
2021,на 1000 родившихся,мальчики и девочки,Актюбинская,Город,KZAKT,7.04
2021,на 1000 родившихся,мальчики и девочки,Алматинская,Город,KZALM,9.11
2021,на 1000 родившихся,мальчики и девочки,Атырауская,Город,KZATY,5.93
2021,на 1000 родившихся,мальчики и девочки,Западно-Казахстанская,Город,KZZAP,7.76
2021,на 1000 родившихся,мальчики и девочки,Жымбылская,Город,KZZHA,7.56
2021,на 1000 родившихся,мальчики и девочки,Жетісу,Город,KZZHS,6.79
2021,на 1000 родившихся,мальчики и девочки,Карагандинская,Город,KZKAR,6.12
2021,на 1000 родившихся,мальчики и девочки,Костанайская,Город,KZKUS,9.69
2021,на 1000 родившихся,мальчики и девочки,Кызылординская,Город,KZKZY,9.47
2021,на 1000 родившихся,мальчики и девочки,Мангистауская,Город,KZMAN,8.64
2021,на 1000 родившихся,мальчики и девочки,Павлодарская,Город,KZPAV,4.63
2021,на 1000 родившихся,мальчики и девочки,Северо-Казахстанская,Город,KZSEV,8.62
2021,на 1000 родившихся,мальчики и девочки,Туркестанская,Город,KZYUZ,6.24
2021,на 1000 родившихся,мальчики и девочки,Ұлытау,Город,KZULU,7.34
2021,на 1000 родившихся,мальчики и девочки,Восточно-Казахстанская,Город,KZVOS,4.14
2021,на 1000 родившихся,мальчики и девочки,г_Астана,Город,KZNS,4.02
2021,на 1000 родившихся,мальчики и девочки,г_Алматы,Город,KZALA,6.03
2021,на 1000 родившихся,мальчики и девочки,г_Шымкент,Город,KZSHY,6.22
2021,на 1000 родившихся,мальчики и девочки,,Село,,3.17
2021,на 1000 родившихся,мальчики и девочки,Абай,Село,KZABY,3.23
2021,на 1000 родившихся,мальчики и девочки,Акмолинская,Село,KZAKM,1.25
2021,на 1000 родившихся,мальчики и девочки,Актюбинская,Село,KZAKT,5.99
2021,на 1000 родившихся,мальчики и девочки,Алматинская,Село,KZALM,4.14
2021,на 1000 родившихся,мальчики и девочки,Атырауская,Село,KZATY,5.08
2021,на 1000 родившихся,мальчики и девочки,Западно-Казахстанская,Село,KZZAP,2.51
2021,на 1000 родившихся,мальчики и девочки,Жымбылская,Село,KZZHA,0.99
2021,на 1000 родившихся,мальчики и девочки,Жетісу,Село,KZZHS,4.31
2021,на 1000 родившихся,мальчики и девочки,Карагандинская,Село,KZKAR,1.88
2021,на 1000 родившихся,мальчики и девочки,Костанайская,Село,KZKUS,2.89
2021,на 1000 родившихся,мальчики и девочки,Кызылординская,Село,KZKZY,2.72
2021,на 1000 родившихся,мальчики и девочки,Мангистауская,Село,KZMAN,3.5
2021,на 1000 родившихся,мальчики и девочки,Павлодарская,Село,KZPAV,3.19
2021,на 1000 родившихся,мальчики и девочки,Северо-Казахстанская,Село,KZSEV,3.58
2021,на 1000 родившихся,мальчики и девочки,Туркестанская,Село,KZYUZ,2.72
2021,на 1000 родившихся,мальчики и девочки,Ұлытау,Село,KZULU,0.95
2021,на 1000 родившихся,мальчики и девочки,Восточно-Казахстанская,Село,KZVOS,5.19
2021,на 1000 родившихся,мужчины,,,,0.12
2021,на 1000 родившихся,мужчины,Абай,,KZABY,3.7
2021,на 1000 родившихся,мужчины,Акмолинская,,KZAKM,4.6
2021,на 1000 родившихся,мужчины,Актюбинская,,KZAKT,12.64
2021,на 1000 родившихся,мужчины,Алматинская,,KZALM,2.73
2021,на 1000 родившихся,мужчины,Атырауская,,KZATY,5.04
2021,на 1000 родившихся,мужчины,Западно-Казахстанская,,KZZAP,8.88
2021,на 1000 родившихся,мужчины,Жымбылская,,KZZHA,3.08
2021,на 1000 родившихся,мужчины,Жетісу,,KZZHS,6.67
2021,на 1000 родившихся,мужчины,Карагандинская,,KZKAR,4.44
2021,на 1000 родившихся,мужчины,Костанайская,,KZKUS,13.89
2021,на 1000 родившихся,мужчины,Кызылординская,,KZKZY,5.57
2021,на 1000 родившихся,мужчины,Мангистауская,,KZMAN,2.26
2021,на 1000 родившихся,мужчины,Павлодарская,,KZPAV,3.66
2021,на 1000 родившихся,мужчины,Северо-Казахстанская,,KZSEV,38.37
2021,на 1000 родившихся,мужчины,Туркестанская,,KZYUZ,0.42
2021,на 1000 родившихся,мужчины,Ұлытау,,KZULU,10.78
2021,на 1000 родившихся,мужчины,Восточно-Казахстанская,,KZVOS,11.51
2021,на 1000 родившихся,мужчины,г_Астана,,KZNS,8.08
2021,на 1000 родившихся,мужчины,г_Алматы,,KZALA,6.15
2021,на 1000 родившихся,мужчины,г_Шымкент,,KZSHY,0.0
2021,на 1000 родившихся,мужчины,,Город,,6.66
2021,на 1000 родившихся,мужчины,Абай,Город,KZABY,5.49
2021,на 1000 родившихся,мужчины,Акмолинская,Город,KZAKM,4.99
2021,на 1000 родившихся,мужчины,Актюбинская,Город,KZAKT,7.26
2021,на 1000 родившихся,мужчины,Алматинская,Город,KZALM,9.28
2021,на 1000 родившихся,мужчины,Атырауская,Город,KZATY,6.4
2021,на 1000 родившихся,мужчины,Западно-Казахстанская,Город,KZZAP,9.63
2021,на 1000 родившихся,мужчины,Жымбылская,Город,KZZHA,8.07
2021,на 1000 родившихся,мужчины,Жетісу,Город,KZZHS,6.96
2021,на 1000 родившихся,мужчины,Карагандинская,Город,KZKAR,6.52
2021,на 1000 родившихся,мужчины,Костанайская,Город,KZKUS,10.74
2021,на 1000 родившихся,мужчины,Кызылординская,Город,KZKZY,9.79
2021,на 1000 родившихся,мужчины,Мангистауская,Город,KZMAN,7.89
2021,на 1000 родившихся,мужчины,Павлодарская,Город,KZPAV,4.72
2021,на 1000 родившихся,мужчины,Северо-Казахстанская,Город,KZSEV,10.33
2021,на 1000 родившихся,мужчины,Туркестанская,Город,KZYUZ,5.92
2021,на 1000 родившихся,мужчины,Ұлытау,Город,KZULU,6.63
2021,на 1000 родившихся,мужчины,Восточно-Казахстанская,Город,KZVOS,4.49
2021,на 1000 родившихся,мужчины,г_Астана,Город,KZNS,4.01
2021,на 1000 родившихся,мужчины,г_Алматы,Город,KZALA,6.71
2021,на 1000 родившихся,мужчины,г_Шымкент,Город,KZSHY,6.59
2021,на 1000 родившихся,мужчины,,Село,,3.52
2021,на 1000 родившихся,мужчины,Абай,Село,KZABY,2.73
2021,на 1000 родившихся,мужчины,Акмолинская,Село,KZAKM,1.37
2021,на 1000 родившихся,мужчины,Актюбинская,Село,KZAKT,7.92
2021,на 1000 родившихся,мужчины,Алматинская,Село,KZALM,4.3
2021,на 1000 родившихся,мужчины,Атырауская,Село,KZATY,5.04
2021,на 1000 родившихся,мужчины,Западно-Казахстанская,Село,KZZAP,3.07
2021,на 1000 родившихся,мужчины,Жымбылская,Село,KZZHA,1.02
2021,на 1000 родившихся,мужчины,Жетісу,Село,KZZHS,4.72
2021,на 1000 родившихся,мужчины,Карагандинская,Село,KZKAR,2.08
2021,на 1000 родившихся,мужчины,Костанайская,Село,KZKUS,2.79
2021,на 1000 родившихся,мужчины,Кызылординская,Село,KZKZY,3.44
2021,на 1000 родившихся,мужчины,Мангистауская,Село,KZMAN,4.14
2021,на 1000 родившихся,мужчины,Павлодарская,Село,KZPAV,3.93
2021,на 1000 родившихся,мужчины,Северо-Казахстанская,Село,KZSEV,2.87
2021,на 1000 родившихся,мужчины,Туркестанская,Село,KZYUZ,3.15
2021,на 1000 родившихся,мужчины,Ұлытау,Село,KZULU,1.84
2021,на 1000 родившихся,мужчины,Восточно-Казахстанская,Село,KZVOS,5.36
2021,на 1000 родившихся,женщины,,,,4.74
2021,на 1000 родившихся,женщины,Абай,,KZABY,5.88
2021,на 1000 родившихся,женщины,Акмолинская,,KZAKM,3.27
2021,на 1000 родившихся,женщины,Актюбинская,,KZAKT,6.08
2021,на 1000 родившихся,женщины,Алматинская,,KZALM,4.7
2021,на 1000 родившихся,женщины,Атырауская,,KZATY,5.28
2021,на 1000 родившихся,женщины,Западно-Казахстанская,,KZZAP,4.13
2021,на 1000 родившихся,женщины,Жымбылская,,KZZHA,3.63
2021,на 1000 родившихся,женщины,Жетісу,,KZZHS,5.08
2021,на 1000 родившихся,женщины,Карагандинская,,KZKAR,4.89
2021,на 1000 родившихся,женщины,Костанайская,,KZKUS,6.57
2021,на 1000 родившихся,женщины,Кызылординская,,KZKZY,5.32
2021,на 1000 родившихся,женщины,Мангистауская,,KZMAN,5.53
2021,на 1000 родившихся,женщины,Павлодарская,,KZPAV,3.9
2021,на 1000 родившихся,женщины,Северо-Казахстанская,,KZSEV,5.48
2021,на 1000 родившихся,женщины,Туркестанская,,KZYUZ,3.4
2021,на 1000 родившихся,женщины,Ұлытау,,KZULU,6.34
2021,на 1000 родившихся,женщины,Восточно-Казахстанская,,KZVOS,4.18
2021,на 1000 родившихся,женщины,г_Астана,,KZNS,4.02
2021,на 1000 родившихся,женщины,г_Алматы,,KZALA,5.31
2021,на 1000 родившихся,женщины,г_Шымкент,,KZSHY,5.84
2021,на 1000 родившихся,женщины,,Город,,6.09
2021,на 1000 родившихся,женщины,Абай,Город,KZABY,7.12
2021,на 1000 родившихся,женщины,Акмолинская,Город,KZAKM,4.95
2021,на 1000 родившихся,женщины,Актюбинская,Город,KZAKT,6.81
2021,на 1000 родившихся,женщины,Алматинская,Город,KZALM,8.94
2021,на 1000 родившихся,женщины,Атырауская,Город,KZATY,5.42
2021,на 1000 родившихся,женщины,Западно-Казахстанская,Город,KZZAP,5.87
2021,на 1000 родившихся,женщины,Жымбылская,Город,KZZHA,7.03
2021,на 1000 родившихся,женщины,Жетісу,Город,KZZHS,6.61
2021,на 1000 родившихся,женщины,Карагандинская,Город,KZKAR,5.69
2021,на 1000 родившихся,женщины,Костанайская,Город,KZKUS,8.62
2021,на 1000 родившихся,женщины,Кызылординская,Город,KZKZY,9.13
2021,на 1000 родившихся,женщины,Мангистауская,Город,KZMAN,9.43
2021,на 1000 родившихся,женщины,Павлодарская,Город,KZPAV,4.53
2021,на 1000 родившихся,женщины,Северо-Казахстанская,Город,KZSEV,6.73
2021,на 1000 родившихся,женщины,Туркестанская,Город,KZYUZ,6.57
2021,на 1000 родившихся,женщины,Ұлытау,Город,KZULU,8.1
2021,на 1000 родившихся,женщины,Восточно-Казахстанская,Город,KZVOS,3.76
2021,на 1000 родившихся,женщины,г_Астана,Город,KZNS,4.02
2021,на 1000 родившихся,женщины,г_Алматы,Город,KZALA,5.31
2021,на 1000 родившихся,женщины,г_Шымкент,Город,KZSHY,5.84
2021,на 1000 родившихся,женщины,,Село,,2.81
2021,на 1000 родившихся,женщины,Абай,Село,KZABY,3.76
2021,на 1000 родившихся,женщины,Акмолинская,Село,KZAKM,1.12
2021,на 1000 родившихся,женщины,Актюбинская,Село,KZAKT,3.97
2021,на 1000 родившихся,женщины,Алматинская,Село,KZALM,3.96
2021,на 1000 родившихся,женщины,Атырауская,Село,KZATY,5.11
2021,на 1000 родившихся,женщины,Западно-Казахстанская,Село,KZZAP,1.93
2021,на 1000 родившихся,женщины,Жымбылская,Село,KZZHA,0.96
2021,на 1000 родившихся,женщины,Жетісу,Село,KZZHS,3.87
2021,на 1000 родившихся,женщины,Карагандинская,Село,KZKAR,1.66
2021,на 1000 родившихся,женщины,Костанайская,Село,KZKUS,3.0
2021,на 1000 родившихся,женщины,Кызылординская,Село,KZKZY,1.97
2021,на 1000 родившихся,женщины,Мангистауская,Село,KZMAN,2.82
2021,на 1000 родившихся,женщины,Павлодарская,Село,KZPAV,2.4
2021,на 1000 родившихся,женщины,Северо-Казахстанская,Село,KZSEV,4.34
2021,на 1000 родившихся,женщины,Туркестанская,Село,KZYUZ,2.25
2021,на 1000 родившихся,женщины,Ұлытау,Село,KZULU,0.0
2021,на 1000 родившихся,женщины,Восточно-Казахстанская,Село,KZVOS,5.01
2022,на 1000 родившихся,мальчики и девочки,,,,4.53
2022,на 1000 родившихся,мальчики и девочки,Абай,,KZABY,2.77
2022,на 1000 родившихся,мальчики и девочки,Акмолинская,,KZAKM,3.11
2022,на 1000 родившихся,мальчики и девочки,Актюбинская,,KZAKT,5.34
2022,на 1000 родившихся,мальчики и девочки,Алматинская,,KZALM,5.75
2022,на 1000 родившихся,мальчики и девочки,Атырауская,,KZATY,4.88
2022,на 1000 родившихся,мальчики и девочки,Западно-Казахстанская,,KZZAP,5.26
2022,на 1000 родившихся,мальчики и девочки,Жымбылская,,KZZHA,4.04
2022,на 1000 родившихся,мальчики и девочки,Жетісу,,KZZHS,5.17
2022,на 1000 родившихся,мальчики и девочки,Карагандинская,,KZKAR,5.06
2022,на 1000 родившихся,мальчики и девочки,Костанайская,,KZKUS,6.37
2022,на 1000 родившихся,мальчики и девочки,Кызылординская,,KZKZY,5.54
2022,на 1000 родившихся,мальчики и девочки,Мангистауская,,KZMAN,4.45
2022,на 1000 родившихся,мальчики и девочки,Павлодарская,,KZPAV,4.6
2022,на 1000 родившихся,мальчики и девочки,Северо-Казахстанская,,KZSEV,6.46
2022,на 1000 родившихся,мальчики и девочки,Туркестанская,,KZYUZ,4.45
2022,на 1000 родившихся,мальчики и девочки,Ұлытау,,KZULU,6.54
2022,на 1000 родившихся,мальчики и девочки,Восточно-Казахстанская,,KZVOS,4.96
2022,на 1000 родившихся,мальчики и девочки,г_Астана,,KZNS,3.23
2022,на 1000 родившихся,мальчики и девочки,г_Алматы,,KZALA,2.91
2022,на 1000 родившихся,мальчики и девочки,г_Шымкент,,KZSHY,4.41
2022,на 1000 родившихся,мальчики и девочки,,Город,,4.37
2022,на 1000 родившихся,мальчики и девочки,Абай,Город,KZABY,2.44
2022,на 1000 родившихся,мальчики и девочки,Акмолинская,Город,KZAKM,3.76
2022,на 1000 родившихся,мальчики и девочки,Актюбинская,Город,KZAKT,5.09
2022,на 1000 родившихся,мальчики и девочки,Алматинская,Город,KZALM,5.52
2022,на 1000 родившихся,мальчики и девочки,Атырауская,Город,KZATY,4.96
2022,на 1000 родившихся,мальчики и девочки,Западно-Казахстанская,Город,KZZAP,4.68
2022,на 1000 родившихся,мальчики и девочки,Жымбылская,Город,KZZHA,5.25
2022,на 1000 родившихся,мальчики и девочки,Жетісу,Город,KZZHS,5.39
2022,на 1000 родившихся,мальчики и девочки,Карагандинская,Город,KZKAR,5.21
2022,на 1000 родившихся,мальчики и девочки,Костанайская,Город,KZKUS,4.56
2022,на 1000 родившихся,мальчики и девочки,Кызылординская,Город,KZKZY,6.26
2022,на 1000 родившихся,мальчики и девочки,Мангистауская,Город,KZMAN,4.84
2022,на 1000 родившихся,мальчики и девочки,Павлодарская,Город,KZPAV,4.84
2022,на 1000 родившихся,мальчики и девочки,Северо-Казахстанская,Город,KZSEV,6.22
2022,на 1000 родившихся,мальчики и девочки,Туркестанская,Город,KZYUZ,4.54
2022,на 1000 родившихся,мальчики и девочки,Ұлытау,Город,KZULU,7.43
2022,на 1000 родившихся,мальчики и девочки,Восточно-Казахстанская,Город,KZVOS,4.67
2022,на 1000 родившихся,мальчики и девочки,г_Астана,Город,KZNS,3.23
2022,на 1000 родившихся,мальчики и девочки,г_Алматы,Город,KZALA,2.91
2022,на 1000 родившихся,мальчики и девочки,г_Шымкент,Город,KZSHY,4.41
2022,на 1000 родившихся,мальчики и девочки,,Село,,4.77
2022,на 1000 родившихся,мальчики и девочки,Абай,Село,KZABY,3.36
2022,на 1000 родившихся,мальчики и девочки,Акмолинская,Село,KZAKM,2.24
2022,на 1000 родившихся,мальчики и девочки,Актюбинская,Село,KZAKT,6.06
2022,на 1000 родившихся,мальчики и девочки,Алматинская,Село,KZALM,5.8
2022,на 1000 родившихся,мальчики и девочки,Атырауская,Село,KZATY,4.69
2022,на 1000 родившихся,мальчики и девочки,Западно-Казахстанская,Село,KZZAP,6.01
2022,на 1000 родившихся,мальчики и девочки,Жымбылская,Село,KZZHA,3.14
2022,на 1000 родившихся,мальчики и девочки,Жетісу,Село,KZZHS,4.99
2022,на 1000 родившихся,мальчики и девочки,Карагандинская,Село,KZKAR,4.45
2022,на 1000 родившихся,мальчики и девочки,Костанайская,Село,KZKUS,9.55
2022,на 1000 родившихся,мальчики и девочки,Кызылординская,Село,KZKZY,4.85
2022,на 1000 родившихся,мальчики и девочки,Мангистауская,Село,KZMAN,4.14
2022,на 1000 родившихся,мальчики и девочки,Павлодарская,Село,KZPAV,4.03
2022,на 1000 родившихся,мальчики и девочки,Северо-Казахстанская,Село,KZSEV,6.7
2022,на 1000 родившихся,мальчики и девочки,Туркестанская,Село,KZYUZ,4.41
2022,на 1000 родившихся,мальчики и девочки,Ұлытау,Село,KZULU,3.15
2022,на 1000 родившихся,мальчики и девочки,Восточно-Казахстанская,Село,KZVOS,5.56
2022,на 1000 родившихся,мужчины,,,,5.09
2022,на 1000 родившихся,мужчины,Абай,,KZABY,2.9
2022,на 1000 родившихся,мужчины,Акмолинская,,KZAKM,3.56
2022,на 1000 родившихся,мужчины,Актюбинская,,KZAKT,6.25
2022,на 1000 родившихся,мужчины,Алматинская,,KZALM,6.28
2022,на 1000 родившихся,мужчины,Атырауская,,KZATY,5.21
2022,на 1000 родившихся,мужчины,Западно-Казахстанская,,KZZAP,6.49
2022,на 1000 родившихся,мужчины,Жымбылская,,KZZHA,5.37
2022,на 1000 родившихся,мужчины,Жетісу,,KZZHS,6.36
2022,на 1000 родившихся,мужчины,Карагандинская,,KZKAR,6.13
2022,на 1000 родившихся,мужчины,Костанайская,,KZKUS,7.58
2022,на 1000 родившихся,мужчины,Кызылординская,,KZKZY,6.51
2022,на 1000 родившихся,мужчины,Мангистауская,,KZMAN,4.65
2022,на 1000 родившихся,мужчины,Павлодарская,,KZPAV,5.79
2022,на 1000 родившихся,мужчины,Северо-Казахстанская,,KZSEV,6.98
2022,на 1000 родившихся,мужчины,Туркестанская,,KZYUZ,4.9
2022,на 1000 родившихся,мужчины,Ұлытау,,KZULU,6.71
2022,на 1000 родившихся,мужчины,Восточно-Казахстанская,,KZVOS,4.48
2022,на 1000 родившихся,мужчины,г_Астана,,KZNS,3.25
2022,на 1000 родившихся,мужчины,г_Алматы,,KZALA,3.32
2022,на 1000 родившихся,мужчины,г_Шымкент,,KZSHY,4.43
2022,на 1000 родившихся,мужчины,,Город,,4.85
2022,на 1000 родившихся,мужчины,Абай,Город,KZABY,2.26
2022,на 1000 родившихся,мужчины,Акмолинская,Город,KZAKM,3.51
2022,на 1000 родившихся,мужчины,Актюбинская,Город,KZAKT,6.22
2022,на 1000 родившихся,мужчины,Алматинская,Город,KZALM,7.01
2022,на 1000 родившихся,мужчины,Атырауская,Город,KZATY,5.37
2022,на 1000 родившихся,мужчины,Западно-Казахстанская,Город,KZZAP,4.69
2022,на 1000 родившихся,мужчины,Жымбылская,Город,KZZHA,6.81
2022,на 1000 родившихся,мужчины,Жетісу,Город,KZZHS,5.48
2022,на 1000 родившихся,мужчины,Карагандинская,Город,KZKAR,6.52
2022,на 1000 родившихся,мужчины,Костанайская,Город,KZKUS,4.96
2022,на 1000 родившихся,мужчины,Кызылординская,Город,KZKZY,7.91
2022,на 1000 родившихся,мужчины,Мангистауская,Город,KZMAN,4.46
2022,на 1000 родившихся,мужчины,Павлодарская,Город,KZPAV,5.96
2022,на 1000 родившихся,мужчины,Северо-Казахстанская,Город,KZSEV,5.52
2022,на 1000 родившихся,мужчины,Туркестанская,Город,KZYUZ,5.78
2022,на 1000 родившихся,мужчины,Ұлытау,Город,KZULU,7.39
2022,на 1000 родившихся,мужчины,Восточно-Казахстанская,Город,KZVOS,4.19
2022,на 1000 родившихся,мужчины,г_Астана,Город,KZNS,3.25
2022,на 1000 родившихся,мужчины,г_Алматы,Город,KZALA,3.32
2022,на 1000 родившихся,мужчины,г_Шымкент,Город,KZSHY,4.43
2022,на 1000 родившихся,мужчины,,Село,,5.45
2022,на 1000 родившихся,мужчины,Абай,Село,KZABY,4.06
2022,на 1000 родившихся,мужчины,Акмолинская,Село,KZAKM,3.63
2022,на 1000 родившихся,мужчины,Актюбинская,Село,KZAKT,6.33
2022,на 1000 родившихся,мужчины,Алматинская,Село,KZALM,6.11
2022,на 1000 родившихся,мужчины,Атырауская,Село,KZATY,5.01
2022,на 1000 родившихся,мужчины,Западно-Казахстанская,Село,KZZAP,8.77
2022,на 1000 родившихся,мужчины,Жымбылская,Село,KZZHA,4.3
2022,на 1000 родившихся,мужчины,Жетісу,Село,KZZHS,7.1
2022,на 1000 родившихся,мужчины,Карагандинская,Село,KZKAR,4.6
2022,на 1000 родившихся,мужчины,Костанайская,Село,KZKUS,12.13
2022,на 1000 родившихся,мужчины,Кызылординская,Село,KZKZY,5.2
2022,на 1000 родившихся,мужчины,Мангистауская,Село,KZMAN,4.79
2022,на 1000 родившихся,мужчины,Павлодарская,Село,KZPAV,5.4
2022,на 1000 родившихся,мужчины,Северо-Казахстанская,Село,KZSEV,8.33
2022,на 1000 родившихся,мужчины,Туркестанская,Село,KZYUZ,4.58
2022,на 1000 родившихся,мужчины,Ұлытау,Село,KZULU,4.07
2022,на 1000 родившихся,мужчины,Восточно-Казахстанская,Село,KZVOS,5.1
2022,на 1000 родившихся,женщины,,,,3.93
2022,на 1000 родившихся,женщины,Абай,,KZABY,2.63
2022,на 1000 родившихся,женщины,Акмолинская,,KZAKM,2.65
2022,на 1000 родившихся,женщины,Актюбинская,,KZAKT,4.37
2022,на 1000 родившихся,женщины,Алматинская,,KZALM,5.18
2022,на 1000 родившихся,женщины,Атырауская,,KZATY,4.44
2022,на 1000 родившихся,женщины,Западно-Казахстанская,,KZZAP,3.96
2022,на 1000 родившихся,женщины,Жымбылская,,KZZHA,2.63
2022,на 1000 родившихся,женщины,Жетісу,,KZZHS,3.92
2022,на 1000 родившихся,женщины,Карагандинская,,KZKAR,3.92
2022,на 1000 родившихся,женщины,Костанайская,,KZKUS,5.05
2022,на 1000 родившихся,женщины,Кызылординская,,KZKZY,4.5
2022,на 1000 родившихся,женщины,Мангистауская,,KZMAN,4.24
2022,на 1000 родившихся,женщины,Павлодарская,,KZPAV,3.31
2022,на 1000 родившихся,женщины,Северо-Казахстанская,,KZSEV,5.92
2022,на 1000 родившихся,женщины,Туркестанская,,KZYUZ,3.98
2022,на 1000 родившихся,женщины,Ұлытау,,KZULU,6.36
2022,на 1000 родившихся,женщины,Восточно-Казахстанская,,KZVOS,5.46
2022,на 1000 родившихся,женщины,г_Астана,,KZNS,3.22
2022,на 1000 родившихся,женщины,г_Алматы,,KZALA,2.46
2022,на 1000 родившихся,женщины,г_Шымкент,,KZSHY,4.4
2022,на 1000 родившихся,женщины,,Город,,3.86
2022,на 1000 родившихся,женщины,Абай,Город,KZABY,2.63
2022,на 1000 родившихся,женщины,Акмолинская,Город,KZAKM,4.01
2022,на 1000 родившихся,женщины,Актюбинская,Город,KZAKT,3.89
2022,на 1000 родившихся,женщины,Алматинская,Город,KZALM,3.92
2022,на 1000 родившихся,женщины,Атырауская,Город,KZATY,4.53
2022,на 1000 родившихся,женщины,Западно-Казахстанская,Город,KZZAP,4.68
2022,на 1000 родившихся,женщины,Жымбылская,Город,KZZHA,3.6
2022,на 1000 родившихся,женщины,Жетісу,Город,KZZHS,5.3
2022,на 1000 родившихся,женщины,Карагандинская,Город,KZKAR,3.82
2022,на 1000 родившихся,женщины,Костанайская,Город,KZKUS,4.12
2022,на 1000 родившихся,женщины,Кызылординская,Город,KZKZY,4.51
2022,на 1000 родившихся,женщины,Мангистауская,Город,KZMAN,5.25
2022,на 1000 родившихся,женщины,Павлодарская,Город,KZPAV,3.64
2022,на 1000 родившихся,женщины,Северо-Казахстанская,Город,KZSEV,6.91
2022,на 1000 родившихся,женщины,Туркестанская,Город,KZYUZ,3.26
2022,на 1000 родившихся,женщины,Ұлытау,Город,KZULU,7.48
2022,на 1000 родившихся,женщины,Восточно-Казахстанская,Город,KZVOS,5.19
2022,на 1000 родившихся,женщины,г_Астана,Город,KZNS,3.22
2022,на 1000 родившихся,женщины,г_Алматы,Город,KZALA,2.46
2022,на 1000 родившихся,женщины,г_Шымкент,Город,KZSHY,4.4
2022,на 1000 родившихся,женщины,,Село,,4.05
2022,на 1000 родившихся,женщины,Абай,Село,KZABY,2.63
2022,на 1000 родившихся,женщины,Акмолинская,Село,KZAKM,0.82
2022,на 1000 родившихся,женщины,Актюбинская,Село,KZAKT,5.77
2022,на 1000 родившихся,женщины,Алматинская,Село,KZALM,5.46
2022,на 1000 родившихся,женщины,Атырауская,Село,KZATY,4.34
2022,на 1000 родившихся,женщины,Западно-Казахстанская,Село,KZZAP,3.03
2022,на 1000 родившихся,женщины,Жымбылская,Село,KZZHA,1.89
2022,на 1000 родившихся,женщины,Жетісу,Село,KZZHS,2.72
2022,на 1000 родившихся,женщины,Карагандинская,Село,KZKAR,4.29
2022,на 1000 родившихся,женщины,Костанайская,Село,KZKUS,6.7
2022,на 1000 родившихся,женщины,Кызылординская,Село,KZKZY,4.48
2022,на 1000 родившихся,женщины,Мангистауская,Село,KZMAN,3.44
2022,на 1000 родившихся,женщины,Павлодарская,Село,KZPAV,2.57
2022,на 1000 родившихся,женщины,Северо-Казахстанская,Село,KZSEV,4.92
2022,на 1000 родившихся,женщины,Туркестанская,Село,KZYUZ,4.24
2022,на 1000 родившихся,женщины,Ұлытау,Село,KZULU,2.17
2022,на 1000 родившихся,женщины,Восточно-Казахстанская,Село,KZVOS,6.03
2023,на 1000 родившихся,мальчики и девочки,,,,4.18
2023,на 1000 родившихся,мальчики и девочки,Абай,,KZABY,3.73
2023,на 1000 родившихся,мальчики и девочки,Акмолинская,,KZAKM,3.12
2023,на 1000 родившихся,мальчики и девочки,Актюбинская,,KZAKT,4.63
2023,на 1000 родившихся,мальчики и девочки,Алматинская,,KZALM,5.65
2023,на 1000 родившихся,мальчики и девочки,Атырауская,,KZATY,4.96
2023,на 1000 родившихся,мальчики и девочки,Западно-Казахстанская,,KZZAP,4.33
2023,на 1000 родившихся,мальчики и девочки,Жымбылская,,KZZHA,4.06
2023,на 1000 родившихся,мальчики и девочки,Жетісу,,KZZHS,5.25
2023,на 1000 родившихся,мальчики и девочки,Карагандинская,,KZKAR,3.79
2023,на 1000 родившихся,мальчики и девочки,Костанайская,,KZKUS,4.76
2023,на 1000 родившихся,мальчики и девочки,Кызылординская,,KZKZY,4.7
2023,на 1000 родившихся,мальчики и девочки,Мангистауская,,KZMAN,3.8
2023,на 1000 родившихся,мальчики и девочки,Павлодарская,,KZPAV,4.17
2023,на 1000 родившихся,мальчики и девочки,Северо-Казахстанская,,KZSEV,5.76
2023,на 1000 родившихся,мальчики и девочки,Туркестанская,,KZYUZ,3.62
2023,на 1000 родившихся,мальчики и девочки,Ұлытау,,KZULU,2.72
2023,на 1000 родившихся,мальчики и девочки,Восточно-Казахстанская,,KZVOS,4.82
2023,на 1000 родившихся,мальчики и девочки,г_Астана,,KZNS,3.03
2023,на 1000 родившихся,мальчики и девочки,г_Алматы,,KZALA,3.69
2023,на 1000 родившихся,мальчики и девочки,г_Шымкент,,KZSHY,4.29
2023,на 1000 родившихся,мальчики и девочки,,Город,,4.05
2023,на 1000 родившихся,мальчики и девочки,Абай,Город,KZABY,3.11
2023,на 1000 родившихся,мальчики и девочки,Акмолинская,Город,KZAKM,2.85
2023,на 1000 родившихся,мальчики и девочки,Актюбинская,Город,KZAKT,4.34
2023,на 1000 родившихся,мальчики и девочки,Алматинская,Город,KZALM,5.55
2023,на 1000 родившихся,мальчики и девочки,Атырауская,Город,KZATY,4.89
2023,на 1000 родившихся,мальчики и девочки,Западно-Казахстанская,Город,KZZAP,4.34
2023,на 1000 родившихся,мальчики и девочки,Жымбылская,Город,KZZHA,5.7
2023,на 1000 родившихся,мальчики и девочки,Жетісу,Город,KZZHS,4.46
2023,на 1000 родившихся,мальчики и девочки,Карагандинская,Город,KZKAR,3.82
2023,на 1000 родившихся,мальчики и девочки,Костанайская,Город,KZKUS,3.29
2023,на 1000 родившихся,мальчики и девочки,Кызылординская,Город,KZKZY,5.49
2023,на 1000 родившихся,мальчики и девочки,Мангистауская,Город,KZMAN,3.56
2023,на 1000 родившихся,мальчики и девочки,Павлодарская,Город,KZPAV,4.09
2023,на 1000 родившихся,мальчики и девочки,Северо-Казахстанская,Город,KZSEV,5.53
2023,на 1000 родившихся,мальчики и девочки,Туркестанская,Город,KZYUZ,3.85
2023,на 1000 родившихся,мальчики и девочки,Ұлытау,Город,KZULU,2.9
2023,на 1000 родившихся,мальчики и девочки,Восточно-Казахстанская,Город,KZVOS,5.28
2023,на 1000 родившихся,мальчики и девочки,г_Астана,Город,KZNS,3.03
2023,на 1000 родившихся,мальчики и девочки,г_Алматы,Город,KZALA,3.69
2023,на 1000 родившихся,мальчики и девочки,г_Шымкент,Город,KZSHY,4.29
2023,на 1000 родившихся,мальчики и девочки,,Село,,4.36
2023,на 1000 родившихся,мальчики и девочки,Абай,Село,KZABY,4.86
2023,на 1000 родившихся,мальчики и девочки,Акмолинская,Село,KZAKM,3.49
2023,на 1000 родившихся,мальчики и девочки,Актюбинская,Село,KZAKT,5.48
2023,на 1000 родившихся,мальчики и девочки,Алматинская,Село,KZALM,5.68
2023,на 1000 родившихся,мальчики и девочки,Атырауская,Село,KZATY,5.03
2023,на 1000 родившихся,мальчики и девочки,Западно-Казахстанская,Село,KZZAP,4.31
2023,на 1000 родившихся,мальчики и девочки,Жымбылская,Село,KZZHA,2.87
2023,на 1000 родившихся,мальчики и девочки,Жетісу,Село,KZZHS,5.87
2023,на 1000 родившихся,мальчики и девочки,Карагандинская,Село,KZKAR,3.69
2023,на 1000 родившихся,мальчики и девочки,Костанайская,Село,KZKUS,7.25
2023,на 1000 родившихся,мальчики и девочки,Кызылординская,Село,KZKZY,3.99
2023,на 1000 родившихся,мальчики и девочки,Мангистауская,Село,KZMAN,3.97
2023,на 1000 родившихся,мальчики и девочки,Павлодарская,Село,KZPAV,4.34
2023,на 1000 родившихся,мальчики и девочки,Северо-Казахстанская,Село,KZSEV,5.98
2023,на 1000 родившихся,мальчики и девочки,Туркестанская,Село,KZYUZ,3.54
2023,на 1000 родившихся,мальчики и девочки,Ұлытау,Село,KZULU,2.06
2023,на 1000 родившихся,мальчики и девочки,Восточно-Казахстанская,Село,KZVOS,3.87
2023,на 1000 родившихся,мужчины,,,,4.67
2023,на 1000 родившихся,мужчины,Абай,,KZABY,4.06
2023,на 1000 родившихся,мужчины,Акмолинская,,KZAKM,3.81
2023,на 1000 родившихся,мужчины,Актюбинская,,KZAKT,5.31
2023,на 1000 родившихся,мужчины,Алматинская,,KZALM,6.67
2023,на 1000 родившихся,мужчины,Атырауская,,KZATY,5.84
2023,на 1000 родившихся,мужчины,Западно-Казахстанская,,KZZAP,4.19
2023,на 1000 родившихся,мужчины,Жымбылская,,KZZHA,5.34
2023,на 1000 родившихся,мужчины,Жетісу,,KZZHS,5.45
2023,на 1000 родившихся,мужчины,Карагандинская,,KZKAR,4.15
2023,на 1000 родившихся,мужчины,Костанайская,,KZKUS,5.06
2023,на 1000 родившихся,мужчины,Кызылординская,,KZKZY,4.88
2023,на 1000 родившихся,мужчины,Мангистауская,,KZMAN,4.48
2023,на 1000 родившихся,мужчины,Павлодарская,,KZPAV,3.95
2023,на 1000 родившихся,мужчины,Северо-Казахстанская,,KZSEV,6.71
2023,на 1000 родившихся,мужчины,Туркестанская,,KZYUZ,4.22
2023,на 1000 родившихся,мужчины,Ұлытау,,KZULU,2.17
2023,на 1000 родившихся,мужчины,Восточно-Казахстанская,,KZVOS,4.22
2023,на 1000 родившихся,мужчины,г_Астана,,KZNS,3.23
2023,на 1000 родившихся,мужчины,г_Алматы,,KZALA,4.21
2023,на 1000 родившихся,мужчины,г_Шымкент,,KZSHY,4.51
2023,на 1000 родившихся,мужчины,,Город,,4.43
2023,на 1000 родившихся,мужчины,Абай,Город,KZABY,3.6
2023,на 1000 родившихся,мужчины,Акмолинская,Город,KZAKM,2.91
2023,на 1000 родившихся,мужчины,Актюбинская,Город,KZAKT,4.48
2023,на 1000 родившихся,мужчины,Алматинская,Город,KZALM,6.65
2023,на 1000 родившихся,мужчины,Атырауская,Город,KZATY,6.15
2023,на 1000 родившихся,мужчины,Западно-Казахстанская,Город,KZZAP,4.34
2023,на 1000 родившихся,мужчины,Жымбылская,Город,KZZHA,7.52
2023,на 1000 родившихся,мужчины,Жетісу,Город,KZZHS,4.37
2023,на 1000 родившихся,мужчины,Карагандинская,Город,KZKAR,4.11
2023,на 1000 родившихся,мужчины,Костанайская,Город,KZKUS,3.53
2023,на 1000 родившихся,мужчины,Кызылординская,Город,KZKZY,6.04
2023,на 1000 родившихся,мужчины,Мангистауская,Город,KZMAN,4.04
2023,на 1000 родившихся,мужчины,Павлодарская,Город,KZPAV,3.69
2023,на 1000 родившихся,мужчины,Северо-Казахстанская,Город,KZSEV,5.7
2023,на 1000 родившихся,мужчины,Туркестанская,Город,KZYUZ,4.36
2023,на 1000 родившихся,мужчины,Ұлытау,Город,KZULU,2.83
2023,на 1000 родившихся,мужчины,Восточно-Казахстанская,Город,KZVOS,4.31
2023,на 1000 родившихся,мужчины,г_Астана,Город,KZNS,3.23
2023,на 1000 родившихся,мужчины,г_Алматы,Город,KZALA,4.21
2023,на 1000 родившихся,мужчины,г_Шымкент,Город,KZSHY,4.51
2023,на 1000 родившихся,мужчины,,Село,,5.04
2023,на 1000 родившихся,мужчины,Абай,Село,KZABY,4.89
2023,на 1000 родившихся,мужчины,Акмолинская,Село,KZAKM,5.11
2023,на 1000 родившихся,мужчины,Актюбинская,Село,KZAKT,7.64
2023,на 1000 родившихся,мужчины,Алматинская,Село,KZALM,6.67
2023,на 1000 родившихся,мужчины,Атырауская,Село,KZATY,5.49
2023,на 1000 родившихся,мужчины,Западно-Казахстанская,Село,KZZAP,3.99
2023,на 1000 родившихся,мужчины,Жымбылская,Село,KZZHA,3.76
2023,на 1000 родившихся,мужчины,Жетісу,Село,KZZHS,6.3
2023,на 1000 родившихся,мужчины,Карагандинская,Село,KZKAR,4.28
2023,на 1000 родившихся,мужчины,Костанайская,Село,KZKUS,7.68
2023,на 1000 родившихся,мужчины,Кызылординская,Село,KZKZY,3.83
2023,на 1000 родившихся,мужчины,Мангистауская,Село,KZMAN,4.79
2023,на 1000 родившихся,мужчины,Павлодарская,Село,KZPAV,4.57
2023,на 1000 родившихся,мужчины,Северо-Казахстанская,Село,KZSEV,7.7
2023,на 1000 родившихся,мужчины,Туркестанская,Село,KZYUZ,4.17
2023,на 1000 родившихся,мужчины,Ұлытау,Село,KZULU,0.0
2023,на 1000 родившихся,мужчины,Восточно-Казахстанская,Село,KZVOS,4.02
2023,на 1000 родившихся,женщины,,,,3.65
2023,на 1000 родившихся,женщины,Абай,,KZABY,3.36
2023,на 1000 родившихся,женщины,Акмолинская,,KZAKM,2.34
2023,на 1000 родившихся,женщины,Актюбинская,,KZAKT,3.9
2023,на 1000 родившихся,женщины,Алматинская,,KZALM,4.56
2023,на 1000 родившихся,женщины,Атырауская,,KZATY,4.01
2023,на 1000 родившихся,женщины,Западно-Казахстанская,,KZZAP,4.48
2023,на 1000 родившихся,женщины,Жымбылская,,KZZHA,2.7
2023,на 1000 родившихся,женщины,Жетісу,,KZZHS,5.05
2023,на 1000 родившихся,женщины,Карагандинская,,KZKAR,3.42
2023,на 1000 родившихся,женщины,Костанайская,,KZKUS,4.44
2023,на 1000 родившихся,женщины,Кызылординская,,KZKZY,4.5
2023,на 1000 родившихся,женщины,Мангистауская,,KZMAN,3.08
2023,на 1000 родившихся,женщины,Павлодарская,,KZPAV,4.39
2023,на 1000 родившихся,женщины,Северо-Казахстанская,,KZSEV,4.78
2023,на 1000 родившихся,женщины,Туркестанская,,KZYUZ,2.99
2023,на 1000 родившихся,женщины,Ұлытау,,KZULU,3.31
2023,на 1000 родившихся,женщины,Восточно-Казахстанская,,KZVOS,5.46
2023,на 1000 родившихся,женщины,г_Астана,,KZNS,2.81
2023,на 1000 родившихся,женщины,г_Алматы,,KZALA,3.14
2023,на 1000 родившихся,женщины,г_Шымкент,,KZSHY,4.05
2023,на 1000 родившихся,женщины,,Город,,3.65
2023,на 1000 родившихся,женщины,Абай,Город,KZABY,2.58
2023,на 1000 родившихся,женщины,Акмолинская,Город,KZAKM,2.77
2023,на 1000 родившихся,женщины,Актюбинская,Город,KZAKT,4.19
2023,на 1000 родившихся,женщины,Алматинская,Город,KZALM,4.34
2023,на 1000 родившихся,женщины,Атырауская,Город,KZATY,3.53
2023,на 1000 родившихся,женщины,Западно-Казахстанская,Город,KZZAP,4.34
2023,на 1000 родившихся,женщины,Жымбылская,Город,KZZHA,3.77
2023,на 1000 родившихся,женщины,Жетісу,Город,KZZHS,4.55
2023,на 1000 родившихся,женщины,Карагандинская,Город,KZKAR,3.5
2023,на 1000 родившихся,женщины,Костанайская,Город,KZKUS,3.03
2023,на 1000 родившихся,женщины,Кызылординская,Город,KZKZY,4.88
2023,на 1000 родившихся,женщины,Мангистауская,Город,KZMAN,3.06
2023,на 1000 родившихся,женщины,Павлодарская,Город,KZPAV,4.52
2023,на 1000 родившихся,женщины,Северо-Казахстанская,Город,KZSEV,5.34
2023,на 1000 родившихся,женщины,Туркестанская,Город,KZYUZ,3.31
2023,на 1000 родившихся,женщины,Ұлытау,Город,KZULU,2.98
2023,на 1000 родившихся,женщины,Восточно-Казахстанская,Город,KZVOS,6.29
2023,на 1000 родившихся,женщины,г_Астана,Город,KZNS,2.81
2023,на 1000 родившихся,женщины,г_Алматы,Город,KZALA,3.14
2023,на 1000 родившихся,женщины,г_Шымкент,Город,KZSHY,4.05
2023,на 1000 родившихся,женщины,,Село,,3.65
2023,на 1000 родившихся,женщины,Абай,Село,KZABY,4.83
2023,на 1000 родившихся,женщины,Акмолинская,Село,KZAKM,1.79
2023,на 1000 родившихся,женщины,Актюбинская,Село,KZAKT,3.04
2023,на 1000 родившихся,женщины,Алматинская,Село,KZALM,4.61
2023,на 1000 родившихся,женщины,Атырауская,Село,KZATY,4.54
2023,на 1000 родившихся,женщины,Западно-Казахстанская,Село,KZZAP,4.66
2023,на 1000 родившихся,женщины,Жымбылская,Село,KZZHA,1.92
2023,на 1000 родившихся,женщины,Жетісу,Село,KZZHS,5.43
2023,на 1000 родившихся,женщины,Карагандинская,Село,KZKAR,3.1
2023,на 1000 родившихся,женщины,Костанайская,Село,KZKUS,6.81
2023,на 1000 родившихся,женщины,Кызылординская,Село,KZKZY,4.15
2023,на 1000 родившихся,женщины,Мангистауская,Село,KZMAN,3.09
2023,на 1000 родившихся,женщины,Павлодарская,Село,KZPAV,4.11
2023,на 1000 родившихся,женщины,Северо-Казахстанская,Село,KZSEV,4.25
2023,на 1000 родившихся,женщины,Туркестанская,Село,KZYUZ,2.88
2023,на 1000 родившихся,женщины,Ұлытау,Село,KZULU,4.61
2023,на 1000 родившихся,женщины,Восточно-Казахстанская,Село,KZVOS,3.69
2024,на 1000 родившихся,мальчики и девочки,,,,3.37
2024,на 1000 родившихся,мальчики и девочки,Абай,,KZABY,3.7
2024,на 1000 родившихся,мальчики и девочки,Акмолинская,,KZAKM,3.19
2024,на 1000 родившихся,мальчики и девочки,Актюбинская,,KZAKT,5.41
2024,на 1000 родившихся,мальчики и девочки,Алматинская,,KZALM,4.14
2024,на 1000 родившихся,мальчики и девочки,Атырауская,,KZATY,3.13
2024,на 1000 родившихся,мальчики и девочки,Западно-Казахстанская,,KZZAP,3.43
2024,на 1000 родившихся,мальчики и девочки,Жымбылская,,KZZHA,3.68
2024,на 1000 родившихся,мальчики и девочки,Жетісу,,KZZHS,4.34
2024,на 1000 родившихся,мальчики и девочки,Карагандинская,,KZKAR,3.19
2024,на 1000 родившихся,мальчики и девочки,Костанайская,,KZKUS,4.41
2024,на 1000 родившихся,мальчики и девочки,Кызылординская,,KZKZY,4.27
2024,на 1000 родившихся,мальчики и девочки,Мангистауская,,KZMAN,2.95
2024,на 1000 родившихся,мальчики и девочки,Павлодарская,,KZPAV,2.98
2024,на 1000 родившихся,мальчики и девочки,Северо-Казахстанская,,KZSEV,3.74
2024,на 1000 родившихся,мальчики и девочки,Туркестанская,,KZYUZ,3.05
2024,на 1000 родившихся,мальчики и девочки,Ұлытау,,KZULU,3.4
2024,на 1000 родившихся,мальчики и девочки,Восточно-Казахстанская,,KZVOS,2.6
2024,на 1000 родившихся,мальчики и девочки,г_Астана,,KZNS,2.24
2024,на 1000 родившихся,мальчики и девочки,г_Алматы,,KZALA,3.06
2024,на 1000 родившихся,мальчики и девочки,г_Шымкент,,KZSHY,2.53
2024,на 1000 родившихся,мальчики и девочки,,Город,,3.24
2024,на 1000 родившихся,мальчики и девочки,Абай,Город,KZABY,3.87
2024,на 1000 родившихся,мальчики и девочки,Акмолинская,Город,KZAKM,3.58
2024,на 1000 родившихся,мальчики и девочки,Актюбинская,Город,KZAKT,5.45
2024,на 1000 родившихся,мальчики и девочки,Алматинская,Город,KZALM,5.14
2024,на 1000 родившихся,мальчики и девочки,Атырауская,Город,KZATY,3.75
2024,на 1000 родившихся,мальчики и девочки,Западно-Казахстанская,Город,KZZAP,2.89
2024,на 1000 родившихся,мальчики и девочки,Жымбылская,Город,KZZHA,4.37
2024,на 1000 родившихся,мальчики и девочки,Жетісу,Город,KZZHS,4.59
2024,на 1000 родившихся,мальчики и девочки,Карагандинская,Город,KZKAR,2.99
2024,на 1000 родившихся,мальчики и девочки,Костанайская,Город,KZKUS,3.69
2024,на 1000 родившихся,мальчики и девочки,Кызылординская,Город,KZKZY,3.51
2024,на 1000 родившихся,мальчики и девочки,Мангистауская,Город,KZMAN,2.77
2024,на 1000 родившихся,мальчики и девочки,Павлодарская,Город,KZPAV,3.67
2024,на 1000 родившихся,мальчики и девочки,Северо-Казахстанская,Город,KZSEV,5.01
2024,на 1000 родившихся,мальчики и девочки,Туркестанская,Город,KZYUZ,2.44
2024,на 1000 родившихся,мальчики и девочки,Ұлытау,Город,KZULU,3.43
2024,на 1000 родившихся,мальчики и девочки,Восточно-Казахстанская,Город,KZVOS,2.28
2024,на 1000 родившихся,мальчики и девочки,г_Астана,Город,KZNS,2.24
2024,на 1000 родившихся,мальчики и девочки,г_Алматы,Город,KZALA,3.06
2024,на 1000 родившихся,мальчики и девочки,г_Шымкент,Город,KZSHY,2.53
2024,на 1000 родившихся,мальчики и девочки,,Село,,3.57
2024,на 1000 родившихся,мальчики и девочки,Абай,Село,KZABY,3.38
2024,на 1000 родившихся,мальчики и девочки,Акмолинская,Село,KZAKM,2.65
2024,на 1000 родившихся,мальчики и девочки,Актюбинская,Село,KZAKT,5.27
2024,на 1000 родившихся,мальчики и девочки,Алматинская,Село,KZALM,3.93
2024,на 1000 родившихся,мальчики и девочки,Атырауская,Село,KZATY,2.42
2024,на 1000 родившихся,мальчики и девочки,Западно-Казахстанская,Село,KZZAP,4.1
2024,на 1000 родившихся,мальчики и девочки,Жымбылская,Село,KZZHA,3.19
2024,на 1000 родившихся,мальчики и девочки,Жетісу,Село,KZZHS,4.14
2024,на 1000 родившихся,мальчики и девочки,Карагандинская,Село,KZKAR,3.98
2024,на 1000 родившихся,мальчики и девочки,Костанайская,Село,KZKUS,5.62
2024,на 1000 родившихся,мальчики и девочки,Кызылординская,Село,KZKZY,4.92
2024,на 1000 родившихся,мальчики и девочки,Мангистауская,Село,KZMAN,3.09
2024,на 1000 родившихся,мальчики и девочки,Павлодарская,Село,KZPAV,1.43
2024,на 1000 родившихся,мальчики и девочки,Северо-Казахстанская,Село,KZSEV,2.61
2024,на 1000 родившихся,мальчики и девочки,Туркестанская,Село,KZYUZ,3.26
2024,на 1000 родившихся,мальчики и девочки,Ұлытау,Село,KZULU,3.31
2024,на 1000 родившихся,мальчики и девочки,Восточно-Казахстанская,Село,KZVOS,3.26
2024,на 1000 родившихся,мужчины,,,,3.61
2024,на 1000 родившихся,мужчины,Абай,,KZABY,3.71
2024,на 1000 родившихся,мужчины,Акмолинская,,KZAKM,3.48
2024,на 1000 родившихся,мужчины,Актюбинская,,KZAKT,6.08
2024,на 1000 родившихся,мужчины,Алматинская,,KZALM,4.77
2024,на 1000 родившихся,мужчины,Атырауская,,KZATY,3.36
2024,на 1000 родившихся,мужчины,Западно-Казахстанская,,KZZAP,2.81
2024,на 1000 родившихся,мужчины,Жымбылская,,KZZHA,3.62
2024,на 1000 родившихся,мужчины,Жетісу,,KZZHS,4.61
2024,на 1000 родившихся,мужчины,Карагандинская,,KZKAR,3.99
2024,на 1000 родившихся,мужчины,Костанайская,,KZKUS,4.74
2024,на 1000 родившихся,мужчины,Кызылординская,,KZKZY,4.34
2024,на 1000 родившихся,мужчины,Мангистауская,,KZMAN,2.99
2024,на 1000 родившихся,мужчины,Павлодарская,,KZPAV,3.02
2024,на 1000 родившихся,мужчины,Северо-Казахстанская,,KZSEV,4.2
2024,на 1000 родившихся,мужчины,Туркестанская,,KZYUZ,3.07
2024,на 1000 родившихся,мужчины,Ұлытау,,KZULU,3.3
2024,на 1000 родившихся,мужчины,Восточно-Казахстанская,,KZVOS,2.26
2024,на 1000 родившихся,мужчины,г_Астана,,KZNS,2.32
2024,на 1000 родившихся,мужчины,г_Алматы,,KZALA,3.54
2024,на 1000 родившихся,мужчины,г_Шымкент,,KZSHY,3.07
2024,на 1000 родившихся,мужчины,,Город,,3.43
2024,на 1000 родившихся,мужчины,Абай,Город,KZABY,3.76
2024,на 1000 родившихся,мужчины,Акмолинская,Город,KZAKM,2.94
2024,на 1000 родившихся,мужчины,Актюбинская,Город,KZAKT,6.1
2024,на 1000 родившихся,мужчины,Алматинская,Город,KZALM,6.88
2024,на 1000 родившихся,мужчины,Атырауская,Город,KZATY,4.18
2024,на 1000 родившихся,мужчины,Западно-Казахстанская,Город,KZZAP,2.51
2024,на 1000 родившихся,мужчины,Жымбылская,Город,KZZHA,3.87
2024,на 1000 родившихся,мужчины,Жетісу,Город,KZZHS,4.32
2024,на 1000 родившихся,мужчины,Карагандинская,Город,KZKAR,3.73
2024,на 1000 родившихся,мужчины,Костанайская,Город,KZKUS,3.48
2024,на 1000 родившихся,мужчины,Кызылординская,Город,KZKZY,4.29
2024,на 1000 родившихся,мужчины,Мангистауская,Город,KZMAN,1.62
2024,на 1000 родившихся,мужчины,Павлодарская,Город,KZPAV,3.42
2024,на 1000 родившихся,мужчины,Северо-Казахстанская,Город,KZSEV,5.68
2024,на 1000 родившихся,мужчины,Туркестанская,Город,KZYUZ,2.36
2024,на 1000 родившихся,мужчины,Ұлытау,Город,KZULU,3.01
2024,на 1000 родившихся,мужчины,Восточно-Казахстанская,Город,KZVOS,1.69
2024,на 1000 родившихся,мужчины,г_Астана,Город,KZNS,2.32
2024,на 1000 родившихся,мужчины,г_Алматы,Город,KZALA,3.54
2024,на 1000 родившихся,мужчины,г_Шымкент,Город,KZSHY,3.07
2024,на 1000 родившихся,мужчины,,Село,,3.87
2024,на 1000 родившихся,мужчины,Абай,Село,KZABY,3.61
2024,на 1000 родившихся,мужчины,Акмолинская,Село,KZAKM,4.26
2024,на 1000 родившихся,мужчины,Актюбинская,Село,KZAKT,6.04
2024,на 1000 родившихся,мужчины,Алматинская,Село,KZALM,4.34
2024,на 1000 родившихся,мужчины,Атырауская,Село,KZATY,2.45
2024,на 1000 родившихся,мужчины,Западно-Казахстанская,Село,KZZAP,3.18
2024,на 1000 родившихся,мужчины,Жымбылская,Село,KZZHA,3.45
2024,на 1000 родившихся,мужчины,Жетісу,Село,KZZHS,4.84
2024,на 1000 родившихся,мужчины,Карагандинская,Село,KZKAR,5.05
2024,на 1000 родившихся,мужчины,Костанайская,Село,KZKUS,6.79
2024,на 1000 родившихся,мужчины,Кызылординская,Село,KZKZY,4.38
2024,на 1000 родившихся,мужчины,Мангистауская,Село,KZMAN,4.03
2024,на 1000 родившихся,мужчины,Павлодарская,Село,KZPAV,2.12
2024,на 1000 родившихся,мужчины,Северо-Казахстанская,Село,KZSEV,2.89
2024,на 1000 родившихся,мужчины,Туркестанская,Село,KZYUZ,3.32
2024,на 1000 родившихся,мужчины,Ұлытау,Село,KZULU,4.34
2024,на 1000 родившихся,мужчины,Восточно-Казахстанская,Село,KZVOS,3.45
2024,на 1000 родившихся,женщины,,,,3.12
2024,на 1000 родившихся,женщины,Абай,,KZABY,3.7
2024,на 1000 родившихся,женщины,Акмолинская,,KZAKM,2.89
2024,на 1000 родившихся,женщины,Актюбинская,,KZAKT,4.69
2024,на 1000 родившихся,женщины,Алматинская,,KZALM,3.46
2024,на 1000 родившихся,женщины,Атырауская,,KZATY,2.88
2024,на 1000 родившихся,женщины,Западно-Казахстанская,,KZZAP,4.08
2024,на 1000 родившихся,женщины,Жымбылская,,KZZHA,3.74
2024,на 1000 родившихся,женщины,Жетісу,,KZZHS,4.06
2024,на 1000 родившихся,женщины,Карагандинская,,KZKAR,2.31
2024,на 1000 родившихся,женщины,Костанайская,,KZKUS,4.06
2024,на 1000 родившихся,женщины,Кызылординская,,KZKZY,4.19
2024,на 1000 родившихся,женщины,Мангистауская,,KZMAN,2.91
2024,на 1000 родившихся,женщины,Павлодарская,,KZPAV,2.92
2024,на 1000 родившихся,женщины,Северо-Казахстанская,,KZSEV,3.24
2024,на 1000 родившихся,женщины,Туркестанская,,KZYUZ,3.03
2024,на 1000 родившихся,женщины,Ұлытау,,KZULU,3.51
2024,на 1000 родившихся,женщины,Восточно-Казахстанская,,KZVOS,2.97
2024,на 1000 родившихся,женщины,г_Астана,,KZNS,2.17
2024,на 1000 родившихся,женщины,г_Алматы,,KZALA,2.54
2024,на 1000 родившихся,женщины,г_Шымкент,,KZSHY,1.97
2024,на 1000 родившихся,женщины,,Город,,3.04
2024,на 1000 родившихся,женщины,Абай,Город,KZABY,3.99
2024,на 1000 родившихся,женщины,Акмолинская,Город,KZAKM,4.26
2024,на 1000 родившихся,женщины,Актюбинская,Город,KZAKT,4.77
2024,на 1000 родившихся,женщины,Алматинская,Город,KZALM,3.35
2024,на 1000 родившихся,женщины,Атырауская,Город,KZATY,3.3
2024,на 1000 родившихся,женщины,Западно-Казахстанская,Город,KZZAP,3.3
2024,на 1000 родившихся,женщины,Жымбылская,Город,KZZHA,4.89
2024,на 1000 родившихся,женщины,Жетісу,Город,KZZHS,4.87
2024,на 1000 родившихся,женщины,Карагандинская,Город,KZKAR,2.19
2024,на 1000 родившихся,женщины,Костанайская,Город,KZKUS,3.9
2024,на 1000 родившихся,женщины,Кызылординская,Город,KZKZY,2.68
2024,на 1000 родившихся,женщины,Мангистауская,Город,KZMAN,4.02
2024,на 1000 родившихся,женщины,Павлодарская,Город,KZPAV,3.93
2024,на 1000 родившихся,женщины,Северо-Казахстанская,Город,KZSEV,4.3
2024,на 1000 родившихся,женщины,Туркестанская,Город,KZYUZ,2.54
2024,на 1000 родившихся,женщины,Ұлытау,Город,KZULU,3.88
2024,на 1000 родившихся,женщины,Восточно-Казахстанская,Город,KZVOS,2.93
2024,на 1000 родившихся,женщины,г_Астана,Город,KZNS,2.17
2024,на 1000 родившихся,женщины,г_Алматы,Город,KZALA,2.54
2024,на 1000 родившихся,женщины,г_Шымкент,Город,KZSHY,1.97
2024,на 1000 родившихся,женщины,,Село,,3.25
2024,на 1000 родившихся,женщины,Абай,Село,KZABY,3.15
2024,на 1000 родившихся,женщины,Акмолинская,Село,KZAKM,0.98
2024,на 1000 родившихся,женщины,Актюбинская,Село,KZAKT,4.47
2024,на 1000 родившихся,женщины,Алматинская,Село,KZALM,3.49
2024,на 1000 родившихся,женщины,Атырауская,Село,KZATY,2.38
2024,на 1000 родившихся,женщины,Западно-Казахстанская,Село,KZZAP,5.08
2024,на 1000 родившихся,женщины,Жымбылская,Село,KZZHA,2.92
2024,на 1000 родившихся,женщины,Жетісу,Село,KZZHS,3.38
2024,на 1000 родившихся,женщины,Карагандинская,Село,KZKAR,2.8
2024,на 1000 родившихся,женщины,Костанайская,Село,KZKUS,4.34
2024,на 1000 родившихся,женщины,Кызылординская,Село,KZKZY,5.52
2024,на 1000 родившихся,женщины,Мангистауская,Село,KZMAN,2.07
2024,на 1000 родившихся,женщины,Павлодарская,Село,KZPAV,0.72
2024,на 1000 родившихся,женщины,Северо-Казахстанская,Село,KZSEV,2.3
2024,на 1000 родившихся,женщины,Туркестанская,Село,KZYUZ,3.2
2024,на 1000 родившихся,женщины,Ұлытау,Село,KZULU,2.25
2024,на 1000 родившихся,женщины,Восточно-Казахстанская,Село,KZVOS,3.04
