Year,UNIT_MEASURE,Пол,Местность,SERIES,Регионы,GeoCode,Value
2011,процент,,,"1,9 долларов США по ППС в  день",,,0.1
2011,процент,,,"3,2 долларов США по ППС в  день",,,1.2
2011,процент,,,"5,5 долларов США по ППС в  день",,,15.3
2011,процент,мужчины,,"1,9 долларов США по ППС в  день",,,0.1
2011,процент,мужчины,,"3,2 долларов США по ППС в  день",,,1.2
2011,процент,мужчины,,"5,5 долларов США по ППС в  день",,,15.9
2011,процент,женщины,,"1,9 долларов США по ППС в  день",,,0.1
2011,процент,женщины,,"3,2 долларов США по ППС в  день",,,1.2
2011,процент,женщины,,"5,5 долларов США по ППС в  день",,,14.7
2011,процент,,Город,"1,9 долларов США по ППС в  день",,,0.0
2011,процент,,Город,"3,2 долларов США по ППС в  день",,,0.4
2011,процент,,Город,"5,5 долларов США по ППС в  день",,,9.0
2011,процент,,Село,"1,9 долларов США по ППС в  день",,,0.2
2011,процент,,Село,"3,2 долларов США по ППС в  день",,,2.1
2011,процент,,Село,"5,5 долларов США по ППС в  день",,,22.7
2011,процент,,,"1,9 долларов США по ППС в  день",Акмолинская,KZAKM,0.2
2011,процент,,,"1,9 долларов США по ППС в  день",Карагандинская,KZKAR,0.0
2011,процент,,,"1,9 долларов США по ППС в  день",Костанайская,KZKUS,0.1
2011,процент,,,"1,9 долларов США по ППС в  день",Южно-Казахстанская,KZONT,0.4
2011,процент,,,"1,9 долларов США по ППС в  день",Павлодарская,KZPAV,0.2
2011,процент,,,"1,9 долларов США по ППС в  день",Северо-Казахстанская,KZSEV,0.2
2011,процент,,,"1,9 долларов США по ППС в  день",Восточно-Казахстанская,KZVOS,0.2
2011,процент,,,"1,9 долларов США по ППС в  день",г_Астана,KZNS,0.0
2011,процент,,,"3,2 долларов США по ППС в  день",Акмолинская,KZAKM,2.1
2011,процент,,,"3,2 долларов США по ППС в  день",Актюбинская,KZAKT,0.9
2011,процент,,,"3,2 долларов США по ППС в  день",Алматинская,KZALM,0.2
2011,процент,,,"3,2 долларов США по ППС в  день",Атырауская,KZATY,0.1
2011,процент,,,"3,2 долларов США по ППС в  день",Западно-Казахстанская,KZZAP,0.8
2011,процент,,,"3,2 долларов США по ППС в  день",Жымбылская,KZZHA,0.8
2011,процент,,,"3,2 долларов США по ППС в  день",Карагандинская,KZKAR,0.9
2011,процент,,,"3,2 долларов США по ППС в  день",Костанайская,KZKUS,1.3
2011,процент,,,"3,2 долларов США по ППС в  день",Кызылординская,KZKZY,0.7
2011,процент,,,"3,2 долларов США по ППС в  день",Мангистауская,KZMAN,0.1
2011,процент,,,"3,2 долларов США по ППС в  день",Южно-Казахстанская,KZONT,2.6
2011,процент,,,"3,2 долларов США по ППС в  день",Павлодарская,KZPAV,1.5
2011,процент,,,"3,2 долларов США по ППС в  день",Северо-Казахстанская,KZSEV,3.3
2011,процент,,,"3,2 долларов США по ППС в  день",Восточно-Казахстанская,KZVOS,2.0
2011,процент,,,"3,2 долларов США по ППС в  день",г_Астана,KZNS,0.1
2011,процент,,,"3,2 долларов США по ППС в  день",г_Алматы,KZALA,0.1
2011,процент,,,"5,5 долларов США по ППС в  день",Акмолинская,KZAKM,13.6
2011,процент,,,"5,5 долларов США по ППС в  день",Актюбинская,KZAKT,13.1
2011,процент,,,"5,5 долларов США по ППС в  день",Алматинская,KZALM,6.2
2011,процент,,,"5,5 долларов США по ППС в  день",Атырауская,KZATY,6.2
2011,процент,,,"5,5 долларов США по ППС в  день",Западно-Казахстанская,KZZAP,20.5
2011,процент,,,"5,5 долларов США по ППС в  день",Жымбылская,KZZHA,24.5
2011,процент,,,"5,5 долларов США по ППС в  день",Карагандинская,KZKAR,10.8
2011,процент,,,"5,5 долларов США по ППС в  день",Костанайская,KZKUS,15.6
2011,процент,,,"5,5 долларов США по ППС в  день",Кызылординская,KZKZY,13.2
2011,процент,,,"5,5 долларов США по ППС в  день",Мангистауская,KZMAN,4.6
2011,процент,,,"5,5 долларов США по ППС в  день",Южно-Казахстанская,KZONT,32.7
2011,процент,,,"5,5 долларов США по ППС в  день",Павлодарская,KZPAV,17.0
2011,процент,,,"5,5 долларов США по ППС в  день",Северо-Казахстанская,KZSEV,21.9
2011,процент,,,"5,5 долларов США по ППС в  день",Восточно-Казахстанская,KZVOS,17.8
2011,процент,,,"5,5 долларов США по ППС в  день",г_Астана,KZNS,1.7
2011,процент,,,"5,5 долларов США по ППС в  день",г_Алматы,KZALA,2.0
2011,процент,,Город,"1,9 долларов США по ППС в  день",Акмолинская,KZAKM,0.1
2011,процент,,Город,"1,9 долларов США по ППС в  день",Южно-Казахстанская,KZONT,0.2
2011,процент,,Город,"1,9 долларов США по ППС в  день",г_Астана,KZNS,0.0
2011,процент,,Город,"3,2 долларов США по ППС в  день",Акмолинская,KZAKM,0.7
2011,процент,,Город,"3,2 долларов США по ППС в  день",Актюбинская,KZAKT,0.2
2011,процент,,Город,"3,2 долларов США по ППС в  день",Алматинская,KZALM,0.7
2011,процент,,Город,"3,2 долларов США по ППС в  день",Жымбылская,KZZHA,1.3
2011,процент,,Город,"3,2 долларов США по ППС в  день",Карагандинская,KZKAR,0.3
2011,процент,,Город,"3,2 долларов США по ППС в  день",Костанайская,KZKUS,0.4
2011,процент,,Город,"3,2 долларов США по ППС в  день",Кызылординская,KZKZY,0.2
2011,процент,,Город,"3,2 долларов США по ППС в  день",Южно-Казахстанская,KZONT,1.1
2011,процент,,Город,"3,2 долларов США по ППС в  день",Павлодарская,KZPAV,0.5
2011,процент,,Город,"3,2 долларов США по ППС в  день",Северо-Казахстанская,KZSEV,0.9
2011,процент,,Город,"3,2 долларов США по ППС в  день",Восточно-Казахстанская,KZVOS,0.5
2011,процент,,Город,"3,2 долларов США по ППС в  день",г_Астана,KZNS,0.1
2011,процент,,Город,"3,2 долларов США по ППС в  день",г_Алматы,KZALA,0.1
2011,процент,,Город,"5,5 долларов США по ППС в  день",Акмолинская,KZAKM,10.6
2011,процент,,Город,"5,5 долларов США по ППС в  день",Актюбинская,KZAKT,8.3
2011,процент,,Город,"5,5 долларов США по ППС в  день",Алматинская,KZALM,5.3
2011,процент,,Город,"5,5 долларов США по ППС в  день",Атырауская,KZATY,1.4
2011,процент,,Город,"5,5 долларов США по ППС в  день",Западно-Казахстанская,KZZAP,11.6
2011,процент,,Город,"5,5 долларов США по ППС в  день",Жымбылская,KZZHA,20.3
2011,процент,,Город,"5,5 долларов США по ППС в  день",Карагандинская,KZKAR,7.4
2011,процент,,Город,"5,5 долларов США по ППС в  день",Костанайская,KZKUS,9.8
2011,процент,,Город,"5,5 долларов США по ППС в  день",Кызылординская,KZKZY,7.8
2011,процент,,Город,"5,5 долларов США по ППС в  день",Мангистауская,KZMAN,2.0
2011,процент,,Город,"5,5 долларов США по ППС в  день",Южно-Казахстанская,KZONT,20.9
2011,процент,,Город,"5,5 долларов США по ППС в  день",Павлодарская,KZPAV,12.7
2011,процент,,Город,"5,5 долларов США по ППС в  день",Северо-Казахстанская,KZSEV,13.9
2011,процент,,Город,"5,5 долларов США по ППС в  день",Восточно-Казахстанская,KZVOS,11.5
2011,процент,,Город,"5,5 долларов США по ППС в  день",г_Астана,KZNS,1.7
2011,процент,,Город,"5,5 долларов США по ППС в  день",г_Алматы,KZALA,2.0
2011,процент,,Село,"1,9 долларов США по ППС в  день",Акмолинская,KZAKM,0.3
2011,процент,,Село,"1,9 долларов США по ППС в  день",Карагандинская,KZKAR,0.2
2011,процент,,Село,"1,9 долларов США по ППС в  день",Костанайская,KZKUS,0.1
2011,процент,,Село,"1,9 долларов США по ППС в  день",Южно-Казахстанская,KZONT,0.5
2011,процент,,Село,"1,9 долларов США по ППС в  день",Павлодарская,KZPAV,0.6
2011,процент,,Село,"1,9 долларов США по ППС в  день",Северо-Казахстанская,KZSEV,0.3
2011,процент,,Село,"1,9 долларов США по ППС в  день",Восточно-Казахстанская,KZVOS,0.4
2011,процент,,Село,"3,2 долларов США по ППС в  день",Акмолинская,KZAKM,3.4
2011,процент,,Село,"3,2 долларов США по ППС в  день",Актюбинская,KZAKT,2.0
2011,процент,,Село,"3,2 долларов США по ППС в  день",Алматинская,KZALM,0.1
2011,процент,,Село,"3,2 долларов США по ППС в  день",Атырауская,KZATY,0.2
2011,процент,,Село,"3,2 долларов США по ППС в  день",Западно-Казахстанская,KZZAP,1.5
2011,процент,,Село,"3,2 долларов США по ППС в  день",Жымбылская,KZZHA,0.4
2011,процент,,Село,"3,2 долларов США по ППС в  день",Карагандинская,KZKAR,3.1
2011,процент,,Село,"3,2 долларов США по ППС в  день",Костанайская,KZKUS,2.3
2011,процент,,Село,"3,2 долларов США по ППС в  день",Кызылординская,KZKZY,1.0
2011,процент,,Село,"3,2 долларов США по ППС в  день",Мангистауская,KZMAN,0.2
2011,процент,,Село,"3,2 долларов США по ППС в  день",Южно-Казахстанская,KZONT,3.5
2011,процент,,Село,"3,2 долларов США по ППС в  день",Павлодарская,KZPAV,3.7
2011,процент,,Село,"3,2 долларов США по ППС в  день",Северо-Казахстанская,KZSEV,5.0
2011,процент,,Село,"3,2 долларов США по ППС в  день",Восточно-Казахстанская,KZVOS,4.2
2011,процент,,Село,"5,5 долларов США по ППС в  день",Акмолинская,KZAKM,16.2
2011,процент,,Село,"5,5 долларов США по ППС в  день",Актюбинская,KZAKT,20.9
2011,процент,,Село,"5,5 долларов США по ППС в  день",Алматинская,KZALM,6.4
2011,процент,,Село,"5,5 долларов США по ППС в  день",Атырауская,KZATY,10.7
2011,процент,,Село,"5,5 долларов США по ППС в  день",Западно-Казахстанская,KZZAP,28.8
2011,процент,,Село,"5,5 долларов США по ППС в  день",Жымбылская,KZZHA,27.1
2011,процент,,Село,"5,5 долларов США по ППС в  день",Карагандинская,KZKAR,22.9
2011,процент,,Село,"5,5 долларов США по ППС в  день",Костанайская,KZKUS,21.4
2011,процент,,Село,"5,5 долларов США по ППС в  день",Кызылординская,KZKZY,16.6
2011,процент,,Село,"5,5 долларов США по ППС в  день",Мангистауская,KZMAN,7.3
2011,процент,,Село,"5,5 долларов США по ППС в  день",Южно-Казахстанская,KZONT,40.4
2011,процент,,Село,"5,5 долларов США по ППС в  день",Павлодарская,KZPAV,26.3
2011,процент,,Село,"5,5 долларов США по ППС в  день",Северо-Казахстанская,KZSEV,27.5
2011,процент,,Село,"5,5 долларов США по ППС в  день",Восточно-Казахстанская,KZVOS,26.5
2012,процент,,,"1,9 долларов США по ППС в  день",,,0.0
2012,процент,,,"3,2 долларов США по ППС в  день",,,1.0
2012,процент,,,"5,5 долларов США по ППС в  день",,,17.7
2012,процент,мужчины,,"1,9 долларов США по ППС в  день",,,0.0
2012,процент,мужчины,,"3,2 долларов США по ППС в  день",,,1.1
2012,процент,мужчины,,"5,5 долларов США по ППС в  день",,,18.4
2012,процент,женщины,,"1,9 долларов США по ППС в  день",,,0.0
2012,процент,женщины,,"3,2 долларов США по ППС в  день",,,1.0
2012,процент,женщины,,"5,5 долларов США по ППС в  день",,,17.1
2012,процент,,Город,"1,9 долларов США по ППС в  день",,,0.0
2012,процент,,Город,"3,2 долларов США по ППС в  день",,,0.5
2012,процент,,Город,"5,5 долларов США по ППС в  день",,,11.6
2012,процент,,Село,"1,9 долларов США по ППС в  день",,,0.1
2012,процент,,Село,"3,2 долларов США по ППС в  день",,,1.7
2012,процент,,Село,"5,5 долларов США по ППС в  день",,,25.1
2012,процент,,,"1,9 долларов США по ППС в  день",Акмолинская,KZAKM,0.3
2012,процент,,,"1,9 долларов США по ППС в  день",Алматинская,KZALM,0.1
2012,процент,,,"1,9 долларов США по ППС в  день",Жымбылская,KZZHA,0.1
2012,процент,,,"1,9 долларов США по ППС в  день",Костанайская,KZKUS,0.1
2012,процент,,,"1,9 долларов США по ППС в  день",Южно-Казахстанская,KZONT,0.0
2012,процент,,,"1,9 долларов США по ППС в  день",Павлодарская,KZPAV,0.0
2012,процент,,,"1,9 долларов США по ППС в  день",Северо-Казахстанская,KZSEV,0.1
2012,процент,,,"1,9 долларов США по ППС в  день",Восточно-Казахстанская,KZVOS,0.0
2012,процент,,,"3,2 долларов США по ППС в  день",Акмолинская,KZAKM,1.5
2012,процент,,,"3,2 долларов США по ППС в  день",Актюбинская,KZAKT,0.7
2012,процент,,,"3,2 долларов США по ППС в  день",Алматинская,KZALM,0.4
2012,процент,,,"3,2 долларов США по ППС в  день",Западно-Казахстанская,KZZAP,0.4
2012,процент,,,"3,2 долларов США по ППС в  день",Жымбылская,KZZHA,2.3
2012,процент,,,"3,2 долларов США по ППС в  день",Карагандинская,KZKAR,0.7
2012,процент,,,"3,2 долларов США по ППС в  день",Костанайская,KZKUS,0.9
2012,процент,,,"3,2 долларов США по ППС в  день",Кызылординская,KZKZY,0.5
2012,процент,,,"3,2 долларов США по ППС в  день",Мангистауская,KZMAN,0.0
2012,процент,,,"3,2 долларов США по ППС в  день",Южно-Казахстанская,KZONT,2.2
2012,процент,,,"3,2 долларов США по ППС в  день",Павлодарская,KZPAV,1.3
2012,процент,,,"3,2 долларов США по ППС в  день",Северо-Казахстанская,KZSEV,2.9
2012,процент,,,"3,2 долларов США по ППС в  день",Восточно-Казахстанская,KZVOS,1.0
2012,процент,,,"3,2 долларов США по ППС в  день",г_Астана,KZNS,0.1
2012,процент,,,"3,2 долларов США по ППС в  день",г_Алматы,KZALA,0.1
2012,процент,,,"5,5 долларов США по ППС в  день",Акмолинская,KZAKM,17.0
2012,процент,,,"5,5 долларов США по ППС в  день",Актюбинская,KZAKT,15.2
2012,процент,,,"5,5 долларов США по ППС в  день",Алматинская,KZALM,8.8
2012,процент,,,"5,5 долларов США по ППС в  день",Атырауская,KZATY,6.3
2012,процент,,,"5,5 долларов США по ППС в  день",Западно-Казахстанская,KZZAP,27.4
2012,процент,,,"5,5 долларов США по ППС в  день",Жымбылская,KZZHA,36.4
2012,процент,,,"5,5 долларов США по ППС в  день",Карагандинская,KZKAR,11.6
2012,процент,,,"5,5 долларов США по ППС в  день",Костанайская,KZKUS,17.0
2012,процент,,,"5,5 долларов США по ППС в  день",Кызылординская,KZKZY,12.2
2012,процент,,,"5,5 долларов США по ППС в  день",Мангистауская,KZMAN,4.0
2012,процент,,,"5,5 долларов США по ППС в  день",Южно-Казахстанская,KZONT,40.9
2012,процент,,,"5,5 долларов США по ППС в  день",Павлодарская,KZPAV,15.4
2012,процент,,,"5,5 долларов США по ППС в  день",Северо-Казахстанская,KZSEV,20.1
2012,процент,,,"5,5 долларов США по ППС в  день",Восточно-Казахстанская,KZVOS,15.0
2012,процент,,,"5,5 долларов США по ППС в  день",г_Астана,KZNS,1.3
2012,процент,,,"5,5 долларов США по ППС в  день",г_Алматы,KZALA,1.1
2012,процент,,Город,"1,9 долларов США по ППС в  день",Акмолинская,KZAKM,0.3
2012,процент,,Город,"1,9 долларов США по ППС в  день",Костанайская,KZKUS,0.1
2012,процент,,Город,"1,9 долларов США по ППС в  день",Южно-Казахстанская,KZONT,0.1
2012,процент,,Город,"3,2 долларов США по ППС в  день",Акмолинская,KZAKM,1.4
2012,процент,,Город,"3,2 долларов США по ППС в  день",Актюбинская,KZAKT,0.3
2012,процент,,Город,"3,2 долларов США по ППС в  день",Жымбылская,KZZHA,2.6
2012,процент,,Город,"3,2 долларов США по ППС в  день",Карагандинская,KZKAR,0.2
2012,процент,,Город,"3,2 долларов США по ППС в  день",Костанайская,KZKUS,0.3
2012,процент,,Город,"3,2 долларов США по ППС в  день",Кызылординская,KZKZY,0.3
2012,процент,,Город,"3,2 долларов США по ППС в  день",Мангистауская,KZMAN,0.1
2012,процент,,Город,"3,2 долларов США по ППС в  день",Южно-Казахстанская,KZONT,1.2
2012,процент,,Город,"3,2 долларов США по ППС в  день",Павлодарская,KZPAV,0.4
2012,процент,,Город,"3,2 долларов США по ППС в  день",Северо-Казахстанская,KZSEV,1.4
2012,процент,,Город,"3,2 долларов США по ППС в  день",Восточно-Казахстанская,KZVOS,0.7
2012,процент,,Город,"3,2 долларов США по ППС в  день",г_Астана,KZNS,0.1
2012,процент,,Город,"3,2 долларов США по ППС в  день",г_Алматы,KZALA,0.1
2012,процент,,Город,"5,5 долларов США по ППС в  день",Акмолинская,KZAKM,16.7
2012,процент,,Город,"5,5 долларов США по ППС в  день",Актюбинская,KZAKT,15.0
2012,процент,,Город,"5,5 долларов США по ППС в  день",Алматинская,KZALM,10.1
2012,процент,,Город,"5,5 долларов США по ППС в  день",Атырауская,KZATY,3.9
2012,процент,,Город,"5,5 долларов США по ППС в  день",Западно-Казахстанская,KZZAP,19.7
2012,процент,,Город,"5,5 долларов США по ППС в  день",Жымбылская,KZZHA,28.7
2012,процент,,Город,"5,5 долларов США по ППС в  день",Карагандинская,KZKAR,7.7
2012,процент,,Город,"5,5 долларов США по ППС в  день",Костанайская,KZKUS,15.1
2012,процент,,Город,"5,5 долларов США по ППС в  день",Кызылординская,KZKZY,11.2
2012,процент,,Город,"5,5 долларов США по ППС в  день",Мангистауская,KZMAN,1.3
2012,процент,,Город,"5,5 долларов США по ППС в  день",Южно-Казахстанская,KZONT,28.2
2012,процент,,Город,"5,5 долларов США по ППС в  день",Павлодарская,KZPAV,11.7
2012,процент,,Город,"5,5 долларов США по ППС в  день",Северо-Казахстанская,KZSEV,15.4
2012,процент,,Город,"5,5 долларов США по ППС в  день",Восточно-Казахстанская,KZVOS,12.2
2012,процент,,Город,"5,5 долларов США по ППС в  день",г_Астана,KZNS,1.3
2012,процент,,Город,"5,5 долларов США по ППС в  день",г_Алматы,KZALA,1.1
2012,процент,,Село,"1,9 долларов США по ППС в  день",Акмолинская,KZAKM,0.3
2012,процент,,Село,"1,9 долларов США по ППС в  день",Алматинская,KZALM,0.1
2012,процент,,Село,"1,9 долларов США по ППС в  день",Жымбылская,KZZHA,0.2
2012,процент,,Село,"1,9 долларов США по ППС в  день",Костанайская,KZKUS,0.2
2012,процент,,Село,"1,9 долларов США по ППС в  день",Павлодарская,KZPAV,0.1
2012,процент,,Село,"1,9 долларов США по ППС в  день",Северо-Казахстанская,KZSEV,0.1
2012,процент,,Село,"1,9 долларов США по ППС в  день",Восточно-Казахстанская,KZVOS,0.1
2012,процент,,Село,"3,2 долларов США по ППС в  день",Акмолинская,KZAKM,1.7
2012,процент,,Село,"3,2 долларов США по ППС в  день",Актюбинская,KZAKT,1.4
2012,процент,,Село,"3,2 долларов США по ППС в  день",Алматинская,KZALM,0.6
2012,процент,,Село,"3,2 долларов США по ППС в  день",Западно-Казахстанская,KZZAP,0.8
2012,процент,,Село,"3,2 долларов США по ППС в  день",Жымбылская,KZZHA,2.1
2012,процент,,Село,"3,2 долларов США по ППС в  день",Карагандинская,KZKAR,2.8
2012,процент,,Село,"3,2 долларов США по ППС в  день",Костанайская,KZKUS,1.4
2012,процент,,Село,"3,2 долларов США по ППС в  день",Кызылординская,KZKZY,0.5
2012,процент,,Село,"3,2 долларов США по ППС в  день",Южно-Казахстанская,KZONT,2.9
2012,процент,,Село,"3,2 долларов США по ППС в  день",Павлодарская,KZPAV,3.2
2012,процент,,Село,"3,2 долларов США по ППС в  день",Северо-Казахстанская,KZSEV,3.9
2012,процент,,Село,"3,2 долларов США по ППС в  день",Восточно-Казахстанская,KZVOS,1.4
2012,процент,,Село,"5,5 долларов США по ППС в  день",Акмолинская,KZAKM,17.3
2012,процент,,Село,"5,5 долларов США по ППС в  день",Актюбинская,KZAKT,15.6
2012,процент,,Село,"5,5 долларов США по ППС в  день",Алматинская,KZALM,8.4
2012,процент,,Село,"5,5 долларов США по ППС в  день",Атырауская,KZATY,8.6
2012,процент,,Село,"5,5 долларов США по ППС в  день",Западно-Казахстанская,KZZAP,34.8
2012,процент,,Село,"5,5 долларов США по ППС в  день",Жымбылская,KZZHA,41.3
2012,процент,,Село,"5,5 долларов США по ППС в  день",Карагандинская,KZKAR,25.6
2012,процент,,Село,"5,5 долларов США по ППС в  день",Костанайская,KZKUS,19.0
2012,процент,,Село,"5,5 долларов США по ППС в  день",Кызылординская,KZKZY,13.0
2012,процент,,Село,"5,5 долларов США по ППС в  день",Мангистауская,KZMAN,6.7
2012,процент,,Село,"5,5 долларов США по ППС в  день",Южно-Казахстанская,KZONT,49.0
2012,процент,,Село,"5,5 долларов США по ППС в  день",Павлодарская,KZPAV,23.7
2012,процент,,Село,"5,5 долларов США по ППС в  день",Северо-Казахстанская,KZSEV,23.4
2012,процент,,Село,"5,5 долларов США по ППС в  день",Восточно-Казахстанская,KZVOS,18.9
2013,процент,,,"3,2 долларов США по ППС в  день",,,0.1
2013,процент,,,"5,5 долларов США по ППС в  день",,,3.4
2013,процент,мужчины,,"3,2 долларов США по ППС в  день",,,0.1
2013,процент,мужчины,,"5,5 долларов США по ППС в  день",,,3.6
2013,процент,женщины,,"3,2 долларов США по ППС в  день",,,0.1
2013,процент,женщины,,"5,5 долларов США по ППС в  день",,,3.1
2013,процент,,Город,"3,2 долларов США по ППС в  день",,,0.0
2013,процент,,Город,"5,5 долларов США по ППС в  день",,,1.4
2013,процент,,Село,"3,2 долларов США по ППС в  день",,,0.2
2013,процент,,Село,"5,5 долларов США по ППС в  день",,,5.7
2013,процент,,,"3,2 долларов США по ППС в  день",Акмолинская,KZAKM,0.4
2013,процент,,,"3,2 долларов США по ППС в  день",Актюбинская,KZAKT,0.0
2013,процент,,,"3,2 долларов США по ППС в  день",Карагандинская,KZKAR,0.3
2013,процент,,,"3,2 долларов США по ППС в  день",Костанайская,KZKUS,0.2
2013,процент,,,"3,2 долларов США по ППС в  день",Павлодарская,KZPAV,0.0
2013,процент,,,"3,2 долларов США по ППС в  день",Северо-Казахстанская,KZSEV,0.8
2013,процент,,,"3,2 долларов США по ППС в  день",Туркестанская,KZYUZ,0.2
2013,процент,,,"5,5 долларов США по ППС в  день",Акмолинская,KZAKM,4.0
2013,процент,,,"5,5 долларов США по ППС в  день",Актюбинская,KZAKT,3.4
2013,процент,,,"5,5 долларов США по ППС в  день",Алматинская,KZALM,1.4
2013,процент,,,"5,5 долларов США по ППС в  день",Атырауская,KZATY,1.8
2013,процент,,,"5,5 долларов США по ППС в  день",Западно-Казахстанская,KZZAP,4.3
2013,процент,,,"5,5 долларов США по ППС в  день",Жымбылская,KZZHA,3.7
2013,процент,,,"5,5 долларов США по ППС в  день",Карагандинская,KZKAR,2.9
2013,процент,,,"5,5 долларов США по ППС в  день",Костанайская,KZKUS,3.6
2013,процент,,,"5,5 долларов США по ППС в  день",Кызылординская,KZKZY,4.4
2013,процент,,,"5,5 долларов США по ППС в  день",Мангистауская,KZMAN,0.2
2013,процент,,,"5,5 долларов США по ППС в  день",Павлодарская,KZPAV,1.7
2013,процент,,,"5,5 долларов США по ППС в  день",Северо-Казахстанская,KZSEV,5.8
2013,процент,,,"5,5 долларов США по ППС в  день",Туркестанская,KZYUZ,10.2
2013,процент,,,"5,5 долларов США по ППС в  день",Восточно-Казахстанская,KZVOS,1.6
2013,процент,,,"5,5 долларов США по ППС в  день",г_Астана,KZNS,0.3
2013,процент,,,"5,5 долларов США по ППС в  день",г_Алматы,KZALA,0.1
2013,процент,,,"5,5 долларов США по ППС в  день",г_Шымкент,KZSHY,3.2
2013,процент,,Город,"3,2 долларов США по ППС в  день",Акмолинская,KZAKM,0.2
2013,процент,,Город,"3,2 долларов США по ППС в  день",Костанайская,KZKUS,0.2
2013,процент,,Город,"3,2 долларов США по ППС в  день",Северо-Казахстанская,KZSEV,1.2
2013,процент,,Город,"5,5 долларов США по ППС в  день",Акмолинская,KZAKM,3.5
2013,процент,,Город,"5,5 долларов США по ППС в  день",Актюбинская,KZAKT,2.1
2013,процент,,Город,"5,5 долларов США по ППС в  день",Алматинская,KZALM,0.9
2013,процент,,Город,"5,5 долларов США по ППС в  день",Атырауская,KZATY,0.1
2013,процент,,Город,"5,5 долларов США по ППС в  день",Западно-Казахстанская,KZZAP,1.8
2013,процент,,Город,"5,5 долларов США по ППС в  день",Жымбылская,KZZHA,2.6
2013,процент,,Город,"5,5 долларов США по ППС в  день",Карагандинская,KZKAR,1.1
2013,процент,,Город,"5,5 долларов США по ППС в  день",Костанайская,KZKUS,3.2
2013,процент,,Город,"5,5 долларов США по ППС в  день",Кызылординская,KZKZY,4.3
2013,процент,,Город,"5,5 долларов США по ППС в  день",Павлодарская,KZPAV,0.8
2013,процент,,Город,"5,5 долларов США по ППС в  день",Северо-Казахстанская,KZSEV,4.5
2013,процент,,Город,"5,5 долларов США по ППС в  день",Туркестанская,KZYUZ,1.0
2013,процент,,Город,"5,5 долларов США по ППС в  день",Восточно-Казахстанская,KZVOS,0.7
2013,процент,,Город,"5,5 долларов США по ППС в  день",г_Астана,KZNS,0.3
2013,процент,,Город,"5,5 долларов США по ППС в  день",г_Алматы,KZALA,0.1
2013,процент,,Город,"5,5 долларов США по ППС в  день",г_Шымкент,KZSHY,3.2
2013,процент,,Село,"3,2 долларов США по ППС в  день",Акмолинская,KZAKM,0.5
2013,процент,,Село,"3,2 долларов США по ППС в  день",Актюбинская,KZAKT,0.1
2013,процент,,Село,"3,2 долларов США по ППС в  день",Карагандинская,KZKAR,1.5
2013,процент,,Село,"3,2 долларов США по ППС в  день",Костанайская,KZKUS,0.2
2013,процент,,Село,"3,2 долларов США по ППС в  день",Павлодарская,KZPAV,0.1
2013,процент,,Село,"3,2 долларов США по ППС в  день",Северо-Казахстанская,KZSEV,0.5
2013,процент,,Село,"3,2 долларов США по ППС в  день",Туркестанская,KZYUZ,0.3
2013,процент,,Село,"5,5 долларов США по ППС в  день",Акмолинская,KZAKM,4.3
2013,процент,,Село,"5,5 долларов США по ППС в  день",Актюбинская,KZAKT,5.4
2013,процент,,Село,"5,5 долларов США по ППС в  день",Алматинская,KZALM,1.5
2013,процент,,Село,"5,5 долларов США по ППС в  день",Атырауская,KZATY,3.5
2013,процент,,Село,"5,5 долларов США по ППС в  день",Западно-Казахстанская,KZZAP,6.7
2013,процент,,Село,"5,5 долларов США по ППС в  день",Жымбылская,KZZHA,4.5
2013,процент,,Село,"5,5 долларов США по ППС в  день",Карагандинская,KZKAR,9.5
2013,процент,,Село,"5,5 долларов США по ППС в  день",Костанайская,KZKUS,4.0
2013,процент,,Село,"5,5 долларов США по ППС в  день",Кызылординская,KZKZY,4.5
2013,процент,,Село,"5,5 долларов США по ППС в  день",Мангистауская,KZMAN,0.5
2013,процент,,Село,"5,5 долларов США по ППС в  день",Павлодарская,KZPAV,3.7
2013,процент,,Село,"5,5 долларов США по ППС в  день",Северо-Казахстанская,KZSEV,6.7
2013,процент,,Село,"5,5 долларов США по ППС в  день",Туркестанская,KZYUZ,12.9
2013,процент,,Село,"5,5 долларов США по ППС в  день",Восточно-Казахстанская,KZVOS,2.7
2014,процент,,,"3,2 долларов США по ППС в  день",,,0.1
2014,процент,,,"5,5 долларов США по ППС в  день",,,3.6
2014,процент,мужчины,,"3,2 долларов США по ППС в  день",,,0.1
2014,процент,мужчины,,"5,5 долларов США по ППС в  день",,,3.8
2014,процент,женщины,,"3,2 долларов США по ППС в  день",,,0.1
2014,процент,женщины,,"5,5 долларов США по ППС в  день",,,3.4
2014,процент,,Город,"3,2 долларов США по ППС в  день",,,0.1
2014,процент,,Город,"5,5 долларов США по ППС в  день",,,1.5
2014,процент,,Село,"3,2 долларов США по ППС в  день",,,0.1
2014,процент,,Село,"5,5 долларов США по ППС в  день",,,6.2
2014,процент,,,"3,2 долларов США по ППС в  день",Акмолинская,KZAKM,0.3
2014,процент,,,"3,2 долларов США по ППС в  день",Актюбинская,KZAKT,0.1
2014,процент,,,"3,2 долларов США по ППС в  день",Карагандинская,KZKAR,0.1
2014,процент,,,"3,2 долларов США по ППС в  день",Костанайская,KZKUS,0.2
2014,процент,,,"3,2 долларов США по ППС в  день",Павлодарская,KZPAV,0.1
2014,процент,,,"3,2 долларов США по ППС в  день",Северо-Казахстанская,KZSEV,0.2
2014,процент,,,"3,2 долларов США по ППС в  день",Туркестанская,KZYUZ,0.2
2014,процент,,,"3,2 долларов США по ППС в  день",Восточно-Казахстанская,KZVOS,0.2
2014,процент,,,"5,5 долларов США по ППС в  день",Акмолинская,KZAKM,3.3
2014,процент,,,"5,5 долларов США по ППС в  день",Актюбинская,KZAKT,3.2
2014,процент,,,"5,5 долларов США по ППС в  день",Алматинская,KZALM,2.2
2014,процент,,,"5,5 долларов США по ППС в  день",Атырауская,KZATY,1.5
2014,процент,,,"5,5 долларов США по ППС в  день",Западно-Казахстанская,KZZAP,6.1
2014,процент,,,"5,5 долларов США по ППС в  день",Жымбылская,KZZHA,4.1
2014,процент,,,"5,5 долларов США по ППС в  день",Карагандинская,KZKAR,1.5
2014,процент,,,"5,5 долларов США по ППС в  день",Костанайская,KZKUS,3.4
2014,процент,,,"5,5 долларов США по ППС в  день",Кызылординская,KZKZY,3.8
2014,процент,,,"5,5 долларов США по ППС в  день",Мангистауская,KZMAN,1.1
2014,процент,,,"5,5 долларов США по ППС в  день",Павлодарская,KZPAV,2.0
2014,процент,,,"5,5 долларов США по ППС в  день",Северо-Казахстанская,KZSEV,5.3
2014,процент,,,"5,5 долларов США по ППС в  день",Туркестанская,KZYUZ,12.3
2014,процент,,,"5,5 долларов США по ППС в  день",Восточно-Казахстанская,KZVOS,1.9
2014,процент,,,"5,5 долларов США по ППС в  день",г_Астана,KZNS,0.2
2014,процент,,,"5,5 долларов США по ППС в  день",г_Алматы,KZALA,0.4
2014,процент,,,"5,5 долларов США по ППС в  день",г_Шымкент,KZSHY,1.0
2014,процент,,Город,"3,2 долларов США по ППС в  день",Костанайская,KZKUS,0.3
2014,процент,,Город,"3,2 долларов США по ППС в  день",Павлодарская,KZPAV,0.1
2014,процент,,Город,"3,2 долларов США по ППС в  день",Туркестанская,KZYUZ,0.8
2014,процент,,Город,"5,5 долларов США по ППС в  день",Акмолинская,KZAKM,3.3
2014,процент,,Город,"5,5 долларов США по ППС в  день",Актюбинская,KZAKT,2.2
2014,процент,,Город,"5,5 долларов США по ППС в  день",Алматинская,KZALM,2.2
2014,процент,,Город,"5,5 долларов США по ППС в  день",Атырауская,KZATY,0.2
2014,процент,,Город,"5,5 долларов США по ППС в  день",Западно-Казахстанская,KZZAP,1.4
2014,процент,,Город,"5,5 долларов США по ППС в  день",Жымбылская,KZZHA,3.0
2014,процент,,Город,"5,5 долларов США по ППС в  день",Карагандинская,KZKAR,0.3
2014,процент,,Город,"5,5 долларов США по ППС в  день",Костанайская,KZKUS,2.0
2014,процент,,Город,"5,5 долларов США по ППС в  день",Кызылординская,KZKZY,3.7
2014,процент,,Город,"5,5 долларов США по ППС в  день",Павлодарская,KZPAV,1.3
2014,процент,,Город,"5,5 долларов США по ППС в  день",Северо-Казахстанская,KZSEV,3.2
2014,процент,,Город,"5,5 долларов США по ППС в  день",Туркестанская,KZYUZ,7.3
2014,процент,,Город,"5,5 долларов США по ППС в  день",Восточно-Казахстанская,KZVOS,0.9
2014,процент,,Город,"5,5 долларов США по ППС в  день",г_Астана,KZNS,0.2
2014,процент,,Город,"5,5 долларов США по ППС в  день",г_Алматы,KZALA,0.4
2014,процент,,Город,"5,5 долларов США по ППС в  день",г_Шымкент,KZSHY,1.0
2014,процент,,Село,"3,2 долларов США по ППС в  день",Акмолинская,KZAKM,0.6
2014,процент,,Село,"3,2 долларов США по ППС в  день",Актюбинская,KZAKT,0.3
2014,процент,,Село,"3,2 долларов США по ППС в  день",Карагандинская,KZKAR,0.5
2014,процент,,Село,"3,2 долларов США по ППС в  день",Костанайская,KZKUS,0.2
2014,процент,,Село,"3,2 долларов США по ППС в  день",Северо-Казахстанская,KZSEV,0.4
2014,процент,,Село,"3,2 долларов США по ППС в  день",Туркестанская,KZYUZ,0.1
2014,процент,,Село,"5,5 долларов США по ППС в  день",Акмолинская,KZAKM,3.4
2014,процент,,Село,"5,5 долларов США по ППС в  день",Актюбинская,KZAKT,5.0
2014,процент,,Село,"5,5 долларов США по ППС в  день",Алматинская,KZALM,2.2
2014,процент,,Село,"5,5 долларов США по ППС в  день",Атырауская,KZATY,2.6
2014,процент,,Село,"5,5 долларов США по ППС в  день",Западно-Казахстанская,KZZAP,10.8
2014,процент,,Село,"5,5 долларов США по ППС в  день",Жымбылская,KZZHA,4.8
2014,процент,,Село,"5,5 долларов США по ППС в  день",Карагандинская,KZKAR,6.3
2014,процент,,Село,"5,5 долларов США по ППС в  день",Костанайская,KZKUS,5.0
2014,процент,,Село,"5,5 долларов США по ППС в  день",Кызылординская,KZKZY,3.9
2014,процент,,Село,"5,5 долларов США по ППС в  день",Мангистауская,KZMAN,2.1
2014,процент,,Село,"5,5 долларов США по ППС в  день",Павлодарская,KZPAV,3.7
2014,процент,,Село,"5,5 долларов США по ППС в  день",Северо-Казахстанская,KZSEV,6.8
2014,процент,,Село,"5,5 долларов США по ППС в  день",Туркестанская,KZYUZ,13.9
2014,процент,,Село,"5,5 долларов США по ППС в  день",Восточно-Казахстанская,KZVOS,3.3
2015,процент,,,"3,2 долларов США по ППС в  день",,,0.2
2015,процент,,,"5,5 долларов США по ППС в  день",,,4.3
2015,процент,мужчины,,"3,2 долларов США по ППС в  день",,,0.2
2015,процент,мужчины,,"5,5 долларов США по ППС в  день",,,4.4
2015,процент,женщины,,"3,2 долларов США по ППС в  день",,,0.1
2015,процент,женщины,,"5,5 долларов США по ППС в  день",,,4.2
2015,процент,,Город,"3,2 долларов США по ППС в  день",,,0.0
2015,процент,,Город,"5,5 долларов США по ППС в  день",,,2.2
2015,процент,,Село,"3,2 долларов США по ППС в  день",,,0.3
2015,процент,,Село,"5,5 долларов США по ППС в  день",,,7.1
2015,процент,,,"3,2 долларов США по ППС в  день",Акмолинская,KZAKM,0.2
2015,процент,,,"3,2 долларов США по ППС в  день",Алматинская,KZALM,0.1
2015,процент,,,"3,2 долларов США по ППС в  день",Жымбылская,KZZHA,0.2
2015,процент,,,"3,2 долларов США по ППС в  день",Карагандинская,KZKAR,0.2
2015,процент,,,"3,2 долларов США по ППС в  день",Костанайская,KZKUS,0.3
2015,процент,,,"3,2 долларов США по ППС в  день",Кызылординская,KZKZY,0.1
2015,процент,,,"3,2 долларов США по ППС в  день",Павлодарская,KZPAV,0.0
2015,процент,,,"3,2 долларов США по ППС в  день",Северо-Казахстанская,KZSEV,0.9
2015,процент,,,"3,2 долларов США по ППС в  день",Туркестанская,KZYUZ,0.1
2015,процент,,,"3,2 долларов США по ППС в  день",Восточно-Казахстанская,KZVOS,0.3
2015,процент,,,"3,2 долларов США по ППС в  день",г_Астана,KZNS,0.1
2015,процент,,,"5,5 долларов США по ППС в  день",Акмолинская,KZAKM,3.8
2015,процент,,,"5,5 долларов США по ППС в  день",Актюбинская,KZAKT,3.9
2015,процент,,,"5,5 долларов США по ППС в  день",Алматинская,KZALM,2.1
2015,процент,,,"5,5 долларов США по ППС в  день",Атырауская,KZATY,2.5
2015,процент,,,"5,5 долларов США по ППС в  день",Западно-Казахстанская,KZZAP,7.4
2015,процент,,,"5,5 долларов США по ППС в  день",Жымбылская,KZZHA,7.2
2015,процент,,,"5,5 долларов США по ППС в  день",Карагандинская,KZKAR,2.8
2015,процент,,,"5,5 долларов США по ППС в  день",Костанайская,KZKUS,4.7
2015,процент,,,"5,5 долларов США по ППС в  день",Кызылординская,KZKZY,6.2
2015,процент,,,"5,5 долларов США по ППС в  день",Мангистауская,KZMAN,0.8
2015,процент,,,"5,5 долларов США по ППС в  день",Павлодарская,KZPAV,2.7
2015,процент,,,"5,5 долларов США по ППС в  день",Северо-Казахстанская,KZSEV,5.2
2015,процент,,,"5,5 долларов США по ППС в  день",Туркестанская,KZYUZ,11.5
2015,процент,,,"5,5 долларов США по ППС в  день",Восточно-Казахстанская,KZVOS,2.5
2015,процент,,,"5,5 долларов США по ППС в  день",г_Астана,KZNS,0.4
2015,процент,,,"5,5 долларов США по ППС в  день",г_Алматы,KZALA,0.2
2015,процент,,,"5,5 долларов США по ППС в  день",г_Шымкент,KZSHY,2.6
2015,процент,,Город,"3,2 долларов США по ППС в  день",Акмолинская,KZAKM,0.1
2015,процент,,Город,"3,2 долларов США по ППС в  день",Алматинская,KZALM,0.2
2015,процент,,Город,"3,2 долларов США по ППС в  день",Костанайская,KZKUS,0.1
2015,процент,,Город,"3,2 долларов США по ППС в  день",Северо-Казахстанская,KZSEV,0.2
2015,процент,,Город,"3,2 долларов США по ППС в  день",Восточно-Казахстанская,KZVOS,0.1
2015,процент,,Город,"3,2 долларов США по ППС в  день",г_Астана,KZNS,0.1
2015,процент,,Город,"5,5 долларов США по ППС в  день",Акмолинская,KZAKM,3.9
2015,процент,,Город,"5,5 долларов США по ППС в  день",Актюбинская,KZAKT,2.8
2015,процент,,Город,"5,5 долларов США по ППС в  день",Алматинская,KZALM,1.8
2015,процент,,Город,"5,5 долларов США по ППС в  день",Атырауская,KZATY,0.2
2015,процент,,Город,"5,5 долларов США по ППС в  день",Западно-Казахстанская,KZZAP,2.7
2015,процент,,Город,"5,5 долларов США по ППС в  день",Жымбылская,KZZHA,6.7
2015,процент,,Город,"5,5 долларов США по ППС в  день",Карагандинская,KZKAR,1.3
2015,процент,,Город,"5,5 долларов США по ППС в  день",Костанайская,KZKUS,2.0
2015,процент,,Город,"5,5 долларов США по ППС в  день",Кызылординская,KZKZY,6.6
2015,процент,,Город,"5,5 долларов США по ППС в  день",Павлодарская,KZPAV,1.7
2015,процент,,Город,"5,5 долларов США по ППС в  день",Северо-Казахстанская,KZSEV,4.1
2015,процент,,Город,"5,5 долларов США по ППС в  день",Туркестанская,KZYUZ,6.8
2015,процент,,Город,"5,5 долларов США по ППС в  день",Восточно-Казахстанская,KZVOS,1.6
2015,процент,,Город,"5,5 долларов США по ППС в  день",г_Астана,KZNS,0.4
2015,процент,,Город,"5,5 долларов США по ППС в  день",г_Алматы,KZALA,0.2
2015,процент,,Город,"5,5 долларов США по ППС в  день",г_Шымкент,KZSHY,2.6
2015,процент,,Село,"3,2 долларов США по ППС в  день",Акмолинская,KZAKM,0.3
2015,процент,,Село,"3,2 долларов США по ППС в  день",Жымбылская,KZZHA,0.4
2015,процент,,Село,"3,2 долларов США по ППС в  день",Карагандинская,KZKAR,0.9
2015,процент,,Село,"3,2 долларов США по ППС в  день",Костанайская,KZKUS,0.6
2015,процент,,Село,"3,2 долларов США по ППС в  день",Кызылординская,KZKZY,0.2
2015,процент,,Село,"3,2 долларов США по ППС в  день",Павлодарская,KZPAV,0.1
2015,процент,,Село,"3,2 долларов США по ППС в  день",Северо-Казахстанская,KZSEV,1.4
2015,процент,,Село,"3,2 долларов США по ППС в  день",Туркестанская,KZYUZ,0.2
2015,процент,,Село,"3,2 долларов США по ППС в  день",Восточно-Казахстанская,KZVOS,0.7
2015,процент,,Село,"5,5 долларов США по ППС в  день",Акмолинская,KZAKM,4.0
2015,процент,,Село,"5,5 долларов США по ППС в  день",Актюбинская,KZAKT,6.0
2015,процент,,Село,"5,5 долларов США по ППС в  день",Алматинская,KZALM,2.3
2015,процент,,Село,"5,5 долларов США по ППС в  день",Атырауская,KZATY,4.7
2015,процент,,Село,"5,5 долларов США по ППС в  день",Западно-Казахстанская,KZZAP,12.6
2015,процент,,Село,"5,5 долларов США по ППС в  день",Жымбылская,KZZHA,8.3
2015,процент,,Село,"5,5 долларов США по ППС в  день",Карагандинская,KZKAR,8.9
2015,процент,,Село,"5,5 долларов США по ППС в  день",Костанайская,KZKUS,8.0
2015,процент,,Село,"5,5 долларов США по ППС в  день",Кызылординская,KZKZY,6.6
2015,процент,,Село,"5,5 долларов США по ППС в  день",Мангистауская,KZMAN,1.6
2015,процент,,Село,"5,5 долларов США по ППС в  день",Павлодарская,KZPAV,5.3
2015,процент,,Село,"5,5 долларов США по ППС в  день",Северо-Казахстанская,KZSEV,6.7
2015,процент,,Село,"5,5 долларов США по ППС в  день",Туркестанская,KZYUZ,13.3
2015,процент,,Село,"5,5 долларов США по ППС в  день",Восточно-Казахстанская,KZVOS,4.1
2016,процент,,,"3,2 долларов США по ППС в  день",,,0.2
2016,процент,,,"5,5 долларов США по ППС в  день",,,5.1
2016,процент,мужчины,,"3,2 долларов США по ППС в  день",,,0.2
2016,процент,мужчины,,"5,5 долларов США по ППС в  день",,,5.4
2016,процент,женщины,,"3,2 долларов США по ППС в  день",,,0.2
2016,процент,женщины,,"5,5 долларов США по ППС в  день",,,4.9
2016,процент,,Город,"3,2 долларов США по ППС в  день",,,0.0
2016,процент,,Город,"5,5 долларов США по ППС в  день",,,2.3
2016,процент,,Село,"3,2 долларов США по ППС в  день",,,0.3
2016,процент,,Село,"5,5 долларов США по ППС в  день",,,8.9
2016,процент,,,"3,2 долларов США по ППС в  день",Акмолинская,KZAKM,0.3
2016,процент,,,"3,2 долларов США по ППС в  день",Западно-Казахстанская,KZZAP,0.3
2016,процент,,,"3,2 долларов США по ППС в  день",Жымбылская,KZZHA,0.2
2016,процент,,,"3,2 долларов США по ППС в  день",Карагандинская,KZKAR,0.2
2016,процент,,,"3,2 долларов США по ППС в  день",Костанайская,KZKUS,0.4
2016,процент,,,"3,2 долларов США по ППС в  день",Павлодарская,KZPAV,0.1
2016,процент,,,"3,2 долларов США по ППС в  день",Северо-Казахстанская,KZSEV,0.7
2016,процент,,,"3,2 долларов США по ППС в  день",Туркестанская,KZYUZ,0.5
2016,процент,,,"3,2 долларов США по ППС в  день",Восточно-Казахстанская,KZVOS,0.1
2016,процент,,,"3,2 долларов США по ППС в  день",г_Алматы,KZALA,0.1
2016,процент,,,"5,5 долларов США по ППС в  день",Акмолинская,KZAKM,4.9
2016,процент,,,"5,5 долларов США по ППС в  день",Актюбинская,KZAKT,3.2
2016,процент,,,"5,5 долларов США по ППС в  день",Алматинская,KZALM,2.2
2016,процент,,,"5,5 долларов США по ППС в  день",Атырауская,KZATY,3.1
2016,процент,,,"5,5 долларов США по ППС в  день",Западно-Казахстанская,KZZAP,6.8
2016,процент,,,"5,5 долларов США по ППС в  день",Жымбылская,KZZHA,12.0
2016,процент,,,"5,5 долларов США по ППС в  день",Карагандинская,KZKAR,2.5
2016,процент,,,"5,5 долларов США по ППС в  день",Костанайская,KZKUS,6.1
2016,процент,,,"5,5 долларов США по ППС в  день",Кызылординская,KZKZY,7.4
2016,процент,,,"5,5 долларов США по ППС в  день",Мангистауская,KZMAN,1.2
2016,процент,,,"5,5 долларов США по ППС в  день",Павлодарская,KZPAV,3.8
2016,процент,,,"5,5 долларов США по ППС в  день",Северо-Казахстанская,KZSEV,4.7
2016,процент,,,"5,5 долларов США по ППС в  день",Туркестанская,KZYUZ,15.8
2016,процент,,,"5,5 долларов США по ППС в  день",Восточно-Казахстанская,KZVOS,2.4
2016,процент,,,"5,5 долларов США по ППС в  день",г_Астана,KZNS,0.7
2016,процент,,,"5,5 долларов США по ППС в  день",г_Алматы,KZALA,0.4
2016,процент,,,"5,5 долларов США по ППС в  день",г_Шымкент,KZSHY,1.6
2016,процент,,Город,"3,2 долларов США по ППС в  день",Акмолинская,KZAKM,0.3
2016,процент,,Город,"3,2 долларов США по ППС в  день",Жымбылская,KZZHA,0.2
2016,процент,,Город,"3,2 долларов США по ППС в  день",Карагандинская,KZKAR,0.1
2016,процент,,Город,"3,2 долларов США по ППС в  день",Северо-Казахстанская,KZSEV,0.5
2016,процент,,Город,"3,2 долларов США по ППС в  день",г_Алматы,KZALA,0.1
2016,процент,,Город,"5,5 долларов США по ППС в  день",Акмолинская,KZAKM,4.1
2016,процент,,Город,"5,5 долларов США по ППС в  день",Актюбинская,KZAKT,2.0
2016,процент,,Город,"5,5 долларов США по ППС в  день",Алматинская,KZALM,1.5
2016,процент,,Город,"5,5 долларов США по ППС в  день",Атырауская,KZATY,0.2
2016,процент,,Город,"5,5 долларов США по ППС в  день",Западно-Казахстанская,KZZAP,2.0
2016,процент,,Город,"5,5 долларов США по ППС в  день",Жымбылская,KZZHA,8.2
2016,процент,,Город,"5,5 долларов США по ППС в  день",Карагандинская,KZKAR,1.4
2016,процент,,Город,"5,5 долларов США по ППС в  день",Костанайская,KZKUS,4.2
2016,процент,,Город,"5,5 долларов США по ППС в  день",Кызылординская,KZKZY,8.8
2016,процент,,Город,"5,5 долларов США по ППС в  день",Павлодарская,KZPAV,2.8
2016,процент,,Город,"5,5 долларов США по ППС в  день",Северо-Казахстанская,KZSEV,3.2
2016,процент,,Город,"5,5 долларов США по ППС в  день",Туркестанская,KZYUZ,6.4
2016,процент,,Город,"5,5 долларов США по ППС в  день",Восточно-Казахстанская,KZVOS,1.0
2016,процент,,Город,"5,5 долларов США по ППС в  день",г_Астана,KZNS,0.7
2016,процент,,Город,"5,5 долларов США по ППС в  день",г_Алматы,KZALA,0.4
2016,процент,,Город,"5,5 долларов США по ППС в  день",г_Шымкент,KZSHY,1.6
2016,процент,,Село,"3,2 долларов США по ППС в  день",Акмолинская,KZAKM,0.3
2016,процент,,Село,"3,2 долларов США по ППС в  день",Западно-Казахстанская,KZZAP,0.5
2016,процент,,Село,"3,2 долларов США по ППС в  день",Жымбылская,KZZHA,0.2
2016,процент,,Село,"3,2 долларов США по ППС в  день",Карагандинская,KZKAR,0.8
2016,процент,,Село,"3,2 долларов США по ППС в  день",Костанайская,KZKUS,0.9
2016,процент,,Село,"3,2 долларов США по ППС в  день",Павлодарская,KZPAV,0.5
2016,процент,,Село,"3,2 долларов США по ППС в  день",Северо-Казахстанская,KZSEV,0.9
2016,процент,,Село,"3,2 долларов США по ППС в  день",Туркестанская,KZYUZ,0.7
2016,процент,,Село,"3,2 долларов США по ППС в  день",Восточно-Казахстанская,KZVOS,0.2
2016,процент,,Село,"5,5 долларов США по ППС в  день",Акмолинская,KZAKM,5.7
2016,процент,,Село,"5,5 долларов США по ППС в  день",Актюбинская,KZAKT,5.1
2016,процент,,Село,"5,5 долларов США по ППС в  день",Алматинская,KZALM,2.4
2016,процент,,Село,"5,5 долларов США по ППС в  день",Атырауская,KZATY,5.8
2016,процент,,Село,"5,5 долларов США по ППС в  день",Западно-Казахстанская,KZZAP,11.8
2016,процент,,Село,"5,5 долларов США по ППС в  день",Жымбылская,KZZHA,14.5
2016,процент,,Село,"5,5 долларов США по ППС в  день",Карагандинская,KZKAR,6.7
2016,процент,,Село,"5,5 долларов США по ППС в  день",Костанайская,KZKUS,8.2
2016,процент,,Село,"5,5 долларов США по ППС в  день",Кызылординская,KZKZY,6.5
2016,процент,,Село,"5,5 долларов США по ППС в  день",Мангистауская,KZMAN,2.2
2016,процент,,Село,"5,5 долларов США по ППС в  день",Павлодарская,KZPAV,6.2
2016,процент,,Село,"5,5 долларов США по ППС в  день",Северо-Казахстанская,KZSEV,5.8
2016,процент,,Село,"5,5 долларов США по ППС в  день",Туркестанская,KZYUZ,19.6
2016,процент,,Село,"5,5 долларов США по ППС в  день",Восточно-Казахстанская,KZVOS,4.5
2017,процент,,,"3,2 долларов США по ППС в  день",,,0.2
2017,процент,,,"5,5 долларов США по ППС в  день",,,5.1
2017,процент,мужчины,,"3,2 долларов США по ППС в  день",,,0.1
2017,процент,мужчины,,"5,5 долларов США по ППС в  день",,,5.3
2017,процент,женщины,,"3,2 долларов США по ППС в  день",,,0.2
2017,процент,женщины,,"5,5 долларов США по ППС в  день",,,4.9
2017,процент,,Город,"3,2 долларов США по ППС в  день",,,0.1
2017,процент,,Город,"5,5 долларов США по ППС в  день",,,2.5
2017,процент,,Село,"3,2 долларов США по ППС в  день",,,0.3
2017,процент,,Село,"5,5 долларов США по ППС в  день",,,8.5
2017,процент,,,"3,2 долларов США по ППС в  день",Абай,KZABY,0.7
2017,процент,,,"3,2 долларов США по ППС в  день",Акмолинская,KZAKM,0.4
2017,процент,,,"3,2 долларов США по ППС в  день",Западно-Казахстанская,KZZAP,0.2
2017,процент,,,"3,2 долларов США по ППС в  день",Жымбылская,KZZHA,0.3
2017,процент,,,"3,2 долларов США по ППС в  день",Карагандинская,KZKAR,0.1
2017,процент,,,"3,2 долларов США по ППС в  день",Костанайская,KZKUS,0.1
2017,процент,,,"3,2 долларов США по ППС в  день",Северо-Казахстанская,KZSEV,0.7
2017,процент,,,"3,2 долларов США по ППС в  день",Туркестанская,KZYUZ,0.3
2017,процент,,,"3,2 долларов США по ППС в  день",Восточно-Казахстанская,KZVOS,0.7
2017,процент,,,"3,2 долларов США по ППС в  день",г_Алматы,KZALA,0.1
2017,процент,,,"5,5 долларов США по ППС в  день",Абай,KZABY,2.8
2017,процент,,,"5,5 долларов США по ППС в  день",Акмолинская,KZAKM,4.8
2017,процент,,,"5,5 долларов США по ППС в  день",Актюбинская,KZAKT,4.4
2017,процент,,,"5,5 долларов США по ППС в  день",Алматинская,KZALM,2.1
2017,процент,,,"5,5 долларов США по ППС в  день",Атырауская,KZATY,2.7
2017,процент,,,"5,5 долларов США по ППС в  день",Западно-Казахстанская,KZZAP,6.3
2017,процент,,,"5,5 долларов США по ППС в  день",Жымбылская,KZZHA,9.6
2017,процент,,,"5,5 долларов США по ППС в  день",Жетісу,KZZHS,2.4
2017,процент,,,"5,5 долларов США по ППС в  день",Карагандинская,KZKAR,2.3
2017,процент,,,"5,5 долларов США по ППС в  день",Костанайская,KZKUS,4.6
2017,процент,,,"5,5 долларов США по ППС в  день",Кызылординская,KZKZY,7.6
2017,процент,,,"5,5 долларов США по ППС в  день",Мангистауская,KZMAN,2.8
2017,процент,,,"5,5 долларов США по ППС в  день",Павлодарская,KZPAV,2.9
2017,процент,,,"5,5 долларов США по ППС в  день",Северо-Казахстанская,KZSEV,5.0
2017,процент,,,"5,5 долларов США по ППС в  день",Туркестанская,KZYUZ,16.4
2017,процент,,,"5,5 долларов США по ППС в  день",Ұлытау,KZULU,3.7
2017,процент,,,"5,5 долларов США по ППС в  день",Восточно-Казахстанская,KZVOS,1.9
2017,процент,,,"5,5 долларов США по ППС в  день",г_Астана,KZNS,0.8
2017,процент,,,"5,5 долларов США по ППС в  день",г_Алматы,KZALA,0.6
2017,процент,,,"5,5 долларов США по ППС в  день",г_Шымкент,KZSHY,2.2
2017,процент,,Город,"3,2 долларов США по ППС в  день",Абай,KZABY,0.3
2017,процент,,Город,"3,2 долларов США по ППС в  день",Акмолинская,KZAKM,0.2
2017,процент,,Город,"3,2 долларов США по ППС в  день",Жымбылская,KZZHA,0.2
2017,процент,,Город,"3,2 долларов США по ППС в  день",Карагандинская,KZKAR,0.1
2017,процент,,Город,"3,2 долларов США по ППС в  день",Северо-Казахстанская,KZSEV,0.6
2017,процент,,Город,"3,2 долларов США по ППС в  день",Восточно-Казахстанская,KZVOS,0.2
2017,процент,,Город,"3,2 долларов США по ППС в  день",г_Алматы,KZALA,0.1
2017,процент,,Город,"5,5 долларов США по ППС в  день",Абай,KZABY,0.6
2017,процент,,Город,"5,5 долларов США по ППС в  день",Акмолинская,KZAKM,4.7
2017,процент,,Город,"5,5 долларов США по ППС в  день",Актюбинская,KZAKT,3.2
2017,процент,,Город,"5,5 долларов США по ППС в  день",Алматинская,KZALM,3.1
2017,процент,,Город,"5,5 долларов США по ППС в  день",Атырауская,KZATY,0.6
2017,процент,,Город,"5,5 долларов США по ППС в  день",Западно-Казахстанская,KZZAP,3.6
2017,процент,,Город,"5,5 долларов США по ППС в  день",Жымбылская,KZZHA,6.0
2017,процент,,Город,"5,5 долларов США по ППС в  день",Карагандинская,KZKAR,1.2
2017,процент,,Город,"5,5 долларов США по ППС в  день",Костанайская,KZKUS,2.3
2017,процент,,Город,"5,5 долларов США по ППС в  день",Кызылординская,KZKZY,7.3
2017,процент,,Город,"5,5 долларов США по ППС в  день",Мангистауская,KZMAN,0.6
2017,процент,,Город,"5,5 долларов США по ППС в  день",Павлодарская,KZPAV,1.6
2017,процент,,Город,"5,5 долларов США по ППС в  день",Северо-Казахстанская,KZSEV,4.2
2017,процент,,Город,"5,5 долларов США по ППС в  день",Туркестанская,KZYUZ,10.0
2017,процент,,Город,"5,5 долларов США по ППС в  день",Ұлытау,KZULU,3.0
2017,процент,,Город,"5,5 долларов США по ППС в  день",Восточно-Казахстанская,KZVOS,1.1
2017,процент,,Город,"5,5 долларов США по ППС в  день",г_Астана,KZNS,0.8
2017,процент,,Город,"5,5 долларов США по ППС в  день",г_Алматы,KZALA,0.6
2017,процент,,Город,"5,5 долларов США по ППС в  день",г_Шымкент,KZSHY,2.2
2017,процент,,Село,"3,2 долларов США по ППС в  день",Абай,KZABY,1.1
2017,процент,,Село,"3,2 долларов США по ППС в  день",Акмолинская,KZAKM,0.5
2017,процент,,Село,"3,2 долларов США по ППС в  день",Западно-Казахстанская,KZZAP,0.3
2017,процент,,Село,"3,2 долларов США по ППС в  день",Жымбылская,KZZHA,0.4
2017,процент,,Село,"3,2 долларов США по ППС в  день",Карагандинская,KZKAR,0.3
2017,процент,,Село,"3,2 долларов США по ППС в  день",Костанайская,KZKUS,0.3
2017,процент,,Село,"3,2 долларов США по ППС в  день",Северо-Казахстанская,KZSEV,0.8
2017,процент,,Село,"3,2 долларов США по ППС в  день",Туркестанская,KZYUZ,0.4
2017,процент,,Село,"3,2 долларов США по ППС в  день",Восточно-Казахстанская,KZVOS,1.8
2017,процент,,Село,"5,5 долларов США по ППС в  день",Абай,KZABY,5.7
2017,процент,,Село,"5,5 долларов США по ППС в  день",Акмолинская,KZAKM,5.0
2017,процент,,Село,"5,5 долларов США по ППС в  день",Актюбинская,KZAKT,6.3
2017,процент,,Село,"5,5 долларов США по ППС в  день",Алматинская,KZALM,1.9
2017,процент,,Село,"5,5 долларов США по ППС в  день",Атырауская,KZATY,4.5
2017,процент,,Село,"5,5 долларов США по ППС в  день",Западно-Казахстанская,KZZAP,9.0
2017,процент,,Село,"5,5 долларов США по ППС в  день",Жымбылская,KZZHA,12.0
2017,процент,,Село,"5,5 долларов США по ППС в  день",Жетісу,KZZHS,3.8
2017,процент,,Село,"5,5 долларов США по ППС в  день",Карагандинская,KZKAR,6.3
2017,процент,,Село,"5,5 долларов США по ППС в  день",Костанайская,KZKUS,7.4
2017,процент,,Село,"5,5 долларов США по ППС в  день",Кызылординская,KZKZY,7.9
2017,процент,,Село,"5,5 долларов США по ППС в  день",Мангистауская,KZMAN,4.4
2017,процент,,Село,"5,5 долларов США по ППС в  день",Павлодарская,KZPAV,6.0
2017,процент,,Село,"5,5 долларов США по ППС в  день",Северо-Казахстанская,KZSEV,5.7
2017,процент,,Село,"5,5 долларов США по ППС в  день",Туркестанская,KZYUZ,19.1
2017,процент,,Село,"5,5 долларов США по ППС в  день",Ұлытау,KZULU,9.4
2017,процент,,Село,"5,5 долларов США по ППС в  день",Восточно-Казахстанская,KZVOS,3.3
2018,процент,,,"3,2 долларов США по ППС в  день",,,0.1
2018,процент,,,"5,5 долларов США по ППС в  день",,,4.4
2018,процент,мужчины,,"3,2 долларов США по ППС в  день",,,0.2
2018,процент,мужчины,,"5,5 долларов США по ППС в  день",,,4.8
2018,процент,женщины,,"3,2 долларов США по ППС в  день",,,0.2
2018,процент,женщины,,"5,5 долларов США по ППС в  день",,,4.6
2018,процент,,Город,"3,2 долларов США по ППС в  день",,,0.1
2018,процент,,Город,"5,5 долларов США по ППС в  день",,,2.3
2018,процент,,Село,"3,2 долларов США по ППС в  день",,,0.2
2018,процент,,Село,"5,5 долларов США по ППС в  день",,,7.3
2018,процент,,,"3,2 долларов США по ППС в  день",Абай,KZABY,0.7
2018,процент,,,"3,2 долларов США по ППС в  день",Акмолинская,KZAKM,0.4
2018,процент,,,"3,2 долларов США по ППС в  день",Алматинская,KZALM,0.2
2018,процент,,,"3,2 долларов США по ППС в  день",Западно-Казахстанская,KZZAP,0.1
2018,процент,,,"3,2 долларов США по ППС в  день",Карагандинская,KZKAR,0.3
2018,процент,,,"3,2 долларов США по ППС в  день",Костанайская,KZKUS,0.6
2018,процент,,,"3,2 долларов США по ППС в  день",Северо-Казахстанская,KZSEV,0.2
2018,процент,,,"3,2 долларов США по ППС в  день",Туркестанская,KZYUZ,0.2
2018,процент,,,"3,2 долларов США по ППС в  день",Восточно-Казахстанская,KZVOS,0.1
2018,процент,,,"3,2 долларов США по ППС в  день",г_Шымкент,KZSHY,0.3
2018,процент,,,"5,5 долларов США по ППС в  день",Абай,KZABY,4.7
2018,процент,,,"5,5 долларов США по ППС в  день",Акмолинская,KZAKM,4.4
2018,процент,,,"5,5 долларов США по ППС в  день",Актюбинская,KZAKT,4.3
2018,процент,,,"5,5 долларов США по ППС в  день",Алматинская,KZALM,1.7
2018,процент,,,"5,5 долларов США по ППС в  день",Атырауская,KZATY,2.1
2018,процент,,,"5,5 долларов США по ППС в  день",Западно-Казахстанская,KZZAP,3.9
2018,процент,,,"5,5 долларов США по ППС в  день",Жымбылская,KZZHA,6.8
2018,процент,,,"5,5 долларов США по ППС в  день",Жетісу,KZZHS,3.6
2018,процент,,,"5,5 долларов США по ППС в  день",Карагандинская,KZKAR,2.4
2018,процент,,,"5,5 долларов США по ППС в  день",Костанайская,KZKUS,4.8
2018,процент,,,"5,5 долларов США по ППС в  день",Кызылординская,KZKZY,6.6
2018,процент,,,"5,5 долларов США по ППС в  день",Мангистауская,KZMAN,3.2
2018,процент,,,"5,5 долларов США по ППС в  день",Павлодарская,KZPAV,4.1
2018,процент,,,"5,5 долларов США по ППС в  день",Северо-Казахстанская,KZSEV,5.1
2018,процент,,,"5,5 долларов США по ППС в  день",Туркестанская,KZYUZ,13.3
2018,процент,,,"5,5 долларов США по ППС в  день",Ұлытау,KZULU,1.9
2018,процент,,,"5,5 долларов США по ППС в  день",Восточно-Казахстанская,KZVOS,2.0
2018,процент,,,"5,5 долларов США по ППС в  день",г_Астана,KZNS,0.8
2018,процент,,,"5,5 долларов США по ППС в  день",г_Алматы,KZALA,1.6
2018,процент,,,"5,5 долларов США по ППС в  день",г_Шымкент,KZSHY,2.5
2018,процент,,Город,"3,2 долларов США по ППС в  день",Абай,KZABY,0.3
2018,процент,,Город,"3,2 долларов США по ППС в  день",Акмолинская,KZAKM,0.4
2018,процент,,Город,"3,2 долларов США по ППС в  день",Карагандинская,KZKAR,0.3
2018,процент,,Город,"3,2 долларов США по ППС в  день",Костанайская,KZKUS,0.4
2018,процент,,Город,"3,2 долларов США по ППС в  день",Северо-Казахстанская,KZSEV,0.1
2018,процент,,Город,"3,2 долларов США по ППС в  день",г_Шымкент,KZSHY,0.3
2018,процент,,Город,"5,5 долларов США по ППС в  день",Абай,KZABY,1.8
2018,процент,,Город,"5,5 долларов США по ППС в  день",Акмолинская,KZAKM,3.6
2018,процент,,Город,"5,5 долларов США по ППС в  день",Актюбинская,KZAKT,3.1
2018,процент,,Город,"5,5 долларов США по ППС в  день",Алматинская,KZALM,1.2
2018,процент,,Город,"5,5 долларов США по ППС в  день",Атырауская,KZATY,0.4
2018,процент,,Город,"5,5 долларов США по ППС в  день",Западно-Казахстанская,KZZAP,1.7
2018,процент,,Город,"5,5 долларов США по ППС в  день",Жымбылская,KZZHA,3.4
2018,процент,,Город,"5,5 долларов США по ППС в  день",Жетісу,KZZHS,1.5
2018,процент,,Город,"5,5 долларов США по ППС в  день",Карагандинская,KZKAR,1.8
2018,процент,,Город,"5,5 долларов США по ППС в  день",Костанайская,KZKUS,2.5
2018,процент,,Город,"5,5 долларов США по ППС в  день",Кызылординская,KZKZY,6.1
2018,процент,,Город,"5,5 долларов США по ППС в  день",Мангистауская,KZMAN,0.9
2018,процент,,Город,"5,5 долларов США по ППС в  день",Павлодарская,KZPAV,2.9
2018,процент,,Город,"5,5 долларов США по ППС в  день",Северо-Казахстанская,KZSEV,4.1
2018,процент,,Город,"5,5 долларов США по ППС в  день",Туркестанская,KZYUZ,9.5
2018,процент,,Город,"5,5 долларов США по ППС в  день",Ұлытау,KZULU,1.5
2018,процент,,Город,"5,5 долларов США по ППС в  день",Восточно-Казахстанская,KZVOS,0.9
2018,процент,,Город,"5,5 долларов США по ППС в  день",г_Астана,KZNS,0.8
2018,процент,,Город,"5,5 долларов США по ППС в  день",г_Алматы,KZALA,1.6
2018,процент,,Город,"5,5 долларов США по ППС в  день",г_Шымкент,KZSHY,2.5
2018,процент,,Село,"3,2 долларов США по ППС в  день",Абай,KZABY,1.2
2018,процент,,Село,"3,2 долларов США по ППС в  день",Акмолинская,KZAKM,0.4
2018,процент,,Село,"3,2 долларов США по ППС в  день",Алматинская,KZALM,0.2
2018,процент,,Село,"3,2 долларов США по ППС в  день",Западно-Казахстанская,KZZAP,0.1
2018,процент,,Село,"3,2 долларов США по ППС в  день",Карагандинская,KZKAR,0.2
2018,процент,,Село,"3,2 долларов США по ППС в  день",Костанайская,KZKUS,0.7
2018,процент,,Село,"3,2 долларов США по ППС в  день",Павлодарская,KZPAV,0.1
2018,процент,,Село,"3,2 долларов США по ППС в  день",Северо-Казахстанская,KZSEV,0.2
2018,процент,,Село,"3,2 долларов США по ППС в  день",Туркестанская,KZYUZ,0.2
2018,процент,,Село,"3,2 долларов США по ППС в  день",Восточно-Казахстанская,KZVOS,0.2
2018,процент,,Село,"5,5 долларов США по ППС в  день",Абай,KZABY,8.5
2018,процент,,Село,"5,5 долларов США по ППС в  день",Акмолинская,KZAKM,5.2
2018,процент,,Село,"5,5 долларов США по ППС в  день",Актюбинская,KZAKT,6.5
2018,процент,,Село,"5,5 долларов США по ППС в  день",Алматинская,KZALM,1.8
2018,процент,,Село,"5,5 долларов США по ППС в  день",Атырауская,KZATY,4.0
2018,процент,,Село,"5,5 долларов США по ППС в  день",Западно-Казахстанская,KZZAP,6.3
2018,процент,,Село,"5,5 долларов США по ППС в  день",Жымбылская,KZZHA,9.1
2018,процент,,Село,"5,5 долларов США по ППС в  день",Жетісу,KZZHS,4.8
2018,процент,,Село,"5,5 долларов США по ППС в  день",Карагандинская,KZKAR,4.2
2018,процент,,Село,"5,5 долларов США по ППС в  день",Костанайская,KZKUS,7.4
2018,процент,,Село,"5,5 долларов США по ППС в  день",Кызылординская,KZKZY,7.1
2018,процент,,Село,"5,5 долларов США по ППС в  день",Мангистауская,KZMAN,4.7
2018,процент,,Село,"5,5 долларов США по ППС в  день",Павлодарская,KZPAV,7.2
2018,процент,,Село,"5,5 долларов США по ППС в  день",Северо-Казахстанская,KZSEV,5.9
2018,процент,,Село,"5,5 долларов США по ППС в  день",Туркестанская,KZYUZ,14.2
2018,процент,,Село,"5,5 долларов США по ППС в  день",Ұлытау,KZULU,6.2
2018,процент,,Село,"5,5 долларов США по ППС в  день",Восточно-Казахстанская,KZVOS,4.2
2019,процент,,,"3,2 долларов США по ППС в  день",,,0.1
2019,процент,,,"5,5 долларов США по ППС в  день",,,2.5
2019,процент,мужчины,,"3,2 долларов США по ППС в  день",,,0.1
2019,процент,мужчины,,"5,5 долларов США по ППС в  день",,,2.6
2019,процент,женщины,,"3,2 долларов США по ППС в  день",,,0.1
2019,процент,женщины,,"5,5 долларов США по ППС в  день",,,2.4
2019,процент,,Город,"3,2 долларов США по ППС в  день",,,0.0
2019,процент,,Город,"5,5 долларов США по ППС в  день",,,1.4
2019,процент,,Село,"3,2 долларов США по ППС в  день",,,0.1
2019,процент,,Село,"5,5 долларов США по ППС в  день",,,4.0
2019,процент,,,"3,2 долларов США по ППС в  день",Абай,KZABY,0.1
2019,процент,,,"3,2 долларов США по ППС в  день",Акмолинская,KZAKM,0.2
2019,процент,,,"3,2 долларов США по ППС в  день",Актюбинская,KZAKT,0.1
2019,процент,,,"3,2 долларов США по ППС в  день",Алматинская,KZALM,0.1
2019,процент,,,"3,2 долларов США по ППС в  день",Жымбылская,KZZHA,0.1
2019,процент,,,"3,2 долларов США по ППС в  день",Карагандинская,KZKAR,0.3
2019,процент,,,"3,2 долларов США по ППС в  день",Костанайская,KZKUS,0.2
2019,процент,,,"3,2 долларов США по ППС в  день",Кызылординская,KZKZY,0.1
2019,процент,,,"3,2 долларов США по ППС в  день",Павлодарская,KZPAV,0.0
2019,процент,,,"3,2 долларов США по ППС в  день",Северо-Казахстанская,KZSEV,0.1
2019,процент,,,"3,2 долларов США по ППС в  день",Туркестанская,KZYUZ,0.1
2019,процент,,,"3,2 долларов США по ППС в  день",Восточно-Казахстанская,KZVOS,0.3
2019,процент,,,"5,5 долларов США по ППС в  день",Абай,KZABY,4.2
2019,процент,,,"5,5 долларов США по ППС в  день",Акмолинская,KZAKM,2.7
2019,процент,,,"5,5 долларов США по ППС в  день",Актюбинская,KZAKT,2.3
2019,процент,,,"5,5 долларов США по ППС в  день",Алматинская,KZALM,0.4
2019,процент,,,"5,5 долларов США по ППС в  день",Атырауская,KZATY,1.0
2019,процент,,,"5,5 долларов США по ППС в  день",Западно-Казахстанская,KZZAP,3.5
2019,процент,,,"5,5 долларов США по ППС в  день",Жымбылская,KZZHA,3.4
2019,процент,,,"5,5 долларов США по ППС в  день",Жетісу,KZZHS,2.8
2019,процент,,,"5,5 долларов США по ППС в  день",Карагандинская,KZKAR,1.5
2019,процент,,,"5,5 долларов США по ППС в  день",Костанайская,KZKUS,2.2
2019,процент,,,"5,5 долларов США по ППС в  день",Кызылординская,KZKZY,3.6
2019,процент,,,"5,5 долларов США по ППС в  день",Мангистауская,KZMAN,2.5
2019,процент,,,"5,5 долларов США по ППС в  день",Павлодарская,KZPAV,3.1
2019,процент,,,"5,5 долларов США по ППС в  день",Северо-Казахстанская,KZSEV,3.5
2019,процент,,,"5,5 долларов США по ППС в  день",Туркестанская,KZYUZ,6.2
2019,процент,,,"5,5 долларов США по ППС в  день",Ұлытау,KZULU,1.1
2019,процент,,,"5,5 долларов США по ППС в  день",Восточно-Казахстанская,KZVOS,1.4
2019,процент,,,"5,5 долларов США по ППС в  день",г_Астана,KZNS,0.4
2019,процент,,,"5,5 долларов США по ППС в  день",г_Алматы,KZALA,1.3
2019,процент,,,"5,5 долларов США по ППС в  день",г_Шымкент,KZSHY,1.1
2019,процент,,Город,"3,2 долларов США по ППС в  день",Карагандинская,KZKAR,0.3
2019,процент,,Город,"3,2 долларов США по ППС в  день",Костанайская,KZKUS,0.2
2019,процент,,Город,"5,5 долларов США по ППС в  день",Абай,KZABY,3.4
2019,процент,,Город,"5,5 долларов США по ППС в  день",Акмолинская,KZAKM,1.9
2019,процент,,Город,"5,5 долларов США по ППС в  день",Актюбинская,KZAKT,1.5
2019,процент,,Город,"5,5 долларов США по ППС в  день",Атырауская,KZATY,0.2
2019,процент,,Город,"5,5 долларов США по ППС в  день",Западно-Казахстанская,KZZAP,2.0
2019,процент,,Город,"5,5 долларов США по ППС в  день",Жымбылская,KZZHA,1.7
2019,процент,,Город,"5,5 долларов США по ППС в  день",Карагандинская,KZKAR,1.6
2019,процент,,Город,"5,5 долларов США по ППС в  день",Костанайская,KZKUS,1.5
2019,процент,,Город,"5,5 долларов США по ППС в  день",Кызылординская,KZKZY,2.2
2019,процент,,Город,"5,5 долларов США по ППС в  день",Мангистауская,KZMAN,0.3
2019,процент,,Город,"5,5 долларов США по ППС в  день",Павлодарская,KZPAV,2.5
2019,процент,,Город,"5,5 долларов США по ППС в  день",Северо-Казахстанская,KZSEV,3.0
2019,процент,,Город,"5,5 долларов США по ППС в  день",Туркестанская,KZYUZ,4.8
2019,процент,,Город,"5,5 долларов США по ППС в  день",Ұлытау,KZULU,1.2
2019,процент,,Город,"5,5 долларов США по ППС в  день",Восточно-Казахстанская,KZVOS,0.0
2019,процент,,Город,"5,5 долларов США по ППС в  день",г_Астана,KZNS,0.4
2019,процент,,Город,"5,5 долларов США по ППС в  день",г_Алматы,KZALA,1.3
2019,процент,,Город,"5,5 долларов США по ППС в  день",г_Шымкент,KZSHY,1.1
2019,процент,,Село,"3,2 долларов США по ППС в  день",Абай,KZABY,0.3
2019,процент,,Село,"3,2 долларов США по ППС в  день",Акмолинская,KZAKM,0.4
2019,процент,,Село,"3,2 долларов США по ППС в  день",Актюбинская,KZAKT,0.3
2019,процент,,Село,"3,2 долларов США по ППС в  день",Алматинская,KZALM,0.1
2019,процент,,Село,"3,2 долларов США по ППС в  день",Жымбылская,KZZHA,0.2
2019,процент,,Село,"3,2 долларов США по ППС в  день",Костанайская,KZKUS,0.1
2019,процент,,Село,"3,2 долларов США по ППС в  день",Кызылординская,KZKZY,0.2
2019,процент,,Село,"3,2 долларов США по ППС в  день",Павлодарская,KZPAV,0.1
2019,процент,,Село,"3,2 долларов США по ППС в  день",Северо-Казахстанская,KZSEV,0.2
2019,процент,,Село,"3,2 долларов США по ППС в  день",Туркестанская,KZYUZ,0.1
2019,процент,,Село,"3,2 долларов США по ППС в  день",Восточно-Казахстанская,KZVOS,0.9
2019,процент,,Село,"5,5 долларов США по ППС в  день",Абай,KZABY,5.3
2019,процент,,Село,"5,5 долларов США по ППС в  день",Акмолинская,KZAKM,3.5
2019,процент,,Село,"5,5 долларов США по ППС в  день",Актюбинская,KZAKT,4.3
2019,процент,,Село,"5,5 долларов США по ППС в  день",Алматинская,KZALM,0.4
2019,процент,,Село,"5,5 долларов США по ППС в  день",Атырауская,KZATY,1.8
2019,процент,,Село,"5,5 долларов США по ППС в  день",Западно-Казахстанская,KZZAP,5.1
2019,процент,,Село,"5,5 долларов США по ППС в  день",Жымбылская,KZZHA,4.4
2019,процент,,Село,"5,5 долларов США по ППС в  день",Жетісу,KZZHS,4.5
2019,процент,,Село,"5,5 долларов США по ППС в  день",Карагандинская,KZKAR,1.5
2019,процент,,Село,"5,5 долларов США по ППС в  день",Костанайская,KZKUS,3.1
2019,процент,,Село,"5,5 долларов США по ППС в  день",Кызылординская,KZKZY,4.6
2019,процент,,Село,"5,5 долларов США по ППС в  день",Мангистауская,KZMAN,4.0
2019,процент,,Село,"5,5 долларов США по ППС в  день",Павлодарская,KZPAV,4.5
2019,процент,,Село,"5,5 долларов США по ППС в  день",Северо-Казахстанская,KZSEV,4.0
2019,процент,,Село,"5,5 долларов США по ППС в  день",Туркестанская,KZYUZ,6.6
2019,процент,,Село,"5,5 долларов США по ППС в  день",Восточно-Казахстанская,KZVOS,3.8
2020,процент,,,"3,2 долларов США по ППС в  день",,,0.0
2020,процент,,,"5,5 долларов США по ППС в  день",,,1.4
2020,процент,мужчины,,"3,2 долларов США по ППС в  день",,,0.0
2020,процент,мужчины,,"5,5 долларов США по ППС в  день",,,1.4
2020,процент,женщины,,"3,2 долларов США по ППС в  день",,,0.0
2020,процент,женщины,,"5,5 долларов США по ППС в  день",,,1.4
2020,процент,,Город,"3,2 долларов США по ППС в  день",,,0.0
2020,процент,,Город,"5,5 долларов США по ППС в  день",,,0.9
2020,процент,,Село,"3,2 долларов США по ППС в  день",,,0.1
2020,процент,,Село,"5,5 долларов США по ППС в  день",,,2.2
2020,процент,,,"3,2 долларов США по ППС в  день",Акмолинская,KZAKM,0.1
2020,процент,,,"3,2 долларов США по ППС в  день",Карагандинская,KZKAR,0.2
2020,процент,,,"3,2 долларов США по ППС в  день",Туркестанская,KZYUZ,0.2
2020,процент,,,"5,5 долларов США по ППС в  день",Абай,KZABY,2.8
2020,процент,,,"5,5 долларов США по ППС в  день",Акмолинская,KZAKM,1.8
2020,процент,,,"5,5 долларов США по ППС в  день",Актюбинская,KZAKT,1.9
2020,процент,,,"5,5 долларов США по ППС в  день",Алматинская,KZALM,0.6
2020,процент,,,"5,5 долларов США по ППС в  день",Западно-Казахстанская,KZZAP,1.9
2020,процент,,,"5,5 долларов США по ППС в  день",Жымбылская,KZZHA,1.6
2020,процент,,,"5,5 долларов США по ППС в  день",Жетісу,KZZHS,1.3
2020,процент,,,"5,5 долларов США по ППС в  день",Карагандинская,KZKAR,1.2
2020,процент,,,"5,5 долларов США по ППС в  день",Костанайская,KZKUS,0.9
2020,процент,,,"5,5 долларов США по ППС в  день",Кызылординская,KZKZY,1.8
2020,процент,,,"5,5 долларов США по ППС в  день",Мангистауская,KZMAN,2.2
2020,процент,,,"5,5 долларов США по ППС в  день",Павлодарская,KZPAV,1.5
2020,процент,,,"5,5 долларов США по ППС в  день",Северо-Казахстанская,KZSEV,2.9
2020,процент,,,"5,5 долларов США по ППС в  день",Туркестанская,KZYUZ,2.4
2020,процент,,,"5,5 долларов США по ППС в  день",Ұлытау,KZULU,0.3
2020,процент,,,"5,5 долларов США по ППС в  день",Восточно-Казахстанская,KZVOS,1.5
2020,процент,,,"5,5 долларов США по ППС в  день",г_Алматы,KZALA,0.7
2020,процент,,,"5,5 долларов США по ППС в  день",г_Шымкент,KZSHY,1.5
2020,процент,,Город,"3,2 долларов США по ППС в  день",Карагандинская,KZKAR,0.2
2020,процент,,Город,"5,5 долларов США по ППС в  день",Абай,KZABY,1.8
2020,процент,,Город,"5,5 долларов США по ППС в  день",Акмолинская,KZAKM,1.0
2020,процент,,Город,"5,5 долларов США по ППС в  день",Актюбинская,KZAKT,1.0
2020,процент,,Город,"5,5 долларов США по ППС в  день",Западно-Казахстанская,KZZAP,1.1
2020,процент,,Город,"5,5 долларов США по ППС в  день",Жымбылская,KZZHA,0.8
2020,процент,,Город,"5,5 долларов США по ППС в  день",Жетісу,KZZHS,0.2
2020,процент,,Город,"5,5 долларов США по ППС в  день",Карагандинская,KZKAR,1.5
2020,процент,,Город,"5,5 долларов США по ППС в  день",Костанайская,KZKUS,0.3
2020,процент,,Город,"5,5 долларов США по ППС в  день",Кызылординская,KZKZY,0.9
2020,процент,,Город,"5,5 долларов США по ППС в  день",Мангистауская,KZMAN,0.3
2020,процент,,Город,"5,5 долларов США по ППС в  день",Павлодарская,KZPAV,1.3
2020,процент,,Город,"5,5 долларов США по ППС в  день",Северо-Казахстанская,KZSEV,2.1
2020,процент,,Город,"5,5 долларов США по ППС в  день",Туркестанская,KZYUZ,2.9
2020,процент,,Город,"5,5 долларов США по ППС в  день",Ұлытау,KZULU,0.4
2020,процент,,Город,"5,5 долларов США по ППС в  день",Восточно-Казахстанская,KZVOS,0.2
2020,процент,,Город,"5,5 долларов США по ППС в  день",г_Алматы,KZALA,0.7
2020,процент,,Город,"5,5 долларов США по ППС в  день",г_Шымкент,KZSHY,1.5
2020,процент,,Село,"3,2 долларов США по ППС в  день",Акмолинская,KZAKM,0.1
2020,процент,,Село,"3,2 долларов США по ППС в  день",Карагандинская,KZKAR,0.1
2020,процент,,Село,"3,2 долларов США по ППС в  день",Туркестанская,KZYUZ,0.2
2020,процент,,Село,"5,5 долларов США по ППС в  день",Абай,KZABY,4.2
2020,процент,,Село,"5,5 долларов США по ППС в  день",Акмолинская,KZAKM,2.5
2020,процент,,Село,"5,5 долларов США по ППС в  день",Актюбинская,KZAKT,4.2
2020,процент,,Село,"5,5 долларов США по ППС в  день",Алматинская,KZALM,0.7
2020,процент,,Село,"5,5 долларов США по ППС в  день",Западно-Казахстанская,KZZAP,2.7
2020,процент,,Село,"5,5 долларов США по ППС в  день",Жымбылская,KZZHA,2.1
2020,процент,,Село,"5,5 долларов США по ППС в  день",Жетісу,KZZHS,2.0
2020,процент,,Село,"5,5 долларов США по ППС в  день",Карагандинская,KZKAR,0.4
2020,процент,,Село,"5,5 долларов США по ППС в  день",Костанайская,KZKUS,1.7
2020,процент,,Село,"5,5 долларов США по ППС в  день",Кызылординская,KZKZY,2.4
2020,процент,,Село,"5,5 долларов США по ППС в  день",Мангистауская,KZMAN,3.5
2020,процент,,Село,"5,5 долларов США по ППС в  день",Павлодарская,KZPAV,2.1
2020,процент,,Село,"5,5 долларов США по ППС в  день",Северо-Казахстанская,KZSEV,3.5
2020,процент,,Село,"5,5 долларов США по ППС в  день",Туркестанская,KZYUZ,2.3
2020,процент,,Село,"5,5 долларов США по ППС в  день",Восточно-Казахстанская,KZVOS,4.0
2021,процент,,,"3,2 долларов США по ППС в  день",,,0.0
2021,процент,,,"5,5 долларов США по ППС в  день",,,0.7
2021,процент,,,"6,85 доллара США по ППС в  день",,,2.7
2021,процент,мужчины,,"3,2 долларов США по ППС в  день",,,0.0
2021,процент,мужчины,,"5,5 долларов США по ППС в  день",,,0.8
2021,процент,мужчины,,"6,85 доллара США по ППС в  день",,,2.9
2021,процент,женщины,,"3,2 долларов США по ППС в  день",,,0.0
2021,процент,женщины,,"5,5 долларов США по ППС в  день",,,0.7
2021,процент,женщины,,"6,85 доллара США по ППС в  день",,,2.6
2021,процент,,Город,"3,2 долларов США по ППС в  день",,,0.0
2021,процент,,Город,"5,5 долларов США по ППС в  день",,,0.5
2021,процент,,Город,"6,85 доллара США по ППС в  день",,,1.9
2021,процент,,Село,"3,2 долларов США по ППС в  день",,,0.0
2021,процент,,Село,"5,5 долларов США по ППС в  день",,,1.0
2021,процент,,Село,"6,85 доллара США по ППС в  день",,,3.9
2021,процент,,,"3,2 долларов США по ППС в  день",Акмолинская,KZAKM,0.1
2021,процент,,,"3,2 долларов США по ППС в  день",Карагандинская,KZKAR,0.1
2021,процент,,,"3,2 долларов США по ППС в  день",г_Алматы,KZALA,0.2
2021,процент,,,"5,5 долларов США по ППС в  день",Абай,KZABY,0.8
2021,процент,,,"5,5 долларов США по ППС в  день",Акмолинская,KZAKM,1.2
2021,процент,,,"5,5 долларов США по ППС в  день",Актюбинская,KZAKT,0.8
2021,процент,,,"5,5 долларов США по ППС в  день",Алматинская,KZALM,0.4
2021,процент,,,"5,5 долларов США по ППС в  день",Западно-Казахстанская,KZZAP,0.4
2021,процент,,,"5,5 долларов США по ППС в  день",Жымбылская,KZZHA,0.5
2021,процент,,,"5,5 долларов США по ППС в  день",Жетісу,KZZHS,0.7
2021,процент,,,"5,5 долларов США по ППС в  день",Карагандинская,KZKAR,0.6
2021,процент,,,"5,5 долларов США по ППС в  день",Костанайская,KZKUS,0.4
2021,процент,,,"5,5 долларов США по ППС в  день",Кызылординская,KZKZY,0.8
2021,процент,,,"5,5 долларов США по ППС в  день",Мангистауская,KZMAN,1.1
2021,процент,,,"5,5 долларов США по ППС в  день",Павлодарская,KZPAV,0.4
2021,процент,,,"5,5 долларов США по ППС в  день",Северо-Казахстанская,KZSEV,1.1
2021,процент,,,"5,5 долларов США по ППС в  день",Туркестанская,KZYUZ,1.2
2021,процент,,,"5,5 долларов США по ППС в  день",Восточно-Казахстанская,KZVOS,0.9
2021,процент,,,"5,5 долларов США по ППС в  день",г_Астана,KZNS,0.3
2021,процент,,,"5,5 долларов США по ППС в  день",г_Алматы,KZALA,0.8
2021,процент,,,"5,5 долларов США по ППС в  день",г_Шымкент,KZSHY,1.0
2021,процент,,,"6,85 доллара США по ППС в  день",Абай,KZABY,3.6
2021,процент,,,"6,85 доллара США по ППС в  день",Акмолинская,KZAKM,3.1
2021,процент,,,"6,85 доллара США по ППС в  день",Актюбинская,KZAKT,3.0
2021,процент,,,"6,85 доллара США по ППС в  день",Алматинская,KZALM,1.8
2021,процент,,,"6,85 доллара США по ППС в  день",Атырауская,KZATY,0.8
2021,процент,,,"6,85 доллара США по ППС в  день",Западно-Казахстанская,KZZAP,3.5
2021,процент,,,"6,85 доллара США по ППС в  день",Жымбылская,KZZHA,2.3
2021,процент,,,"6,85 доллара США по ППС в  день",Жетісу,KZZHS,3.1
2021,процент,,,"6,85 доллара США по ППС в  день",Карагандинская,KZKAR,1.9
2021,процент,,,"6,85 доллара США по ППС в  день",Костанайская,KZKUS,1.6
2021,процент,,,"6,85 доллара США по ППС в  день",Кызылординская,KZKZY,3.1
2021,процент,,,"6,85 доллара США по ППС в  день",Мангистауская,KZMAN,3.5
2021,процент,,,"6,85 доллара США по ППС в  день",Павлодарская,KZPAV,1.9
2021,процент,,,"6,85 доллара США по ППС в  день",Северо-Казахстанская,KZSEV,2.8
2021,процент,,,"6,85 доллара США по ППС в  день",Туркестанская,KZYUZ,5.5
2021,процент,,,"6,85 доллара США по ППС в  день",Ұлытау,KZULU,0.5
2021,процент,,,"6,85 доллара США по ППС в  день",Восточно-Казахстанская,KZVOS,1.8
2021,процент,,,"6,85 доллара США по ППС в  день",г_Астана,KZNS,0.4
2021,процент,,,"6,85 доллара США по ППС в  день",г_Алматы,KZALA,2.4
2021,процент,,,"6,85 доллара США по ППС в  день",г_Шымкент,KZSHY,4.2
2021,процент,,Город,"3,2 долларов США по ППС в  день",Акмолинская,KZAKM,0.1
2021,процент,,Город,"3,2 долларов США по ППС в  день",Карагандинская,KZKAR,0.1
2021,процент,,Город,"3,2 долларов США по ППС в  день",г_Алматы,KZALA,0.2
2021,процент,,Город,"5,5 долларов США по ППС в  день",Абай,KZABY,0.4
2021,процент,,Город,"5,5 долларов США по ППС в  день",Акмолинская,KZAKM,1.0
2021,процент,,Город,"5,5 долларов США по ППС в  день",Актюбинская,KZAKT,0.3
2021,процент,,Город,"5,5 долларов США по ППС в  день",Западно-Казахстанская,KZZAP,0.4
2021,процент,,Город,"5,5 долларов США по ППС в  день",Жымбылская,KZZHA,0.2
2021,процент,,Город,"5,5 долларов США по ППС в  день",Карагандинская,KZKAR,0.6
2021,процент,,Город,"5,5 долларов США по ППС в  день",Костанайская,KZKUS,0.3
2021,процент,,Город,"5,5 долларов США по ППС в  день",Кызылординская,KZKZY,0.6
2021,процент,,Город,"5,5 долларов США по ППС в  день",Павлодарская,KZPAV,0.2
2021,процент,,Город,"5,5 долларов США по ППС в  день",Северо-Казахстанская,KZSEV,0.9
2021,процент,,Город,"5,5 долларов США по ППС в  день",Туркестанская,KZYUZ,0.2
2021,процент,,Город,"5,5 долларов США по ППС в  день",Восточно-Казахстанская,KZVOS,0.1
2021,процент,,Город,"5,5 долларов США по ППС в  день",г_Астана,KZNS,0.3
2021,процент,,Город,"5,5 долларов США по ППС в  день",г_Алматы,KZALA,0.8
2021,процент,,Город,"5,5 долларов США по ППС в  день",г_Шымкент,KZSHY,1.0
2021,процент,,Город,"6,85 доллара США по ППС в  день",Абай,KZABY,2.8
2021,процент,,Город,"6,85 доллара США по ППС в  день",Акмолинская,KZAKM,2.8
2021,процент,,Город,"6,85 доллара США по ППС в  день",Актюбинская,KZAKT,2.0
2021,процент,,Город,"6,85 доллара США по ППС в  день",Западно-Казахстанская,KZZAP,1.5
2021,процент,,Город,"6,85 доллара США по ППС в  день",Жымбылская,KZZHA,1.6
2021,процент,,Город,"6,85 доллара США по ППС в  день",Жетісу,KZZHS,1.3
2021,процент,,Город,"6,85 доллара США по ППС в  день",Карагандинская,KZKAR,2.0
2021,процент,,Город,"6,85 доллара США по ППС в  день",Костанайская,KZKUS,1.4
2021,процент,,Город,"6,85 доллара США по ППС в  день",Кызылординская,KZKZY,2.6
2021,процент,,Город,"6,85 доллара США по ППС в  день",Павлодарская,KZPAV,1.7
2021,процент,,Город,"6,85 доллара США по ППС в  день",Северо-Казахстанская,KZSEV,2.3
2021,процент,,Город,"6,85 доллара США по ППС в  день",Туркестанская,KZYUZ,2.4
2021,процент,,Город,"6,85 доллара США по ППС в  день",Ұлытау,KZULU,0.5
2021,процент,,Город,"6,85 доллара США по ППС в  день",Восточно-Казахстанская,KZVOS,0.5
2021,процент,,Город,"6,85 доллара США по ППС в  день",г_Астана,KZNS,0.4
2021,процент,,Город,"6,85 доллара США по ППС в  день",г_Алматы,KZALA,2.4
2021,процент,,Город,"6,85 доллара США по ППС в  день",г_Шымкент,KZSHY,4.2
2021,процент,,Село,"3,2 долларов США по ППС в  день",Акмолинская,KZAKM,0.1
2021,процент,,Село,"3,2 долларов США по ППС в  день",Алматинская,KZALM,0.2
2021,процент,,Село,"3,2 долларов США по ППС в  день",г.Костанай,KZKOS,0.1
2021,процент,,Село,"3,2 долларов США по ППС в  день",Туркестанская,KZYUZ,0.3
2021,процент,,Село,"5,5 долларов США по ППС в  день",Абай,KZABY,1.2
2021,процент,,Село,"5,5 долларов США по ППС в  день",Акмолинская,KZAKM,1.4
2021,процент,,Село,"5,5 долларов США по ППС в  день",Актюбинская,KZAKT,2.1
2021,процент,,Село,"5,5 долларов США по ППС в  день",Алматинская,KZALM,0.5
2021,процент,,Село,"5,5 долларов США по ППС в  день",Западно-Казахстанская,KZZAP,0.5
2021,процент,,Село,"5,5 долларов США по ППС в  день",Жымбылская,KZZHA,0.7
2021,процент,,Село,"5,5 долларов США по ППС в  день",Жетісу,KZZHS,1.1
2021,процент,,Село,"5,5 долларов США по ППС в  день",Карагандинская,KZKAR,0.5
2021,процент,,Село,"5,5 долларов США по ППС в  день",Костанайская,KZKUS,0.5
2021,процент,,Село,"5,5 долларов США по ППС в  день",Кызылординская,KZKZY,0.9
2021,процент,,Село,"5,5 долларов США по ППС в  день",Мангистауская,KZMAN,1.8
2021,процент,,Село,"5,5 долларов США по ППС в  день",Павлодарская,KZPAV,0.6
2021,процент,,Село,"5,5 долларов США по ППС в  день",Северо-Казахстанская,KZSEV,1.3
2021,процент,,Село,"5,5 долларов США по ППС в  день",Туркестанская,KZYUZ,1.5
2021,процент,,Село,"5,5 долларов США по ППС в  день",Восточно-Казахстанская,KZVOS,2.6
2021,процент,,Село,"6,85 доллара США по ППС в  день",Абай,KZABY,4.5
2021,процент,,Село,"6,85 доллара США по ППС в  день",Акмолинская,KZAKM,3.4
2021,процент,,Село,"6,85 доллара США по ППС в  день",Актюбинская,KZAKT,5.5
2021,процент,,Село,"6,85 доллара США по ППС в  день",Алматинская,KZALM,1.7
2021,процент,,Село,"6,85 доллара США по ППС в  день",Атырауская,KZATY,1.8
2021,процент,,Село,"6,85 доллара США по ППС в  день",Западно-Казахстанская,KZZAP,5.8
2021,процент,,Село,"6,85 доллара США по ППС в  день",Жымбылская,KZZHA,2.7
2021,процент,,Село,"6,85 доллара США по ППС в  день",Жетісу,KZZHS,4.2
2021,процент,,Село,"6,85 доллара США по ППС в  день",Карагандинская,KZKAR,1.4
2021,процент,,Село,"6,85 доллара США по ППС в  день",Костанайская,KZKUS,1.9
2021,процент,,Село,"6,85 доллара США по ППС в  день",Кызылординская,KZKZY,3.4
2021,процент,,Село,"6,85 доллара США по ППС в  день",Мангистауская,KZMAN,5.8
2021,процент,,Село,"6,85 доллара США по ППС в  день",Павлодарская,KZPAV,2.5
2021,процент,,Село,"6,85 доллара США по ППС в  день",Северо-Казахстанская,KZSEV,3.3
2021,процент,,Село,"6,85 доллара США по ППС в  день",Туркестанская,KZYUZ,6.3
2021,процент,,Село,"6,85 доллара США по ППС в  день",Восточно-Казахстанская,KZVOS,4.6
2022,процент,,,"3,2 долларов США по ППС в  день",,,0.0
2022,процент,,,"5,5 долларов США по ППС в  день",,,0.5
2022,процент,,,"6,85 доллара США по ППС в  день",,,2.4
2022,процент,мужчины,,"3,2 долларов США по ППС в  день",,,0.0
2022,процент,мужчины,,"5,5 долларов США по ППС в  день",,,0.5
2022,процент,мужчины,,"6,85 доллара США по ППС в  день",,,2.5
2022,процент,женщины,,"3,2 долларов США по ППС в  день",,,0.0
2022,процент,женщины,,"5,5 долларов США по ППС в  день",,,0.5
2022,процент,женщины,,"6,85 доллара США по ППС в  день",,,2.3
2022,процент,,Город,"5,5 долларов США по ППС в  день",,,0.4
2022,процент,,Город,"6,85 доллара США по ППС в  день",,,1.7
2022,процент,,Село,"3,2 долларов США по ППС в  день",,,0.0
2022,процент,,Село,"5,5 долларов США по ППС в  день",,,0.7
2022,процент,,Село,"6,85 доллара США по ППС в  день",,,3.4
2022,процент,,,"3,2 долларов США по ППС в  день",Акмолинская,KZAKM,0.1
2022,процент,,,"5,5 долларов США по ППС в  день",Абай,KZABY,0.5
2022,процент,,,"5,5 долларов США по ППС в  день",Акмолинская,KZAKM,1.4
2022,процент,,,"5,5 долларов США по ППС в  день",Актюбинская,KZAKT,1.0
2022,процент,,,"5,5 долларов США по ППС в  день",Алматинская,KZALM,0.2
2022,процент,,,"5,5 долларов США по ППС в  день",Западно-Казахстанская,KZZAP,0.1
2022,процент,,,"5,5 долларов США по ППС в  день",Жымбылская,KZZHA,0.3
2022,процент,,,"5,5 долларов США по ППС в  день",Жетісу,KZZHS,0.4
2022,процент,,,"5,5 долларов США по ППС в  день",Карагандинская,KZKAR,0.9
2022,процент,,,"5,5 долларов США по ППС в  день",Костанайская,KZKUS,0.4
2022,процент,,,"5,5 долларов США по ППС в  день",Кызылординская,KZKZY,0.3
2022,процент,,,"5,5 долларов США по ППС в  день",Мангистауская,KZMAN,0.1
2022,процент,,,"5,5 долларов США по ППС в  день",Павлодарская,KZPAV,0.1
2022,процент,,,"5,5 долларов США по ППС в  день",Северо-Казахстанская,KZSEV,0.5
2022,процент,,,"5,5 долларов США по ППС в  день",Туркестанская,KZYUZ,0.4
2022,процент,,,"5,5 долларов США по ППС в  день",Восточно-Казахстанская,KZVOS,1.6
2022,процент,,,"5,5 долларов США по ППС в  день",г_Алматы,KZALA,0.8
2022,процент,,,"5,5 долларов США по ППС в  день",г_Шымкент,KZSHY,0.8
2022,процент,,,"6,85 доллара США по ППС в  день",Абай,KZABY,2.7
2022,процент,,,"6,85 доллара США по ППС в  день",Акмолинская,KZAKM,3.1
2022,процент,,,"6,85 доллара США по ППС в  день",Актюбинская,KZAKT,2.8
2022,процент,,,"6,85 доллара США по ППС в  день",Алматинская,KZALM,1.2
2022,процент,,,"6,85 доллара США по ППС в  день",Западно-Казахстанская,KZZAP,3.2
2022,процент,,,"6,85 доллара США по ППС в  день",Жымбылская,KZZHA,1.6
2022,процент,,,"6,85 доллара США по ППС в  день",Жетісу,KZZHS,2.7
2022,процент,,,"6,85 доллара США по ППС в  день",Карагандинская,KZKAR,2.1
2022,процент,,,"6,85 доллара США по ППС в  день",Костанайская,KZKUS,1.4
2022,процент,,,"6,85 доллара США по ППС в  день",Кызылординская,KZKZY,3.1
2022,процент,,,"6,85 доллара США по ППС в  день",Мангистауская,KZMAN,2.6
2022,процент,,,"6,85 доллара США по ППС в  день",Павлодарская,KZPAV,1.5
2022,процент,,,"6,85 доллара США по ППС в  день",Северо-Казахстанская,KZSEV,2.1
2022,процент,,,"6,85 доллара США по ППС в  день",Туркестанская,KZYUZ,4.5
2022,процент,,,"6,85 доллара США по ППС в  день",Ұлытау,KZULU,0.3
2022,процент,,,"6,85 доллара США по ППС в  день",Восточно-Казахстанская,KZVOS,2.5
2022,процент,,,"6,85 доллара США по ППС в  день",г_Астана,KZNS,0.3
2022,процент,,,"6,85 доллара США по ППС в  день",г_Алматы,KZALA,2.3
2022,процент,,,"6,85 доллара США по ППС в  день",г_Шымкент,KZSHY,3.9
2022,процент,,Город,"5,5 долларов США по ППС в  день",Акмолинская,KZAKM,1.6
2022,процент,,Город,"5,5 долларов США по ППС в  день",Актюбинская,KZAKT,0.4
2022,процент,,Город,"5,5 долларов США по ППС в  день",Карагандинская,KZKAR,1.1
2022,процент,,Город,"5,5 долларов США по ППС в  день",Костанайская,KZKUS,0.1
2022,процент,,Город,"5,5 долларов США по ППС в  день",Павлодарская,KZPAV,0.1
2022,процент,,Город,"5,5 долларов США по ППС в  день",Северо-Казахстанская,KZSEV,0.4
2022,процент,,Город,"5,5 долларов США по ППС в  день",Туркестанская,KZYUZ,0.1
2022,процент,,Город,"5,5 долларов США по ППС в  день",Восточно-Казахстанская,KZVOS,0.3
2022,процент,,Город,"5,5 долларов США по ППС в  день",г_Алматы,KZALA,0.8
2022,процент,,Город,"5,5 долларов США по ППС в  день",г_Шымкент,KZSHY,0.8
2022,процент,,Город,"6,85 доллара США по ППС в  день",Абай,KZABY,1.5
2022,процент,,Город,"6,85 доллара США по ППС в  день",Акмолинская,KZAKM,3.3
2022,процент,,Город,"6,85 доллара США по ППС в  день",Актюбинская,KZAKT,1.9
2022,процент,,Город,"6,85 доллара США по ППС в  день",Алматинская,KZALM,1.6
2022,процент,,Город,"6,85 доллара США по ППС в  день",Атырауская,KZATY,0.4
2022,процент,,Город,"6,85 доллара США по ППС в  день",Западно-Казахстанская,KZZAP,1.8
2022,процент,,Город,"6,85 доллара США по ППС в  день",Жымбылская,KZZHA,0.9
2022,процент,,Город,"6,85 доллара США по ППС в  день",Карагандинская,KZKAR,2.3
2022,процент,,Город,"6,85 доллара США по ППС в  день",Костанайская,KZKUS,0.4
2022,процент,,Город,"6,85 доллара США по ППС в  день",Кызылординская,KZKZY,2.7
2022,процент,,Город,"6,85 доллара США по ППС в  день",Мангистауская,KZMAN,0.3
2022,процент,,Город,"6,85 доллара США по ППС в  день",Павлодарская,KZPAV,1.2
2022,процент,,Город,"6,85 доллара США по ППС в  день",Северо-Казахстанская,KZSEV,1.3
2022,процент,,Город,"6,85 доллара США по ППС в  день",Туркестанская,KZYUZ,1.7
2022,процент,,Город,"6,85 доллара США по ППС в  день",Ұлытау,KZULU,0.4
2022,процент,,Город,"6,85 доллара США по ППС в  день",Восточно-Казахстанская,KZVOS,0.4
2022,процент,,Город,"6,85 доллара США по ППС в  день",г_Астана,KZNS,0.3
2022,процент,,Город,"6,85 доллара США по ППС в  день",г_Алматы,KZALA,2.3
2022,процент,,Город,"6,85 доллара США по ППС в  день",г_Шымкент,KZSHY,3.9
2022,процент,,Село,"3,2 долларов США по ППС в  день",Акмолинская,KZAKM,0.1
2022,процент,,Село,"5,5 долларов США по ППС в  день",Абай,KZABY,1.3
2022,процент,,Село,"5,5 долларов США по ППС в  день",Акмолинская,KZAKM,1.1
2022,процент,,Село,"5,5 долларов США по ППС в  день",Актюбинская,KZAKT,2.7
2022,процент,,Село,"5,5 долларов США по ППС в  день",Алматинская,KZALM,0.2
2022,процент,,Село,"5,5 долларов США по ППС в  день",Западно-Казахстанская,KZZAP,0.3
2022,процент,,Село,"5,5 долларов США по ППС в  день",Жымбылская,KZZHA,0.6
2022,процент,,Село,"5,5 долларов США по ППС в  день",Жетісу,KZZHS,0.7
2022,процент,,Село,"5,5 долларов США по ППС в  день",Карагандинская,KZKAR,0.2
2022,процент,,Село,"5,5 долларов США по ППС в  день",Костанайская,KZKUS,0.9
2022,процент,,Село,"5,5 долларов США по ППС в  день",Кызылординская,KZKZY,0.6
2022,процент,,Село,"5,5 долларов США по ППС в  день",Мангистауская,KZMAN,0.1
2022,процент,,Село,"5,5 долларов США по ППС в  день",Павлодарская,KZPAV,0.1
2022,процент,,Село,"5,5 долларов США по ППС в  день",Северо-Казахстанская,KZSEV,0.5
2022,процент,,Село,"5,5 долларов США по ППС в  день",Туркестанская,KZYUZ,0.5
2022,процент,,Село,"5,5 долларов США по ППС в  день",Восточно-Казахстанская,KZVOS,4.2
2022,процент,,Село,"6,85 доллара США по ППС в  день",Абай,KZABY,4.5
2022,процент,,Село,"6,85 доллара США по ППС в  день",Акмолинская,KZAKM,3.0
2022,процент,,Село,"6,85 доллара США по ППС в  день",Актюбинская,KZAKT,5.4
2022,процент,,Село,"6,85 доллара США по ППС в  день",Алматинская,KZALM,1.2
2022,процент,,Село,"6,85 доллара США по ППС в  день",Западно-Казахстанская,KZZAP,5.0
2022,процент,,Село,"6,85 доллара США по ППС в  день",Жымбылская,KZZHA,2.2
2022,процент,,Село,"6,85 доллара США по ППС в  день",Жетісу,KZZHS,3.8
2022,процент,,Село,"6,85 доллара США по ППС в  день",Карагандинская,KZKAR,1.2
2022,процент,,Село,"6,85 доллара США по ППС в  день",Костанайская,KZKUS,3.0
2022,процент,,Село,"6,85 доллара США по ППС в  день",Кызылординская,KZKZY,3.4
2022,процент,,Село,"6,85 доллара США по ППС в  день",Мангистауская,KZMAN,4.5
2022,процент,,Село,"6,85 доллара США по ППС в  день",Павлодарская,KZPAV,2.1
2022,процент,,Село,"6,85 доллара США по ППС в  день",Северо-Казахстанская,KZSEV,2.9
2022,процент,,Село,"6,85 доллара США по ППС в  день",Туркестанская,KZYUZ,5.4
2022,процент,,Село,"6,85 доллара США по ППС в  день",Восточно-Казахстанская,KZVOS,6.4
2023,процент,,,"1,9 долларов США по ППС в  день",,,0.0
2023,процент,,,"3,2 долларов США по ППС в  день",,,0.0
2023,процент,,,"5,5 долларов США по ППС в  день",,,0.5
2023,процент,,,"6,85 доллара США по ППС в  день",,,2.0
2023,процент,мужчины,,"1,9 долларов США по ППС в  день",,,0.0
2023,процент,мужчины,,"3,2 долларов США по ППС в  день",,,0.0
2023,процент,мужчины,,"5,5 долларов США по ППС в  день",,,0.5
2023,процент,мужчины,,"6,85 доллара США по ППС в  день",,,2.1
2023,процент,женщины,,"1,9 долларов США по ППС в  день",,,0.0
2023,процент,женщины,,"3,2 долларов США по ППС в  день",,,0.0
2023,процент,женщины,,"5,5 долларов США по ППС в  день",,,0.5
2023,процент,женщины,,"6,85 доллара США по ППС в  день",,,1.9
2023,процент,,Город,"1,9 долларов США по ППС в  день",,,0.0
2023,процент,,Город,"3,2 долларов США по ППС в  день",,,0.0
2023,процент,,Город,"5,5 долларов США по ППС в  день",,,0.3
2023,процент,,Город,"6,85 доллара США по ППС в  день",,,1.4
2023,процент,,Село,"3,2 долларов США по ППС в  день",,,0.0
2023,процент,,Село,"5,5 долларов США по ППС в  день",,,0.8
2023,процент,,Село,"6,85 доллара США по ППС в  день",,,2.9
2023,процент,,,"1,9 долларов США по ППС в  день",Акмолинская,KZAKM,0.1
2023,процент,,,"3,2 долларов США по ППС в  день",Абай,KZABY,0.1
2023,процент,,,"3,2 долларов США по ППС в  день",Акмолинская,KZAKM,0.1
2023,процент,,,"3,2 долларов США по ППС в  день",Алматинская,KZALM,0.2
2023,процент,,,"3,2 долларов США по ППС в  день",Костанайская,KZKUS,0.0
2023,процент,,,"3,2 долларов США по ППС в  день",Ұлытау,KZULU,0.2
2023,процент,,,"5,5 долларов США по ППС в  день",Абай,KZABY,2.5
2023,процент,,,"5,5 долларов США по ППС в  день",Акмолинская,KZAKM,0.8
2023,процент,,,"5,5 долларов США по ППС в  день",Актюбинская,KZAKT,0.4
2023,процент,,,"5,5 долларов США по ППС в  день",Алматинская,KZALM,0.5
2023,процент,,,"5,5 долларов США по ППС в  день",Жымбылская,KZZHA,0.4
2023,процент,,,"5,5 долларов США по ППС в  день",Жетісу,KZZHS,1.1
2023,процент,,,"5,5 долларов США по ППС в  день",Карагандинская,KZKAR,0.7
2023,процент,,,"5,5 долларов США по ППС в  день",Костанайская,KZKUS,0.3
2023,процент,,,"5,5 долларов США по ППС в  день",Кызылординская,KZKZY,0.2
2023,процент,,,"5,5 долларов США по ППС в  день",Павлодарская,KZPAV,0.1
2023,процент,,,"5,5 долларов США по ППС в  день",Северо-Казахстанская,KZSEV,0.3
2023,процент,,,"5,5 долларов США по ППС в  день",Туркестанская,KZYUZ,1.1
2023,процент,,,"5,5 долларов США по ППС в  день",Ұлытау,KZULU,0.7
2023,процент,,,"5,5 долларов США по ППС в  день",Восточно-Казахстанская,KZVOS,0.3
2023,процент,,,"5,5 долларов США по ППС в  день",г_Астана,KZNS,0.3
2023,процент,,,"5,5 долларов США по ППС в  день",г_Алматы,KZALA,0.1
2023,процент,,,"5,5 долларов США по ППС в  день",г_Шымкент,KZSHY,0.5
2023,процент,,,"6,85 доллара США по ППС в  день",Абай,KZABY,4.0
2023,процент,,,"6,85 доллара США по ППС в  день",Акмолинская,KZAKM,1.4
2023,процент,,,"6,85 доллара США по ППС в  день",Актюбинская,KZAKT,2.5
2023,процент,,,"6,85 доллара США по ППС в  день",Алматинская,KZALM,1.4
2023,процент,,,"6,85 доллара США по ППС в  день",Западно-Казахстанская,KZZAP,2.3
2023,процент,,,"6,85 доллара США по ППС в  день",Жымбылская,KZZHA,1.4
2023,процент,,,"6,85 доллара США по ППС в  день",Жетісу,KZZHS,2.5
2023,процент,,,"6,85 доллара США по ППС в  день",Карагандинская,KZKAR,1.5
2023,процент,,,"6,85 доллара США по ППС в  день",Костанайская,KZKUS,0.9
2023,процент,,,"6,85 доллара США по ППС в  день",Кызылординская,KZKZY,2.5
2023,процент,,,"6,85 доллара США по ППС в  день",Мангистауская,KZMAN,0.9
2023,процент,,,"6,85 доллара США по ППС в  день",Павлодарская,KZPAV,1.2
2023,процент,,,"6,85 доллара США по ППС в  день",Северо-Казахстанская,KZSEV,0.9
2023,процент,,,"6,85 доллара США по ППС в  день",Туркестанская,KZYUZ,4.3
2023,процент,,,"6,85 доллара США по ППС в  день",Ұлытау,KZULU,1.5
2023,процент,,,"6,85 доллара США по ППС в  день",Восточно-Казахстанская,KZVOS,1.4
2023,процент,,,"6,85 доллара США по ППС в  день",г_Астана,KZNS,0.8
2023,процент,,,"6,85 доллара США по ППС в  день",г_Алматы,KZALA,1.7
2023,процент,,,"6,85 доллара США по ППС в  день",г_Шымкент,KZSHY,3.4
2023,процент,,Город,"1,9 долларов США по ППС в  день",Акмолинская,KZAKM,0.1
2023,процент,,Город,"3,2 долларов США по ППС в  день",Абай,KZABY,0.1
2023,процент,,Город,"3,2 долларов США по ППС в  день",Акмолинская,KZAKM,0.1
2023,процент,,Город,"3,2 долларов США по ППС в  день",Ұлытау,KZULU,0.2
2023,процент,,Город,"5,5 долларов США по ППС в  день",Абай,KZABY,2.9
2023,процент,,Город,"5,5 долларов США по ППС в  день",Акмолинская,KZAKM,0.8
2023,процент,,Город,"5,5 долларов США по ППС в  день",Актюбинская,KZAKT,0.1
2023,процент,,Город,"5,5 долларов США по ППС в  день",Жетісу,KZZHS,0.4
2023,процент,,Город,"5,5 долларов США по ППС в  день",Карагандинская,KZKAR,0.9
2023,процент,,Город,"5,5 долларов США по ППС в  день",Северо-Казахстанская,KZSEV,0.2
2023,процент,,Город,"5,5 долларов США по ППС в  день",Туркестанская,KZYUZ,0.3
2023,процент,,Город,"5,5 долларов США по ППС в  день",Ұлытау,KZULU,0.6
2023,процент,,Город,"5,5 долларов США по ППС в  день",г_Астана,KZNS,0.3
2023,процент,,Город,"5,5 долларов США по ППС в  день",г_Алматы,KZALA,0.1
2023,процент,,Город,"5,5 долларов США по ППС в  день",г_Шымкент,KZSHY,0.5
2023,процент,,Город,"6,85 доллара США по ППС в  день",Абай,KZABY,4.0
2023,процент,,Город,"6,85 доллара США по ППС в  день",Акмолинская,KZAKM,1.5
2023,процент,,Город,"6,85 доллара США по ППС в  день",Актюбинская,KZAKT,1.0
2023,процент,,Город,"6,85 доллара США по ППС в  день",Алматинская,KZALM,0.9
2023,процент,,Город,"6,85 доллара США по ППС в  день",Западно-Казахстанская,KZZAP,0.9
2023,процент,,Город,"6,85 доллара США по ППС в  день",Жымбылская,KZZHA,0.2
2023,процент,,Город,"6,85 доллара США по ППС в  день",Жетісу,KZZHS,2.1
2023,процент,,Город,"6,85 доллара США по ППС в  день",Карагандинская,KZKAR,1.7
2023,процент,,Город,"6,85 доллара США по ППС в  день",Костанайская,KZKUS,0.3
2023,процент,,Город,"6,85 доллара США по ППС в  день",Кызылординская,KZKZY,1.6
2023,процент,,Город,"6,85 доллара США по ППС в  день",Мангистауская,KZMAN,0.1
2023,процент,,Город,"6,85 доллара США по ППС в  день",Павлодарская,KZPAV,0.9
2023,процент,,Город,"6,85 доллара США по ППС в  день",Северо-Казахстанская,KZSEV,0.6
2023,процент,,Город,"6,85 доллара США по ППС в  день",Туркестанская,KZYUZ,0.8
2023,процент,,Город,"6,85 доллара США по ППС в  день",Ұлытау,KZULU,1.2
2023,процент,,Город,"6,85 доллара США по ППС в  день",Восточно-Казахстанская,KZVOS,0.9
2023,процент,,Город,"6,85 доллара США по ППС в  день",г_Астана,KZNS,0.8
2023,процент,,Город,"6,85 доллара США по ППС в  день",г_Алматы,KZALA,1.7
2023,процент,,Город,"6,85 доллара США по ППС в  день",г_Шымкент,KZSHY,3.4
2023,процент,,Село,"3,2 долларов США по ППС в  день",Алматинская,KZALM,0.2
2023,процент,,Село,"3,2 долларов США по ППС в  день",г.Костанай,KZKOS,0.1
2023,процент,,Село,"5,5 долларов США по ППС в  день",Абай,KZABY,1.8
2023,процент,,Село,"5,5 долларов США по ППС в  день",Акмолинская,KZAKM,0.9
2023,процент,,Село,"5,5 долларов США по ППС в  день",Актюбинская,KZAKT,1.3
2023,процент,,Село,"5,5 долларов США по ППС в  день",Алматинская,KZALM,0.6
2023,процент,,Село,"5,5 долларов США по ППС в  день",Западно-Казахстанская,KZZAP,0.1
2023,процент,,Село,"5,5 долларов США по ППС в  день",Жымбылская,KZZHA,0.7
2023,процент,,Село,"5,5 долларов США по ППС в  день",Жетісу,KZZHS,1.7
2023,процент,,Село,"5,5 долларов США по ППС в  день",Карагандинская,KZKAR,0.1
2023,процент,,Село,"5,5 долларов США по ППС в  день",Костанайская,KZKUS,0.8
2023,процент,,Село,"5,5 долларов США по ППС в  день",Кызылординская,KZKZY,0.3
2023,процент,,Село,"5,5 долларов США по ППС в  день",Павлодарская,KZPAV,0.3
2023,процент,,Село,"5,5 долларов США по ППС в  день",Северо-Казахстанская,KZSEV,0.4
2023,процент,,Село,"5,5 долларов США по ППС в  день",Туркестанская,KZYUZ,1.3
2023,процент,,Село,"5,5 долларов США по ППС в  день",Ұлытау,KZULU,1.3
2023,процент,,Село,"5,5 долларов США по ППС в  день",Восточно-Казахстанская,KZVOS,0.9
2023,процент,,Село,"6,85 доллара США по ППС в  день",Абай,KZABY,3.9
2023,процент,,Село,"6,85 доллара США по ППС в  день",Акмолинская,KZAKM,1.3
2023,процент,,Село,"6,85 доллара США по ППС в  день",Актюбинская,KZAKT,7.2
2023,процент,,Село,"6,85 доллара США по ППС в  день",Алматинская,KZALM,1.5
2023,процент,,Село,"6,85 доллара США по ППС в  день",Атырауская,KZATY,0.3
2023,процент,,Село,"6,85 доллара США по ППС в  день",Западно-Казахстанская,KZZAP,4.0
2023,процент,,Село,"6,85 доллара США по ППС в  день",Жымбылская,KZZHA,2.3
2023,процент,,Село,"6,85 доллара США по ППС в  день",Жетісу,KZZHS,2.7
2023,процент,,Село,"6,85 доллара США по ППС в  день",Карагандинская,KZKAR,0.5
2023,процент,,Село,"6,85 доллара США по ППС в  день",Костанайская,KZKUS,1.8
2023,процент,,Село,"6,85 доллара США по ППС в  день",Кызылординская,KZKZY,3.2
2023,процент,,Село,"6,85 доллара США по ППС в  день",Мангистауская,KZMAN,1.7
2023,процент,,Село,"6,85 доллара США по ППС в  день",Павлодарская,KZPAV,1.9
2023,процент,,Село,"6,85 доллара США по ППС в  день",Северо-Казахстанская,KZSEV,1.2
2023,процент,,Село,"6,85 доллара США по ППС в  день",Туркестанская,KZYUZ,5.4
2023,процент,,Село,"6,85 доллара США по ППС в  день",Ұлытау,KZULU,2.6
2023,процент,,Село,"6,85 доллара США по ППС в  день",Восточно-Казахстанская,KZVOS,2.3
2024,процент,,,"3,2 долларов США по ППС в  день",,,0.0
2024,процент,,,"5,5 долларов США по ППС в  день",,,0.3
2024,процент,,,"6,85 доллара США по ППС в  день",,,1.4
2024,процент,мужчины,,"3,2 долларов США по ППС в  день",,,0.0
2024,процент,мужчины,,"5,5 долларов США по ППС в  день",,,0.3
2024,процент,мужчины,,"6,85 доллара США по ППС в  день",,,1.5
2024,процент,женщины,,"3,2 долларов США по ППС в  день",,,0.0
2024,процент,женщины,,"5,5 долларов США по ППС в  день",,,0.3
2024,процент,женщины,,"6,85 доллара США по ППС в  день",,,1.3
2024,процент,,Город,"5,5 долларов США по ППС в  день",,,0.3
2024,процент,,Город,"6,85 доллара США по ППС в  день",,,1.1
2024,процент,,Село,"3,2 долларов США по ППС в  день",,,0.0
2024,процент,,Село,"5,5 долларов США по ППС в  день",,,0.3
2024,процент,,Село,"6,85 доллара США по ППС в  день",,,1.9
2024,процент,,,"3,2 долларов США по ППС в  день",Туркестанская,KZYUZ,0.1
2024,процент,,,"5,5 долларов США по ППС в  день",Абай,KZABY,0.8
2024,процент,,,"5,5 долларов США по ППС в  день",Акмолинская,KZAKM,0.6
2024,процент,,,"5,5 долларов США по ППС в  день",Актюбинская,KZAKT,0.1
2024,процент,,,"5,5 долларов США по ППС в  день",Алматинская,KZALM,0.4
2024,процент,,,"5,5 долларов США по ППС в  день",Жымбылская,KZZHA,0.1
2024,процент,,,"5,5 долларов США по ППС в  день",Жетісу,KZZHS,0.5
2024,процент,,,"5,5 долларов США по ППС в  день",Карагандинская,KZKAR,0.1
2024,процент,,,"5,5 долларов США по ППС в  день",Костанайская,KZKUS,0.1
2024,процент,,,"5,5 долларов США по ППС в  день",Кызылординская,KZKZY,0.1
2024,процент,,,"5,5 долларов США по ППС в  день",Павлодарская,KZPAV,0.1
2024,процент,,,"5,5 долларов США по ППС в  день",Северо-Казахстанская,KZSEV,0.2
2024,процент,,,"5,5 долларов США по ППС в  день",Туркестанская,KZYUZ,0.5
2024,процент,,,"5,5 долларов США по ППС в  день",Ұлытау,KZULU,0.7
2024,процент,,,"5,5 долларов США по ППС в  день",Восточно-Казахстанская,KZVOS,0.4
2024,процент,,,"5,5 долларов США по ППС в  день",г_Астана,KZNS,0.1
2024,процент,,,"5,5 долларов США по ППС в  день",г_Алматы,KZALA,0.1
2024,процент,,,"5,5 долларов США по ППС в  день",г_Шымкент,KZSHY,1.3
2024,процент,,,"6,85 доллара США по ППС в  день",Абай,KZABY,3.0
2024,процент,,,"6,85 доллара США по ППС в  день",Акмолинская,KZAKM,1.6
2024,процент,,,"6,85 доллара США по ППС в  день",Актюбинская,KZAKT,2.6
2024,процент,,,"6,85 доллара США по ППС в  день",Алматинская,KZALM,1.2
2024,процент,,,"6,85 доллара США по ППС в  день",Атырауская,KZATY,0.3
2024,процент,,,"6,85 доллара США по ППС в  день",Западно-Казахстанская,KZZAP,1.0
2024,процент,,,"6,85 доллара США по ППС в  день",Жымбылская,KZZHA,0.3
2024,процент,,,"6,85 доллара США по ППС в  день",Жетісу,KZZHS,2.1
2024,процент,,,"6,85 доллара США по ППС в  день",Карагандинская,KZKAR,1.0
2024,процент,,,"6,85 доллара США по ППС в  день",Костанайская,KZKUS,0.9
2024,процент,,,"6,85 доллара США по ППС в  день",Кызылординская,KZKZY,0.8
2024,процент,,,"6,85 доллара США по ППС в  день",Мангистауская,KZMAN,0.2
2024,процент,,,"6,85 доллара США по ППС в  день",Павлодарская,KZPAV,1.0
2024,процент,,,"6,85 доллара США по ППС в  день",Северо-Казахстанская,KZSEV,0.6
2024,процент,,,"6,85 доллара США по ППС в  день",Туркестанская,KZYUZ,2.9
2024,процент,,,"6,85 доллара США по ППС в  день",Ұлытау,KZULU,1.4
2024,процент,,,"6,85 доллара США по ППС в  день",Восточно-Казахстанская,KZVOS,0.7
2024,процент,,,"6,85 доллара США по ППС в  день",г_Астана,KZNS,0.4
2024,процент,,,"6,85 доллара США по ППС в  день",г_Алматы,KZALA,0.7
2024,процент,,,"6,85 доллара США по ППС в  день",г_Шымкент,KZSHY,3.7
2024,процент,,Город,"5,5 долларов США по ППС в  день",Абай,KZABY,0.7
2024,процент,,Город,"5,5 долларов США по ППС в  день",Акмолинская,KZAKM,0.8
2024,процент,,Город,"5,5 долларов США по ППС в  день",Алматинская,KZALM,1.0
2024,процент,,Город,"5,5 долларов США по ППС в  день",Жетісу,KZZHS,0.1
2024,процент,,Город,"5,5 долларов США по ППС в  день",Карагандинская,KZKAR,0.1
2024,процент,,Город,"5,5 долларов США по ППС в  день",Кызылординская,KZKZY,0.2
2024,процент,,Город,"5,5 долларов США по ППС в  день",Павлодарская,KZPAV,0.1
2024,процент,,Город,"5,5 долларов США по ППС в  день",Северо-Казахстанская,KZSEV,0.4
2024,процент,,Город,"5,5 долларов США по ППС в  день",Ұлытау,KZULU,0.4
2024,процент,,Город,"5,5 долларов США по ППС в  день",Восточно-Казахстанская,KZVOS,0.3
2024,процент,,Город,"5,5 долларов США по ППС в  день",г_Астана,KZNS,0.1
2024,процент,,Город,"5,5 долларов США по ППС в  день",г_Алматы,KZALA,0.1
2024,процент,,Город,"5,5 долларов США по ППС в  день",г_Шымкент,KZSHY,1.3
2024,процент,,Город,"6,85 доллара США по ППС в  день",Абай,KZABY,2.4
2024,процент,,Город,"6,85 доллара США по ППС в  день",Акмолинская,KZAKM,1.9
2024,процент,,Город,"6,85 доллара США по ППС в  день",Актюбинская,KZAKT,1.4
2024,процент,,Город,"6,85 доллара США по ППС в  день",Алматинская,KZALM,2.6
2024,процент,,Город,"6,85 доллара США по ППС в  день",Атырауская,KZATY,0.2
2024,процент,,Город,"6,85 доллара США по ППС в  день",Западно-Казахстанская,KZZAP,0.3
2024,процент,,Город,"6,85 доллара США по ППС в  день",Жетісу,KZZHS,1.5
2024,процент,,Город,"6,85 доллара США по ППС в  день",Карагандинская,KZKAR,1.1
2024,процент,,Город,"6,85 доллара США по ППС в  день",Костанайская,KZKUS,0.4
2024,процент,,Город,"6,85 доллара США по ППС в  день",Кызылординская,KZKZY,0.5
2024,процент,,Город,"6,85 доллара США по ППС в  день",Мангистауская,KZMAN,0.1
2024,процент,,Город,"6,85 доллара США по ППС в  день",Павлодарская,KZPAV,0.8
2024,процент,,Город,"6,85 доллара США по ППС в  день",Северо-Казахстанская,KZSEV,0.4
2024,процент,,Город,"6,85 доллара США по ППС в  день",Туркестанская,KZYUZ,0.3
2024,процент,,Город,"6,85 доллара США по ППС в  день",Ұлытау,KZULU,0.8
2024,процент,,Город,"6,85 доллара США по ППС в  день",Восточно-Казахстанская,KZVOS,0.3
2024,процент,,Город,"6,85 доллара США по ППС в  день",г_Астана,KZNS,0.4
2024,процент,,Город,"6,85 доллара США по ППС в  день",г_Алматы,KZALA,0.7
2024,процент,,Город,"6,85 доллара США по ППС в  день",г_Шымкент,KZSHY,3.7
2024,процент,,Село,"3,2 долларов США по ППС в  день",Туркестанская,KZYUZ,0.1
2024,процент,,Село,"5,5 долларов США по ППС в  день",Абай,KZABY,1.0
2024,процент,,Село,"5,5 долларов США по ППС в  день",Акмолинская,KZAKM,0.2
2024,процент,,Село,"5,5 долларов США по ППС в  день",Актюбинская,KZAKT,0.4
2024,процент,,Село,"5,5 долларов США по ППС в  день",Алматинская,KZALM,0.2
2024,процент,,Село,"5,5 долларов США по ППС в  день",Жымбылская,KZZHA,0.2
2024,процент,,Село,"5,5 долларов США по ППС в  день",Жетісу,KZZHS,0.8
2024,процент,,Село,"5,5 долларов США по ППС в  день",Костанайская,KZKUS,0.4
2024,процент,,Село,"5,5 долларов США по ППС в  день",Туркестанская,KZYUZ,0.6
2024,процент,,Село,"5,5 долларов США по ППС в  день",Ұлытау,KZULU,1.9
2024,процент,,Село,"5,5 долларов США по ППС в  день",Восточно-Казахстанская,KZVOS,0.7
2024,процент,,Село,"6,85 доллара США по ППС в  день",Абай,KZABY,3.9
2024,процент,,Село,"6,85 доллара США по ППС в  день",Акмолинская,KZAKM,1.2
2024,процент,,Село,"6,85 доллара США по ППС в  день",Актюбинская,KZAKT,6.0
2024,процент,,Село,"6,85 доллара США по ППС в  день",Алматинская,KZALM,0.9
2024,процент,,Село,"6,85 доллара США по ППС в  день",Атырауская,KZATY,0.3
2024,процент,,Село,"6,85 доллара США по ППС в  день",Западно-Казахстанская,KZZAP,1.9
2024,процент,,Село,"6,85 доллара США по ППС в  день",Жымбылская,KZZHA,0.6
2024,процент,,Село,"6,85 доллара США по ППС в  день",Жетісу,KZZHS,2.5
2024,процент,,Село,"6,85 доллара США по ППС в  день",Карагандинская,KZKAR,0.1
2024,процент,,Село,"6,85 доллара США по ППС в  день",Костанайская,KZKUS,1.6
2024,процент,,Село,"6,85 доллара США по ППС в  день",Кызылординская,KZKZY,1.0
2024,процент,,Село,"6,85 доллара США по ППС в  день",Мангистауская,KZMAN,0.3
2024,процент,,Село,"6,85 доллара США по ППС в  день",Павлодарская,KZPAV,1.5
2024,процент,,Село,"6,85 доллара США по ППС в  день",Северо-Казахстанская,KZSEV,0.8
2024,процент,,Село,"6,85 доллара США по ППС в  день",Туркестанская,KZYUZ,3.8
2024,процент,,Село,"6,85 доллара США по ППС в  день",Ұлытау,KZULU,3.7
2024,процент,,Село,"6,85 доллара США по ППС в  день",Восточно-Казахстанская,KZVOS,1.5
