Year,Value,UNIT_MEASURE
2012,6.08,пайыз
2013,6.28,пайыз
2014,6.38,пайыз
2015,6.17,пайыз
2016,5.947566036466102,пайыз
2017,6.100887064527785,пайыз
2018,5.9456315973679175,пайыз
