Year,Value,UNIT_MEASURE
2010,12.879391290466549,пайыз
2011,10.970942137064547,пайыз
2012,11.271790081687811,пайыз
2013,10.43330055387468,пайыз
2014,10.152958581524668,пайыз
2015,10.386638926724082,пайыз
2016,10.747463290098189,пайыз
2017,10.697367054408646,пайыз
2018,10.760017273646314,пайыз
2019,11.155350942031436,пайыз
