Year,Value,GeoCode
2010,22.7,
2011,17.4,
2012,13.5,
2013,13.1,
2014,15.20931508,
2015,16.54969045,
2016,15.41663455,
2017,14.81220423,
2018,14.0,
2019,13.7,
2020,36.5,
