Year,Value,UNIT_MEASURE
2016,85.4,пайыз
2017,86.8,пайыз
2018,87.92728522221233,пайыз
2019,88.12097004703236,пайыз
