Year,Value,UNIT_MEASURE
2010,13.168897245879881,пайыз
2011,21.991983967935877,пайыз
2012,27.274929864830398,пайыз
2013,17.15395157606213,пайыз
2014,21.34875115633673,пайыз
2015,18.737889273356398,пайыз
2016,13.521250000000002,пайыз
2017,18.38984438984439,пайыз
2018,21.266485998193318,пайыз
