Year,Value
2011,0.4861384507214093
2012,0.443292989072438
2013,0.4610388251259937
2014,0.4162673684542015
2015,0.4189583579222953
2016,0.42022469286986935
2017,0.42022469286986935
2018,0.42
