Year,UNIT_MEASURE,Value
2015,пайыз,0.8382122619631779
2016,пайыз,0.7642799678197908
2017,пайыз,0.7116107510349742
2018,пайыз,0.72
