Year,UNIT_MEASURE,Value
2010,пайыз,13.168897245879881
2011,пайыз,21.991983967935877
2012,пайыз,27.274929864830398
2013,пайыз,17.15395157606213
2014,пайыз,21.34875115633673
2015,пайыз,18.737889273356398
2016,пайыз,13.521250000000002
2017,пайыз,18.38984438984439
2018,пайыз,21.266485998193318
