Year,Value,UNIT_MEASURE
2012,6.08,процент
2013,6.28,процент
2014,6.38,процент
2015,6.17,процент
2016,5.947566036466102,процент
2017,6.100887064527785,процент
2018,5.9456315973679175,процент
