Year,Value,UNIT_MEASURE
2010,12.879391290466547,процент
2011,10.970942137064547,процент
2012,11.271790081687813,процент
2013,10.43330055387468,процент
2014,10.152958581524668,процент
2015,10.386638926724082,процент
2016,10.747463290098189,процент
2017,10.697367054408646,процент
2018,10.760017273646314,процент
2019,11.155350942031436,процент
