Year,Value,UNIT_MEASURE
2010,13.168897245879881,тыс.гектар
2011,21.991983967935877,тыс.гектар
2012,27.274929864830398,тыс.гектар
2013,17.15395157606213,тыс.гектар
2014,21.34875115633673,тыс.гектар
2015,18.737889273356398,тыс.гектар
2016,13.521250000000002,тыс.гектар
2017,18.38984438984439,тыс.гектар
2018,21.266485998193318,тыс.гектар
