Year,Value,UNIT_MEASURE
2016,85.4,процент
2017,86.8,процент
2018,87.92728522221233,процент
2019,88.12097004703236,процент
