Year,Value,UNIT_MEASURE
2010,13.168897245879881,процент
2011,21.991983967935877,процент
2012,27.274929864830398,процент
2013,17.15395157606213,процент
2014,21.34875115633673,процент
2015,18.737889273356398,процент
2016,13.521250000000002,процент
2017,18.38984438984439,процент
2018,21.266485998193318,процент
