{"data":{"Year":[2010,2011,2012,2013,2014,2015,2016,2017],"Units":["\u043c\u043b\u043d.\u0442\u0435\u043d\u0433\u0435","\u043c\u043b\u043d.\u0442\u0435\u043d\u0433\u0435","\u043c\u043b\u043d.\u0442\u0435\u043d\u0433\u0435","\u043c\u043b\u043d.\u0442\u0435\u043d\u0433\u0435","\u043c\u043b\u043d.\u0442\u0435\u043d\u0433\u0435","\u043c\u043b\u043d.\u0442\u0435\u043d\u0433\u0435","\u043c\u043b\u043d.\u0442\u0435\u043d\u0433\u0435","\u043c\u043b\u043d.\u0442\u0435\u043d\u0433\u0435"],"Value":[-527264178.8000000119,-568618498.5,-890308744.0,-700927751.2999999523,-1086670436.5,-915704.8,-737717.6,-1455319.8]},"edges":[]}