{"data":{"Year":[2015,2016,2017,2016,2017],"Units":["\u043c\u043b\u043d.\u0434\u043e\u043b\u043b\u0430\u0440\u043e\u0432 \u0421\u0428\u0410","\u043c\u043b\u043d.\u0434\u043e\u043b\u043b\u0430\u0440\u043e\u0432 \u0421\u0428\u0410","\u043c\u043b\u043d.\u0434\u043e\u043b\u043b\u0430\u0440\u043e\u0432 \u0421\u0428\u0410","\u043c\u043b\u043d.\u0434\u043e\u043b\u043b\u0430\u0440\u043e\u0432 \u0421\u0428\u0410","\u043c\u043b\u043d.\u0434\u043e\u043b\u043b\u0430\u0440\u043e\u0432 \u0421\u0428\u0410"],"Value":[2.946629,3.563592,4.701934,1.91,0.049169]},"edges":[]}