{"data":{"Year":[2015,2016,2017,2015,2016,2017],"Units":[null,null,null,null,null,null],"Value":[586.004652,1382.724414,386.028586,0.655176,1.739989,0.108509]},"edges":[]}