Year,UNIT_MEASURE,Регионы,Местность,Пол,GeoCode,Value
2010,на 100 000 населения,,,,,22.38
2010,на 100 000 населения,Абай,,,KZABY,33.28
2010,на 100 000 населения,Акмолинская,,,KZAKM,44.2
2010,на 100 000 населения,Актюбинская,,,KZAKT,18.7
2010,на 100 000 населения,Алматинская,,,KZALM,19.85
2010,на 100 000 населения,Атырауская,,,KZATY,17.85
2010,на 100 000 населения,Западно-Казахстанская,,,KZZAP,29.05
2010,на 100 000 населения,Жымбылская,,,KZZHA,17.51
2010,на 100 000 населения,Жетісу,,,KZZHS,26.39
2010,на 100 000 населения,Карагандинская,,,KZKAR,35.01
2010,на 100 000 населения,Костанайская,,,KZKUS,38.33
2010,на 100 000 населения,Кызылординская,,,KZKZY,8.64
2010,на 100 000 населения,Мангистауская,,,KZMAN,13.22
2010,на 100 000 населения,Павлодарская,,,KZPAV,27.25
2010,на 100 000 населения,Северо-Казахстанская,,,KZSEV,26.25
2010,на 100 000 населения,Туркестанская,,,KZYUZ,11.21
2010,на 100 000 населения,Ұлытау,,,KZULU,26.39
2010,на 100 000 населения,Восточно-Казахстанская,,,KZVOS,46.89
2010,на 100 000 населения,г_Астана,,,KZNS,12.22
2010,на 100 000 населения,г_Алматы,,,KZALA,7.92
2010,на 100 000 населения,г_Шымкент,,,KZSHY,12.74
2010,на 100 000 населения,,Город,,,19.21
2010,на 100 000 населения,Абай,Город,,KZABY,29.49
2010,на 100 000 населения,Акмолинская,Город,,KZAKM,39.18
2010,на 100 000 населения,Актюбинская,Город,,KZAKT,14.84
2010,на 100 000 населения,Алматинская,Город,,KZALM,21.82
2010,на 100 000 населения,Атырауская,Город,,KZATY,9.73
2010,на 100 000 населения,Западно-Казахстанская,Город,,KZZAP,24.55
2010,на 100 000 населения,Жымбылская,Город,,KZZHA,16.13
2010,на 100 000 населения,Жетісу,Город,,KZZHS,21.91
2010,на 100 000 населения,Карагандинская,Город,,KZKAR,32.22
2010,на 100 000 населения,Костанайская,Город,,KZKUS,25.76
2010,на 100 000 населения,Кызылординская,Город,,KZKZY,6.49
2010,на 100 000 населения,Мангистауская,Город,,KZMAN,11.68
2010,на 100 000 населения,Павлодарская,Город,,KZPAV,23.89
2010,на 100 000 населения,Северо-Казахстанская,Город,,KZSEV,26.29
2010,на 100 000 населения,Туркестанская,Город,,KZYUZ,9.54
2010,на 100 000 населения,Ұлытау,Город,,KZULU,25.24
2010,на 100 000 населения,Восточно-Казахстанская,Город,,KZVOS,39.41
2010,на 100 000 населения,г_Астана,Город,,KZNS,12.22
2010,на 100 000 населения,г_Алматы,Город,,KZALA,7.92
2010,на 100 000 населения,г_Шымкент,Город,,KZSHY,12.74
2010,на 100 000 населения,,Село,,,26.48
2010,на 100 000 населения,Абай,Село,,KZABY,37.99
2010,на 100 000 населения,Акмолинская,Село,,KZAKM,48.73
2010,на 100 000 населения,Актюбинская,Село,,KZAKT,26.66
2010,на 100 000 населения,Алматинская,Село,,KZALM,19.47
2010,на 100 000 населения,Атырауская,Село,,KZATY,26.89
2010,на 100 000 населения,Западно-Казахстанская,Село,,KZZAP,33.05
2010,на 100 000 населения,Жымбылская,Село,,KZZHA,18.46
2010,на 100 000 населения,Жетісу,Село,,KZZHS,29.37
2010,на 100 000 населения,Карагандинская,Село,,KZKAR,44.9
2010,на 100 000 населения,Костанайская,Село,,KZKUS,52.38
2010,на 100 000 населения,Кызылординская,Село,,KZKZY,10.21
2010,на 100 000 населения,Мангистауская,Село,,KZMAN,14.76
2010,на 100 000 населения,Павлодарская,Село,,KZPAV,34.56
2010,на 100 000 населения,Северо-Казахстанская,Село,,KZSEV,26.22
2010,на 100 000 населения,Туркестанская,Село,,KZYUZ,11.66
2010,на 100 000 населения,Ұлытау,Село,,KZULU,30.44
2010,на 100 000 населения,Восточно-Казахстанская,Село,,KZVOS,58.04
2010,на 100 000 населения,,,мужчины,,38.19
2010,на 100 000 населения,Абай,,мужчины,KZABY,57.22
2010,на 100 000 населения,Акмолинская,,мужчины,KZAKM,76.99
2010,на 100 000 населения,Актюбинская,,мужчины,KZAKT,33.47
2010,на 100 000 населения,Алматинская,,мужчины,KZALM,32.87
2010,на 100 000 населения,Атырауская,,мужчины,KZATY,31.42
2010,на 100 000 населения,Западно-Казахстанская,,мужчины,KZZAP,48.93
2010,на 100 000 населения,Жымбылская,,мужчины,KZZHA,29.22
2010,на 100 000 населения,Жетісу,,мужчины,KZZHS,44.87
2010,на 100 000 населения,Карагандинская,,мужчины,KZKAR,58.97
2010,на 100 000 населения,Костанайская,,мужчины,KZKUS,68.03
2010,на 100 000 населения,Кызылординская,,мужчины,KZKZY,14.46
2010,на 100 000 населения,Мангистауская,,мужчины,KZMAN,21.2
2010,на 100 000 населения,Павлодарская,,мужчины,KZPAV,48.23
2010,на 100 000 населения,Северо-Казахстанская,,мужчины,KZSEV,48.38
2010,на 100 000 населения,Туркестанская,,мужчины,KZYUZ,16.79
2010,на 100 000 населения,Ұлытау,,мужчины,KZULU,43.49
2010,на 100 000 населения,Восточно-Казахстанская,,мужчины,KZVOS,87.41
2010,на 100 000 населения,г_Астана,,мужчины,KZNS,20.57
2010,на 100 000 населения,г_Алматы,,мужчины,KZALA,13.57
2010,на 100 000 населения,г_Шымкент,,мужчины,KZSHY,18.58
2010,на 100 000 населения,,Город,мужчины,,33.36
2010,на 100 000 населения,Абай,Город,мужчины,KZABY,52.22
2010,на 100 000 населения,Акмолинская,Город,мужчины,KZAKM,67.18
2010,на 100 000 населения,Актюбинская,Город,мужчины,KZAKT,27.77
2010,на 100 000 населения,Алматинская,Город,мужчины,KZALM,39.95
2010,на 100 000 населения,Атырауская,Город,мужчины,KZATY,18.08
2010,на 100 000 населения,Западно-Казахстанская,Город,мужчины,KZZAP,42.37
2010,на 100 000 населения,Жымбылская,Город,мужчины,KZZHA,27.75
2010,на 100 000 населения,Жетісу,Город,мужчины,KZZHS,39.71
2010,на 100 000 населения,Карагандинская,Город,мужчины,KZKAR,55.21
2010,на 100 000 населения,Костанайская,Город,мужчины,KZKUS,44.63
2010,на 100 000 населения,Кызылординская,Город,мужчины,KZKZY,10.54
2010,на 100 000 населения,Мангистауская,Город,мужчины,KZMAN,20.11
2010,на 100 000 населения,Павлодарская,Город,мужчины,KZPAV,43.88
2010,на 100 000 населения,Северо-Казахстанская,Город,мужчины,KZSEV,50.72
2010,на 100 000 населения,Туркестанская,Город,мужчины,KZYUZ,16.2
2010,на 100 000 населения,Ұлытау,Город,мужчины,KZULU,42.24
2010,на 100 000 населения,Восточно-Казахстанская,Город,мужчины,KZVOS,73.81
2010,на 100 000 населения,г_Астана,Город,мужчины,KZNS,20.57
2010,на 100 000 населения,г_Алматы,Город,мужчины,KZALA,13.57
2010,на 100 000 населения,г_Шымкент,Город,мужчины,KZSHY,18.58
2010,на 100 000 населения,,Село,мужчины,,44.07
2010,на 100 000 населения,Абай,Село,мужчины,KZABY,63.0
2010,на 100 000 населения,Акмолинская,Село,мужчины,KZAKM,85.32
2010,на 100 000 населения,Актюбинская,Село,мужчины,KZAKT,44.56
2010,на 100 000 населения,Алматинская,Село,мужчины,KZALM,31.56
2010,на 100 000 населения,Атырауская,Село,мужчины,KZATY,45.58
2010,на 100 000 населения,Западно-Казахстанская,Село,мужчины,KZZAP,54.35
2010,на 100 000 населения,Жымбылская,Село,мужчины,KZZHA,30.16
2010,на 100 000 населения,Жетісу,Село,мужчины,KZZHS,48.1
2010,на 100 000 населения,Карагандинская,Село,мужчины,KZKAR,71.36
2010,на 100 000 населения,Костанайская,Село,мужчины,KZKUS,92.54
2010,на 100 000 населения,Кызылординская,Село,мужчины,KZKZY,17.19
2010,на 100 000 населения,Мангистауская,Село,мужчины,KZMAN,22.24
2010,на 100 000 населения,Павлодарская,Село,мужчины,KZPAV,57.04
2010,на 100 000 населения,Северо-Казахстанская,Село,мужчины,KZSEV,46.67
2010,на 100 000 населения,Туркестанская,Село,мужчины,KZYUZ,16.95
2010,на 100 000 населения,Ұлытау,Село,мужчины,KZULU,47.59
2010,на 100 000 населения,Восточно-Казахстанская,Село,мужчины,KZVOS,106.08
2010,на 100 000 населения,,,женщины,,7.66
2010,на 100 000 населения,Абай,,женщины,KZABY,11.16
2010,на 100 000 населения,Акмолинская,,женщины,KZAKM,13.7
2010,на 100 000 населения,Актюбинская,,женщины,KZAKT,5.01
2010,на 100 000 населения,Алматинская,,женщины,KZALM,7.25
2010,на 100 000 населения,Атырауская,,женщины,KZATY,4.84
2010,на 100 000 населения,Западно-Казахстанская,,женщины,KZZAP,10.52
2010,на 100 000 населения,Жымбылская,,женщины,KZZHA,6.38
2010,на 100 000 населения,Жетісу,,женщины,KZZHS,8.71
2010,на 100 000 населения,Карагандинская,,женщины,KZKAR,13.75
2010,на 100 000 населения,Костанайская,,женщины,KZKUS,11.8
2010,на 100 000 населения,Кызылординская,,женщины,KZKZY,2.87
2010,на 100 000 населения,Мангистауская,,женщины,KZMAN,5.39
2010,на 100 000 населения,Павлодарская,,женщины,KZPAV,8.62
2010,на 100 000 населения,Северо-Казахстанская,,женщины,KZSEV,6.14
2010,на 100 000 населения,Туркестанская,,женщины,KZYUZ,5.62
2010,на 100 000 населения,Ұлытау,,женщины,KZULU,10.39
2010,на 100 000 населения,Восточно-Казахстанская,,женщины,KZVOS,10.94
2010,на 100 000 населения,г_Астана,,женщины,KZNS,4.3
2010,на 100 000 населения,г_Алматы,,женщины,KZALA,3.11
2010,на 100 000 населения,г_Шымкент,,женщины,KZSHY,7.38
2010,на 100 000 населения,,Город,женщины,,6.71
2010,на 100 000 населения,Абай,Город,женщины,KZABY,9.78
2010,на 100 000 населения,Акмолинская,Город,женщины,KZAKM,14.6
2010,на 100 000 населения,Актюбинская,Город,женщины,KZAKT,3.29
2010,на 100 000 населения,Алматинская,Город,женщины,KZALM,5.23
2010,на 100 000 населения,Атырауская,Город,женщины,KZATY,2.07
2010,на 100 000 населения,Западно-Казахстанская,Город,женщины,KZZAP,9.15
2010,на 100 000 населения,Жымбылская,Город,женщины,KZZHA,5.82
2010,на 100 000 населения,Жетісу,Город,женщины,KZZHS,6.03
2010,на 100 000 населения,Карагандинская,Город,женщины,KZKAR,12.49
2010,на 100 000 населения,Костанайская,Город,женщины,KZKUS,9.88
2010,на 100 000 населения,Кызылординская,Город,женщины,KZKZY,2.66
2010,на 100 000 населения,Мангистауская,Город,женщины,KZMAN,3.78
2010,на 100 000 населения,Павлодарская,Город,женщины,KZPAV,6.89
2010,на 100 000 населения,Северо-Казахстанская,Город,женщины,KZSEV,6.1
2010,на 100 000 населения,Туркестанская,Город,женщины,KZYUZ,3.12
2010,на 100 000 населения,Ұлытау,Город,женщины,KZULU,9.84
2010,на 100 000 населения,Восточно-Казахстанская,Город,женщины,KZVOS,10.74
2010,на 100 000 населения,г_Астана,Город,женщины,KZNS,4.3
2010,на 100 000 населения,г_Алматы,Город,женщины,KZALA,3.11
2010,на 100 000 населения,г_Шымкент,Город,женщины,KZSHY,7.38
2010,на 100 000 населения,,Село,женщины,,8.98
2010,на 100 000 населения,Абай,Село,женщины,KZABY,13.0
2010,на 100 000 населения,Акмолинская,Село,женщины,KZAKM,12.84
2010,на 100 000 населения,Актюбинская,Село,женщины,KZAKT,8.76
2010,на 100 000 населения,Алматинская,Село,женщины,KZALM,7.66
2010,на 100 000 населения,Атырауская,Село,женщины,KZATY,8.06
2010,на 100 000 населения,Западно-Казахстанская,Село,женщины,KZZAP,11.82
2010,на 100 000 населения,Жымбылская,Село,женщины,KZZHA,6.79
2010,на 100 000 населения,Жетісу,Село,женщины,KZZHS,10.59
2010,на 100 000 населения,Карагандинская,Село,женщины,KZKAR,18.56
2010,на 100 000 населения,Костанайская,Село,женщины,KZKUS,14.08
2010,на 100 000 населения,Кызылординская,Село,женщины,KZKZY,3.03
2010,на 100 000 населения,Мангистауская,Село,женщины,KZMAN,7.08
2010,на 100 000 населения,Павлодарская,Село,женщины,KZPAV,12.64
2010,на 100 000 населения,Северо-Казахстанская,Село,женщины,KZSEV,6.17
2010,на 100 000 населения,Туркестанская,Село,женщины,KZYUZ,6.3
2010,на 100 000 населения,Ұлытау,Село,женщины,KZULU,12.47
2010,на 100 000 населения,Восточно-Казахстанская,Село,женщины,KZVOS,11.26
2011,на 100 000 населения,,,,,20.87
2011,на 100 000 населения,Абай,,,KZABY,24.43
2011,на 100 000 населения,Акмолинская,,,KZAKM,35.02
2011,на 100 000 населения,Актюбинская,,,KZAKT,17.53
2011,на 100 000 населения,Алматинская,,,KZALM,18.86
2011,на 100 000 населения,Атырауская,,,KZATY,13.39
2011,на 100 000 населения,Западно-Казахстанская,,,KZZAP,33.75
2011,на 100 000 населения,Жымбылская,,,KZZHA,17.91
2011,на 100 000 населения,Жетісу,,,KZZHS,24.1
2011,на 100 000 населения,Карагандинская,,,KZKAR,30.6
2011,на 100 000 населения,Костанайская,,,KZKUS,41.13
2011,на 100 000 населения,Кызылординская,,,KZKZY,7.22
2011,на 100 000 населения,Мангистауская,,,KZMAN,10.64
2011,на 100 000 населения,Павлодарская,,,KZPAV,32.15
2011,на 100 000 населения,Северо-Казахстанская,,,KZSEV,17.58
2011,на 100 000 населения,Туркестанская,,,KZYUZ,10.05
2011,на 100 000 населения,Ұлытау,,,KZULU,21.45
2011,на 100 000 населения,Восточно-Казахстанская,,,KZVOS,48.06
2011,на 100 000 населения,г_Астана,,,KZNS,11.7
2011,на 100 000 населения,г_Алматы,,,KZALA,8.8
2011,на 100 000 населения,г_Шымкент,,,KZSHY,12.84
2011,на 100 000 населения,,Город,,,18.23
2011,на 100 000 населения,Абай,Город,,KZABY,16.98
2011,на 100 000 населения,Акмолинская,Город,,KZAKM,27.38
2011,на 100 000 населения,Актюбинская,Город,,KZAKT,15.49
2011,на 100 000 населения,Алматинская,Город,,KZALM,23.06
2011,на 100 000 населения,Атырауская,Город,,KZATY,10.88
2011,на 100 000 населения,Западно-Казахстанская,Город,,KZZAP,27.07
2011,на 100 000 населения,Жымбылская,Город,,KZZHA,20.36
2011,на 100 000 населения,Жетісу,Город,,KZZHS,21.62
2011,на 100 000 населения,Карагандинская,Город,,KZKAR,27.65
2011,на 100 000 населения,Костанайская,Город,,KZKUS,32.22
2011,на 100 000 населения,Кызылординская,Город,,KZKZY,6.03
2011,на 100 000 населения,Мангистауская,Город,,KZMAN,11.79
2011,на 100 000 населения,Павлодарская,Город,,KZPAV,25.32
2011,на 100 000 населения,Северо-Казахстанская,Город,,KZSEV,12.51
2011,на 100 000 населения,Туркестанская,Город,,KZYUZ,8.9
2011,на 100 000 населения,Ұлытау,Город,,KZULU,20.67
2011,на 100 000 населения,Восточно-Казахстанская,Город,,KZVOS,41.1
2011,на 100 000 населения,г_Астана,Город,,KZNS,11.7
2011,на 100 000 населения,г_Алматы,Город,,KZALA,8.8
2011,на 100 000 населения,г_Шымкент,Город,,KZSHY,12.84
2011,на 100 000 населения,,Село,,,24.32
2011,на 100 000 населения,Абай,Село,,KZABY,33.83
2011,на 100 000 населения,Акмолинская,Село,,KZAKM,41.92
2011,на 100 000 населения,Актюбинская,Село,,KZAKT,21.83
2011,на 100 000 населения,Алматинская,Село,,KZALM,18.06
2011,на 100 000 населения,Атырауская,Село,,KZATY,16.23
2011,на 100 000 населения,Западно-Казахстанская,Село,,KZZAP,39.89
2011,на 100 000 населения,Жымбылская,Село,,KZZHA,16.26
2011,на 100 000 населения,Жетісу,Село,,KZZHS,25.75
2011,на 100 000 населения,Карагандинская,Село,,KZKAR,41.24
2011,на 100 000 населения,Костанайская,Село,,KZKUS,51.28
2011,на 100 000 населения,Кызылординская,Село,,KZKZY,8.1
2011,на 100 000 населения,Мангистауская,Село,,KZMAN,9.54
2011,на 100 000 населения,Павлодарская,Село,,KZPAV,47.23
2011,на 100 000 населения,Северо-Казахстанская,Село,,KZSEV,21.09
2011,на 100 000 населения,Туркестанская,Село,,KZYUZ,10.36
2011,на 100 000 населения,Ұлытау,Село,,KZULU,24.21
2011,на 100 000 населения,Восточно-Казахстанская,Село,,KZVOS,58.55
2011,на 100 000 населения,,,мужчины,,35.55
2011,на 100 000 населения,Абай,,мужчины,KZABY,44.8
2011,на 100 000 населения,Акмолинская,,мужчины,KZAKM,59.23
2011,на 100 000 населения,Актюбинская,,мужчины,KZAKT,30.32
2011,на 100 000 населения,Алматинская,,мужчины,KZALM,30.86
2011,на 100 000 населения,Атырауская,,мужчины,KZATY,24.68
2011,на 100 000 населения,Западно-Казахстанская,,мужчины,KZZAP,57.39
2011,на 100 000 населения,Жымбылская,,мужчины,KZZHA,29.65
2011,на 100 000 населения,Жетісу,,мужчины,KZZHS,42.43
2011,на 100 000 населения,Карагандинская,,мужчины,KZKAR,54.0
2011,на 100 000 населения,Костанайская,,мужчины,KZKUS,72.48
2011,на 100 000 населения,Кызылординская,,мужчины,KZKZY,12.49
2011,на 100 000 населения,Мангистауская,,мужчины,KZMAN,14.68
2011,на 100 000 населения,Павлодарская,,мужчины,KZPAV,54.39
2011,на 100 000 населения,Северо-Казахстанская,,мужчины,KZSEV,30.1
2011,на 100 000 населения,Туркестанская,,мужчины,KZYUZ,15.11
2011,на 100 000 населения,Ұлытау,,мужчины,KZULU,36.94
2011,на 100 000 населения,Восточно-Казахстанская,,мужчины,KZVOS,84.37
2011,на 100 000 населения,г_Астана,,мужчины,KZNS,20.18
2011,на 100 000 населения,г_Алматы,,мужчины,KZALA,16.04
2011,на 100 000 населения,г_Шымкент,,мужчины,KZSHY,21.13
2011,на 100 000 населения,,Город,мужчины,,31.55
2011,на 100 000 населения,Абай,Город,мужчины,KZABY,32.41
2011,на 100 000 населения,Акмолинская,Город,мужчины,KZAKM,47.38
2011,на 100 000 населения,Актюбинская,Город,мужчины,KZAKT,26.81
2011,на 100 000 населения,Алматинская,Город,мужчины,KZALM,34.77
2011,на 100 000 населения,Атырауская,Город,мужчины,KZATY,21.25
2011,на 100 000 населения,Западно-Казахстанская,Город,мужчины,KZZAP,43.68
2011,на 100 000 населения,Жымбылская,Город,мужчины,KZZHA,34.66
2011,на 100 000 населения,Жетісу,Город,мужчины,KZZHS,40.77
2011,на 100 000 населения,Карагандинская,Город,мужчины,KZKAR,48.64
2011,на 100 000 населения,Костанайская,Город,мужчины,KZKUS,57.38
2011,на 100 000 населения,Кызылординская,Город,мужчины,KZKZY,9.63
2011,на 100 000 населения,Мангистауская,Город,мужчины,KZMAN,16.45
2011,на 100 000 населения,Павлодарская,Город,мужчины,KZPAV,42.78
2011,на 100 000 населения,Северо-Казахстанская,Город,мужчины,KZSEV,23.03
2011,на 100 000 населения,Туркестанская,Город,мужчины,KZYUZ,13.29
2011,на 100 000 населения,Ұлытау,Город,мужчины,KZULU,36.19
2011,на 100 000 населения,Восточно-Казахстанская,Город,мужчины,KZVOS,75.05
2011,на 100 000 населения,г_Астана,Город,мужчины,KZNS,20.18
2011,на 100 000 населения,г_Алматы,Город,мужчины,KZALA,16.04
2011,на 100 000 населения,г_Шымкент,Город,мужчины,KZSHY,21.13
2011,на 100 000 населения,,Село,мужчины,,40.45
2011,на 100 000 населения,Абай,Село,мужчины,KZABY,59.31
2011,на 100 000 населения,Акмолинская,Село,мужчины,KZAKM,69.35
2011,на 100 000 населения,Актюбинская,Село,мужчины,KZAKT,37.28
2011,на 100 000 населения,Алматинская,Село,мужчины,KZALM,30.14
2011,на 100 000 населения,Атырауская,Село,мужчины,KZATY,28.36
2011,на 100 000 населения,Западно-Казахстанская,Село,мужчины,KZZAP,69.01
2011,на 100 000 населения,Жымбылская,Село,мужчины,KZZHA,26.46
2011,на 100 000 населения,Жетісу,Село,мужчины,KZZHS,43.47
2011,на 100 000 населения,Карагандинская,Село,мужчины,KZKAR,71.89
2011,на 100 000 населения,Костанайская,Село,мужчины,KZKUS,88.59
2011,на 100 000 населения,Кызылординская,Село,мужчины,KZKZY,14.5
2011,на 100 000 населения,Мангистауская,Село,мужчины,KZMAN,13.04
2011,на 100 000 населения,Павлодарская,Село,мужчины,KZPAV,78.23
2011,на 100 000 населения,Северо-Казахстанская,Село,мужчины,KZSEV,34.6
2011,на 100 000 населения,Туркестанская,Село,мужчины,KZYUZ,15.58
2011,на 100 000 населения,Ұлытау,Село,мужчины,KZULU,39.38
2011,на 100 000 населения,Восточно-Казахстанская,Село,мужчины,KZVOS,97.32
2011,на 100 000 населения,,,женщины,,7.21
2011,на 100 000 населения,Абай,,женщины,KZABY,5.59
2011,на 100 000 населения,Акмолинская,,женщины,KZAKM,12.43
2011,на 100 000 населения,Актюбинская,,женщины,KZAKT,5.67
2011,на 100 000 населения,Алматинская,,женщины,KZALM,7.25
2011,на 100 000 населения,Атырауская,,женщины,KZATY,2.55
2011,на 100 000 населения,Западно-Казахстанская,,женщины,KZZAP,11.72
2011,на 100 000 населения,Жымбылская,,женщины,KZZHA,6.7
2011,на 100 000 населения,Жетісу,,женщины,KZZHS,6.48
2011,на 100 000 населения,Карагандинская,,женщины,KZKAR,9.84
2011,на 100 000 населения,Костанайская,,женщины,KZKUS,13.13
2011,на 100 000 населения,Кызылординская,,женщины,KZKZY,1.98
2011,на 100 000 населения,Мангистауская,,женщины,KZMAN,6.67
2011,на 100 000 населения,Павлодарская,,женщины,KZPAV,12.4
2011,на 100 000 населения,Северо-Казахстанская,,женщины,KZSEV,6.19
2011,на 100 000 населения,Туркестанская,,женщины,KZYUZ,4.96
2011,на 100 000 населения,Ұлытау,,женщины,KZULU,6.93
2011,на 100 000 населения,Восточно-Казахстанская,,женщины,KZVOS,15.8
2011,на 100 000 населения,г_Астана,,женщины,KZNS,3.74
2011,на 100 000 населения,г_Алматы,,женщины,KZALA,2.67
2011,на 100 000 населения,г_Шымкент,,женщины,KZSHY,5.22
2011,на 100 000 населения,,Город,женщины,,6.47
2011,на 100 000 населения,Абай,Город,женщины,KZABY,3.58
2011,на 100 000 населения,Акмолинская,Город,женщины,KZAKM,9.76
2011,на 100 000 населения,Актюбинская,Город,женщины,KZAKT,5.37
2011,на 100 000 населения,Алматинская,Город,женщины,KZALM,12.34
2011,на 100 000 населения,Атырауская,Город,женщины,KZATY,1.35
2011,на 100 000 населения,Западно-Казахстанская,Город,женщины,KZZAP,12.75
2011,на 100 000 населения,Жымбылская,Город,женщины,KZZHA,7.61
2011,на 100 000 населения,Жетісу,Город,женщины,KZZHS,4.47
2011,на 100 000 населения,Карагандинская,Город,женщины,KZKAR,9.65
2011,на 100 000 населения,Костанайская,Город,женщины,KZKUS,11.01
2011,на 100 000 населения,Кызылординская,Город,женщины,KZKZY,2.61
2011,на 100 000 населения,Мангистауская,Город,женщины,KZMAN,7.39
2011,на 100 000 населения,Павлодарская,Город,женщины,KZPAV,10.46
2011,на 100 000 населения,Северо-Казахстанская,Город,женщины,KZSEV,3.81
2011,на 100 000 населения,Туркестанская,Город,женщины,KZYUZ,4.64
2011,на 100 000 населения,Ұлытау,Город,женщины,KZULU,6.57
2011,на 100 000 населения,Восточно-Казахстанская,Город,женщины,KZVOS,12.77
2011,на 100 000 населения,г_Астана,Город,женщины,KZNS,3.74
2011,на 100 000 населения,г_Алматы,Город,женщины,KZALA,2.67
2011,на 100 000 населения,г_Шымкент,Город,женщины,KZSHY,5.22
2011,на 100 000 населения,,Село,женщины,,8.23
2011,на 100 000 населения,Абай,Село,женщины,KZABY,8.29
2011,на 100 000 населения,Акмолинская,Село,женщины,KZAKM,14.97
2011,на 100 000 населения,Актюбинская,Село,женщины,KZAKT,6.36
2011,на 100 000 населения,Алматинская,Село,женщины,KZALM,6.25
2011,на 100 000 населения,Атырауская,Село,женщины,KZATY,3.98
2011,на 100 000 населения,Западно-Казахстанская,Село,женщины,KZZAP,10.69
2011,на 100 000 населения,Жымбылская,Село,женщины,KZZHA,6.06
2011,на 100 000 населения,Жетісу,Село,женщины,KZZHS,7.91
2011,на 100 000 населения,Карагандинская,Село,женщины,KZKAR,10.61
2011,на 100 000 населения,Костанайская,Село,женщины,KZKUS,15.68
2011,на 100 000 населения,Кызылординская,Село,женщины,KZKZY,1.5
2011,на 100 000 населения,Мангистауская,Село,женщины,KZMAN,5.95
2011,на 100 000 населения,Павлодарская,Село,женщины,KZPAV,16.97
2011,на 100 000 населения,Северо-Казахстанская,Село,женщины,KZSEV,7.97
2011,на 100 000 населения,Туркестанская,Село,женщины,KZYUZ,5.05
2011,на 100 000 населения,Ұлытау,Село,женщины,KZULU,8.27
2011,на 100 000 населения,Восточно-Казахстанская,Село,женщины,KZVOS,20.73
2012,на 100 000 населения,,,,,19.8
2012,на 100 000 населения,Абай,,,KZABY,15.43
2012,на 100 000 населения,Акмолинская,,,KZAKM,35.44
2012,на 100 000 населения,Актюбинская,,,KZAKT,21.63
2012,на 100 000 населения,Алматинская,,,KZALM,18.58
2012,на 100 000 населения,Атырауская,,,KZATY,17.67
2012,на 100 000 населения,Западно-Казахстанская,,,KZZAP,32.36
2012,на 100 000 населения,Жымбылская,,,KZZHA,14.51
2012,на 100 000 населения,Жетісу,,,KZZHS,27.16
2012,на 100 000 населения,Карагандинская,,,KZKAR,28.26
2012,на 100 000 населения,Костанайская,,,KZKUS,38.9
2012,на 100 000 населения,Кызылординская,,,KZKZY,14.32
2012,на 100 000 населения,Мангистауская,,,KZMAN,5.2
2012,на 100 000 населения,Павлодарская,,,KZPAV,28.75
2012,на 100 000 населения,Северо-Казахстанская,,,KZSEV,8.43
2012,на 100 000 населения,Туркестанская,,,KZYUZ,11.75
2012,на 100 000 населения,Ұлытау,,,KZULU,20.09
2012,на 100 000 населения,Восточно-Казахстанская,,,KZVOS,45.06
2012,на 100 000 населения,г_Астана,,,KZNS,10.17
2012,на 100 000 населения,г_Алматы,,,KZALA,7.71
2012,на 100 000 населения,г_Шымкент,,,KZSHY,12.0
2012,на 100 000 населения,,Город,,,17.04
2012,на 100 000 населения,Абай,Город,,KZABY,8.42
2012,на 100 000 населения,Акмолинская,Город,,KZAKM,29.01
2012,на 100 000 населения,Актюбинская,Город,,KZAKT,17.52
2012,на 100 000 населения,Алматинская,Город,,KZALM,15.83
2012,на 100 000 населения,Атырауская,Город,,KZATY,16.74
2012,на 100 000 населения,Западно-Казахстанская,Город,,KZZAP,24.46
2012,на 100 000 населения,Жымбылская,Город,,KZZHA,13.41
2012,на 100 000 населения,Жетісу,Город,,KZZHS,29.07
2012,на 100 000 населения,Карагандинская,Город,,KZKAR,24.87
2012,на 100 000 населения,Костанайская,Город,,KZKUS,31.74
2012,на 100 000 населения,Кызылординская,Город,,KZKZY,15.71
2012,на 100 000 населения,Мангистауская,Город,,KZMAN,6.69
2012,на 100 000 населения,Павлодарская,Город,,KZPAV,25.35
2012,на 100 000 населения,Северо-Казахстанская,Город,,KZSEV,3.75
2012,на 100 000 населения,Туркестанская,Город,,KZYUZ,10.37
2012,на 100 000 населения,Ұлытау,Город,,KZULU,21.87
2012,на 100 000 населения,Восточно-Казахстанская,Город,,KZVOS,37.23
2012,на 100 000 населения,г_Астана,Город,,KZNS,10.17
2012,на 100 000 населения,г_Алматы,Город,,KZALA,7.71
2012,на 100 000 населения,г_Шымкент,Город,,KZSHY,12.0
2012,на 100 000 населения,,Село,,,23.42
2012,на 100 000 населения,Абай,Село,,KZABY,24.44
2012,на 100 000 населения,Акмолинская,Село,,KZAKM,41.29
2012,на 100 000 населения,Актюбинская,Село,,KZAKT,30.3
2012,на 100 000 населения,Алматинская,Село,,KZALM,19.1
2012,на 100 000 населения,Атырауская,Село,,KZATY,18.72
2012,на 100 000 населения,Западно-Казахстанская,Село,,KZZAP,39.8
2012,на 100 000 населения,Жымбылская,Село,,KZZHA,15.24
2012,на 100 000 населения,Жетісу,Село,,KZZHS,25.88
2012,на 100 000 населения,Карагандинская,Село,,KZKAR,40.7
2012,на 100 000 населения,Костанайская,Село,,KZKUS,47.22
2012,на 100 000 населения,Кызылординская,Село,,KZKZY,13.3
2012,на 100 000 населения,Мангистауская,Село,,KZMAN,3.81
2012,на 100 000 населения,Павлодарская,Село,,KZPAV,36.34
2012,на 100 000 населения,Северо-Казахстанская,Село,,KZSEV,11.73
2012,на 100 000 населения,Туркестанская,Село,,KZYUZ,12.11
2012,на 100 000 населения,Ұлытау,Село,,KZULU,13.94
2012,на 100 000 населения,Восточно-Казахстанская,Село,,KZVOS,56.99
2012,на 100 000 населения,,,мужчины,,33.96
2012,на 100 000 населения,Абай,,мужчины,KZABY,28.9
2012,на 100 000 населения,Акмолинская,,мужчины,KZAKM,62.6
2012,на 100 000 населения,Актюбинская,,мужчины,KZAKT,38.87
2012,на 100 000 населения,Алматинская,,мужчины,KZALM,31.66
2012,на 100 000 населения,Атырауская,,мужчины,KZATY,33.43
2012,на 100 000 населения,Западно-Казахстанская,,мужчины,KZZAP,58.96
2012,на 100 000 населения,Жымбылская,,мужчины,KZZHA,23.49
2012,на 100 000 населения,Жетісу,,мужчины,KZZHS,45.81
2012,на 100 000 населения,Карагандинская,,мужчины,KZKAR,48.32
2012,на 100 000 населения,Костанайская,,мужчины,KZKUS,70.83
2012,на 100 000 населения,Кызылординская,,мужчины,KZKZY,23.11
2012,на 100 000 населения,Мангистауская,,мужчины,KZMAN,8.67
2012,на 100 000 населения,Павлодарская,,мужчины,KZPAV,51.71
2012,на 100 000 населения,Северо-Казахстанская,,мужчины,KZSEV,16.26
2012,на 100 000 населения,Туркестанская,,мужчины,KZYUZ,16.83
2012,на 100 000 населения,Ұлытау,,мужчины,KZULU,26.73
2012,на 100 000 населения,Восточно-Казахстанская,,мужчины,KZVOS,77.36
2012,на 100 000 населения,г_Астана,,мужчины,KZNS,17.82
2012,на 100 000 населения,г_Алматы,,мужчины,KZALA,14.05
2012,на 100 000 населения,г_Шымкент,,мужчины,KZSHY,17.67
2012,на 100 000 населения,,Город,мужчины,,29.81
2012,на 100 000 населения,Абай,Город,мужчины,KZABY,16.92
2012,на 100 000 населения,Акмолинская,Город,мужчины,KZAKM,53.31
2012,на 100 000 населения,Актюбинская,Город,мужчины,KZAKT,29.57
2012,на 100 000 населения,Алматинская,Город,мужчины,KZALM,25.37
2012,на 100 000 населения,Атырауская,Город,мужчины,KZATY,32.09
2012,на 100 000 населения,Западно-Казахстанская,Город,мужчины,KZZAP,46.42
2012,на 100 000 населения,Жымбылская,Город,мужчины,KZZHA,21.93
2012,на 100 000 населения,Жетісу,Город,мужчины,KZZHS,49.96
2012,на 100 000 населения,Карагандинская,Город,мужчины,KZKAR,42.95
2012,на 100 000 населения,Костанайская,Город,мужчины,KZKUS,59.63
2012,на 100 000 населения,Кызылординская,Город,мужчины,KZKZY,28.18
2012,на 100 000 населения,Мангистауская,Город,мужчины,KZMAN,11.48
2012,на 100 000 населения,Павлодарская,Город,мужчины,KZPAV,46.71
2012,на 100 000 населения,Северо-Казахстанская,Город,мужчины,KZSEV,8.28
2012,на 100 000 населения,Туркестанская,Город,мужчины,KZYUZ,16.77
2012,на 100 000 населения,Ұлытау,Город,мужчины,KZULU,30.2
2012,на 100 000 населения,Восточно-Казахстанская,Город,мужчины,KZVOS,65.04
2012,на 100 000 населения,г_Астана,Город,мужчины,KZNS,17.82
2012,на 100 000 населения,г_Алматы,Город,мужчины,KZALA,14.05
2012,на 100 000 населения,г_Шымкент,Город,мужчины,KZSHY,17.67
2012,на 100 000 населения,,Село,мужчины,,39.09
2012,на 100 000 населения,Абай,Село,мужчины,KZABY,43.2
2012,на 100 000 населения,Акмолинская,Село,мужчины,KZAKM,70.6
2012,на 100 000 населения,Актюбинская,Село,мужчины,KZAKT,57.41
2012,на 100 000 населения,Алматинская,Село,мужчины,KZALM,32.81
2012,на 100 000 населения,Атырауская,Село,мужчины,KZATY,34.88
2012,на 100 000 населения,Западно-Казахстанская,Село,мужчины,KZZAP,69.85
2012,на 100 000 населения,Жымбылская,Село,мужчины,KZZHA,24.48
2012,на 100 000 населения,Жетісу,Село,мужчины,KZZHS,43.17
2012,на 100 000 населения,Карагандинская,Село,мужчины,KZKAR,66.52
2012,на 100 000 населения,Костанайская,Село,мужчины,KZKUS,83.02
2012,на 100 000 населения,Кызылординская,Село,мужчины,KZKZY,19.51
2012,на 100 000 населения,Мангистауская,Село,мужчины,KZMAN,6.17
2012,на 100 000 населения,Павлодарская,Село,мужчины,KZPAV,62.09
2012,на 100 000 населения,Северо-Казахстанская,Село,мужчины,KZSEV,21.4
2012,на 100 000 населения,Туркестанская,Село,мужчины,KZYUZ,16.85
2012,на 100 000 населения,Ұлытау,Село,мужчины,KZULU,15.55
2012,на 100 000 населения,Восточно-Казахстанская,Село,мужчины,KZVOS,94.63
2012,на 100 000 населения,,,женщины,,6.6
2012,на 100 000 населения,Абай,,женщины,KZABY,2.94
2012,на 100 000 населения,Акмолинская,,женщины,KZAKM,10.06
2012,на 100 000 населения,Актюбинская,,женщины,KZAKT,5.61
2012,на 100 000 населения,Алматинская,,женщины,KZALM,5.93
2012,на 100 000 населения,Атырауская,,женщины,KZATY,2.5
2012,на 100 000 населения,Западно-Казахстанская,,женщины,KZZAP,7.54
2012,на 100 000 населения,Жымбылская,,женщины,KZZHA,5.9
2012,на 100 000 населения,Жетісу,,женщины,KZZHS,9.2
2012,на 100 000 населения,Карагандинская,,женщины,KZKAR,10.46
2012,на 100 000 населения,Костанайская,,женщины,KZKUS,10.34
2012,на 100 000 населения,Кызылординская,,женщины,KZKZY,5.56
2012,на 100 000 населения,Мангистауская,,женщины,KZMAN,1.78
2012,на 100 000 населения,Павлодарская,,женщины,KZPAV,8.34
2012,на 100 000 населения,Северо-Казахстанская,,женщины,KZSEV,1.31
2012,на 100 000 населения,Туркестанская,,женщины,KZYUZ,6.61
2012,на 100 000 населения,Ұлытау,,женщины,KZULU,13.86
2012,на 100 000 населения,Восточно-Казахстанская,,женщины,KZVOS,16.36
2012,на 100 000 населения,г_Астана,,женщины,KZNS,3.03
2012,на 100 000 населения,г_Алматы,,женщины,KZALA,2.37
2012,на 100 000 населения,г_Шымкент,,женщины,KZSHY,6.79
2012,на 100 000 населения,,Город,женщины,,5.77
2012,на 100 000 населения,Абай,Город,женщины,KZABY,1.02
2012,на 100 000 населения,Акмолинская,Город,женщины,KZAKM,7.57
2012,на 100 000 населения,Актюбинская,Город,женщины,KZAKT,6.72
2012,на 100 000 населения,Алматинская,Город,женщины,KZALM,7.08
2012,на 100 000 населения,Атырауская,Город,женщины,KZATY,2.62
2012,на 100 000 населения,Западно-Казахстанская,Город,женщины,KZZAP,5.61
2012,на 100 000 населения,Жымбылская,Город,женщины,KZZHA,5.8
2012,на 100 000 населения,Жетісу,Город,женщины,KZZHS,10.3
2012,на 100 000 населения,Карагандинская,Город,женщины,KZKAR,9.36
2012,на 100 000 населения,Костанайская,Город,женщины,KZKUS,8.19
2012,на 100 000 населения,Кызылординская,Город,женщины,KZKZY,3.83
2012,на 100 000 населения,Мангистауская,Город,женщины,KZMAN,2.17
2012,на 100 000 населения,Павлодарская,Город,женщины,KZPAV,7.17
2012,на 100 000 населения,Северо-Казахстанская,Город,женщины,KZSEV,0.0
2012,на 100 000 населения,Туркестанская,Город,женщины,KZYUZ,4.11
2012,на 100 000 населения,Ұлытау,Город,женщины,KZULU,14.29
2012,на 100 000 населения,Восточно-Казахстанская,Город,женщины,KZVOS,13.99
2012,на 100 000 населения,г_Астана,Город,женщины,KZNS,3.03
2012,на 100 000 населения,г_Алматы,Город,женщины,KZALA,2.37
2012,на 100 000 населения,г_Шымкент,Город,женщины,KZSHY,6.79
2012,на 100 000 населения,,Село,женщины,,7.77
2012,на 100 000 населения,Абай,Село,женщины,KZABY,5.6
2012,на 100 000 населения,Акмолинская,Село,женщины,KZAKM,12.45
2012,на 100 000 населения,Актюбинская,Село,женщины,KZAKT,3.15
2012,на 100 000 населения,Алматинская,Село,женщины,KZALM,5.7
2012,на 100 000 населения,Атырауская,Село,женщины,KZATY,2.35
2012,на 100 000 населения,Западно-Казахстанская,Село,женщины,KZZAP,9.51
2012,на 100 000 населения,Жымбылская,Село,женщины,KZZHA,5.98
2012,на 100 000 населения,Жетісу,Село,женщины,KZZHS,8.41
2012,на 100 000 населения,Карагандинская,Село,женщины,KZKAR,14.82
2012,на 100 000 населения,Костанайская,Село,женщины,KZKUS,12.99
2012,на 100 000 населения,Кызылординская,Село,женщины,KZKZY,6.88
2012,на 100 000 населения,Мангистауская,Село,женщины,KZMAN,1.4
2012,на 100 000 населения,Павлодарская,Село,женщины,KZPAV,11.13
2012,на 100 000 населения,Северо-Казахстанская,Село,женщины,KZSEV,2.31
2012,на 100 000 населения,Туркестанская,Село,женщины,KZYUZ,7.28
2012,на 100 000 населения,Ұлытау,Село,женщины,KZULU,12.26
2012,на 100 000 населения,Восточно-Казахстанская,Село,женщины,KZVOS,20.24
2013,на 100 000 населения,,,,,20.77
2013,на 100 000 населения,Абай,,,KZABY,14.81
2013,на 100 000 населения,Акмолинская,,,KZAKM,37.38
2013,на 100 000 населения,Актюбинская,,,KZAKT,20.95
2013,на 100 000 населения,Алматинская,,,KZALM,20.52
2013,на 100 000 населения,Атырауская,,,KZATY,19.95
2013,на 100 000 населения,Западно-Казахстанская,,,KZZAP,26.42
2013,на 100 000 населения,Жымбылская,,,KZZHA,19.71
2013,на 100 000 населения,Жетісу,,,KZZHS,26.74
2013,на 100 000 населения,Карагандинская,,,KZKAR,27.95
2013,на 100 000 населения,Костанайская,,,KZKUS,42.5
2013,на 100 000 населения,Кызылординская,,,KZKZY,16.93
2013,на 100 000 населения,Мангистауская,,,KZMAN,12.45
2013,на 100 000 населения,Павлодарская,,,KZPAV,25.44
2013,на 100 000 населения,Северо-Казахстанская,,,KZSEV,10.57
2013,на 100 000 населения,Туркестанская,,,KZYUZ,14.1
2013,на 100 000 населения,Ұлытау,,,KZULU,15.15
2013,на 100 000 населения,Восточно-Казахстанская,,,KZVOS,46.17
2013,на 100 000 населения,г_Астана,,,KZNS,12.46
2013,на 100 000 населения,г_Алматы,,,KZALA,6.3
2013,на 100 000 населения,г_Шымкент,,,KZSHY,12.86
2013,на 100 000 населения,,Город,,,17.72
2013,на 100 000 населения,Абай,Город,,KZABY,7.27
2013,на 100 000 населения,Акмолинская,Город,,KZAKM,32.74
2013,на 100 000 населения,Актюбинская,Город,,KZAKT,18.19
2013,на 100 000 населения,Алматинская,Город,,KZALM,25.95
2013,на 100 000 населения,Атырауская,Город,,KZATY,16.28
2013,на 100 000 населения,Западно-Казахстанская,Город,,KZZAP,22.66
2013,на 100 000 населения,Жымбылская,Город,,KZZHA,22.68
2013,на 100 000 населения,Жетісу,Город,,KZZHS,26.34
2013,на 100 000 населения,Карагандинская,Город,,KZKAR,23.78
2013,на 100 000 населения,Костанайская,Город,,KZKUS,33.74
2013,на 100 000 населения,Кызылординская,Город,,KZKZY,15.34
2013,на 100 000 населения,Мангистауская,Город,,KZMAN,14.21
2013,на 100 000 населения,Павлодарская,Город,,KZPAV,22.61
2013,на 100 000 населения,Северо-Казахстанская,Город,,KZSEV,3.73
2013,на 100 000 населения,Туркестанская,Город,,KZYUZ,13.15
2013,на 100 000 населения,Ұлытау,Город,,KZULU,12.1
2013,на 100 000 населения,Восточно-Казахстанская,Город,,KZVOS,39.72
2013,на 100 000 населения,г_Астана,Город,,KZNS,12.46
2013,на 100 000 населения,г_Алматы,Город,,KZALA,6.3
2013,на 100 000 населения,г_Шымкент,Город,,KZSHY,12.86
2013,на 100 000 населения,,Село,,,24.8
2013,на 100 000 населения,Абай,Село,,KZABY,24.71
2013,на 100 000 населения,Акмолинская,Село,,KZAKM,41.66
2013,на 100 000 населения,Актюбинская,Село,,KZAKT,26.79
2013,на 100 000 населения,Алматинская,Село,,KZALM,19.5
2013,на 100 000 населения,Атырауская,Село,,KZATY,24.18
2013,на 100 000 населения,Западно-Казахстанская,Село,,KZZAP,30.04
2013,на 100 000 населения,Жымбылская,Село,,KZZHA,17.71
2013,на 100 000 населения,Жетісу,Село,,KZZHS,27.01
2013,на 100 000 населения,Карагандинская,Село,,KZKAR,43.5
2013,на 100 000 населения,Костанайская,Село,,KZKUS,52.88
2013,на 100 000 населения,Кызылординская,Село,,KZKZY,18.11
2013,на 100 000 населения,Мангистауская,Село,,KZMAN,10.87
2013,на 100 000 населения,Павлодарская,Село,,KZPAV,31.91
2013,на 100 000 населения,Северо-Казахстанская,Село,,KZSEV,15.49
2013,на 100 000 населения,Туркестанская,Село,,KZYUZ,14.34
2013,на 100 000 населения,Ұлытау,Село,,KZULU,25.59
2013,на 100 000 населения,Восточно-Казахстанская,Село,,KZVOS,56.13
2013,на 100 000 населения,,,мужчины,,34.75
2013,на 100 000 населения,Абай,,мужчины,KZABY,26.02
2013,на 100 000 населения,Акмолинская,,мужчины,KZAKM,62.14
2013,на 100 000 населения,Актюбинская,,мужчины,KZAKT,36.47
2013,на 100 000 населения,Алматинская,,мужчины,KZALM,31.27
2013,на 100 000 населения,Атырауская,,мужчины,KZATY,33.4
2013,на 100 000 населения,Западно-Казахстанская,,мужчины,KZZAP,46.72
2013,на 100 000 населения,Жымбылская,,мужчины,KZZHA,32.84
2013,на 100 000 населения,Жетісу,,мужчины,KZZHS,47.22
2013,на 100 000 населения,Карагандинская,,мужчины,KZKAR,48.07
2013,на 100 000 населения,Костанайская,,мужчины,KZKUS,74.85
2013,на 100 000 населения,Кызылординская,,мужчины,KZKZY,26.51
2013,на 100 000 населения,Мангистауская,,мужчины,KZMAN,20.21
2013,на 100 000 населения,Павлодарская,,мужчины,KZPAV,43.84
2013,на 100 000 населения,Северо-Казахстанская,,мужчины,KZSEV,19.28
2013,на 100 000 населения,Туркестанская,,мужчины,KZYUZ,20.52
2013,на 100 000 населения,Ұлытау,,мужчины,KZULU,24.82
2013,на 100 000 населения,Восточно-Казахстанская,,мужчины,KZVOS,81.14
2013,на 100 000 населения,г_Астана,,мужчины,KZNS,21.18
2013,на 100 000 населения,г_Алматы,,мужчины,KZALA,9.91
2013,на 100 000 населения,г_Шымкент,,мужчины,KZSHY,20.72
2013,на 100 000 населения,,Город,мужчины,,30.06
2013,на 100 000 населения,Абай,Город,мужчины,KZABY,13.29
2013,на 100 000 населения,Акмолинская,Город,мужчины,KZAKM,55.28
2013,на 100 000 населения,Актюбинская,Город,мужчины,KZAKT,32.19
2013,на 100 000 населения,Алматинская,Город,мужчины,KZALM,39.05
2013,на 100 000 населения,Атырауская,Город,мужчины,KZATY,26.33
2013,на 100 000 населения,Западно-Казахстанская,Город,мужчины,KZZAP,39.08
2013,на 100 000 населения,Жымбылская,Город,мужчины,KZZHA,39.2
2013,на 100 000 населения,Жетісу,Город,мужчины,KZZHS,49.98
2013,на 100 000 населения,Карагандинская,Город,мужчины,KZKAR,41.13
2013,на 100 000 населения,Костанайская,Город,мужчины,KZKUS,61.81
2013,на 100 000 населения,Кызылординская,Город,мужчины,KZKZY,22.92
2013,на 100 000 населения,Мангистауская,Город,мужчины,KZMAN,22.48
2013,на 100 000 населения,Павлодарская,Город,мужчины,KZPAV,38.74
2013,на 100 000 населения,Северо-Казахстанская,Город,мужчины,KZSEV,8.24
2013,на 100 000 населения,Туркестанская,Город,мужчины,KZYUZ,17.12
2013,на 100 000 населения,Ұлытау,Город,мужчины,KZULU,19.33
2013,на 100 000 населения,Восточно-Казахстанская,Город,мужчины,KZVOS,70.59
2013,на 100 000 населения,г_Астана,Город,мужчины,KZNS,21.18
2013,на 100 000 населения,г_Алматы,Город,мужчины,KZALA,9.91
2013,на 100 000 населения,г_Шымкент,Город,мужчины,KZSHY,20.72
2013,на 100 000 населения,,Село,мужчины,,40.58
2013,на 100 000 населения,Абай,Село,мужчины,KZABY,41.54
2013,на 100 000 населения,Акмолинская,Село,мужчины,KZAKM,68.09
2013,на 100 000 населения,Актюбинская,Село,мужчины,KZAKT,45.03
2013,на 100 000 населения,Алматинская,Село,мужчины,KZALM,29.86
2013,на 100 000 населения,Атырауская,Село,мужчины,KZATY,41.18
2013,на 100 000 населения,Западно-Казахстанская,Село,мужчины,KZZAP,53.49
2013,на 100 000 населения,Жымбылская,Село,мужчины,KZZHA,28.82
2013,на 100 000 населения,Жетісу,Село,мужчины,KZZHS,45.45
2013,на 100 000 населения,Карагандинская,Село,мужчины,KZKAR,71.92
2013,на 100 000 населения,Костанайская,Село,мужчины,KZKUS,89.3
2013,на 100 000 населения,Кызылординская,Село,мужчины,KZKZY,29.08
2013,на 100 000 населения,Мангистауская,Село,мужчины,KZMAN,18.23
2013,на 100 000 населения,Павлодарская,Село,мужчины,KZPAV,54.64
2013,на 100 000 населения,Северо-Казахстанская,Село,мужчины,KZSEV,26.55
2013,на 100 000 населения,Туркестанская,Село,мужчины,KZYUZ,21.39
2013,на 100 000 населения,Ұлытау,Село,мужчины,KZULU,42.29
2013,на 100 000 населения,Восточно-Казахстанская,Село,мужчины,KZVOS,96.11
2013,на 100 000 населения,,,женщины,,7.73
2013,на 100 000 населения,Абай,,женщины,KZABY,4.42
2013,на 100 000 населения,Акмолинская,,женщины,KZAKM,14.25
2013,на 100 000 населения,Актюбинская,,женщины,KZAKT,6.5
2013,на 100 000 населения,Алматинская,,женщины,KZALM,10.13
2013,на 100 000 населения,Атырауская,,женщины,KZATY,6.99
2013,на 100 000 населения,Западно-Казахстанская,,женщины,KZZAP,7.48
2013,на 100 000 населения,Жымбылская,,женщины,KZZHA,7.1
2013,на 100 000 населения,Жетісу,,женщины,KZZHS,6.98
2013,на 100 000 населения,Карагандинская,,женщины,KZKAR,10.09
2013,на 100 000 населения,Костанайская,,женщины,KZKUS,13.57
2013,на 100 000 населения,Кызылординская,,женщины,KZKZY,7.36
2013,на 100 000 населения,Мангистауская,,женщины,KZMAN,4.81
2013,на 100 000 населения,Павлодарская,,женщины,KZPAV,9.06
2013,на 100 000 населения,Северо-Казахстанская,,женщины,KZSEV,2.65
2013,на 100 000 населения,Туркестанская,,женщины,KZYUZ,7.58
2013,на 100 000 населения,Ұлытау,,женщины,KZULU,6.05
2013,на 100 000 населения,Восточно-Казахстанская,,женщины,KZVOS,15.09
2013,на 100 000 населения,г_Астана,,женщины,KZNS,4.33
2013,на 100 000 населения,г_Алматы,,женщины,KZALA,3.25
2013,на 100 000 населения,г_Шымкент,,женщины,KZSHY,5.64
2013,на 100 000 населения,,Город,женщины,,6.82
2013,на 100 000 населения,Абай,Город,женщины,KZABY,2.02
2013,на 100 000 населения,Акмолинская,Город,женщины,KZAKM,12.86
2013,на 100 000 населения,Актюбинская,Город,женщины,KZAKT,5.58
2013,на 100 000 населения,Алматинская,Город,женщины,KZALM,13.93
2013,на 100 000 населения,Атырауская,Город,женщины,KZATY,7.02
2013,на 100 000 населения,Западно-Казахстанская,Город,женщины,KZZAP,8.55
2013,на 100 000 населения,Жымбылская,Город,женщины,KZZHA,7.9
2013,на 100 000 населения,Жетісу,Город,женщины,KZZHS,5.08
2013,на 100 000 населения,Карагандинская,Город,женщины,KZKAR,8.88
2013,на 100 000 населения,Костанайская,Город,женщины,KZKUS,10.05
2013,на 100 000 населения,Кызылординская,Город,женщины,KZKZY,8.11
2013,на 100 000 населения,Мангистауская,Город,женщины,KZMAN,6.38
2013,на 100 000 населения,Павлодарская,Город,женщины,KZPAV,8.87
2013,на 100 000 населения,Северо-Казахстанская,Город,женщины,KZSEV,0.0
2013,на 100 000 населения,Туркестанская,Город,женщины,KZYUZ,9.23
2013,на 100 000 населения,Ұлытау,Город,женщины,KZULU,5.5
2013,на 100 000 населения,Восточно-Казахстанская,Город,женщины,KZVOS,13.92
2013,на 100 000 населения,г_Астана,Город,женщины,KZNS,4.33
2013,на 100 000 населения,г_Алматы,Город,женщины,KZALA,3.25
2013,на 100 000 населения,г_Шымкент,Город,женщины,KZSHY,5.64
2013,на 100 000 населения,,Село,женщины,,9.01
2013,на 100 000 населения,Абай,Село,женщины,KZABY,7.79
2013,на 100 000 населения,Акмолинская,Село,женщины,KZAKM,15.61
2013,на 100 000 населения,Актюбинская,Село,женщины,KZAKT,8.55
2013,на 100 000 населения,Алматинская,Село,женщины,KZALM,9.4
2013,на 100 000 населения,Атырауская,Село,женщины,KZATY,6.96
2013,на 100 000 населения,Западно-Казахстанская,Село,женщины,KZZAP,6.35
2013,на 100 000 населения,Жымбылская,Село,женщины,KZZHA,6.54
2013,на 100 000 населения,Жетісу,Село,женщины,KZZHS,8.36
2013,на 100 000 населения,Карагандинская,Село,женщины,KZKAR,14.95
2013,на 100 000 населения,Костанайская,Село,женщины,KZKUS,17.99
2013,на 100 000 населения,Кызылординская,Село,женщины,KZKZY,6.78
2013,на 100 000 населения,Мангистауская,Село,женщины,KZMAN,3.33
2013,на 100 000 населения,Павлодарская,Село,женщины,KZPAV,9.54
2013,на 100 000 населения,Северо-Казахстанская,Село,женщины,KZSEV,4.71
2013,на 100 000 населения,Туркестанская,Село,женщины,KZYUZ,7.14
2013,на 100 000 населения,Ұлытау,Село,женщины,KZULU,8.07
2013,на 100 000 населения,Восточно-Казахстанская,Село,женщины,KZVOS,17.03
2014,на 100 000 населения,,,,,18.27
2014,на 100 000 населения,Абай,,,KZABY,15.42
2014,на 100 000 населения,Акмолинская,,,KZAKM,36.74
2014,на 100 000 населения,Актюбинская,,,KZAKT,18.16
2014,на 100 000 населения,Алматинская,,,KZALM,19.76
2014,на 100 000 населения,Атырауская,,,KZATY,16.18
2014,на 100 000 населения,Западно-Казахстанская,,,KZZAP,23.77
2014,на 100 000 населения,Жымбылская,,,KZZHA,17.15
2014,на 100 000 населения,Жетісу,,,KZZHS,27.68
2014,на 100 000 населения,Карагандинская,,,KZKAR,28.3
2014,на 100 000 населения,Костанайская,,,KZKUS,31.8
2014,на 100 000 населения,Кызылординская,,,KZKZY,9.39
2014,на 100 000 населения,Мангистауская,,,KZMAN,8.53
2014,на 100 000 населения,Павлодарская,,,KZPAV,13.53
2014,на 100 000 населения,Северо-Казахстанская,,,KZSEV,11.69
2014,на 100 000 населения,Туркестанская,,,KZYUZ,16.09
2014,на 100 000 населения,Ұлытау,,,KZULU,20.89
2014,на 100 000 населения,Восточно-Казахстанская,,,KZVOS,40.47
2014,на 100 000 населения,г_Астана,,,KZNS,8.33
2014,на 100 000 населения,г_Алматы,,,KZALA,6.4
2014,на 100 000 населения,г_Шымкент,,,KZSHY,7.11
2014,на 100 000 населения,,Город,,,14.75
2014,на 100 000 населения,Абай,Город,,KZABY,6.42
2014,на 100 000 населения,Акмолинская,Город,,KZAKM,30.23
2014,на 100 000 населения,Актюбинская,Город,,KZAKT,13.5
2014,на 100 000 населения,Алматинская,Город,,KZALM,18.89
2014,на 100 000 населения,Атырауская,Город,,KZATY,12.57
2014,на 100 000 населения,Западно-Казахстанская,Город,,KZZAP,23.21
2014,на 100 000 населения,Жымбылская,Город,,KZZHA,15.7
2014,на 100 000 населения,Жетісу,Город,,KZZHS,25.55
2014,на 100 000 населения,Карагандинская,Город,,KZKAR,24.85
2014,на 100 000 населения,Костанайская,Город,,KZKUS,25.09
2014,на 100 000 населения,Кызылординская,Город,,KZKZY,11.55
2014,на 100 000 населения,Мангистауская,Город,,KZMAN,7.5
2014,на 100 000 населения,Павлодарская,Город,,KZPAV,12.32
2014,на 100 000 населения,Северо-Казахстанская,Город,,KZSEV,6.16
2014,на 100 000 населения,Туркестанская,Город,,KZYUZ,13.1
2014,на 100 000 населения,Ұлытау,Город,,KZULU,22.43
2014,на 100 000 населения,Восточно-Казахстанская,Город,,KZVOS,35.2
2014,на 100 000 населения,г_Астана,Город,,KZNS,8.33
2014,на 100 000 населения,г_Алматы,Город,,KZALA,6.4
2014,на 100 000 населения,г_Шымкент,Город,,KZSHY,7.11
2014,на 100 000 населения,,Село,,,22.99
2014,на 100 000 населения,Абай,Село,,KZABY,27.38
2014,на 100 000 населения,Акмолинская,Село,,KZAKM,42.79
2014,на 100 000 населения,Актюбинская,Село,,KZAKT,28.11
2014,на 100 000 населения,Алматинская,Село,,KZALM,19.93
2014,на 100 000 населения,Атырауская,Село,,KZATY,20.43
2014,на 100 000 населения,Западно-Казахстанская,Село,,KZZAP,24.31
2014,на 100 000 населения,Жымбылская,Село,,KZZHA,18.14
2014,на 100 000 населения,Жетісу,Село,,KZZHS,29.15
2014,на 100 000 населения,Карагандинская,Село,,KZKAR,41.45
2014,на 100 000 населения,Костанайская,Село,,KZKUS,39.91
2014,на 100 000 населения,Кызылординская,Село,,KZKZY,7.76
2014,на 100 000 населения,Мангистауская,Село,,KZMAN,9.44
2014,на 100 000 населения,Павлодарская,Село,,KZPAV,16.35
2014,на 100 000 населения,Северо-Казахстанская,Село,,KZSEV,15.77
2014,на 100 000 населения,Туркестанская,Село,,KZYUZ,16.85
2014,на 100 000 населения,Ұлытау,Село,,KZULU,15.67
2014,на 100 000 населения,Восточно-Казахстанская,Село,,KZVOS,48.74
2014,на 100 000 населения,,,мужчины,,31.04
2014,на 100 000 населения,Абай,,мужчины,KZABY,27.88
2014,на 100 000 населения,Акмолинская,,мужчины,KZAKM,64.8
2014,на 100 000 населения,Актюбинская,,мужчины,KZAKT,31.52
2014,на 100 000 населения,Алматинская,,мужчины,KZALM,33.68
2014,на 100 000 населения,Атырауская,,мужчины,KZATY,26.59
2014,на 100 000 населения,Западно-Казахстанская,,мужчины,KZZAP,40.29
2014,на 100 000 населения,Жымбылская,,мужчины,KZZHA,27.32
2014,на 100 000 населения,Жетісу,,мужчины,KZZHS,46.07
2014,на 100 000 населения,Карагандинская,,мужчины,KZKAR,47.38
2014,на 100 000 населения,Костанайская,,мужчины,KZKUS,58.17
2014,на 100 000 населения,Кызылординская,,мужчины,KZKZY,15.03
2014,на 100 000 населения,Мангистауская,,мужчины,KZMAN,13.47
2014,на 100 000 населения,Павлодарская,,мужчины,KZPAV,22.79
2014,на 100 000 населения,Северо-Казахстанская,,мужчины,KZSEV,20.5
2014,на 100 000 населения,Туркестанская,,мужчины,KZYUZ,24.76
2014,на 100 000 населения,Ұлытау,,мужчины,KZULU,34.84
2014,на 100 000 населения,Восточно-Казахстанская,,мужчины,KZVOS,70.14
2014,на 100 000 населения,г_Астана,,мужчины,KZNS,14.32
2014,на 100 000 населения,г_Алматы,,мужчины,KZALA,11.84
2014,на 100 000 населения,г_Шымкент,,мужчины,KZSHY,13.12
2014,на 100 000 населения,,Город,мужчины,,25.61
2014,на 100 000 населения,Абай,Город,мужчины,KZABY,10.88
2014,на 100 000 населения,Акмолинская,Город,мужчины,KZAKM,53.65
2014,на 100 000 населения,Актюбинская,Город,мужчины,KZAKT,24.28
2014,на 100 000 населения,Алматинская,Город,мужчины,KZALM,36.26
2014,на 100 000 населения,Атырауская,Город,мужчины,KZATY,18.79
2014,на 100 000 населения,Западно-Казахстанская,Город,мужчины,KZZAP,38.29
2014,на 100 000 населения,Жымбылская,Город,мужчины,KZZHA,27.43
2014,на 100 000 населения,Жетісу,Город,мужчины,KZZHS,45.15
2014,на 100 000 населения,Карагандинская,Город,мужчины,KZKAR,42.82
2014,на 100 000 населения,Костанайская,Город,мужчины,KZKUS,46.17
2014,на 100 000 населения,Кызылординская,Город,мужчины,KZKZY,17.89
2014,на 100 000 населения,Мангистауская,Город,мужчины,KZMAN,12.47
2014,на 100 000 населения,Павлодарская,Город,мужчины,KZPAV,20.58
2014,на 100 000 населения,Северо-Казахстанская,Город,мужчины,KZSEV,11.8
2014,на 100 000 населения,Туркестанская,Город,мужчины,KZYUZ,21.09
2014,на 100 000 населения,Ұлытау,Город,мужчины,KZULU,36.19
2014,на 100 000 населения,Восточно-Казахстанская,Город,мужчины,KZVOS,61.76
2014,на 100 000 населения,г_Астана,Город,мужчины,KZNS,14.32
2014,на 100 000 населения,г_Алматы,Город,мужчины,KZALA,11.84
2014,на 100 000 населения,г_Шымкент,Город,мужчины,KZSHY,13.12
2014,на 100 000 населения,,Село,мужчины,,37.85
2014,на 100 000 населения,Абай,Село,мужчины,KZABY,48.93
2014,на 100 000 населения,Акмолинская,Село,мужчины,KZAKM,74.58
2014,на 100 000 населения,Актюбинская,Село,мужчины,KZAKT,46.19
2014,на 100 000 населения,Алматинская,Село,мужчины,KZALM,33.22
2014,на 100 000 населения,Атырауская,Село,мужчины,KZATY,35.32
2014,на 100 000 населения,Западно-Казахстанская,Село,мужчины,KZZAP,42.1
2014,на 100 000 населения,Жымбылская,Село,мужчины,KZZHA,27.25
2014,на 100 000 населения,Жетісу,Село,мужчины,KZZHS,46.66
2014,на 100 000 населения,Карагандинская,Село,мужчины,KZKAR,63.41
2014,на 100 000 населения,Костанайская,Село,мужчины,KZKUS,71.75
2014,на 100 000 населения,Кызылординская,Село,мужчины,KZKZY,12.96
2014,на 100 000 населения,Мангистауская,Село,мужчины,KZMAN,14.32
2014,на 100 000 населения,Павлодарская,Село,мужчины,KZPAV,27.55
2014,на 100 000 населения,Северо-Казахстанская,Село,мужчины,KZSEV,26.39
2014,на 100 000 населения,Туркестанская,Село,мужчины,KZYUZ,25.68
2014,на 100 000 населения,Ұлытау,Село,мужчины,KZULU,30.57
2014,на 100 000 населения,Восточно-Казахстанская,Село,мужчины,KZVOS,82.27
2014,на 100 000 населения,,,женщины,,6.35
2014,на 100 000 населения,Абай,,женщины,KZABY,3.83
2014,на 100 000 населения,Акмолинская,,женщины,KZAKM,10.53
2014,на 100 000 населения,Актюбинская,,женщины,KZAKT,5.69
2014,на 100 000 населения,Алматинская,,женщины,KZALM,6.3
2014,на 100 000 населения,Атырауская,,женщины,KZATY,6.15
2014,на 100 000 населения,Западно-Казахстанская,,женщины,KZZAP,8.33
2014,на 100 000 населения,Жымбылская,,женщины,KZZHA,7.38
2014,на 100 000 населения,Жетісу,,женщины,KZZHS,9.92
2014,на 100 000 населения,Карагандинская,,женщины,KZKAR,11.35
2014,на 100 000 населения,Костанайская,,женщины,KZKUS,8.18
2014,на 100 000 населения,Кызылординская,,женщины,KZKZY,3.75
2014,на 100 000 населения,Мангистауская,,женщины,KZMAN,3.66
2014,на 100 000 населения,Павлодарская,,женщины,KZPAV,5.27
2014,на 100 000 населения,Северо-Казахстанская,,женщины,KZSEV,3.67
2014,на 100 000 населения,Туркестанская,,женщины,KZYUZ,7.27
2014,на 100 000 населения,Ұлытау,,женщины,KZULU,7.77
2014,на 100 000 населения,Восточно-Казахстанская,,женщины,KZVOS,14.06
2014,на 100 000 населения,г_Астана,,женщины,KZNS,2.76
2014,на 100 000 населения,г_Алматы,,женщины,KZALA,1.81
2014,на 100 000 населения,г_Шымкент,,женщины,KZSHY,1.59
2014,на 100 000 населения,,Город,женщины,,5.13
2014,на 100 000 населения,Абай,Город,женщины,KZABY,2.51
2014,на 100 000 населения,Акмолинская,Город,женщины,KZAKM,9.57
2014,на 100 000 населения,Актюбинская,Город,женщины,KZAKT,3.77
2014,на 100 000 населения,Алматинская,Город,женщины,KZALM,2.94
2014,на 100 000 населения,Атырауская,Город,женщины,KZATY,6.82
2014,на 100 000 населения,Западно-Казахстанская,Город,женщины,KZZAP,10.21
2014,на 100 000 населения,Жымбылская,Город,женщины,KZZHA,5.18
2014,на 100 000 населения,Жетісу,Город,женщины,KZZHS,7.86
2014,на 100 000 населения,Карагандинская,Город,женщины,KZKAR,9.4
2014,на 100 000 населения,Костанайская,Город,женщины,KZKUS,7.27
2014,на 100 000 населения,Кызылординская,Город,женщины,KZKZY,5.49
2014,на 100 000 населения,Мангистауская,Город,женщины,KZMAN,2.78
2014,на 100 000 населения,Павлодарская,Город,женщины,KZPAV,5.27
2014,на 100 000 населения,Северо-Казахстанская,Город,женщины,KZSEV,1.5
2014,на 100 000 населения,Туркестанская,Город,женщины,KZYUZ,5.13
2014,на 100 000 населения,Ұлытау,Город,женщины,KZULU,9.89
2014,на 100 000 населения,Восточно-Казахстанская,Город,женщины,KZVOS,13.01
2014,на 100 000 населения,г_Астана,Город,женщины,KZNS,2.76
2014,на 100 000 населения,г_Алматы,Город,женщины,KZALA,1.81
2014,на 100 000 населения,г_Шымкент,Город,женщины,KZSHY,1.59
2014,на 100 000 населения,,Село,женщины,,8.1
2014,на 100 000 населения,Абай,Село,женщины,KZABY,5.71
2014,на 100 000 населения,Акмолинская,Село,женщины,KZAKM,11.47
2014,на 100 000 населения,Актюбинская,Село,женщины,KZAKT,10.01
2014,на 100 000 населения,Алматинская,Село,женщины,KZALM,6.94
2014,на 100 000 населения,Атырауская,Село,женщины,KZATY,5.33
2014,на 100 000 населения,Западно-Казахстанская,Село,женщины,KZZAP,6.35
2014,на 100 000 населения,Жымбылская,Село,женщины,KZZHA,8.95
2014,на 100 000 населения,Жетісу,Село,женщины,KZZHS,11.42
2014,на 100 000 населения,Карагандинская,Село,женщины,KZKAR,19.33
2014,на 100 000 населения,Костанайская,Село,женщины,KZKUS,9.35
2014,на 100 000 населения,Кызылординская,Село,женщины,KZKZY,2.39
2014,на 100 000 населения,Мангистауская,Село,женщины,KZMAN,4.46
2014,на 100 000 населения,Павлодарская,Село,женщины,KZPAV,5.27
2014,на 100 000 населения,Северо-Казахстанская,Село,женщины,KZSEV,5.39
2014,на 100 000 населения,Туркестанская,Село,женщины,KZYUZ,7.82
2014,на 100 000 населения,Ұлытау,Село,женщины,KZULU,0.0
2014,на 100 000 населения,Восточно-Казахстанская,Село,женщины,KZVOS,15.86
2015,на 100 000 населения,,,,,16.66
2015,на 100 000 населения,Абай,,,KZABY,13.42
2015,на 100 000 населения,Акмолинская,,,KZAKM,34.09
2015,на 100 000 населения,Актюбинская,,,KZAKT,20.53
2015,на 100 000 населения,Алматинская,,,KZALM,15.4
2015,на 100 000 населения,Атырауская,,,KZATY,18.37
2015,на 100 000 населения,Западно-Казахстанская,,,KZZAP,19.26
2015,на 100 000 населения,Жымбылская,,,KZZHA,12.78
2015,на 100 000 населения,Жетісу,,,KZZHS,21.84
2015,на 100 000 населения,Карагандинская,,,KZKAR,22.85
2015,на 100 000 населения,Костанайская,,,KZKUS,37.3
2015,на 100 000 населения,Кызылординская,,,KZKZY,7.52
2015,на 100 000 населения,Мангистауская,,,KZMAN,8.1
2015,на 100 000 населения,Павлодарская,,,KZPAV,4.89
2015,на 100 000 населения,Северо-Казахстанская,,,KZSEV,16.67
2015,на 100 000 населения,Туркестанская,,,KZYUZ,13.97
2015,на 100 000 населения,Ұлытау,,,KZULU,23.93
2015,на 100 000 населения,Восточно-Казахстанская,,,KZVOS,38.97
2015,на 100 000 населения,г_Астана,,,KZNS,13.0
2015,на 100 000 населения,г_Алматы,,,KZALA,5.73
2015,на 100 000 населения,г_Шымкент,,,KZSHY,5.5
2015,на 100 000 населения,,Город,,,13.59
2015,на 100 000 населения,Абай,Город,,KZABY,3.71
2015,на 100 000 населения,Акмолинская,Город,,KZAKM,30.48
2015,на 100 000 населения,Актюбинская,Город,,KZAKT,18.14
2015,на 100 000 населения,Алматинская,Город,,KZALM,13.1
2015,на 100 000 населения,Атырауская,Город,,KZATY,14.35
2015,на 100 000 населения,Западно-Казахстанская,Город,,KZZAP,15.22
2015,на 100 000 населения,Жымбылская,Город,,KZZHA,14.57
2015,на 100 000 населения,Жетісу,Город,,KZZHS,16.66
2015,на 100 000 населения,Карагандинская,Город,,KZKAR,21.01
2015,на 100 000 населения,Костанайская,Город,,KZKUS,27.84
2015,на 100 000 населения,Кызылординская,Город,,KZKZY,8.51
2015,на 100 000 населения,Мангистауская,Город,,KZMAN,6.68
2015,на 100 000 населения,Павлодарская,Город,,KZPAV,3.19
2015,на 100 000 населения,Северо-Казахстанская,Город,,KZSEV,12.14
2015,на 100 000 населения,Туркестанская,Город,,KZYUZ,10.73
2015,на 100 000 населения,Ұлытау,Город,,KZULU,26.37
2015,на 100 000 населения,Восточно-Казахстанская,Город,,KZVOS,32.54
2015,на 100 000 населения,г_Астана,Город,,KZNS,13.0
2015,на 100 000 населения,г_Алматы,Город,,KZALA,5.73
2015,на 100 000 населения,г_Шымкент,Город,,KZSHY,5.5
2015,на 100 000 населения,,Село,,,20.82
2015,на 100 000 населения,Абай,Село,,KZABY,26.58
2015,на 100 000 населения,Акмолинская,Село,,KZAKM,37.48
2015,на 100 000 населения,Актюбинская,Село,,KZAKT,25.74
2015,на 100 000 населения,Алматинская,Село,,KZALM,15.83
2015,на 100 000 населения,Атырауская,Село,,KZATY,23.2
2015,на 100 000 населения,Западно-Казахстанская,Село,,KZZAP,23.27
2015,на 100 000 населения,Жымбылская,Село,,KZZHA,11.56
2015,на 100 000 населения,Жетісу,Село,,KZZHS,25.44
2015,на 100 000 населения,Карагандинская,Село,,KZKAR,30.0
2015,на 100 000 населения,Костанайская,Село,,KZKUS,49.06
2015,на 100 000 населения,Кызылординская,Село,,KZKZY,6.75
2015,на 100 000 населения,Мангистауская,Село,,KZMAN,9.32
2015,на 100 000 населения,Павлодарская,Село,,KZPAV,8.92
2015,на 100 000 населения,Северо-Казахстанская,Село,,KZSEV,20.13
2015,на 100 000 населения,Туркестанская,Село,,KZYUZ,14.79
2015,на 100 000 населения,Ұлытау,Село,,KZULU,15.62
2015,на 100 000 населения,Восточно-Казахстанская,Село,,KZVOS,49.28
2015,на 100 000 населения,,,мужчины,,28.14
2015,на 100 000 населения,Абай,,мужчины,KZABY,25.31
2015,на 100 000 населения,Акмолинская,,мужчины,KZAKM,57.67
2015,на 100 000 населения,Актюбинская,,мужчины,KZAKT,37.49
2015,на 100 000 населения,Алматинская,,мужчины,KZALM,24.11
2015,на 100 000 населения,Атырауская,,мужчины,KZATY,30.47
2015,на 100 000 населения,Западно-Казахстанская,,мужчины,KZZAP,34.32
2015,на 100 000 населения,Жымбылская,,мужчины,KZZHA,21.79
2015,на 100 000 населения,Жетісу,,мужчины,KZZHS,34.53
2015,на 100 000 населения,Карагандинская,,мужчины,KZKAR,39.71
2015,на 100 000 населения,Костанайская,,мужчины,KZKUS,64.51
2015,на 100 000 населения,Кызылординская,,мужчины,KZKZY,12.93
2015,на 100 000 населения,Мангистауская,,мужчины,KZMAN,13.68
2015,на 100 000 населения,Павлодарская,,мужчины,KZPAV,7.28
2015,на 100 000 населения,Северо-Казахстанская,,мужчины,KZSEV,27.23
2015,на 100 000 населения,Туркестанская,,мужчины,KZYUZ,20.94
2015,на 100 000 населения,Ұлытау,,мужчины,KZULU,37.46
2015,на 100 000 населения,Восточно-Казахстанская,,мужчины,KZVOS,67.23
2015,на 100 000 населения,г_Астана,,мужчины,KZNS,22.68
2015,на 100 000 населения,г_Алматы,,мужчины,KZALA,10.83
2015,на 100 000 населения,г_Шымкент,,мужчины,KZSHY,9.8
2015,на 100 000 населения,,Город,мужчины,,23.22
2015,на 100 000 населения,Абай,Город,мужчины,KZABY,7.93
2015,на 100 000 населения,Акмолинская,Город,мужчины,KZAKM,51.86
2015,на 100 000 населения,Актюбинская,Город,мужчины,KZAKT,32.24
2015,на 100 000 населения,Алматинская,Город,мужчины,KZALM,21.04
2015,на 100 000 населения,Атырауская,Город,мужчины,KZATY,24.01
2015,на 100 000 населения,Западно-Казахстанская,Город,мужчины,KZZAP,26.71
2015,на 100 000 населения,Жымбылская,Город,мужчины,KZZHA,25.57
2015,на 100 000 населения,Жетісу,Город,мужчины,KZZHS,25.71
2015,на 100 000 населения,Карагандинская,Город,мужчины,KZKAR,36.94
2015,на 100 000 населения,Костанайская,Город,мужчины,KZKUS,49.54
2015,на 100 000 населения,Кызылординская,Город,мужчины,KZKZY,14.92
2015,на 100 000 населения,Мангистауская,Город,мужчины,KZMAN,11.53
2015,на 100 000 населения,Павлодарская,Город,мужчины,KZPAV,4.08
2015,на 100 000 населения,Северо-Казахстанская,Город,мужчины,KZSEV,19.63
2015,на 100 000 населения,Туркестанская,Город,мужчины,KZYUZ,13.77
2015,на 100 000 населения,Ұлытау,Город,мужчины,KZULU,39.68
2015,на 100 000 населения,Восточно-Казахстанская,Город,мужчины,KZVOS,54.06
2015,на 100 000 населения,г_Астана,Город,мужчины,KZNS,22.68
2015,на 100 000 населения,г_Алматы,Город,мужчины,KZALA,10.83
2015,на 100 000 населения,г_Шымкент,Город,мужчины,KZSHY,9.8
2015,на 100 000 населения,,Село,мужчины,,34.38
2015,на 100 000 населения,Абай,Село,мужчины,KZABY,47.25
2015,на 100 000 населения,Акмолинская,Село,мужчины,KZAKM,62.82
2015,на 100 000 населения,Актюбинская,Село,мужчины,KZAKT,48.37
2015,на 100 000 населения,Алматинская,Село,мужчины,KZALM,24.65
2015,на 100 000 населения,Атырауская,Село,мужчины,KZATY,37.86
2015,на 100 000 населения,Западно-Казахстанская,Село,мужчины,KZZAP,41.25
2015,на 100 000 населения,Жымбылская,Село,мужчины,KZZHA,19.38
2015,на 100 000 населения,Жетісу,Село,мужчины,KZZHS,40.3
2015,на 100 000 населения,Карагандинская,Село,мужчины,KZKAR,49.61
2015,на 100 000 населения,Костанайская,Село,мужчины,KZKUS,81.9
2015,на 100 000 населения,Кызылординская,Село,мужчины,KZKZY,11.46
2015,на 100 000 населения,Мангистауская,Село,мужчины,KZMAN,15.45
2015,на 100 000 населения,Павлодарская,Село,мужчины,KZPAV,14.32
2015,на 100 000 населения,Северо-Казахстанская,Село,мужчины,KZSEV,32.55
2015,на 100 000 населения,Туркестанская,Село,мужчины,KZYUZ,22.74
2015,на 100 000 населения,Ұлытау,Село,мужчины,KZULU,30.44
2015,на 100 000 населения,Восточно-Казахстанская,Село,мужчины,KZVOS,86.58
2015,на 100 000 населения,,,женщины,,5.93
2015,на 100 000 населения,Абай,,женщины,KZABY,2.35
2015,на 100 000 населения,Акмолинская,,женщины,KZAKM,12.04
2015,на 100 000 населения,Актюбинская,,женщины,KZAKT,4.67
2015,на 100 000 населения,Алматинская,,женщины,KZALM,6.96
2015,на 100 000 населения,Атырауская,,женщины,KZATY,6.69
2015,на 100 000 населения,Западно-Казахстанская,,женщины,KZZAP,5.19
2015,на 100 000 населения,Жымбылская,,женщины,KZZHA,4.09
2015,на 100 000 населения,Жетісу,,женщины,KZZHS,9.55
2015,на 100 000 населения,Карагандинская,,женщины,KZKAR,7.85
2015,на 100 000 населения,Костанайская,,женщины,KZKUS,12.9
2015,на 100 000 населения,Кызылординская,,женщины,KZKZY,2.11
2015,на 100 000 населения,Мангистауская,,женщины,KZMAN,2.58
2015,на 100 000 населения,Павлодарская,,женщины,KZPAV,2.75
2015,на 100 000 населения,Северо-Казахстанская,,женщины,KZSEV,7.04
2015,на 100 000 населения,Туркестанская,,женщины,KZYUZ,6.87
2015,на 100 000 населения,Ұлытау,,женщины,KZULU,11.19
2015,на 100 000 населения,Восточно-Казахстанская,,женщины,KZVOS,13.81
2015,на 100 000 населения,г_Астана,,женщины,KZNS,4.0
2015,на 100 000 населения,г_Алматы,,женщины,KZALA,1.43
2015,на 100 000 населения,г_Шымкент,,женщины,KZSHY,1.54
2015,на 100 000 населения,,Город,женщины,,5.05
2015,на 100 000 населения,Абай,Город,женщины,KZABY,0.0
2015,на 100 000 населения,Акмолинская,Город,женщины,KZAKM,11.59
2015,на 100 000 населения,Актюбинская,Город,женщины,KZAKT,5.37
2015,на 100 000 населения,Алматинская,Город,женщины,KZALM,5.8
2015,на 100 000 населения,Атырауская,Город,женщины,KZATY,5.4
2015,на 100 000 населения,Западно-Казахстанская,Город,женщины,KZZAP,5.32
2015,на 100 000 населения,Жымбылская,Город,женщины,KZZHA,4.68
2015,на 100 000 населения,Жетісу,Город,женщины,KZZHS,8.46
2015,на 100 000 населения,Карагандинская,Город,женщины,KZKAR,7.29
2015,на 100 000 населения,Костанайская,Город,женщины,KZKUS,9.45
2015,на 100 000 населения,Кызылординская,Город,женщины,KZKZY,2.38
2015,на 100 000 населения,Мангистауская,Город,женщины,KZMAN,2.06
2015,на 100 000 населения,Павлодарская,Город,женщины,KZPAV,2.44
2015,на 100 000 населения,Северо-Казахстанская,Город,женщины,KZSEV,5.92
2015,на 100 000 населения,Туркестанская,Город,женщины,KZYUZ,7.68
2015,на 100 000 населения,Ұлытау,Город,женщины,KZULU,14.24
2015,на 100 000 населения,Восточно-Казахстанская,Город,женщины,KZVOS,14.53
2015,на 100 000 населения,г_Астана,Город,женщины,KZNS,4.0
2015,на 100 000 населения,г_Алматы,Город,женщины,KZALA,1.43
2015,на 100 000 населения,г_Шымкент,Город,женщины,KZSHY,1.54
2015,на 100 000 населения,,Село,женщины,,7.21
2015,на 100 000 населения,Абай,Село,женщины,KZABY,5.77
2015,на 100 000 населения,Акмолинская,Село,женщины,KZAKM,12.49
2015,на 100 000 населения,Актюбинская,Село,женщины,KZAKT,3.08
2015,на 100 000 населения,Алматинская,Село,женщины,KZALM,7.19
2015,на 100 000 населения,Атырауская,Село,женщины,KZATY,8.3
2015,на 100 000 населения,Западно-Казахстанская,Село,женщины,KZZAP,5.06
2015,на 100 000 населения,Жымбылская,Село,женщины,KZZHA,3.67
2015,на 100 000 населения,Жетісу,Село,женщины,KZZHS,10.35
2015,на 100 000 населения,Карагандинская,Село,женщины,KZKAR,10.19
2015,на 100 000 населения,Костанайская,Село,женщины,KZKUS,17.45
2015,на 100 000 населения,Кызылординская,Село,женщины,KZKZY,1.89
2015,на 100 000 населения,Мангистауская,Село,женщины,KZMAN,3.04
2015,на 100 000 населения,Павлодарская,Село,женщины,KZPAV,3.55
2015,на 100 000 населения,Северо-Казахстанская,Село,женщины,KZSEV,7.97
2015,на 100 000 населения,Туркестанская,Село,женщины,KZYUZ,6.66
2015,на 100 000 населения,Ұлытау,Село,женщины,KZULU,0.0
2015,на 100 000 населения,Восточно-Казахстанская,Село,женщины,KZVOS,12.57
2016,на 100 000 населения,,,,,14.47
2016,на 100 000 населения,Акмолинская,,,KZAKM,27.18
2016,на 100 000 населения,Актюбинская,,,KZAKT,17.73
2016,на 100 000 населения,Алматинская,,,KZALM,16.54
2016,на 100 000 населения,Атырауская,,,KZATY,13.98
2016,на 100 000 населения,Западно-Казахстанская,,,KZZAP,17.52
2016,на 100 000 населения,Жымбылская,,,KZZHA,10.33
2016,на 100 000 населения,Карагандинская,,,KZKAR,21.82
2016,на 100 000 населения,Костанайская,,,KZKUS,31.99
2016,на 100 000 населения,Кызылординская,,,KZKZY,7.28
2016,на 100 000 населения,Мангистауская,,,KZMAN,11.18
2016,на 100 000 населения,Южно-Казахстанская,,,KZONT,8.71
2016,на 100 000 населения,Павлодарская,,,KZPAV,4.49
2016,на 100 000 населения,Северо-Казахстанская,,,KZSEV,17.48
2016,на 100 000 населения,Восточно-Казахстанская,,,KZVOS,22.69
2016,на 100 000 населения,г_Астана,,,KZNS,10.51
2016,на 100 000 населения,г_Алматы,,,KZALA,4.75
2016,на 100 000 населения,,Город,,,11.95
2016,на 100 000 населения,Акмолинская,Город,,KZAKM,26.0
2016,на 100 000 населения,Актюбинская,Город,,KZAKT,15.95
2016,на 100 000 населения,Алматинская,Город,,KZALM,16.92
2016,на 100 000 населения,Атырауская,Город,,KZATY,13.56
2016,на 100 000 населения,Западно-Казахстанская,Город,,KZZAP,14.33
2016,на 100 000 населения,Жымбылская,Город,,KZZHA,10.47
2016,на 100 000 населения,Карагандинская,Город,,KZKAR,19.22
2016,на 100 000 населения,Костанайская,Город,,KZKUS,23.5
2016,на 100 000 населения,Кызылординская,Город,,KZKZY,9.19
2016,на 100 000 населения,Мангистауская,Город,,KZMAN,10.07
2016,на 100 000 населения,Южно-Казахстанская,Город,,KZONT,5.66
2016,на 100 000 населения,Павлодарская,Город,,KZPAV,4.12
2016,на 100 000 населения,Северо-Казахстанская,Город,,KZSEV,12.44
2016,на 100 000 населения,Восточно-Казахстанская,Город,,KZVOS,16.84
2016,на 100 000 населения,г_Астана,Город,,KZNS,10.51
2016,на 100 000 населения,г_Алматы,Город,,KZALA,4.75
2016,на 100 000 населения,,Село,,,17.81
2016,на 100 000 населения,Акмолинская,Село,,KZAKM,28.25
2016,на 100 000 населения,Актюбинская,Село,,KZAKT,20.72
2016,на 100 000 населения,Алматинская,Село,,KZALM,16.41
2016,на 100 000 населения,Атырауская,Село,,KZATY,14.36
2016,на 100 000 населения,Западно-Казахстанская,Село,,KZZAP,20.73
2016,на 100 000 населения,Жымбылская,Село,,KZZHA,10.24
2016,на 100 000 населения,Карагандинская,Село,,KZKAR,31.8
2016,на 100 000 населения,Костанайская,Село,,KZKUS,41.6
2016,на 100 000 населения,Кызылординская,Село,,KZKZY,5.79
2016,на 100 000 населения,Мангистауская,Село,,KZMAN,12.11
2016,на 100 000 населения,Южно-Казахстанская,Село,,KZONT,11.21
2016,на 100 000 населения,Павлодарская,Село,,KZPAV,5.38
2016,на 100 000 населения,Северо-Казахстанская,Село,,KZSEV,21.43
2016,на 100 000 населения,Восточно-Казахстанская,Село,,KZVOS,31.49
2016,на 100 000 населения,,,мужчины,,24.59
2016,на 100 000 населения,Акмолинская,,мужчины,KZAKM,48.39
2016,на 100 000 населения,Актюбинская,,мужчины,KZAKT,31.01
2016,на 100 000 населения,Алматинская,,мужчины,KZALM,26.23
2016,на 100 000 населения,Атырауская,,мужчины,KZATY,23.68
2016,на 100 000 населения,Западно-Казахстанская,,мужчины,KZZAP,32.04
2016,на 100 000 населения,Жымбылская,,мужчины,KZZHA,16.46
2016,на 100 000 населения,Карагандинская,,мужчины,KZKAR,38.91
2016,на 100 000 населения,Костанайская,,мужчины,KZKUS,57.28
2016,на 100 000 населения,Кызылординская,,мужчины,KZKZY,12.48
2016,на 100 000 населения,Мангистауская,,мужчины,KZMAN,16.14
2016,на 100 000 населения,Южно-Казахстанская,,мужчины,KZONT,13.36
2016,на 100 000 населения,Павлодарская,,мужчины,KZPAV,8.94
2016,на 100 000 населения,Северо-Казахстанская,,мужчины,KZSEV,29.22
2016,на 100 000 населения,Восточно-Казахстанская,,мужчины,KZVOS,39.94
2016,на 100 000 населения,г_Астана,,мужчины,KZNS,18.44
2016,на 100 000 населения,г_Алматы,,мужчины,KZALA,7.98
2016,на 100 000 населения,,Город,мужчины,,20.57
2016,на 100 000 населения,Акмолинская,Город,мужчины,KZAKM,46.87
2016,на 100 000 населения,Актюбинская,Город,мужчины,KZAKT,26.85
2016,на 100 000 населения,Алматинская,Город,мужчины,KZALM,27.9
2016,на 100 000 населения,Атырауская,Город,мужчины,KZATY,23.22
2016,на 100 000 населения,Западно-Казахстанская,Город,мужчины,KZZAP,28.28
2016,на 100 000 населения,Жымбылская,Город,мужчины,KZZHA,15.5
2016,на 100 000 населения,Карагандинская,Город,мужчины,KZKAR,34.06
2016,на 100 000 населения,Костанайская,Город,мужчины,KZKUS,41.94
2016,на 100 000 населения,Кызылординская,Город,мужчины,KZKZY,16.37
2016,на 100 000 населения,Мангистауская,Город,мужчины,KZMAN,14.73
2016,на 100 000 населения,Южно-Казахстанская,Город,мужчины,KZONT,8.76
2016,на 100 000 населения,Павлодарская,Город,мужчины,KZPAV,8.11
2016,на 100 000 населения,Северо-Казахстанская,Город,мужчины,KZSEV,23.01
2016,на 100 000 населения,Восточно-Казахстанская,Город,мужчины,KZVOS,28.75
2016,на 100 000 населения,г_Астана,Город,мужчины,KZNS,18.44
2016,на 100 000 населения,г_Алматы,Город,мужчины,KZALA,7.98
2016,на 100 000 населения,,Село,мужчины,,29.62
2016,на 100 000 населения,Акмолинская,Село,мужчины,KZAKM,49.68
2016,на 100 000 населения,Актюбинская,Село,мужчины,KZAKT,37.64
2016,на 100 000 населения,Алматинская,Село,мужчины,KZALM,25.72
2016,на 100 000 населения,Атырауская,Село,мужчины,KZATY,24.09
2016,на 100 000 населения,Западно-Казахстанская,Село,мужчины,KZZAP,35.52
2016,на 100 000 населения,Жымбылская,Село,мужчины,KZZHA,17.08
2016,на 100 000 населения,Карагандинская,Село,мужчины,KZKAR,56.05
2016,на 100 000 населения,Костанайская,Село,мужчины,KZKUS,73.52
2016,на 100 000 населения,Кызылординская,Село,мужчины,KZKZY,9.56
2016,на 100 000 населения,Мангистауская,Село,мужчины,KZMAN,17.29
2016,на 100 000 населения,Южно-Казахстанская,Село,мужчины,KZONT,17.0
2016,на 100 000 населения,Павлодарская,Село,мужчины,KZPAV,10.77
2016,на 100 000 населения,Северо-Казахстанская,Село,мужчины,KZSEV,33.69
2016,на 100 000 населения,Восточно-Казахстанская,Село,мужчины,KZVOS,55.51
2016,на 100 000 населения,,,женщины,,4.98
2016,на 100 000 населения,Акмолинская,,женщины,KZAKM,7.33
2016,на 100 000 населения,Актюбинская,,женщины,KZAKT,5.3
2016,на 100 000 населения,Алматинская,,женщины,KZALM,7.12
2016,на 100 000 населения,Атырауская,,женщины,KZATY,4.58
2016,на 100 000 населения,Западно-Казахстанская,,женщины,KZZAP,3.94
2016,на 100 000 населения,Жымбылская,,женщины,KZZHA,4.41
2016,на 100 000 населения,Карагандинская,,женщины,KZKAR,6.45
2016,на 100 000 населения,Костанайская,,женщины,KZKUS,9.26
2016,на 100 000 населения,Кызылординская,,женщины,KZKZY,2.08
2016,на 100 000 населения,Мангистауская,,женщины,KZMAN,6.27
2016,на 100 000 населения,Южно-Казахстанская,,женщины,KZONT,4.1
2016,на 100 000 населения,Павлодарская,,женщины,KZPAV,0.5
2016,на 100 000 населения,Северо-Казахстанская,,женщины,KZSEV,6.75
2016,на 100 000 населения,Восточно-Казахстанская,,женщины,KZVOS,6.99
2016,на 100 000 населения,г_Астана,,женщины,KZNS,3.14
2016,на 100 000 населения,г_Алматы,,женщины,KZALA,2.03
2016,на 100 000 населения,,Город,женщины,,4.29
2016,на 100 000 населения,Акмолинская,Город,женщины,KZAKM,7.54
2016,на 100 000 населения,Актюбинская,Город,женщины,KZAKT,6.14
2016,на 100 000 населения,Алматинская,Город,женщины,KZALM,6.88
2016,на 100 000 населения,Атырауская,Город,женщины,KZATY,4.67
2016,на 100 000 населения,Западно-Казахстанская,Город,женщины,KZZAP,2.32
2016,на 100 000 населения,Жымбылская,Город,женщины,KZZHA,5.93
2016,на 100 000 населения,Карагандинская,Город,женщины,KZKAR,6.31
2016,на 100 000 населения,Костанайская,Город,женщины,KZKUS,7.89
2016,на 100 000 населения,Кызылординская,Город,женщины,KZKZY,2.32
2016,на 100 000 населения,Мангистауская,Город,женщины,KZMAN,5.5
2016,на 100 000 населения,Южно-Казахстанская,Город,женщины,KZONT,2.72
2016,на 100 000 населения,Павлодарская,Город,женщины,KZPAV,0.69
2016,на 100 000 населения,Северо-Казахстанская,Город,женщины,KZSEV,3.67
2016,на 100 000 населения,Восточно-Казахстанская,Город,женщины,KZVOS,6.65
2016,на 100 000 населения,г_Астана,Город,женщины,KZNS,3.14
2016,на 100 000 населения,г_Алматы,Город,женщины,KZALA,2.03
2016,на 100 000 населения,,Село,женщины,,5.96
2016,на 100 000 населения,Акмолинская,Село,женщины,KZAKM,7.14
2016,на 100 000 населения,Актюбинская,Село,женщины,KZAKT,3.82
2016,на 100 000 населения,Алматинская,Село,женщины,KZALM,7.2
2016,на 100 000 населения,Атырауская,Село,женщины,KZATY,4.5
2016,на 100 000 населения,Западно-Казахстанская,Село,женщины,KZZAP,5.7
2016,на 100 000 населения,Жымбылская,Село,женщины,KZZHA,3.33
2016,на 100 000 населения,Карагандинская,Село,женщины,KZKAR,7.06
2016,на 100 000 населения,Костанайская,Село,женщины,KZKUS,10.91
2016,на 100 000 населения,Кызылординская,Село,женщины,KZKZY,1.89
2016,на 100 000 населения,Мангистауская,Село,женщины,KZMAN,6.92
2016,на 100 000 населения,Южно-Казахстанская,Село,женщины,KZONT,5.29
2016,на 100 000 населения,Павлодарская,Село,женщины,KZPAV,0.0
2016,на 100 000 населения,Северо-Казахстанская,Село,женщины,KZSEV,9.37
2016,на 100 000 населения,Восточно-Казахстанская,Село,женщины,KZVOS,7.55
2017,на 100 000 населения,,,,,14.77
2017,на 100 000 населения,Акмолинская,,,KZAKM,34.34
2017,на 100 000 населения,Актюбинская,,,KZAKT,14.91
2017,на 100 000 населения,Алматинская,,,KZALM,18.9
2017,на 100 000 населения,Атырауская,,,KZATY,13.03
2017,на 100 000 населения,Западно-Казахстанская,,,KZZAP,15.83
2017,на 100 000 населения,Жымбылская,,,KZZHA,9.5
2017,на 100 000 населения,Карагандинская,,,KZKAR,22.15
2017,на 100 000 населения,Костанайская,,,KZKUS,28.61
2017,на 100 000 населения,Кызылординская,,,KZKZY,5.27
2017,на 100 000 населения,Мангистауская,,,KZMAN,9.52
2017,на 100 000 населения,Южно-Казахстанская,,,KZONT,11.26
2017,на 100 000 населения,Павлодарская,,,KZPAV,9.66
2017,на 100 000 населения,Северо-Казахстанская,,,KZSEV,11.59
2017,на 100 000 населения,Восточно-Казахстанская,,,KZVOS,22.0
2017,на 100 000 населения,г_Астана,,,KZNS,9.98
2017,на 100 000 населения,г_Алматы,,,KZALA,5.01
2017,на 100 000 населения,,Город,,,12.35
2017,на 100 000 населения,Акмолинская,Город,,KZAKM,28.39
2017,на 100 000 населения,Актюбинская,Город,,KZAKT,12.44
2017,на 100 000 населения,Алматинская,Город,,KZALM,20.44
2017,на 100 000 населения,Атырауская,Город,,KZATY,10.53
2017,на 100 000 населения,Западно-Казахстанская,Город,,KZZAP,9.12
2017,на 100 000 населения,Жымбылская,Город,,KZZHA,10.53
2017,на 100 000 населения,Карагандинская,Город,,KZKAR,21.39
2017,на 100 000 населения,Костанайская,Город,,KZKUS,21.24
2017,на 100 000 населения,Кызылординская,Город,,KZKZY,6.11
2017,на 100 000 населения,Мангистауская,Город,,KZMAN,10.69
2017,на 100 000 населения,Южно-Казахстанская,Город,,KZONT,9.46
2017,на 100 000 населения,Павлодарская,Город,,KZPAV,8.24
2017,на 100 000 населения,Северо-Казахстанская,Город,,KZSEV,9.2
2017,на 100 000 населения,Восточно-Казахстанская,Город,,KZVOS,16.75
2017,на 100 000 населения,г_Астана,Город,,KZNS,9.98
2017,на 100 000 населения,г_Алматы,Город,,KZALA,5.01
2017,на 100 000 населения,,Село,,,18.02
2017,на 100 000 населения,Акмолинская,Село,,KZAKM,39.69
2017,на 100 000 населения,Актюбинская,Село,,KZAKT,19.16
2017,на 100 000 населения,Алматинская,Село,,KZALM,18.42
2017,на 100 000 населения,Атырауская,Село,,KZATY,15.32
2017,на 100 000 населения,Западно-Казахстанская,Село,,KZZAP,22.83
2017,на 100 000 населения,Жымбылская,Село,,KZZHA,8.81
2017,на 100 000 населения,Карагандинская,Село,,KZKAR,25.1
2017,на 100 000 населения,Костанайская,Село,,KZKUS,37.14
2017,на 100 000 населения,Кызылординская,Село,,KZKZY,4.6
2017,на 100 000 населения,Мангистауская,Село,,KZMAN,8.68
2017,на 100 000 населения,Южно-Казахстанская,Село,,KZONT,12.77
2017,на 100 000 населения,Павлодарская,Село,,KZPAV,13.07
2017,на 100 000 населения,Северо-Казахстанская,Село,,KZSEV,13.51
2017,на 100 000 населения,Восточно-Казахстанская,Село,,KZVOS,30.11
2017,на 100 000 населения,,,мужчины,,24.81
2017,на 100 000 населения,Акмолинская,,мужчины,KZAKM,61.95
2017,на 100 000 населения,Актюбинская,,мужчины,KZAKT,24.75
2017,на 100 000 населения,Алматинская,,мужчины,KZALM,31.17
2017,на 100 000 населения,Атырауская,,мужчины,KZATY,21.83
2017,на 100 000 населения,Западно-Казахстанская,,мужчины,KZZAP,28.22
2017,на 100 000 населения,Жымбылская,,мужчины,KZZHA,14.94
2017,на 100 000 населения,Карагандинская,,мужчины,KZKAR,36.8
2017,на 100 000 населения,Костанайская,,мужчины,KZKUS,51.46
2017,на 100 000 населения,Кызылординская,,мужчины,KZKZY,9.5
2017,на 100 000 населения,Мангистауская,,мужчины,KZMAN,14.17
2017,на 100 000 населения,Южно-Казахстанская,,мужчины,KZONT,16.96
2017,на 100 000 населения,Павлодарская,,мужчины,KZPAV,16.79
2017,на 100 000 населения,Северо-Казахстанская,,мужчины,KZSEV,20.53
2017,на 100 000 населения,Восточно-Казахстанская,,мужчины,KZVOS,36.46
2017,на 100 000 населения,г_Астана,,мужчины,KZNS,17.41
2017,на 100 000 населения,г_Алматы,,мужчины,KZALA,9.37
2017,на 100 000 населения,,Город,мужчины,,21.03
2017,на 100 000 населения,Акмолинская,Город,мужчины,KZAKM,53.07
2017,на 100 000 населения,Актюбинская,Город,мужчины,KZAKT,21.14
2017,на 100 000 населения,Алматинская,Город,мужчины,KZALM,35.17
2017,на 100 000 населения,Атырауская,Город,мужчины,KZATY,16.99
2017,на 100 000 населения,Западно-Казахстанская,Город,мужчины,KZZAP,16.39
2017,на 100 000 населения,Жымбылская,Город,мужчины,KZZHA,16.52
2017,на 100 000 населения,Карагандинская,Город,мужчины,KZKAR,36.34
2017,на 100 000 населения,Костанайская,Город,мужчины,KZKUS,39.81
2017,на 100 000 населения,Кызылординская,Город,мужчины,KZKZY,10.71
2017,на 100 000 населения,Мангистауская,Город,мужчины,KZMAN,15.43
2017,на 100 000 населения,Южно-Казахстанская,Город,мужчины,KZONT,13.82
2017,на 100 000 населения,Павлодарская,Город,мужчины,KZPAV,15.01
2017,на 100 000 населения,Северо-Казахстанская,Город,мужчины,KZSEV,17.62
2017,на 100 000 населения,Восточно-Казахстанская,Город,мужчины,KZVOS,26.49
2017,на 100 000 населения,г_Астана,Город,мужчины,KZNS,17.41
2017,на 100 000 населения,г_Алматы,Город,мужчины,KZALA,9.37
2017,на 100 000 населения,,Село,мужчины,,29.57
2017,на 100 000 населения,Акмолинская,Село,мужчины,KZAKM,69.5
2017,на 100 000 населения,Актюбинская,Село,мужчины,KZAKT,30.63
2017,на 100 000 населения,Алматинская,Село,мужчины,KZALM,29.99
2017,на 100 000 населения,Атырауская,Село,мужчины,KZATY,26.08
2017,на 100 000 населения,Западно-Казахстанская,Село,мужчины,KZZAP,36.56
2017,на 100 000 населения,Жымбылская,Село,мужчины,KZZHA,13.95
2017,на 100 000 населения,Карагандинская,Село,мужчины,KZKAR,38.46
2017,на 100 000 населения,Костанайская,Село,мужчины,KZKUS,64.06
2017,на 100 000 населения,Кызылординская,Село,мужчины,KZKZY,8.58
2017,на 100 000 населения,Мангистауская,Село,мужчины,KZMAN,13.27
2017,на 100 000 населения,Южно-Казахстанская,Село,мужчины,KZONT,19.48
2017,на 100 000 населения,Павлодарская,Село,мужчины,KZPAV,20.73
2017,на 100 000 населения,Северо-Казахстанская,Село,мужчины,KZSEV,22.67
2017,на 100 000 населения,Восточно-Казахстанская,Село,мужчины,KZVOS,50.69
2017,на 100 000 населения,,,женщины,,5.36
2017,на 100 000 населения,Акмолинская,,женщины,KZAKM,8.42
2017,на 100 000 населения,Актюбинская,,женщины,KZAKT,5.69
2017,на 100 000 населения,Алматинская,,женщины,KZALM,6.92
2017,на 100 000 населения,Атырауская,,женщины,KZATY,4.49
2017,на 100 000 населения,Западно-Казахстанская,,женщины,KZZAP,4.21
2017,на 100 000 населения,Жымбылская,,женщины,KZZHA,4.23
2017,на 100 000 населения,Карагандинская,,женщины,KZKAR,8.94
2017,на 100 000 населения,Костанайская,,женщины,KZKUS,8.02
2017,на 100 000 населения,Кызылординская,,женщины,KZKZY,1.03
2017,на 100 000 населения,Мангистауская,,женщины,KZMAN,4.89
2017,на 100 000 населения,Южно-Казахстанская,,женщины,KZONT,5.62
2017,на 100 000 населения,Павлодарская,,женщины,KZPAV,3.26
2017,на 100 000 населения,Северо-Казахстанская,,женщины,KZSEV,3.41
2017,на 100 000 населения,Восточно-Казахстанская,,женщины,KZVOS,8.82
2017,на 100 000 населения,г_Астана,,женщины,KZNS,3.08
2017,на 100 000 населения,г_Алматы,,женщины,KZALA,1.35
2017,на 100 000 населения,,Город,женщины,,4.63
2017,на 100 000 населения,Акмолинская,Город,женщины,KZAKM,6.5
2017,на 100 000 населения,Актюбинская,Город,женщины,KZAKT,4.59
2017,на 100 000 населения,Алматинская,Город,женщины,KZALM,6.94
2017,на 100 000 населения,Атырауская,Город,женщины,KZATY,4.57
2017,на 100 000 населения,Западно-Казахстанская,Город,женщины,KZZAP,2.84
2017,на 100 000 населения,Жымбылская,Город,женщины,KZZHA,5.12
2017,на 100 000 населения,Карагандинская,Город,женщины,KZKAR,8.35
2017,на 100 000 населения,Костанайская,Город,женщины,KZKUS,5.5
2017,на 100 000 населения,Кызылординская,Город,женщины,KZKZY,1.71
2017,на 100 000 населения,Мангистауская,Город,женщины,KZMAN,5.91
2017,на 100 000 населения,Южно-Казахстанская,Город,женщины,KZONT,5.31
2017,на 100 000 населения,Павлодарская,Город,женщины,KZPAV,2.43
2017,на 100 000 населения,Северо-Казахстанская,Город,женщины,KZSEV,2.2
2017,на 100 000 населения,Восточно-Казахстанская,Город,женщины,KZVOS,8.38
2017,на 100 000 населения,г_Астана,Город,женщины,KZNS,3.08
2017,на 100 000 населения,г_Алматы,Город,женщины,KZALA,1.35
2017,на 100 000 населения,,Село,женщины,,6.41
2017,на 100 000 населения,Акмолинская,Село,женщины,KZAKM,10.25
2017,на 100 000 населения,Актюбинская,Село,женщины,KZAKT,7.67
2017,на 100 000 населения,Алматинская,Село,женщины,KZALM,6.91
2017,на 100 000 населения,Атырауская,Село,женщины,KZATY,4.41
2017,на 100 000 населения,Западно-Казахстанская,Село,женщины,KZZAP,5.77
2017,на 100 000 населения,Жымбылская,Село,женщины,KZZHA,3.6
2017,на 100 000 населения,Карагандинская,Село,женщины,KZKAR,11.44
2017,на 100 000 населения,Костанайская,Село,женщины,KZKUS,11.12
2017,на 100 000 населения,Кызылординская,Село,женщины,KZKZY,0.47
2017,на 100 000 населения,Мангистауская,Село,женщины,KZMAN,4.17
2017,на 100 000 населения,Южно-Казахстанская,Село,женщины,KZONT,5.89
2017,на 100 000 населения,Павлодарская,Село,женщины,KZPAV,5.41
2017,на 100 000 населения,Северо-Казахстанская,Село,женщины,KZSEV,4.47
2017,на 100 000 населения,Восточно-Казахстанская,Село,женщины,KZVOS,9.55
2018,на 100 000 населения,,,,,13.65
2018,на 100 000 населения,Акмолинская,,,KZAKM,25.58
2018,на 100 000 населения,Актюбинская,,,KZAKT,14.94
2018,на 100 000 населения,Алматинская,,,KZALM,15.19
2018,на 100 000 населения,Атырауская,,,KZATY,10.68
2018,на 100 000 населения,Западно-Казахстанская,,,KZZAP,21.24
2018,на 100 000 населения,Жымбылская,,,KZZHA,8.83
2018,на 100 000 населения,Карагандинская,,,KZKAR,20.01
2018,на 100 000 населения,Костанайская,,,KZKUS,25.85
2018,на 100 000 населения,Кызылординская,,,KZKZY,4.44
2018,на 100 000 населения,Мангистауская,,,KZMAN,9.56
2018,на 100 000 населения,Павлодарская,,,KZPAV,7.82
2018,на 100 000 населения,Северо-Казахстанская,,,KZSEV,15.09
2018,на 100 000 населения,Туркестанская,,,KZYUZ,1.97
2018,на 100 000 населения,Восточно-Казахстанская,,,KZVOS,19.84
2018,на 100 000 населения,г_Астана,,,KZNS,11.19
2018,на 100 000 населения,г_Алматы,,,KZALA,7.6
2018,на 100 000 населения,г_Шымкент,,,KZSHY,2.24
2018,на 100 000 населения,,Город,,,12.36
2018,на 100 000 населения,Акмолинская,Город,,KZAKM,27.26
2018,на 100 000 населения,Актюбинская,Город,,KZAKT,13.32
2018,на 100 000 населения,Алматинская,Город,,KZALM,15.84
2018,на 100 000 населения,Атырауская,Город,,KZATY,11.9
2018,на 100 000 населения,Западно-Казахстанская,Город,,KZZAP,16.95
2018,на 100 000 населения,Жымбылская,Город,,KZZHA,10.1
2018,на 100 000 населения,Карагандинская,Город,,KZKAR,18.67
2018,на 100 000 населения,Костанайская,Город,,KZKUS,19.82
2018,на 100 000 населения,Кызылординская,Город,,KZKZY,6.59
2018,на 100 000 населения,Мангистауская,Город,,KZMAN,10.36
2018,на 100 000 населения,Павлодарская,Город,,KZPAV,7.32
2018,на 100 000 населения,Северо-Казахстанская,Город,,KZSEV,5.55
2018,на 100 000 населения,Туркестанская,Город,,KZYUZ,4.37
2018,на 100 000 населения,Восточно-Казахстанская,Город,,KZVOS,15.34
2018,на 100 000 населения,г_Астана,Город,,KZNS,11.19
2018,на 100 000 населения,г_Алматы,Город,,KZALA,7.6
2018,на 100 000 населения,г_Шымкент,Город,,KZSHY,2.24
2018,на 100 000 населения,,Село,,,15.42
2018,на 100 000 населения,Акмолинская,Село,,KZAKM,24.08
2018,на 100 000 населения,Актюбинская,Село,,KZAKT,18.8
2018,на 100 000 населения,Алматинская,Село,,KZALM,15.0
2018,на 100 000 населения,Атырауская,Село,,KZATY,9.35
2018,на 100 000 населения,Западно-Казахстанская,Село,,KZZAP,25.85
2018,на 100 000 населения,Жымбылская,Село,,KZZHA,7.99
2018,на 100 000 населения,Карагандинская,Село,,KZKAR,25.24
2018,на 100 000 населения,Костанайская,Село,,KZKUS,33.0
2018,на 100 000 населения,Кызылординская,Село,,KZKZY,2.73
2018,на 100 000 населения,Мангистауская,Село,,KZMAN,9.02
2018,на 100 000 населения,Павлодарская,Село,,KZPAV,9.03
2018,на 100 000 населения,Северо-Казахстанская,Село,,KZSEV,23.0
2018,на 100 000 населения,Туркестанская,Село,,KZYUZ,9.93
2018,на 100 000 населения,Восточно-Казахстанская,Село,,KZVOS,26.98
2018,на 100 000 населения,,,мужчины,,23.55
2018,на 100 000 населения,Акмолинская,,мужчины,KZAKM,46.6
2018,на 100 000 населения,Актюбинская,,мужчины,KZAKT,26.54
2018,на 100 000 населения,Алматинская,,мужчины,KZALM,25.89
2018,на 100 000 населения,Атырауская,,мужчины,KZATY,19.09
2018,на 100 000 населения,Западно-Казахстанская,,мужчины,KZZAP,39.39
2018,на 100 000 населения,Жымбылская,,мужчины,KZZHA,15.22
2018,на 100 000 населения,Карагандинская,,мужчины,KZKAR,35.3
2018,на 100 000 населения,Костанайская,,мужчины,KZKUS,44.6
2018,на 100 000 населения,Кызылординская,,мужчины,KZKZY,7.08
2018,на 100 000 населения,Мангистауская,,мужчины,KZMAN,14.7
2018,на 100 000 населения,Павлодарская,,мужчины,KZPAV,13.73
2018,на 100 000 населения,Северо-Казахстанская,,мужчины,KZSEV,28.56
2018,на 100 000 населения,Туркестанская,,мужчины,KZYUZ,16.55
2018,на 100 000 населения,Восточно-Казахстанская,,мужчины,KZVOS,35.22
2018,на 100 000 населения,г_Астана,,мужчины,KZNS,19.34
2018,на 100 000 населения,г_Алматы,,мужчины,KZALA,12.58
2018,на 100 000 населения,г_Шымкент,,мужчины,KZSHY,12.94
2018,на 100 000 населения,,Город,мужчины,,21.49
2018,на 100 000 населения,Акмолинская,Город,мужчины,KZAKM,51.8
2018,на 100 000 населения,Актюбинская,Город,мужчины,KZAKT,23.12
2018,на 100 000 населения,Алматинская,Город,мужчины,KZALM,28.1
2018,на 100 000 населения,Атырауская,Город,мужчины,KZATY,20.89
2018,на 100 000 населения,Западно-Казахстанская,Город,мужчины,KZZAP,31.97
2018,на 100 000 населения,Жымбылская,Город,мужчины,KZZHA,17.01
2018,на 100 000 населения,Карагандинская,Город,мужчины,KZKAR,33.0
2018,на 100 000 населения,Костанайская,Город,мужчины,KZKUS,34.43
2018,на 100 000 населения,Кызылординская,Город,мужчины,KZKZY,10.52
2018,на 100 000 населения,Мангистауская,Город,мужчины,KZMAN,17.75
2018,на 100 000 населения,Павлодарская,Город,мужчины,KZPAV,13.01
2018,на 100 000 населения,Северо-Казахстанская,Город,мужчины,KZSEV,12.21
2018,на 100 000 населения,Туркестанская,Город,мужчины,KZYUZ,20.94
2018,на 100 000 населения,Восточно-Казахстанская,Город,мужчины,KZVOS,26.55
2018,на 100 000 населения,г_Астана,Город,мужчины,KZNS,19.34
2018,на 100 000 населения,г_Алматы,Город,мужчины,KZALA,12.58
2018,на 100 000 населения,г_Шымкент,Город,мужчины,KZSHY,12.94
2018,на 100 000 населения,,Село,мужчины,,26.23
2018,на 100 000 населения,Акмолинская,Село,мужчины,KZAKM,42.21
2018,на 100 000 населения,Актюбинская,Село,мужчины,KZAKT,34.28
2018,на 100 000 населения,Алматинская,Село,мужчины,KZALM,25.27
2018,на 100 000 населения,Атырауская,Село,мужчины,KZATY,17.2
2018,на 100 000 населения,Западно-Казахстанская,Село,мужчины,KZZAP,46.72
2018,на 100 000 населения,Жымбылская,Село,мужчины,KZZHA,14.11
2018,на 100 000 населения,Карагандинская,Село,мужчины,KZKAR,43.57
2018,на 100 000 населения,Костанайская,Село,мужчины,KZKUS,55.85
2018,на 100 000 населения,Кызылординская,Село,мужчины,KZKZY,4.46
2018,на 100 000 населения,Мангистауская,Село,мужчины,KZMAN,12.61
2018,на 100 000 населения,Павлодарская,Село,мужчины,KZPAV,15.31
2018,на 100 000 населения,Северо-Казахстанская,Село,мужчины,KZSEV,40.95
2018,на 100 000 населения,Туркестанская,Село,мужчины,KZYUZ,15.49
2018,на 100 000 населения,Восточно-Казахстанская,Село,мужчины,KZVOS,47.93
2018,на 100 000 населения,,,женщины,,4.34
2018,на 100 000 населения,Акмолинская,,женщины,KZAKM,5.78
2018,на 100 000 населения,Актюбинская,,женщины,KZAKT,4.04
2018,на 100 000 населения,Алматинская,,женщины,KZALM,4.69
2018,на 100 000 населения,Атырауская,,женщины,KZATY,2.51
2018,на 100 000 населения,Западно-Казахстанская,,женщины,KZZAP,4.18
2018,на 100 000 населения,Жымбылская,,женщины,KZZHA,2.63
2018,на 100 000 населения,Карагандинская,,женщины,KZKAR,6.21
2018,на 100 000 населения,Костанайская,,женщины,KZKUS,8.92
2018,на 100 000 населения,Кызылординская,,женщины,KZKZY,1.78
2018,на 100 000 населения,Мангистауская,,женщины,KZMAN,4.47
2018,на 100 000 населения,Павлодарская,,женщины,KZPAV,2.52
2018,на 100 000 населения,Северо-Казахстанская,,женщины,KZSEV,2.75
2018,на 100 000 населения,Туркестанская,,женщины,KZYUZ,5.01
2018,на 100 000 населения,Восточно-Казахстанская,,женщины,KZVOS,5.81
2018,на 100 000 населения,г_Астана,,женщины,KZNS,3.65
2018,на 100 000 населения,г_Алматы,,женщины,KZALA,3.42
2018,на 100 000 населения,г_Шымкент,,женщины,KZSHY,2.55
2018,на 100 000 населения,,Город,женщины,,4.23
2018,на 100 000 населения,Акмолинская,Город,женщины,KZAKM,5.42
2018,на 100 000 населения,Актюбинская,Город,женщины,KZAKT,4.4
2018,на 100 000 населения,Алматинская,Город,женщины,KZALM,4.58
2018,на 100 000 населения,Атырауская,Город,женщины,KZATY,3.53
2018,на 100 000 населения,Западно-Казахстанская,Город,женщины,KZZAP,3.89
2018,на 100 000 населения,Жымбылская,Город,женщины,KZZHA,3.85
2018,на 100 000 населения,Карагандинская,Город,женщины,KZKAR,6.14
2018,на 100 000 населения,Костанайская,Город,женщины,KZKUS,7.41
2018,на 100 000 населения,Кызылординская,Город,женщины,KZKZY,2.81
2018,на 100 000 населения,Мангистауская,Город,женщины,KZMAN,2.96
2018,на 100 000 населения,Павлодарская,Город,женщины,KZPAV,2.44
2018,на 100 000 населения,Северо-Казахстанская,Город,женщины,KZSEV,0.0
2018,на 100 000 населения,Туркестанская,Город,женщины,KZYUZ,8.28
2018,на 100 000 населения,Восточно-Казахстанская,Город,женщины,KZVOS,5.71
2018,на 100 000 населения,г_Астана,Город,женщины,KZNS,3.65
2018,на 100 000 населения,г_Алматы,Город,женщины,KZALA,3.42
2018,на 100 000 населения,г_Шымкент,Город,женщины,KZSHY,2.55
2018,на 100 000 населения,,Село,женщины,,4.5
2018,на 100 000 населения,Акмолинская,Село,женщины,KZAKM,6.12
2018,на 100 000 населения,Актюбинская,Село,женщины,KZAKT,3.15
2018,на 100 000 населения,Алматинская,Село,женщины,KZALM,4.72
2018,на 100 000 населения,Атырауская,Село,женщины,KZATY,1.35
2018,на 100 000 населения,Западно-Казахстанская,Село,женщины,KZZAP,4.52
2018,на 100 000 населения,Жымбылская,Село,женщины,KZZHA,1.79
2018,на 100 000 населения,Карагандинская,Село,женщины,KZKAR,6.48
2018,на 100 000 населения,Костанайская,Село,женщины,KZKUS,10.84
2018,на 100 000 населения,Кызылординская,Село,женщины,KZKZY,0.93
2018,на 100 000 населения,Мангистауская,Село,женщины,KZMAN,5.48
2018,на 100 000 населения,Павлодарская,Село,женщины,KZPAV,2.71
2018,на 100 000 населения,Северо-Казахстанская,Село,женщины,KZSEV,5.23
2018,на 100 000 населения,Туркестанская,Село,женщины,KZYUZ,4.21
2018,на 100 000 населения,Восточно-Казахстанская,Село,женщины,KZVOS,6.0
2019,на 100 000 населения,,,,,12.82
2019,на 100 000 населения,Акмолинская,,,KZAKM,23.86
2019,на 100 000 населения,Актюбинская,,,KZAKT,11.65
2019,на 100 000 населения,Алматинская,,,KZALM,15.48
2019,на 100 000 населения,Атырауская,,,KZATY,10.63
2019,на 100 000 населения,Западно-Казахстанская,,,KZZAP,21.08
2019,на 100 000 населения,Жымбылская,,,KZZHA,12.5
2019,на 100 000 населения,Карагандинская,,,KZKAR,17.64
2019,на 100 000 населения,Костанайская,,,KZKUS,25.96
2019,на 100 000 населения,Кызылординская,,,KZKZY,5.51
2019,на 100 000 населения,Мангистауская,,,KZMAN,8.42
2019,на 100 000 населения,Павлодарская,,,KZPAV,9.69
2019,на 100 000 населения,Северо-Казахстанская,,,KZSEV,20.85
2019,на 100 000 населения,Туркестанская,,,KZYUZ,7.9
2019,на 100 000 населения,Восточно-Казахстанская,,,KZVOS,16.67
2019,на 100 000 населения,г_Астана,,,KZNS,9.21
2019,на 100 000 населения,г_Алматы,,,KZALA,5.25
2019,на 100 000 населения,г_Шымкент,,,KZSHY,8.21
2019,на 100 000 населения,,Город,,,11.05
2019,на 100 000 населения,Акмолинская,Город,,KZAKM,18.96
2019,на 100 000 населения,Актюбинская,Город,,KZAKT,11.75
2019,на 100 000 населения,Алматинская,Город,,KZALM,17.16
2019,на 100 000 населения,Атырауская,Город,,KZATY,10.57
2019,на 100 000 населения,Западно-Казахстанская,Город,,KZZAP,14.33
2019,на 100 000 населения,Жымбылская,Город,,KZZHA,15.19
2019,на 100 000 населения,Карагандинская,Город,,KZKAR,16.22
2019,на 100 000 населения,Костанайская,Город,,KZKUS,18.33
2019,на 100 000 населения,Кызылординская,Город,,KZKZY,5.91
2019,на 100 000 населения,Мангистауская,Город,,KZMAN,6.94
2019,на 100 000 населения,Павлодарская,Город,,KZPAV,9.97
2019,на 100 000 населения,Северо-Казахстанская,Город,,KZSEV,10.29
2019,на 100 000 населения,Туркестанская,Город,,KZYUZ,7.55
2019,на 100 000 населения,Восточно-Казахстанская,Город,,KZVOS,14.48
2019,на 100 000 населения,г_Астана,Город,,KZNS,9.21
2019,на 100 000 населения,г_Алматы,Город,,KZALA,5.25
2019,на 100 000 населения,г_Шымкент,Город,,KZSHY,8.21
2019,на 100 000 населения,,Село,,,15.31
2019,на 100 000 населения,Акмолинская,Село,,KZAKM,28.24
2019,на 100 000 населения,Актюбинская,Село,,KZAKT,11.4
2019,на 100 000 населения,Алматинская,Село,,KZALM,15.0
2019,на 100 000 населения,Атырауская,Село,,KZATY,10.71
2019,на 100 000 населения,Западно-Казахстанская,Село,,KZZAP,28.46
2019,на 100 000 населения,Жымбылская,Село,,KZZHA,10.73
2019,на 100 000 населения,Карагандинская,Село,,KZKAR,23.21
2019,на 100 000 населения,Костанайская,Село,,KZKUS,36.33
2019,на 100 000 населения,Кызылординская,Село,,KZKZY,5.18
2019,на 100 000 населения,Мангистауская,Село,,KZMAN,9.41
2019,на 100 000 населения,Павлодарская,Село,,KZPAV,9.02
2019,на 100 000 населения,Северо-Казахстанская,Село,,KZSEV,29.78
2019,на 100 000 населения,Туркестанская,Село,,KZYUZ,7.99
2019,на 100 000 населения,Восточно-Казахстанская,Село,,KZVOS,20.21
2019,на 100 000 населения,,,мужчины,,22.39
2019,на 100 000 населения,Акмолинская,,мужчины,KZAKM,40.77
2019,на 100 000 населения,Актюбинская,,мужчины,KZAKT,20.97
2019,на 100 000 населения,Алматинская,,мужчины,KZALM,26.15
2019,на 100 000 населения,Атырауская,,мужчины,KZATY,17.12
2019,на 100 000 населения,Западно-Казахстанская,,мужчины,KZZAP,36.53
2019,на 100 000 населения,Жымбылская,,мужчины,KZZHA,20.87
2019,на 100 000 населения,Карагандинская,,мужчины,KZKAR,33.33
2019,на 100 000 населения,Костанайская,,мужчины,KZKUS,47.89
2019,на 100 000 населения,Кызылординская,,мужчины,KZKZY,9.98
2019,на 100 000 населения,Мангистауская,,мужчины,KZMAN,13.99
2019,на 100 000 населения,Павлодарская,,мужчины,KZPAV,17.67
2019,на 100 000 населения,Северо-Казахстанская,,мужчины,KZSEV,37.9
2019,на 100 000 населения,Туркестанская,,мужчины,KZYUZ,12.13
2019,на 100 000 населения,Восточно-Казахстанская,,мужчины,KZVOS,30.04
2019,на 100 000 населения,г_Астана,,мужчины,KZNS,16.94
2019,на 100 000 населения,г_Алматы,,мужчины,KZALA,9.38
2019,на 100 000 населения,г_Шымкент,,мужчины,KZSHY,13.2
2019,на 100 000 населения,,Город,мужчины,,19.87
2019,на 100 000 населения,Акмолинская,Город,мужчины,KZAKM,32.3
2019,на 100 000 населения,Актюбинская,Город,мужчины,KZAKT,21.6
2019,на 100 000 населения,Алматинская,Город,мужчины,KZALM,26.7
2019,на 100 000 населения,Атырауская,Город,мужчины,KZATY,18.92
2019,на 100 000 населения,Западно-Казахстанская,Город,мужчины,KZZAP,23.21
2019,на 100 000 населения,Жымбылская,Город,мужчины,KZZHA,29.15
2019,на 100 000 населения,Карагандинская,Город,мужчины,KZKAR,31.42
2019,на 100 000 населения,Костанайская,Город,мужчины,KZKUS,34.63
2019,на 100 000 населения,Кызылординская,Город,мужчины,KZKZY,11.47
2019,на 100 000 населения,Мангистауская,Город,мужчины,KZMAN,10.24
2019,на 100 000 населения,Павлодарская,Город,мужчины,KZPAV,17.94
2019,на 100 000 населения,Северо-Казахстанская,Город,мужчины,KZSEV,18.26
2019,на 100 000 населения,Туркестанская,Город,мужчины,KZYUZ,13.98
2019,на 100 000 населения,Восточно-Казахстанская,Город,мужчины,KZVOS,26.98
2019,на 100 000 населения,г_Астана,Город,мужчины,KZNS,16.94
2019,на 100 000 населения,г_Алматы,Город,мужчины,KZALA,9.38
2019,на 100 000 населения,г_Шымкент,Город,мужчины,KZSHY,13.2
2019,на 100 000 населения,,Село,мужчины,,25.73
2019,на 100 000 населения,Акмолинская,Село,мужчины,KZAKM,47.94
2019,на 100 000 населения,Актюбинская,Село,мужчины,KZAKT,19.52
2019,на 100 000 населения,Алматинская,Село,мужчины,KZALM,26.0
2019,на 100 000 населения,Атырауская,Село,мужчины,KZATY,15.05
2019,на 100 000 населения,Западно-Казахстанская,Село,мужчины,KZZAP,49.96
2019,на 100 000 населения,Жымбылская,Село,мужчины,KZZHA,15.74
2019,на 100 000 населения,Карагандинская,Село,мужчины,KZKAR,40.22
2019,на 100 000 населения,Костанайская,Село,мужчины,KZKUS,64.68
2019,на 100 000 населения,Кызылординская,Село,мужчины,KZKZY,8.83
2019,на 100 000 населения,Мангистауская,Село,мужчины,KZMAN,16.47
2019,на 100 000 населения,Павлодарская,Село,мужчины,KZPAV,17.07
2019,на 100 000 населения,Северо-Казахстанская,Село,мужчины,KZSEV,53.06
2019,на 100 000 населения,Туркестанская,Село,мужчины,KZYUZ,11.67
2019,на 100 000 населения,Восточно-Казахстанская,Село,мужчины,KZVOS,34.61
2019,на 100 000 населения,,,женщины,,3.82
2019,на 100 000 населения,Акмолинская,,женщины,KZAKM,7.9
2019,на 100 000 населения,Актюбинская,,женщины,KZAKT,2.88
2019,на 100 000 населения,Алматинская,,женщины,KZALM,5.03
2019,на 100 000 населения,Атырауская,,женщины,KZATY,4.32
2019,на 100 000 населения,Западно-Казахстанская,,женщины,KZZAP,6.53
2019,на 100 000 населения,Жымбылская,,женщины,KZZHA,4.37
2019,на 100 000 населения,Карагандинская,,женщины,KZKAR,3.45
2019,на 100 000 населения,Костанайская,,женщины,KZKUS,6.12
2019,на 100 000 населения,Кызылординская,,женщины,KZKZY,1.0
2019,на 100 000 населения,Мангистауская,,женщины,KZMAN,2.9
2019,на 100 000 населения,Павлодарская,,женщины,KZPAV,2.52
2019,на 100 000 населения,Северо-Казахстанская,,женщины,KZSEV,5.21
2019,на 100 000 населения,Туркестанская,,женщины,KZYUZ,3.55
2019,на 100 000 населения,Восточно-Казахстанская,,женщины,KZVOS,4.46
2019,на 100 000 населения,г_Астана,,женщины,KZNS,2.08
2019,на 100 000 населения,г_Алматы,,женщины,KZALA,1.76
2019,на 100 000 населения,г_Шымкент,,женщины,KZSHY,3.58
2019,на 100 000 населения,,Город,женщины,,3.18
2019,на 100 000 населения,Акмолинская,Город,женщины,KZAKM,7.06
2019,на 100 000 населения,Актюбинская,Город,женщины,KZAKT,2.77
2019,на 100 000 населения,Алматинская,Город,женщины,KZALM,8.43
2019,на 100 000 населения,Атырауская,Город,женщины,KZATY,2.77
2019,на 100 000 населения,Западно-Казахстанская,Город,женщины,KZZAP,6.58
2019,на 100 000 населения,Жымбылская,Город,женщины,KZZHA,2.55
2019,на 100 000 населения,Карагандинская,Город,женщины,KZKAR,2.9
2019,на 100 000 населения,Костанайская,Город,женщины,KZKUS,4.43
2019,на 100 000 населения,Кызылординская,Город,женщины,KZKZY,0.55
2019,на 100 000 населения,Мангистауская,Город,женщины,KZMAN,3.65
2019,на 100 000 населения,Павлодарская,Город,женщины,KZPAV,3.15
2019,на 100 000 населения,Северо-Казахстанская,Город,женщины,KZSEV,3.63
2019,на 100 000 населения,Туркестанская,Город,женщины,KZYUZ,1.01
2019,на 100 000 населения,Восточно-Казахстанская,Город,женщины,KZVOS,3.72
2019,на 100 000 населения,г_Астана,Город,женщины,KZNS,2.08
2019,на 100 000 населения,г_Алматы,Город,женщины,KZALA,1.76
2019,на 100 000 населения,г_Шымкент,Город,женщины,KZSHY,3.58
2019,на 100 000 населения,,Село,женщины,,4.77
2019,на 100 000 населения,Акмолинская,Село,женщины,KZAKM,8.7
2019,на 100 000 населения,Актюбинская,Село,женщины,KZAKT,3.17
2019,на 100 000 населения,Алматинская,Село,женщины,KZALM,4.02
2019,на 100 000 населения,Атырауская,Село,женщины,KZATY,6.28
2019,на 100 000 населения,Западно-Казахстанская,Село,женщины,KZZAP,6.47
2019,на 100 000 населения,Жымбылская,Село,женщины,KZZHA,5.63
2019,на 100 000 населения,Карагандинская,Село,женщины,KZKAR,5.79
2019,на 100 000 населения,Костанайская,Село,женщины,KZKUS,8.59
2019,на 100 000 населения,Кызылординская,Село,женщины,KZKZY,1.38
2019,на 100 000 населения,Мангистауская,Село,женщины,KZMAN,2.4
2019,на 100 000 населения,Павлодарская,Село,женщины,KZPAV,0.91
2019,на 100 000 населения,Северо-Казахстанская,Село,женщины,KZSEV,6.67
2019,на 100 000 населения,Туркестанская,Село,женщины,KZYUZ,4.18
2019,на 100 000 населения,Восточно-Казахстанская,Село,женщины,KZVOS,5.73
