Year,UNIT_MEASURE,Value
2010,процент,13.168897245879881
2011,процент,21.991983967935877
2012,процент,27.274929864830398
2013,процент,17.15395157606213
2014,процент,21.34875115633673
2015,процент,18.737889273356398
2016,процент,13.521250000000002
2017,процент,18.38984438984439
2018,процент,21.266485998193318
