Year,UNIT_MEASURE,SERIES,Регионы,GeoCode,Value
2010,млн.тонн,Перевезено грузов всеми видами транспорта,,,538.8
2010,млн.тонн,Трубопроводный,,,193.9
2010,млн.тонн,Железнодорожный,,,267.9
2010,млн.тонн,Автомобильный,,,71.1
2010,млн.тонн,Воздушным,,,0.03
2010,млн.тонн,Внутренним водным,,,1.1
2010,млн.тонн,Морским,,,4.7
2010,млн.тонн,,Абай,KZABY,16.7
2010,млн.тонн,,Акмолинская,KZAKM,27.1
2010,млн.тонн,,Актюбинская,KZAKT,39.8
2010,млн.тонн,,Алматинская,KZALM,13.3
2010,млн.тонн,,Атырауская,KZATY,77.5
2010,млн.тонн,,Западно-Казахстанская,KZZAP,33.5
2010,млн.тонн,,Жымбылская,KZZHA,23.0
2010,млн.тонн,,Жетісу,KZZHS,10.9
2010,млн.тонн,,Карагандинская,KZKAR,49.0
2010,млн.тонн,,Костанайская,KZKUS,23.3
2010,млн.тонн,,Кызылординская,KZKZY,26.0
2010,млн.тонн,,Мангистауская,KZMAN,42.4
2010,млн.тонн,,Павлодарская,KZPAV,34.9
2010,млн.тонн,,Северо-Казахстанская,KZSEV,8.4
2010,млн.тонн,,Туркестанская,KZYUZ,16.4
2010,млн.тонн,,Ұлытау,KZULU,21.1
2010,млн.тонн,,Восточно-Казахстанская,KZVOS,22.5
2010,млн.тонн,,г_Астана,KZNS,26.9
2010,млн.тонн,,г_Алматы,KZALA,14.4
2010,млн.тонн,,г_Шымкент,KZSHY,11.8
2010,млн.человек,Перевезено пассажиров всеми видами транспорта,,,1333.4
2010,млн.человек,Железнодорожным транспортом,,,19.6
2010,млн.человек,Автомобильный,,,1230.8
2010,млн.человек,Внутренним водным,,,0.1
2010,млн.человек,Воздушным,,,3.4
2010,млн.человек,Городской электрический,,,79.5
2010,млн.человек,,Акмолинская,KZAKM,47.5
2010,млн.человек,,Акмолинская,KZAKM,28.4
2010,млн.человек,,Актюбинская,KZAKT,38.7
2010,млн.человек,,Алматинская,KZALM,18.3
2010,млн.человек,,Атырауская,KZATY,31.5
2010,млн.человек,,Западно-Казахстанская,KZZAP,64.7
2010,млн.человек,,Жымбылская,KZZHA,107.3
2010,млн.человек,,Жетісу,KZZHS,30.8
2010,млн.человек,,Карагандинская,KZKAR,181.4
2010,млн.человек,,Костанайская,KZKUS,37.3
2010,млн.человек,,Кызылординская,KZKZY,18.1
2010,млн.человек,,Мангистауская,KZMAN,21.6
2010,млн.человек,,Павлодарская,KZPAV,108.3
2010,млн.человек,,Северо-Казахстанская,KZSEV,27.4
2010,млн.человек,,Туркестанская,KZYUZ,17.4
2010,млн.человек,,Ұлытау,KZULU,25.2
2010,млн.человек,,Восточно-Казахстанская,KZVOS,103.4
2010,млн.человек,,г_Астана,KZNS,229.8
2010,млн.человек,,г_Алматы,KZALA,155.0
2010,млн.человек,,г_Шымкент,KZSHY,41.1
2010,млн.тонн,перевезено грузов автомобильным  и городским  электрическим транспортом,,,71.1
2010,млн.тонн,перевезено грузов автомобильным  и городским  электрическим транспортом,Абай,KZABY,1.0
2010,млн.тонн,перевезено грузов автомобильным  и городским  электрическим транспортом,Акмолинская,KZAKM,3.9
2010,млн.тонн,перевезено грузов автомобильным  и городским  электрическим транспортом,Актюбинская,KZAKT,2.6
2010,млн.тонн,перевезено грузов автомобильным  и городским  электрическим транспортом,Алматинская,KZALM,2.2
2010,млн.тонн,перевезено грузов автомобильным  и городским  электрическим транспортом,Атырауская,KZATY,1.0
2010,млн.тонн,перевезено грузов автомобильным  и городским  электрическим транспортом,Западно-Казахстанская,KZZAP,1.4
2010,млн.тонн,перевезено грузов автомобильным  и городским  электрическим транспортом,Жымбылская,KZZHA,0.9
2010,млн.тонн,перевезено грузов автомобильным  и городским  электрическим транспортом,Жетісу,KZZHS,0.8
2010,млн.тонн,перевезено грузов автомобильным  и городским  электрическим транспортом,Карагандинская,KZKAR,18.5
2010,млн.тонн,перевезено грузов автомобильным  и городским  электрическим транспортом,Костанайская,KZKUS,3.6
2010,млн.тонн,перевезено грузов автомобильным  и городским  электрическим транспортом,Кызылординская,KZKZY,4.5
2010,млн.тонн,перевезено грузов автомобильным  и городским  электрическим транспортом,Мангистауская,KZMAN,1.4
2010,млн.тонн,перевезено грузов автомобильным  и городским  электрическим транспортом,Павлодарская,KZPAV,2.9
2010,млн.тонн,перевезено грузов автомобильным  и городским  электрическим транспортом,Северо-Казахстанская,KZSEV,2.4
2010,млн.тонн,перевезено грузов автомобильным  и городским  электрическим транспортом,Туркестанская,KZYUZ,1.3
2010,млн.тонн,перевезено грузов автомобильным  и городским  электрическим транспортом,Ұлытау,KZULU,0.8
2010,млн.тонн,перевезено грузов автомобильным  и городским  электрическим транспортом,Восточно-Казахстанская,KZVOS,15.1
2010,млн.тонн,перевезено грузов автомобильным  и городским  электрическим транспортом,г_Астана,KZNS,2.0
2010,млн.тонн,перевезено грузов автомобильным  и городским  электрическим транспортом,г_Алматы,KZALA,2.7
2010,млн.тонн,перевезено грузов автомобильным  и городским  электрическим транспортом,г_Шымкент,KZSHY,2.0
2010,млн.человек,Перевезено пассажиров всеми видами транспорта,,,1310.4
2010,млн.человек,Перевезено пассажиров всеми видами транспорта,Абай,KZABY,46.5
2010,млн.человек,Перевезено пассажиров всеми видами транспорта,Акмолинская,KZAKM,26.8
2010,млн.человек,Перевезено пассажиров всеми видами транспорта,Актюбинская,KZAKT,36.7
2010,млн.человек,Перевезено пассажиров всеми видами транспорта,Алматинская,KZALM,17.9
2010,млн.человек,Перевезено пассажиров всеми видами транспорта,Атырауская,KZATY,30.1
2010,млн.человек,Перевезено пассажиров всеми видами транспорта,Западно-Казахстанская,KZZAP,64.2
2010,млн.человек,Перевезено пассажиров всеми видами транспорта,Жымбылская,KZZHA,106.1
2010,млн.человек,Перевезено пассажиров всеми видами транспорта,Карагандинская,KZKAR,179.9
2010,млн.человек,Перевезено пассажиров всеми видами транспорта,Костанайская,KZKUS,36.0
2010,млн.человек,Перевезено пассажиров всеми видами транспорта,Кызылординская,KZKZY,16.9
2010,млн.человек,Перевезено пассажиров всеми видами транспорта,Мангистауская,KZMAN,20.7
2010,млн.человек,Перевезено пассажиров всеми видами транспорта,Павлодарская,KZPAV,106.6
2010,млн.человек,Перевезено пассажиров всеми видами транспорта,Северо-Казахстанская,KZSEV,27.1
2010,млн.человек,Перевезено пассажиров всеми видами транспорта,Туркестанская,KZYUZ,17.1
2010,млн.человек,Перевезено пассажиров всеми видами транспорта,Ұлытау,KZULU,24.7
2010,млн.человек,Перевезено пассажиров всеми видами транспорта,Восточно-Казахстанская,KZVOS,102.9
2010,млн.человек,Перевезено пассажиров всеми видами транспорта,г_Астана,KZNS,227.5
2010,млн.человек,Перевезено пассажиров всеми видами транспорта,г_Алматы,KZALA,152.3
2010,млн.человек,Перевезено пассажиров всеми видами транспорта,г_Шымкент,KZSHY,40.3
2010,тонн,перевезено грузов воздушным транспортом,,,28869.7
2010,тонн,перевезено грузов воздушным транспортом,Абай,KZABY,32.5
2010,тонн,перевезено грузов воздушным транспортом,Ұлытау,KZULU,9.2
2010,тонн,перевезено грузов воздушным транспортом,г_Алматы,KZALA,28091.0
2010,тонн,перевезено грузов воздушным транспортом,г_Шымкент,KZSHY,737.0
2010,тыс.человек,перевезено пассажиров воздушным транспортом,,,3379.2
2010,тыс.человек,перевезено пассажиров воздушным транспортом,Абай,KZABY,33.1
2010,тыс.человек,перевезено пассажиров воздушным транспортом,Акмолинская,KZAKM,1.8
2010,тыс.человек,перевезено пассажиров воздушным транспортом,Актюбинская,KZAKT,62.1
2010,тыс.человек,перевезено пассажиров воздушным транспортом,Алматинская,KZALM,3.3
2010,тыс.человек,перевезено пассажиров воздушным транспортом,Атырауская,KZATY,310.6
2010,тыс.человек,перевезено пассажиров воздушным транспортом,Карагандинская,KZKAR,31.2
2010,тыс.человек,перевезено пассажиров воздушным транспортом,Костанайская,KZKUS,5.2
2010,тыс.человек,перевезено пассажиров воздушным транспортом,Кызылординская,KZKZY,26.5
2010,тыс.человек,перевезено пассажиров воздушным транспортом,Западно-Казахстанская,KZZAP,23.0
2010,тыс.человек,перевезено пассажиров воздушным транспортом,Жымбылская,KZZHA,16.9
2010,тыс.человек,перевезено пассажиров воздушным транспортом,Жетісу,KZZHS,19.3
2010,тыс.человек,перевезено пассажиров воздушным транспортом,Мангистауская,KZMAN,173.4
2010,тыс.человек,перевезено пассажиров воздушным транспортом,Павлодарская,KZPAV,14.1
2010,тыс.человек,перевезено пассажиров воздушным транспортом,Северо-Казахстанская,KZSEV,4.5
2010,тыс.человек,перевезено пассажиров воздушным транспортом,Туркестанская,KZYUZ,72.0
2010,тыс.человек,перевезено пассажиров воздушным транспортом,Ұлытау,KZULU,9.6
2010,тыс.человек,перевезено пассажиров воздушным транспортом,Восточно-Казахстанская,KZVOS,18.9
2010,тыс.человек,перевезено пассажиров воздушным транспортом,г_Астана,KZNS,863.6
2010,тыс.человек,перевезено пассажиров воздушным транспортом,г_Алматы,KZALA,1505.3
2010,тыс.человек,перевезено пассажиров воздушным транспортом,г_Шымкент,KZSHY,184.9
2010,млн.тонн,показатели работы трубопроводного транспорта,,,194.0
2010,млн.тонн,показатели работы трубопроводного транспорта,Абай,KZABY,2.3
2010,млн.тонн,показатели работы трубопроводного транспорта,Актюбинская,KZAKT,11.5
2010,млн.тонн,показатели работы трубопроводного транспорта,Алматинская,KZALM,5.0
2010,млн.тонн,показатели работы трубопроводного транспорта,Атырауская,KZATY,60.7
2010,млн.тонн,показатели работы трубопроводного транспорта,Западно-Казахстанская,KZZAP,26.0
2010,млн.тонн,показатели работы трубопроводного транспорта,Жымбылская,KZZHA,4.7
2010,млн.тонн,показатели работы трубопроводного транспорта,Жетісу,KZZHS,4.5
2010,млн.тонн,показатели работы трубопроводного транспорта,Карагандинская,KZKAR,7.9
2010,млн.тонн,показатели работы трубопроводного транспорта,Костанайская,KZKUS,0.9
2010,млн.тонн,показатели работы трубопроводного транспорта,Кызылординская,KZKZY,6.6
2010,млн.тонн,показатели работы трубопроводного транспорта,Мангистауская,KZMAN,25.9
2010,млн.тонн,показатели работы трубопроводного транспорта,Павлодарская,KZPAV,7.9
2010,млн.тонн,показатели работы трубопроводного транспорта,Северо-Казахстанская,KZSEV,0.7
2010,млн.тонн,показатели работы трубопроводного транспорта,Туркестанская,KZYUZ,11.6
2010,млн.тонн,показатели работы трубопроводного транспорта,Ұлытау,KZULU,12.2
2010,млн.тонн,показатели работы трубопроводного транспорта,г_Астана,KZNS,4.5
2010,млн.тонн,показатели работы трубопроводного транспорта,г_Алматы,KZALA,0.8
2010,млн.тонн,показатели работы трубопроводного транспорта,г_Шымкент,KZSHY,0.3
2010,млн.тонн,Перевезено грузов с морским транспортом,,,4.7
2010,млн.тонн,Перевезено грузов с морским транспортом,Мангистауская,KZMAN,4.7
2011,млн.тонн,Перевезено грузов всеми видами транспорта,,,573.0
2011,млн.тонн,Трубопроводный,,,214.1
2011,млн.тонн,Железнодорожный,,,279.7
2011,млн.тонн,Автомобильный,,,73.6
2011,млн.тонн,Воздушным,,,0.03
2011,млн.тонн,Внутренним водным,,,1.1
2011,млн.тонн,Морским,,,4.6
2011,млн.тонн,,Абай,KZABY,17.8
2011,млн.тонн,,Акмолинская,KZAKM,27.2
2011,млн.тонн,,Актюбинская,KZAKT,41.3
2011,млн.тонн,,Алматинская,KZALM,21.8
2011,млн.тонн,,Атырауская,KZATY,75.2
2011,млн.тонн,,Западно-Казахстанская,KZZAP,28.3
2011,млн.тонн,,Жымбылская,KZZHA,34.3
2011,млн.тонн,,Карагандинская,KZKAR,45.5
2011,млн.тонн,,Костанайская,KZKUS,24.0
2011,млн.тонн,,Кызылординская,KZKZY,29.7
2011,млн.тонн,,Мангистауская,KZMAN,40.6
2011,млн.тонн,,Павлодарская,KZPAV,33.5
2011,млн.тонн,,Северо-Казахстанская,KZSEV,10.4
2011,млн.тонн,,Туркестанская,KZYUZ,24.1
2011,млн.тонн,,Ұлытау,KZULU,20.8
2011,млн.тонн,,Восточно-Казахстанская,KZVOS,25.2
2011,млн.тонн,,г_Астана,KZNS,34.5
2011,млн.тонн,,г_Алматы,KZALA,13.7
2011,млн.тонн,,г_Шымкент,KZSHY,12.0
2011,млн.человек,Перевезено пассажиров всеми видами транспорта,,,1386.1
2011,млн.человек,Железнодорожным транспортом,,,20.5
2011,млн.человек,Автомобильный,,,1284.4
2011,млн.человек,Внутренним водным,,,0.1
2011,млн.человек,Воздушным,,,4.1
2011,млн.человек,Городской электрический,,,77.0
2011,млн.человек,,Абай,KZABY,50.4
2011,млн.человек,,Акмолинская,KZAKM,27.6
2011,млн.человек,,Актюбинская,KZAKT,39.7
2011,млн.человек,,Алматинская,KZALM,16.8
2011,млн.человек,,Атырауская,KZATY,31.7
2011,млн.человек,,Западно-Казахстанская,KZZAP,66.8
2011,млн.человек,,Жымбылская,KZZHA,111.1
2011,млн.человек,,Жетісу,KZZHS,31.6
2011,млн.человек,,Карагандинская,KZKAR,173.9
2011,млн.человек,,Костанайская,KZKUS,37.9
2011,млн.человек,,Кызылординская,KZKZY,18.4
2011,млн.человек,,Мангистауская,KZMAN,21.4
2011,млн.человек,,Павлодарская,KZPAV,119.0
2011,млн.человек,,Северо-Казахстанская,KZSEV,25.3
2011,млн.человек,,Туркестанская,KZYUZ,20.5
2011,млн.человек,,Ұлытау,KZULU,25.4
2011,млн.человек,,Восточно-Казахстанская,KZVOS,104.2
2011,млн.человек,,г_Астана,KZNS,230.7
2011,млн.человек,,г_Алматы,KZALA,189.0
2011,млн.человек,,г_Шымкент,KZSHY,44.5
2011,млн.тонн,перевезено грузов автомобильным  и городским  электрическим транспортом,,,73.6
2011,млн.тонн,перевезено грузов автомобильным  и городским  электрическим транспортом,Абай,KZABY,1.6
2011,млн.тонн,перевезено грузов автомобильным  и городским  электрическим транспортом,Акмолинская,KZAKM,3.7
2011,млн.тонн,перевезено грузов автомобильным  и городским  электрическим транспортом,Актюбинская,KZAKT,3.3
2011,млн.тонн,перевезено грузов автомобильным  и городским  электрическим транспортом,Алматинская,KZALM,1.7
2011,млн.тонн,перевезено грузов автомобильным  и городским  электрическим транспортом,Атырауская,KZATY,2.3
2011,млн.тонн,перевезено грузов автомобильным  и городским  электрическим транспортом,Западно-Казахстанская,KZZAP,1.1
2011,млн.тонн,перевезено грузов автомобильным  и городским  электрическим транспортом,Жымбылская,KZZHA,0.7
2011,млн.тонн,перевезено грузов автомобильным  и городским  электрическим транспортом,Жетісу,KZZHS,0.8
2011,млн.тонн,перевезено грузов автомобильным  и городским  электрическим транспортом,Карагандинская,KZKAR,13.8
2011,млн.тонн,перевезено грузов автомобильным  и городским  электрическим транспортом,Костанайская,KZKUS,3.3
2011,млн.тонн,перевезено грузов автомобильным  и городским  электрическим транспортом,Кызылординская,KZKZY,7.0
2011,млн.тонн,перевезено грузов автомобильным  и городским  электрическим транспортом,Мангистауская,KZMAN,1.7
2011,млн.тонн,перевезено грузов автомобильным  и городским  электрическим транспортом,Павлодарская,KZPAV,4.0
2011,млн.тонн,перевезено грузов автомобильным  и городским  электрическим транспортом,Северо-Казахстанская,KZSEV,2.4
2011,млн.тонн,перевезено грузов автомобильным  и городским  электрическим транспортом,Туркестанская,KZYUZ,1.6
2011,млн.тонн,перевезено грузов автомобильным  и городским  электрическим транспортом,Ұлытау,KZULU,0.7
2011,млн.тонн,перевезено грузов автомобильным  и городским  электрическим транспортом,Восточно-Казахстанская,KZVOS,17.7
2011,млн.тонн,перевезено грузов автомобильным  и городским  электрическим транспортом,г_Астана,KZNS,2.6
2011,млн.тонн,перевезено грузов автомобильным  и городским  электрическим транспортом,г_Алматы,KZALA,1.8
2011,млн.тонн,перевезено грузов автомобильным  и городским  электрическим транспортом,г_Шымкент,KZSHY,1.8
2011,млн.человек,Перевезено пассажиров всеми видами транспорта,,,1361.3
2011,млн.человек,Перевезено пассажиров всеми видами транспорта,Абай,KZABY,49.4
2011,млн.человек,Перевезено пассажиров всеми видами транспорта,Акмолинская,KZAKM,26.0
2011,млн.человек,Перевезено пассажиров всеми видами транспорта,Актюбинская,KZAKT,37.7
2011,млн.человек,Перевезено пассажиров всеми видами транспорта,Алматинская,KZALM,16.4
2011,млн.человек,Перевезено пассажиров всеми видами транспорта,Атырауская,KZATY,30.1
2011,млн.человек,Перевезено пассажиров всеми видами транспорта,Западно-Казахстанская,KZZAP,66.3
2011,млн.человек,Перевезено пассажиров всеми видами транспорта,Жымбылская,KZZHA,109.8
2011,млн.человек,Перевезено пассажиров всеми видами транспорта,Жетісу,KZZHS,31.2
2011,млн.человек,Перевезено пассажиров всеми видами транспорта,Карагандинская,KZKAR,172.2
2011,млн.человек,Перевезено пассажиров всеми видами транспорта,Костанайская,KZKUS,36.5
2011,млн.человек,Перевезено пассажиров всеми видами транспорта,Кызылординская,KZKZY,17.2
2011,млн.человек,Перевезено пассажиров всеми видами транспорта,Мангистауская,KZMAN,19.8
2011,млн.человек,Перевезено пассажиров всеми видами транспорта,Павлодарская,KZPAV,117.5
2011,млн.человек,Перевезено пассажиров всеми видами транспорта,Северо-Казахстанская,KZSEV,24.8
2011,млн.человек,Перевезено пассажиров всеми видами транспорта,Туркестанская,KZYUZ,20.2
2011,млн.человек,Перевезено пассажиров всеми видами транспорта,Ұлытау,KZULU,24.8
2011,млн.человек,Перевезено пассажиров всеми видами транспорта,Восточно-Казахстанская,KZVOS,103.7
2011,млн.человек,Перевезено пассажиров всеми видами транспорта,г_Астана,KZNS,227.9
2011,млн.человек,Перевезено пассажиров всеми видами транспорта,г_Алматы,KZALA,186.1
2011,млн.человек,Перевезено пассажиров всеми видами транспорта,г_Шымкент,KZSHY,43.6
2011,тонн,перевезено грузов воздушным транспортом,,,31554.9
2011,тонн,перевезено грузов воздушным транспортом,Абай,KZABY,44.0
2011,тонн,перевезено грузов воздушным транспортом,Ұлытау,KZULU,6.6
2011,тонн,перевезено грузов воздушным транспортом,г_Алматы,KZALA,30921.3
2011,тонн,перевезено грузов воздушным транспортом,г_Шымкент,KZSHY,583.0
2011,тыс.человек,перевезено пассажиров воздушным транспортом,,,4131.3
2011,тыс.человек,перевезено пассажиров воздушным транспортом,Абай,KZABY,37.4
2011,тыс.человек,перевезено пассажиров воздушным транспортом,Акмолинская,KZAKM,2.4
2011,тыс.человек,перевезено пассажиров воздушным транспортом,Актюбинская,KZAKT,79.8
2011,тыс.человек,перевезено пассажиров воздушным транспортом,Алматинская,KZALM,1.3
2011,тыс.человек,перевезено пассажиров воздушным транспортом,Атырауская,KZATY,388.1
2011,тыс.человек,перевезено пассажиров воздушным транспортом,Карагандинская,KZKAR,37.2
2011,тыс.человек,перевезено пассажиров воздушным транспортом,Костанайская,KZKUS,7.0
2011,тыс.человек,перевезено пассажиров воздушным транспортом,Кызылординская,KZKZY,27.3
2011,тыс.человек,перевезено пассажиров воздушным транспортом,Западно-Казахстанская,KZZAP,17.5
2011,тыс.человек,перевезено пассажиров воздушным транспортом,Жымбылская,KZZHA,20.1
2011,тыс.человек,перевезено пассажиров воздушным транспортом,Жетісу,KZZHS,22.9
2011,тыс.человек,перевезено пассажиров воздушным транспортом,Мангистауская,KZMAN,233.8
2011,тыс.человек,перевезено пассажиров воздушным транспортом,Павлодарская,KZPAV,12.9
2011,тыс.человек,перевезено пассажиров воздушным транспортом,Северо-Казахстанская,KZSEV,6.0
2011,тыс.человек,перевезено пассажиров воздушным транспортом,Туркестанская,KZYUZ,86.0
2011,тыс.человек,перевезено пассажиров воздушным транспортом,Ұлытау,KZULU,11.4
2011,тыс.человек,перевезено пассажиров воздушным транспортом,Восточно-Казахстанская,KZVOS,23.7
2011,тыс.человек,перевезено пассажиров воздушным транспортом,г_Астана,KZNS,1057.9
2011,тыс.человек,перевезено пассажиров воздушным транспортом,г_Алматы,KZALA,1821.4
2011,тыс.человек,перевезено пассажиров воздушным транспортом,г_Шымкент,KZSHY,237.3
2011,млн.тонн,показатели работы трубопроводного транспорта,,,214.1
2011,млн.тонн,показатели работы трубопроводного транспорта,Абай,KZABY,2.6
2011,млн.тонн,показатели работы трубопроводного транспорта,Актюбинская,KZAKT,11.6
2011,млн.тонн,показатели работы трубопроводного транспорта,Алматинская,KZALM,13.7
2011,млн.тонн,показатели работы трубопроводного транспорта,Атырауская,KZATY,56.0
2011,млн.тонн,показатели работы трубопроводного транспорта,Западно-Казахстанская,KZZAP,20.8
2011,млн.тонн,показатели работы трубопроводного транспорта,Жымбылская,KZZHA,15.3
2011,млн.тонн,показатели работы трубопроводного транспорта,Жетісу,KZZHS,6.4
2011,млн.тонн,показатели работы трубопроводного транспорта,Карагандинская,KZKAR,8.2
2011,млн.тонн,показатели работы трубопроводного транспорта,Костанайская,KZKUS,1.2
2011,млн.тонн,показатели работы трубопроводного транспорта,Кызылординская,KZKZY,7.3
2011,млн.тонн,показатели работы трубопроводного транспорта,Мангистауская,KZMAN,22.5
2011,млн.тонн,показатели работы трубопроводного транспорта,Павлодарская,KZPAV,8.4
2011,млн.тонн,показатели работы трубопроводного транспорта,Северо-Казахстанская,KZSEV,1.0
2011,млн.тонн,показатели работы трубопроводного транспорта,Туркестанская,KZYUZ,19.2
2011,млн.тонн,показатели работы трубопроводного транспорта,Ұлытау,KZULU,11.7
2011,млн.тонн,показатели работы трубопроводного транспорта,г_Астана,KZNS,6.2
2011,млн.тонн,показатели работы трубопроводного транспорта,г_Алматы,KZALA,1.3
2011,млн.тонн,показатели работы трубопроводного транспорта,г_Шымкент,KZSHY,0.6
2011,млн.тонн,Перевезено грузов с морским транспортом,,,4.6
2011,млн.тонн,Перевезено грузов с морским транспортом,Мангистауская,KZMAN,4.6
2012,млн.тонн,Перевезено грузов всеми видами транспорта,,,585.2
2012,млн.тонн,Трубопроводный,,,213.2
2012,млн.тонн,Железнодорожный,,,294.8
2012,млн.тонн,Автомобильный,,,71.8
2012,млн.тонн,Воздушным,,,0.02
2012,млн.тонн,Внутренним водным,,,1.3
2012,млн.тонн,Морским,,,4.0
2012,млн.тонн,,Абай,KZABY,18.1
2012,млн.тонн,,Акмолинская,KZAKM,27.4
2012,млн.тонн,,Актюбинская,KZAKT,43.1
2012,млн.тонн,,Алматинская,KZALM,29.2
2012,млн.тонн,,Атырауская,KZATY,67.4
2012,млн.тонн,,Западно-Казахстанская,KZZAP,25.9
2012,млн.тонн,,Жымбылская,KZZHA,39.6
2012,млн.тонн,,Жетісу,KZZHS,14.0
2012,млн.тонн,,Карагандинская,KZKAR,45.3
2012,млн.тонн,,Костанайская,KZKUS,25.1
2012,млн.тонн,,Кызылординская,KZKZY,28.6
2012,млн.тонн,,Мангистауская,KZMAN,41.7
2012,млн.тонн,,Павлодарская,KZPAV,34.6
2012,млн.тонн,,Северо-Казахстанская,KZSEV,10.3
2012,млн.тонн,,Туркестанская,KZYUZ,29.1
2012,млн.тонн,,Ұлытау,KZULU,23.4
2012,млн.тонн,,Восточно-Казахстанская,KZVOS,27.3
2012,млн.тонн,,г_Астана,KZNS,29.2
2012,млн.тонн,,г_Алматы,KZALA,11.9
2012,млн.тонн,,г_Шымкент,KZSHY,13.9
2012,млн.человек,Перевезено пассажиров всеми видами транспорта,,,1543.3
2012,млн.человек,Железнодорожным транспортом,,,24.4
2012,млн.человек,Автомобильный,,,1444.7
2012,млн.человек,Внутренним водным,,,0.1
2012,млн.человек,Воздушным,,,4.5
2012,млн.человек,Городской электрический,,,69.6
2012,млн.человек,,Абай,KZABY,49.1
2012,млн.человек,,Акмолинская,KZAKM,31.4
2012,млн.человек,,Актюбинская,KZAKT,44.4
2012,млн.человек,,Алматинская,KZALM,16.4
2012,млн.человек,,Атырауская,KZATY,26.8
2012,млн.человек,,Западно-Казахстанская,KZZAP,67.5
2012,млн.человек,,Жымбылская,KZZHA,105.3
2012,млн.человек,,Жетісу,KZZHS,31.7
2012,млн.человек,,Карагандинская,KZKAR,175.8
2012,млн.человек,,Костанайская,KZKUS,38.2
2012,млн.человек,,Кызылординская,KZKZY,19.2
2012,млн.человек,,Мангистауская,KZMAN,19.5
2012,млн.человек,,Павлодарская,KZPAV,125.4
2012,млн.человек,,Северо-Казахстанская,KZSEV,23.6
2012,млн.человек,,Туркестанская,KZYUZ,22.3
2012,млн.человек,,Ұлытау,KZULU,26.4
2012,млн.человек,,Восточно-Казахстанская,KZVOS,104.3
2012,млн.человек,,г_Астана,KZNS,337.5
2012,млн.человек,,г_Алматы,KZALA,227.7
2012,млн.человек,,г_Шымкент,KZSHY,51.1
2012,млн.тонн,перевезено грузов автомобильным  и городским  электрическим транспортом,,,71.8
2012,млн.тонн,перевезено грузов автомобильным  и городским  электрическим транспортом,Абай,KZABY,1.5
2012,млн.тонн,перевезено грузов автомобильным  и городским  электрическим транспортом,Акмолинская,KZAKM,2.4
2012,млн.тонн,перевезено грузов автомобильным  и городским  электрическим транспортом,Актюбинская,KZAKT,3.8
2012,млн.тонн,перевезено грузов автомобильным  и городским  электрическим транспортом,Алматинская,KZALM,2.2
2012,млн.тонн,перевезено грузов автомобильным  и городским  электрическим транспортом,Атырауская,KZATY,1.3
2012,млн.тонн,перевезено грузов автомобильным  и городским  электрическим транспортом,Западно-Казахстанская,KZZAP,1.4
2012,млн.тонн,перевезено грузов автомобильным  и городским  электрическим транспортом,Жымбылская,KZZHA,0.9
2012,млн.тонн,перевезено грузов автомобильным  и городским  электрическим транспортом,Карагандинская,KZKAR,12.3
2012,млн.тонн,перевезено грузов автомобильным  и городским  электрическим транспортом,Костанайская,KZKUS,3.2
2012,млн.тонн,перевезено грузов автомобильным  и городским  электрическим транспортом,Кызылординская,KZKZY,5.9
2012,млн.тонн,перевезено грузов автомобильным  и городским  электрическим транспортом,Мангистауская,KZMAN,1.5
2012,млн.тонн,перевезено грузов автомобильным  и городским  электрическим транспортом,Павлодарская,KZPAV,4.5
2012,млн.тонн,перевезено грузов автомобильным  и городским  электрическим транспортом,Северо-Казахстанская,KZSEV,1.4
2012,млн.тонн,перевезено грузов автомобильным  и городским  электрическим транспортом,Туркестанская,KZYUZ,1.1
2012,млн.тонн,перевезено грузов автомобильным  и городским  электрическим транспортом,Ұлытау,KZULU,0.7
2012,млн.тонн,перевезено грузов автомобильным  и городским  электрическим транспортом,Восточно-Казахстанская,KZVOS,19.3
2012,млн.тонн,перевезено грузов автомобильным  и городским  электрическим транспортом,г_Астана,KZNS,2.3
2012,млн.тонн,перевезено грузов автомобильным  и городским  электрическим транспортом,г_Алматы,KZALA,2.4
2012,млн.тонн,перевезено грузов автомобильным  и городским  электрическим транспортом,г_Шымкент,KZSHY,3.0
2012,млн.человек,Перевезено пассажиров всеми видами транспорта,,,1514.3
2012,млн.человек,Перевезено пассажиров всеми видами транспорта,Абай,KZABY,47.9
2012,млн.человек,Перевезено пассажиров всеми видами транспорта,Акмолинская,KZAKM,29.4
2012,млн.человек,Перевезено пассажиров всеми видами транспорта,Актюбинская,KZAKT,42.0
2012,млн.человек,Перевезено пассажиров всеми видами транспорта,Алматинская,KZALM,15.6
2012,млн.человек,Перевезено пассажиров всеми видами транспорта,Атырауская,KZATY,25.0
2012,млн.человек,Перевезено пассажиров всеми видами транспорта,Западно-Казахстанская,KZZAP,66.8
2012,млн.человек,Перевезено пассажиров всеми видами транспорта,Жымбылская,KZZHA,103.8
2012,млн.человек,Перевезено пассажиров всеми видами транспорта,Жетісу,KZZHS,31.1
2012,млн.человек,Перевезено пассажиров всеми видами транспорта,Карагандинская,KZKAR,173.7
2012,млн.человек,Перевезено пассажиров всеми видами транспорта,Костанайская,KZKUS,36.4
2012,млн.человек,Перевезено пассажиров всеми видами транспорта,Кызылординская,KZKZY,17.7
2012,млн.человек,Перевезено пассажиров всеми видами транспорта,Мангистауская,KZMAN,18.1
2012,млн.человек,Перевезено пассажиров всеми видами транспорта,Павлодарская,KZPAV,123.7
2012,млн.человек,Перевезено пассажиров всеми видами транспорта,Северо-Казахстанская,KZSEV,22.9
2012,млн.человек,Перевезено пассажиров всеми видами транспорта,Туркестанская,KZYUZ,21.8
2012,млн.человек,Перевезено пассажиров всеми видами транспорта,Ұлытау,KZULU,25.6
2012,млн.человек,Перевезено пассажиров всеми видами транспорта,Восточно-Казахстанская,KZVOS,103.7
2012,млн.человек,Перевезено пассажиров всеми видами транспорта,г_Астана,KZNS,334.6
2012,млн.человек,Перевезено пассажиров всеми видами транспорта,г_Алматы,KZALA,224.7
2012,млн.человек,Перевезено пассажиров всеми видами транспорта,г_Шымкент,KZSHY,50.0
2012,тонн,перевезено грузов воздушным транспортом,,,21954.2
2012,тонн,перевезено грузов воздушным транспортом,Абай,KZABY,5.8
2012,тонн,перевезено грузов воздушным транспортом,Западно-Казахстанская,KZZAP,183.0
2012,тонн,перевезено грузов воздушным транспортом,г_Алматы,KZALA,20997.4
2012,тонн,перевезено грузов воздушным транспортом,г_Шымкент,KZSHY,768.0
2012,тыс.человек,перевезено пассажиров воздушным транспортом,,,4512.0
2012,тыс.человек,перевезено пассажиров воздушным транспортом,Абай,KZABY,26.5
2012,тыс.человек,перевезено пассажиров воздушным транспортом,Акмолинская,KZAKM,2.9
2012,тыс.человек,перевезено пассажиров воздушным транспортом,Алматинская,KZALM,2.1
2012,тыс.человек,перевезено пассажиров воздушным транспортом,Атырауская,KZATY,441.8
2012,тыс.человек,перевезено пассажиров воздушным транспортом,Карагандинская,KZKAR,99.0
2012,тыс.человек,перевезено пассажиров воздушным транспортом,Костанайская,KZKUS,8.4
2012,тыс.человек,перевезено пассажиров воздушным транспортом,Кызылординская,KZKZY,28.9
2012,тыс.человек,перевезено пассажиров воздушным транспортом,Западно-Казахстанская,KZZAP,17.7
2012,тыс.человек,перевезено пассажиров воздушным транспортом,Жымбылская,KZZHA,21.3
2012,тыс.человек,перевезено пассажиров воздушным транспортом,Жетісу,KZZHS,24.3
2012,тыс.человек,перевезено пассажиров воздушным транспортом,Мангистауская,KZMAN,227.2
2012,тыс.человек,перевезено пассажиров воздушным транспортом,Павлодарская,KZPAV,12.8
2012,тыс.человек,перевезено пассажиров воздушным транспортом,Северо-Казахстанская,KZSEV,7.3
2012,тыс.человек,перевезено пассажиров воздушным транспортом,Туркестанская,KZYUZ,91.4
2012,тыс.человек,перевезено пассажиров воздушным транспортом,Ұлытау,KZULU,7.2
2012,тыс.человек,перевезено пассажиров воздушным транспортом,Восточно-Казахстанская,KZVOS,26.9
2012,тыс.человек,перевезено пассажиров воздушным транспортом,г_Астана,KZNS,1131.1
2012,тыс.человек,перевезено пассажиров воздушным транспортом,г_Алматы,KZALA,1967.7
2012,тыс.человек,перевезено пассажиров воздушным транспортом,г_Шымкент,KZSHY,274.8
2012,млн.тонн,показатели работы трубопроводного транспорта,,,213.2
2012,млн.тонн,показатели работы трубопроводного транспорта,Абай,KZABY,2.1
2012,млн.тонн,показатели работы трубопроводного транспорта,Актюбинская,KZAKT,11.4
2012,млн.тонн,показатели работы трубопроводного транспорта,Алматинская,KZALM,16.6
2012,млн.тонн,показатели работы трубопроводного транспорта,Атырауская,KZATY,49.1
2012,млн.тонн,показатели работы трубопроводного транспорта,Западно-Казахстанская,KZZAP,17.9
2012,млн.тонн,показатели работы трубопроводного транспорта,Жымбылская,KZZHA,19.6
2012,млн.тонн,показатели работы трубопроводного транспорта,Жетісу,KZZHS,6.3
2012,млн.тонн,показатели работы трубопроводного транспорта,Карагандинская,KZKAR,7.9
2012,млн.тонн,показатели работы трубопроводного транспорта,Костанайская,KZKUS,1.0
2012,млн.тонн,показатели работы трубопроводного транспорта,Кызылординская,KZKZY,6.1
2012,млн.тонн,показатели работы трубопроводного транспорта,Мангистауская,KZMAN,21.9
2012,млн.тонн,показатели работы трубопроводного транспорта,Павлодарская,KZPAV,8.8
2012,млн.тонн,показатели работы трубопроводного транспорта,Северо-Казахстанская,KZSEV,0.7
2012,млн.тонн,показатели работы трубопроводного транспорта,Туркестанская,KZYUZ,23.8
2012,млн.тонн,показатели работы трубопроводного транспорта,Ұлытау,KZULU,13.1
2012,млн.тонн,показатели работы трубопроводного транспорта,г_Астана,KZNS,5.0
2012,млн.тонн,показатели работы трубопроводного транспорта,г_Алматы,KZALA,1.1
2012,млн.тонн,показатели работы трубопроводного транспорта,г_Шымкент,KZSHY,0.9
2012,млн.тонн,Перевезено грузов с морским транспортом,,,4.0
2012,млн.тонн,Перевезено грузов с морским транспортом,Мангистауская,KZMAN,4.0
2013,млн.тонн,Перевезено грузов всеми видами транспорта,,,623.7
2013,млн.тонн,Трубопроводный,,,225.9
2013,млн.тонн,Железнодорожный,,,293.7
2013,млн.тонн,Автомобильный,,,99.0
2013,млн.тонн,Воздушным,,,0.02
2013,млн.тонн,Внутренним водным,,,1.1
2013,млн.тонн,Морским,,,4.0
2013,млн.тонн,,Абай,KZABY,17.9
2013,млн.тонн,,Акмолинская,KZAKM,26.4
2013,млн.тонн,,Актюбинская,KZAKT,44.9
2013,млн.тонн,,Алматинская,KZALM,32.2
2013,млн.тонн,,Атырауская,KZATY,70.6
2013,млн.тонн,,Западно-Казахстанская,KZZAP,23.7
2013,млн.тонн,,Жымбылская,KZZHA,41.4
2013,млн.тонн,,Жетісу,KZZHS,13.4
2013,млн.тонн,,Карагандинская,KZKAR,52.6
2013,млн.тонн,,Костанайская,KZKUS,26.0
2013,млн.тонн,,Кызылординская,KZKZY,29.3
2013,млн.тонн,,Мангистауская,KZMAN,42.3
2013,млн.тонн,,Павлодарская,KZPAV,49.9
2013,млн.тонн,,Северо-Казахстанская,KZSEV,8.8
2013,млн.тонн,,Туркестанская,KZYUZ,28.7
2013,млн.тонн,,Ұлытау,KZULU,25.1
2013,млн.тонн,,Восточно-Казахстанская,KZVOS,27.8
2013,млн.тонн,,г_Астана,KZNS,34.3
2013,млн.тонн,,г_Алматы,KZALA,14.1
2013,млн.тонн,,г_Шымкент,KZSHY,14.3
2013,млн.человек,Перевезено пассажиров всеми видами транспорта,,,1554.2
2013,млн.человек,Железнодорожным транспортом,,,28.6
2013,млн.человек,Автомобильный,,,1455.2
2013,млн.человек,Внутренним водным,,,0.1
2013,млн.человек,Воздушным,,,5.0
2013,млн.человек,Городской электрический,,,65.4
2013,млн.человек,,Акмолинская,KZAKM,45.7
2013,млн.человек,,Акмолинская,KZAKM,32.4
2013,млн.человек,,Актюбинская,KZAKT,49.1
2013,млн.человек,,Алматинская,KZALM,17.0
2013,млн.человек,,Атырауская,KZATY,24.5
2013,млн.человек,,Западно-Казахстанская,KZZAP,73.5
2013,млн.человек,,Жымбылская,KZZHA,100.8
2013,млн.человек,,Жетісу,KZZHS,35.8
2013,млн.человек,,Карагандинская,KZKAR,170.7
2013,млн.человек,,Костанайская,KZKUS,38.3
2013,млн.человек,,Кызылординская,KZKZY,20.8
2013,млн.человек,,Мангистауская,KZMAN,21.3
2013,млн.человек,,Павлодарская,KZPAV,103.1
2013,млн.человек,,Северо-Казахстанская,KZSEV,20.2
2013,млн.человек,,Туркестанская,KZYUZ,19.3
2013,млн.человек,,Ұлытау,KZULU,26.1
2013,млн.человек,,Восточно-Казахстанская,KZVOS,101.2
2013,млн.человек,,г_Астана,KZNS,365.0
2013,млн.человек,,г_Алматы,KZALA,239.1
2013,млн.человек,,г_Шымкент,KZSHY,50.7
2013,млн.тонн,перевезено грузов автомобильным  и городским  электрическим транспортом,,,99.0
2013,млн.тонн,перевезено грузов автомобильным  и городским  электрическим транспортом,Абай,KZABY,1.3
2013,млн.тонн,перевезено грузов автомобильным  и городским  электрическим транспортом,Акмолинская,KZAKM,2.1
2013,млн.тонн,перевезено грузов автомобильным  и городским  электрическим транспортом,Актюбинская,KZAKT,5.1
2013,млн.тонн,перевезено грузов автомобильным  и городским  электрическим транспортом,Алматинская,KZALM,2.9
2013,млн.тонн,перевезено грузов автомобильным  и городским  электрическим транспортом,Атырауская,KZATY,2.6
2013,млн.тонн,перевезено грузов автомобильным  и городским  электрическим транспортом,Западно-Казахстанская,KZZAP,1.1
2013,млн.тонн,перевезено грузов автомобильным  и городским  электрическим транспортом,Жымбылская,KZZHA,0.6
2013,млн.тонн,перевезено грузов автомобильным  и городским  электрическим транспортом,Карагандинская,KZKAR,18.4
2013,млн.тонн,перевезено грузов автомобильным  и городским  электрическим транспортом,Костанайская,KZKUS,4.8
2013,млн.тонн,перевезено грузов автомобильным  и городским  электрическим транспортом,Кызылординская,KZKZY,5.6
2013,млн.тонн,перевезено грузов автомобильным  и городским  электрическим транспортом,Мангистауская,KZMAN,1.9
2013,млн.тонн,перевезено грузов автомобильным  и городским  электрическим транспортом,Павлодарская,KZPAV,18.5
2013,млн.тонн,перевезено грузов автомобильным  и городским  электрическим транспортом,Северо-Казахстанская,KZSEV,0.9
2013,млн.тонн,перевезено грузов автомобильным  и городским  электрическим транспортом,Туркестанская,KZYUZ,0.8
2013,млн.тонн,перевезено грузов автомобильным  и городским  электрическим транспортом,Ұлытау,KZULU,1.5
2013,млн.тонн,перевезено грузов автомобильным  и городским  электрическим транспортом,Восточно-Казахстанская,KZVOS,19.8
2013,млн.тонн,перевезено грузов автомобильным  и городским  электрическим транспортом,г_Астана,KZNS,4.3
2013,млн.тонн,перевезено грузов автомобильным  и городским  электрическим транспортом,г_Алматы,KZALA,3.4
2013,млн.тонн,перевезено грузов автомобильным  и городским  электрическим транспортом,г_Шымкент,KZSHY,2.5
2013,млн.человек,Перевезено пассажиров всеми видами транспорта,,,1520.6
2013,млн.человек,Перевезено пассажиров всеми видами транспорта,Абай,KZABY,44.3
2013,млн.человек,Перевезено пассажиров всеми видами транспорта,Акмолинская,KZAKM,30.1
2013,млн.человек,Перевезено пассажиров всеми видами транспорта,Актюбинская,KZAKT,46.3
2013,млн.человек,Перевезено пассажиров всеми видами транспорта,Алматинская,KZALM,16.0
2013,млн.человек,Перевезено пассажиров всеми видами транспорта,Атырауская,KZATY,22.4
2013,млн.человек,Перевезено пассажиров всеми видами транспорта,Западно-Казахстанская,KZZAP,72.6
2013,млн.человек,Перевезено пассажиров всеми видами транспорта,Жымбылская,KZZHA,99.0
2013,млн.человек,Перевезено пассажиров всеми видами транспорта,Жетісу,KZZHS,35.2
2013,млн.человек,Перевезено пассажиров всеми видами транспорта,Карагандинская,KZKAR,168.0
2013,млн.человек,Перевезено пассажиров всеми видами транспорта,Костанайская,KZKUS,36.3
2013,млн.человек,Перевезено пассажиров всеми видами транспорта,Кызылординская,KZKZY,19.0
2013,млн.человек,Перевезено пассажиров всеми видами транспорта,Мангистауская,KZMAN,19.7
2013,млн.человек,Перевезено пассажиров всеми видами транспорта,Павлодарская,KZPAV,101.1
2013,млн.человек,Перевезено пассажиров всеми видами транспорта,Северо-Казахстанская,KZSEV,19.5
2013,млн.человек,Перевезено пассажиров всеми видами транспорта,Туркестанская,KZYUZ,18.8
2013,млн.человек,Перевезено пассажиров всеми видами транспорта,Ұлытау,KZULU,25.2
2013,млн.человек,Перевезено пассажиров всеми видами транспорта,Восточно-Казахстанская,KZVOS,100.4
2013,млн.человек,Перевезено пассажиров всеми видами транспорта,г_Астана,KZNS,361.4
2013,млн.человек,Перевезено пассажиров всеми видами транспорта,г_Алматы,KZALA,235.7
2013,млн.человек,Перевезено пассажиров всеми видами транспорта,г_Шымкент,KZSHY,49.4
2013,тонн,перевезено грузов воздушным транспортом,,,23873.5
2013,тонн,перевезено грузов воздушным транспортом,Западно-Казахстанская,KZZAP,227.2
2013,тонн,перевезено грузов воздушным транспортом,г_Алматы,KZALA,22584.3
2013,тонн,перевезено грузов воздушным транспортом,г_Шымкент,KZSHY,1062.0
2013,тыс.человек,перевезено пассажиров воздушным транспортом,,,4985.6
2013,тыс.человек,перевезено пассажиров воздушным транспортом,Абай,KZABY,23.9
2013,тыс.человек,перевезено пассажиров воздушным транспортом,Акмолинская,KZAKM,3.0
2013,тыс.человек,перевезено пассажиров воздушным транспортом,Актюбинская,KZAKT,97.0
2013,тыс.человек,перевезено пассажиров воздушным транспортом,Алматинская,KZALM,2.6
2013,тыс.человек,перевезено пассажиров воздушным транспортом,Атырауская,KZATY,468.2
2013,тыс.человек,перевезено пассажиров воздушным транспортом,Карагандинская,KZKAR,184.1
2013,тыс.человек,перевезено пассажиров воздушным транспортом,Костанайская,KZKUS,8.6
2013,тыс.человек,перевезено пассажиров воздушным транспортом,Кызылординская,KZKZY,23.9
2013,тыс.человек,перевезено пассажиров воздушным транспортом,Западно-Казахстанская,KZZAP,19.7
2013,тыс.человек,перевезено пассажиров воздушным транспортом,Жымбылская,KZZHA,23.8
2013,тыс.человек,перевезено пассажиров воздушным транспортом,Жетісу,KZZHS,27.2
2013,тыс.человек,перевезено пассажиров воздушным транспортом,Мангистауская,KZMAN,250.1
2013,тыс.человек,перевезено пассажиров воздушным транспортом,Павлодарская,KZPAV,14.3
2013,тыс.человек,перевезено пассажиров воздушным транспортом,Северо-Казахстанская,KZSEV,7.4
2013,тыс.человек,перевезено пассажиров воздушным транспортом,Туркестанская,KZYUZ,101.9
2013,тыс.человек,перевезено пассажиров воздушным транспортом,Ұлытау,KZULU,10.0
2013,тыс.человек,перевезено пассажиров воздушным транспортом,Восточно-Казахстанская,KZVOS,28.6
2013,тыс.человек,перевезено пассажиров воздушным транспортом,г_Астана,KZNS,1234.6
2013,тыс.человек,перевезено пассажиров воздушным транспортом,г_Алматы,KZALA,2168.5
2013,тыс.человек,перевезено пассажиров воздушным транспортом,г_Шымкент,KZSHY,288.2
2013,млн.тонн,показатели работы трубопроводного транспорта,,,225.9
2013,млн.тонн,показатели работы трубопроводного транспорта,Абай,KZABY,2.4
2013,млн.тонн,показатели работы трубопроводного транспорта,Актюбинская,KZAKT,12.2
2013,млн.тонн,показатели работы трубопроводного транспорта,Алматинская,KZALM,18.8
2013,млн.тонн,показатели работы трубопроводного транспорта,Атырауская,KZATY,50.8
2013,млн.тонн,показатели работы трубопроводного транспорта,Западно-Казахстанская,KZZAP,16.2
2013,млн.тонн,показатели работы трубопроводного транспорта,Жымбылская,KZZHA,22.2
2013,млн.тонн,показатели работы трубопроводного транспорта,Жетісу,KZZHS,7.0
2013,млн.тонн,показатели работы трубопроводного транспорта,Карагандинская,KZKAR,8.9
2013,млн.тонн,показатели работы трубопроводного транспорта,Костанайская,KZKUS,0.9
2013,млн.тонн,показатели работы трубопроводного транспорта,Кызылординская,KZKZY,6.8
2013,млн.тонн,показатели работы трубопроводного транспорта,Мангистауская,KZMAN,22.6
2013,млн.тонн,показатели работы трубопроводного транспорта,Павлодарская,KZPAV,10.8
2013,млн.тонн,показатели работы трубопроводного транспорта,Северо-Казахстанская,KZSEV,0.7
2013,млн.тонн,показатели работы трубопроводного транспорта,Туркестанская,KZYUZ,24.5
2013,млн.тонн,показатели работы трубопроводного транспорта,Ұлытау,KZULU,14.7
2013,млн.тонн,показатели работы трубопроводного транспорта,г_Астана,KZNS,5.5
2013,млн.тонн,показатели работы трубопроводного транспорта,г_Алматы,KZALA,1.3
2013,млн.тонн,показатели работы трубопроводного транспорта,г_Шымкент,KZSHY,0.6
2013,млн.тонн,Перевезено грузов с морским транспортом,,,4.0
2013,млн.тонн,Перевезено грузов с морским транспортом,Мангистауская,KZMAN,4.0
2014,млн.тонн,Перевезено грузов всеми видами транспорта,,,728.8
2014,млн.тонн,Трубопроводный,,,225.0
2014,млн.тонн,Железнодорожный,,,390.7
2014,млн.тонн,Автомобильный,,,108.1
2014,млн.тонн,Воздушным,,,0.02
2014,млн.тонн,Внутренним водным,,,1.3
2014,млн.тонн,Морским,,,3.6
2014,млн.тонн,,Абай,KZABY,22.2
2014,млн.тонн,,Акмолинская,KZAKM,35.4
2014,млн.тонн,,Актюбинская,KZAKT,53.5
2014,млн.тонн,,Алматинская,KZALM,35.5
2014,млн.тонн,,Атырауская,KZATY,74.9
2014,млн.тонн,,Западно-Казахстанская,KZZAP,25.1
2014,млн.тонн,,Жымбылская,KZZHA,50.1
2014,млн.тонн,,Жетісу,KZZHS,16.2
2014,млн.тонн,,Карагандинская,KZKAR,62.0
2014,млн.тонн,,Костанайская,KZKUS,31.7
2014,млн.тонн,,Кызылординская,KZKZY,30.0
2014,млн.тонн,,Мангистауская,KZMAN,46.3
2014,млн.тонн,,Павлодарская,KZPAV,59.2
2014,млн.тонн,,Северо-Казахстанская,KZSEV,15.2
2014,млн.тонн,,Туркестанская,KZYUZ,32.9
2014,млн.тонн,,Ұлытау,KZULU,28.0
2014,млн.тонн,,Восточно-Казахстанская,KZVOS,29.4
2014,млн.тонн,,г_Астана,KZNS,45.3
2014,млн.тонн,,г_Алматы,KZALA,19.5
2014,млн.тонн,,г_Алматы,KZALA,16.3
2014,млн.человек,Перевезено пассажиров всеми видами транспорта,,,1669.7
2014,млн.человек,Железнодорожным транспортом,,,23.2
2014,млн.человек,Автомобильный,,,1578.4
2014,млн.человек,Внутренним водным,,,0.1
2014,млн.человек,Воздушным,,,5.4
2014,млн.человек,Городской электрический,,,62.6
2014,млн.человек,,Абай,KZABY,42.9
2014,млн.человек,,Акмолинская,KZAKM,32.7
2014,млн.человек,,Актюбинская,KZAKT,51.4
2014,млн.человек,,Алматинская,KZALM,15.3
2014,млн.человек,,Атырауская,KZATY,23.3
2014,млн.человек,,Западно-Казахстанская,KZZAP,73.0
2014,млн.человек,,Жымбылская,KZZHA,94.0
2014,млн.человек,,Жетісу,KZZHS,34.7
2014,млн.человек,,Карагандинская,KZKAR,166.5
2014,млн.человек,,Костанайская,KZKUS,38.1
2014,млн.человек,,Кызылординская,KZKZY,24.5
2014,млн.человек,,Мангистауская,KZMAN,20.0
2014,млн.человек,,Павлодарская,KZPAV,100.6
2014,млн.человек,,Северо-Казахстанская,KZSEV,19.3
2014,млн.человек,,Туркестанская,KZYUZ,18.8
2014,млн.человек,,Ұлытау,KZULU,25.0
2014,млн.человек,,Восточно-Казахстанская,KZVOS,95.1
2014,млн.человек,,г_Астана,KZNS,467.5
2014,млн.человек,,г_Алматы,KZALA,279.9
2014,млн.человек,,г_Шымкент,KZSHY,47.0
2014,млн.тонн,перевезено грузов автомобильным  и городским  электрическим транспортом,,,108.1
2014,млн.тонн,перевезено грузов автомобильным  и городским  электрическим транспортом,Абай,KZABY,1.4
2014,млн.тонн,перевезено грузов автомобильным  и городским  электрическим транспортом,Акмолинская,KZAKM,2.2
2014,млн.тонн,перевезено грузов автомобильным  и городским  электрическим транспортом,Актюбинская,KZAKT,6.0
2014,млн.тонн,перевезено грузов автомобильным  и городским  электрическим транспортом,Алматинская,KZALM,1.8
2014,млн.тонн,перевезено грузов автомобильным  и городским  электрическим транспортом,Атырауская,KZATY,4.4
2014,млн.тонн,перевезено грузов автомобильным  и городским  электрическим транспортом,Западно-Казахстанская,KZZAP,1.3
2014,млн.тонн,перевезено грузов автомобильным  и городским  электрическим транспортом,Жымбылская,KZZHA,0.6
2014,млн.тонн,перевезено грузов автомобильным  и городским  электрическим транспортом,Карагандинская,KZKAR,21.2
2014,млн.тонн,перевезено грузов автомобильным  и городским  электрическим транспортом,Костанайская,KZKUS,3.8
2014,млн.тонн,перевезено грузов автомобильным  и городским  электрическим транспортом,Кызылординская,KZKZY,4.1
2014,млн.тонн,перевезено грузов автомобильным  и городским  электрическим транспортом,Мангистауская,KZMAN,2.1
2014,млн.тонн,перевезено грузов автомобильным  и городским  электрическим транспортом,Павлодарская,KZPAV,20.8
2014,млн.тонн,перевезено грузов автомобильным  и городским  электрическим транспортом,Северо-Казахстанская,KZSEV,1.0
2014,млн.тонн,перевезено грузов автомобильным  и городским  электрическим транспортом,Туркестанская,KZYUZ,0.7
2014,млн.тонн,перевезено грузов автомобильным  и городским  электрическим транспортом,Ұлытау,KZULU,0.7
2014,млн.тонн,перевезено грузов автомобильным  и городским  электрическим транспортом,Восточно-Казахстанская,KZVOS,18.7
2014,млн.тонн,перевезено грузов автомобильным  и городским  электрическим транспортом,г_Астана,KZNS,9.0
2014,млн.тонн,перевезено грузов автомобильным  и городским  электрическим транспортом,г_Алматы,KZALA,4.5
2014,млн.тонн,перевезено грузов автомобильным  и городским  электрическим транспортом,г_Шымкент,KZSHY,3.1
2014,млн.человек,Перевезено пассажиров всеми видами транспорта,,,1640.9
2014,млн.человек,Перевезено пассажиров всеми видами транспорта,Акмолинская,KZAKM,41.7
2014,млн.человек,Перевезено пассажиров всеми видами транспорта,Актюбинская,KZAKT,30.8
2014,млн.человек,Перевезено пассажиров всеми видами транспорта,Алматинская,KZALM,49.1
2014,млн.человек,Перевезено пассажиров всеми видами транспорта,Атырауская,KZATY,14.6
2014,млн.человек,Перевезено пассажиров всеми видами транспорта,Западно-Казахстанская,KZZAP,72.1
2014,млн.человек,Перевезено пассажиров всеми видами транспорта,Жымбылская,KZZHA,92.5
2014,млн.человек,Перевезено пассажиров всеми видами транспорта,Жетісу,KZZHS,34.1
2014,млн.человек,Перевезено пассажиров всеми видами транспорта,Карагандинская,KZKAR,164.5
2014,млн.человек,Перевезено пассажиров всеми видами транспорта,Костанайская,KZKUS,36.5
2014,млн.человек,Перевезено пассажиров всеми видами транспорта,Кызылординская,KZKZY,23.0
2014,млн.человек,Перевезено пассажиров всеми видами транспорта,Мангистауская,KZMAN,18.7
2014,млн.человек,Перевезено пассажиров всеми видами транспорта,Павлодарская,KZPAV,99.0
2014,млн.человек,Перевезено пассажиров всеми видами транспорта,Северо-Казахстанская,KZSEV,18.7
2014,млн.человек,Перевезено пассажиров всеми видами транспорта,Туркестанская,KZYUZ,18.4
2014,млн.человек,Перевезено пассажиров всеми видами транспорта,Ұлытау,KZULU,24.2
2014,млн.человек,Перевезено пассажиров всеми видами транспорта,Восточно-Казахстанская,KZVOS,94.4
2014,млн.человек,Перевезено пассажиров всеми видами транспорта,г_Астана,KZNS,464.5
2014,млн.человек,Перевезено пассажиров всеми видами транспорта,г_Алматы,KZALA,276.6
2014,млн.человек,Перевезено пассажиров всеми видами транспорта,г_Шымкент,KZSHY,46.0
2014,тонн,перевезено грузов воздушным транспортом,,,19082.4
2014,тонн,перевезено грузов воздушным транспортом,Западно-Казахстанская,KZZAP,239.4
2014,тонн,перевезено грузов воздушным транспортом,г_Алматы,KZALA,17865.0
2014,тонн,перевезено грузов воздушным транспортом,г_Шымкент,KZSHY,978.0
2014,тыс.человек,перевезено пассажиров воздушным транспортом,,,5434.6
2014,тыс.человек,перевезено пассажиров воздушным транспортом,Абай,KZABY,24.5
2014,тыс.человек,перевезено пассажиров воздушным транспортом,Акмолинская,KZAKM,3.4
2014,тыс.человек,перевезено пассажиров воздушным транспортом,Актюбинская,KZAKT,106.0
2014,тыс.человек,перевезено пассажиров воздушным транспортом,Алматинская,KZALM,1.8
2014,тыс.человек,перевезено пассажиров воздушным транспортом,Атырауская,KZATY,505.4
2014,тыс.человек,перевезено пассажиров воздушным транспортом,Карагандинская,KZKAR,399.7
2014,тыс.человек,перевезено пассажиров воздушным транспортом,Костанайская,KZKUS,9.6
2014,тыс.человек,перевезено пассажиров воздушным транспортом,Кызылординская,KZKZY,27.7
2014,тыс.человек,перевезено пассажиров воздушным транспортом,Западно-Казахстанская,KZZAP,20.3
2014,тыс.человек,перевезено пассажиров воздушным транспортом,Жымбылская,KZZHA,24.4
2014,тыс.человек,перевезено пассажиров воздушным транспортом,Жетісу,KZZHS,27.8
2014,тыс.человек,перевезено пассажиров воздушным транспортом,Мангистауская,KZMAN,260.0
2014,тыс.человек,перевезено пассажиров воздушным транспортом,Павлодарская,KZPAV,14.6
2014,тыс.человек,перевезено пассажиров воздушным транспортом,Северо-Казахстанская,KZSEV,8.4
2014,тыс.человек,перевезено пассажиров воздушным транспортом,Туркестанская,KZYUZ,104.6
2014,тыс.человек,перевезено пассажиров воздушным транспортом,Ұлытау,KZULU,8.6
2014,тыс.человек,перевезено пассажиров воздушным транспортом,Восточно-Казахстанская,KZVOS,30.8
2014,тыс.человек,перевезено пассажиров воздушным транспортом,г_Астана,KZNS,1289.9
2014,тыс.человек,перевезено пассажиров воздушным транспортом,г_Алматы,KZALA,2252.5
2014,тыс.человек,перевезено пассажиров воздушным транспортом,г_Шымкент,KZSHY,314.6
2014,млн.тонн,показатели работы трубопроводного транспорта,,,225.0
2014,млн.тонн,показатели работы трубопроводного транспорта,Абай,KZABY,1.4
2014,млн.тонн,показатели работы трубопроводного транспорта,Актюбинская,KZAKT,10.4
2014,млн.тонн,показатели работы трубопроводного транспорта,Алматинская,KZALM,21.1
2014,млн.тонн,показатели работы трубопроводного транспорта,Атырауская,KZATY,49.9
2014,млн.тонн,показатели работы трубопроводного транспорта,Западно-Казахстанская,KZZAP,15.1
2014,млн.тонн,показатели работы трубопроводного транспорта,Жымбылская,KZZHA,23.5
2014,млн.тонн,показатели работы трубопроводного транспорта,Жетісу,KZZHS,5.7
2014,млн.тонн,показатели работы трубопроводного транспорта,Карагандинская,KZKAR,7.1
2014,млн.тонн,показатели работы трубопроводного транспорта,Костанайская,KZKUS,0.9
2014,млн.тонн,показатели работы трубопроводного транспорта,Кызылординская,KZKZY,4.1
2014,млн.тонн,показатели работы трубопроводного транспорта,Мангистауская,KZMAN,22.1
2014,млн.тонн,показатели работы трубопроводного транспорта,Павлодарская,KZPAV,10.2
2014,млн.тонн,показатели работы трубопроводного транспорта,Северо-Казахстанская,KZSEV,3.0
2014,млн.тонн,показатели работы трубопроводного транспорта,Туркестанская,KZYUZ,26.2
2014,млн.тонн,показатели работы трубопроводного транспорта,Ұлытау,KZULU,14.1
2014,млн.тонн,показатели работы трубопроводного транспорта,г_Астана,KZNS,7.6
2014,млн.тонн,показатели работы трубопроводного транспорта,г_Алматы,KZALA,1.8
2014,млн.тонн,показатели работы трубопроводного транспорта,г_Шымкент,KZSHY,1.0
2014,млн.тонн,Перевезено грузов с морским транспортом,,,3.6
2014,млн.тонн,Перевезено грузов с морским транспортом,Мангистауская,KZMAN,3.6
2015,млн.тонн,Перевезено грузов всеми видами транспорта,,,662.2
2015,млн.тонн,Трубопроводный,,,214.6
2015,млн.тонн,Железнодорожный,,,341.4
2015,млн.тонн,Автомобильный,,,102.5
2015,млн.тонн,Воздушным,,,0.02
2015,млн.тонн,Внутренним водным,,,1.2
2015,млн.тонн,Морским,,,2.5
2015,млн.тонн,,Абай,KZABY,19.3
2015,млн.тонн,,Акмолинская,KZAKM,30.9
2015,млн.тонн,,Актюбинская,KZAKT,50.3
2015,млн.тонн,,Алматинская,KZALM,34.9
2015,млн.тонн,,Атырауская,KZATY,71.2
2015,млн.тонн,,Западно-Казахстанская,KZZAP,23.2
2015,млн.тонн,,Жымбылская,KZZHA,47.5
2015,млн.тонн,,Жетісу,KZZHS,14.3
2015,млн.тонн,,Карагандинская,KZKAR,48.8
2015,млн.тонн,,Костанайская,KZKUS,28.0
2015,млн.тонн,,Кызылординская,KZKZY,26.5
2015,млн.тонн,,Мангистауская,KZMAN,34.7
2015,млн.тонн,,Павлодарская,KZPAV,56.3
2015,млн.тонн,,Северо-Казахстанская,KZSEV,13.3
2015,млн.тонн,,Туркестанская,KZYUZ,30.7
2015,млн.тонн,,Ұлытау,KZULU,28.6
2015,млн.тонн,,Восточно-Казахстанская,KZVOS,26.9
2015,млн.тонн,,г_Астана,KZNS,42.3
2015,млн.тонн,,г_Алматы,KZALA,18.1
2015,млн.тонн,,г_Шымкент,KZSHY,16.4
2015,млн.человек,Перевезено пассажиров всеми видами транспорта,,,1703.8
2015,млн.человек,Железнодорожным транспортом,,,22.5
2015,млн.человек,Автомобильный,,,1609.3
2015,млн.человек,Внутренним водным,,,0.0
2015,млн.человек,Воздушным,,,5.9
2015,млн.человек,Городской электрический,,,66.0
2015,млн.человек,,Абай,KZABY,44.4
2015,млн.человек,,Акмолинская,KZAKM,30.3
2015,млн.человек,,Актюбинская,KZAKT,60.7
2015,млн.человек,,Алматинская,KZALM,14.4
2015,млн.человек,,Атырауская,KZATY,19.5
2015,млн.человек,,Западно-Казахстанская,KZZAP,70.3
2015,млн.человек,,Жымбылская,KZZHA,120.6
2015,млн.человек,,Жетісу,KZZHS,42.5
2015,млн.человек,,Карагандинская,KZKAR,159.0
2015,млн.человек,,Костанайская,KZKUS,37.3
2015,млн.человек,,Кызылординская,KZKZY,28.2
2015,млн.человек,,Мангистауская,KZMAN,19.6
2015,млн.человек,,Павлодарская,KZPAV,102.5
2015,млн.человек,,Северо-Казахстанская,KZSEV,18.5
2015,млн.человек,,Туркестанская,KZYUZ,22.9
2015,млн.человек,,Ұлытау,KZULU,16.8
2015,млн.человек,,Восточно-Казахстанская,KZVOS,89.3
2015,млн.человек,,г_Астана,KZNS,485.3
2015,млн.человек,,г_Алматы,KZALA,269.1
2015,млн.человек,,г_Шымкент,KZSHY,52.7
2015,млн.тонн,перевезено грузов автомобильным  и городским  электрическим транспортом,,,102.5
2015,млн.тонн,перевезено грузов автомобильным  и городским  электрическим транспортом,Абай,KZABY,1.3
2015,млн.тонн,перевезено грузов автомобильным  и городским  электрическим транспортом,Акмолинская,KZAKM,2.5
2015,млн.тонн,перевезено грузов автомобильным  и городским  электрическим транспортом,Актюбинская,KZAKT,8.5
2015,млн.тонн,перевезено грузов автомобильным  и городским  электрическим транспортом,Алматинская,KZALM,2.4
2015,млн.тонн,перевезено грузов автомобильным  и городским  электрическим транспортом,Атырауская,KZATY,2.0
2015,млн.тонн,перевезено грузов автомобильным  и городским  электрическим транспортом,Западно-Казахстанская,KZZAP,1.3
2015,млн.тонн,перевезено грузов автомобильным  и городским  электрическим транспортом,Жымбылская,KZZHA,0.7
2015,млн.тонн,перевезено грузов автомобильным  и городским  электрическим транспортом,Карагандинская,KZKAR,11.8
2015,млн.тонн,перевезено грузов автомобильным  и городским  электрическим транспортом,Костанайская,KZKUS,3.8
2015,млн.тонн,перевезено грузов автомобильным  и городским  электрическим транспортом,Кызылординская,KZKZY,4.2
2015,млн.тонн,перевезено грузов автомобильным  и городским  электрическим транспортом,Мангистауская,KZMAN,2.5
2015,млн.тонн,перевезено грузов автомобильным  и городским  электрическим транспортом,Павлодарская,KZPAV,20.4
2015,млн.тонн,перевезено грузов автомобильным  и городским  электрическим транспортом,Северо-Казахстанская,KZSEV,1.1
2015,млн.тонн,перевезено грузов автомобильным  и городским  электрическим транспортом,Восточно-Казахстанская,KZVOS,2.1
2015,млн.тонн,перевезено грузов автомобильным  и городским  электрическим транспортом,Ұлытау,KZULU,0.5
2015,млн.тонн,перевезено грузов автомобильным  и городским  электрическим транспортом,г_Астана,KZNS,17.5
2015,млн.тонн,перевезено грузов автомобильным  и городским  электрическим транспортом,г_Алматы,KZALA,4.7
2015,млн.тонн,перевезено грузов автомобильным  и городским  электрическим транспортом,г_Шымкент,KZSHY,4.4
2015,млн.человек,Перевезено пассажиров всеми видами транспорта,,,1675.4
2015,млн.человек,Перевезено пассажиров всеми видами транспорта,Абай,KZABY,43.3
2015,млн.человек,Перевезено пассажиров всеми видами транспорта,Акмолинская,KZAKM,28.4
2015,млн.человек,Перевезено пассажиров всеми видами транспорта,Актюбинская,KZAKT,58.5
2015,млн.человек,Перевезено пассажиров всеми видами транспорта,Алматинская,KZALM,13.7
2015,млн.человек,Перевезено пассажиров всеми видами транспорта,Атырауская,KZATY,17.8
2015,млн.человек,Перевезено пассажиров всеми видами транспорта,Западно-Казахстанская,KZZAP,69.4
2015,млн.человек,Перевезено пассажиров всеми видами транспорта,Жымбылская,KZZHA,119.1
2015,млн.человек,Перевезено пассажиров всеми видами транспорта,Жетісу,KZZHS,41.9
2015,млн.человек,Перевезено пассажиров всеми видами транспорта,Карагандинская,KZKAR,157.1
2015,млн.человек,Перевезено пассажиров всеми видами транспорта,Костанайская,KZKUS,35.8
2015,млн.человек,Перевезено пассажиров всеми видами транспорта,Кызылординская,KZKZY,26.7
2015,млн.человек,Перевезено пассажиров всеми видами транспорта,Мангистауская,KZMAN,18.3
2015,млн.человек,Перевезено пассажиров всеми видами транспорта,Павлодарская,KZPAV,100.9
2015,млн.человек,Перевезено пассажиров всеми видами транспорта,Северо-Казахстанская,KZSEV,17.9
2015,млн.человек,Перевезено пассажиров всеми видами транспорта,Туркестанская,KZYUZ,22.4
2015,млн.человек,Перевезено пассажиров всеми видами транспорта,Ұлытау,KZULU,16.0
2015,млн.человек,Перевезено пассажиров всеми видами транспорта,Восточно-Казахстанская,KZVOS,88.7
2015,млн.человек,Перевезено пассажиров всеми видами транспорта,г_Астана,KZNS,482.2
2015,млн.человек,Перевезено пассажиров всеми видами транспорта,г_Алматы,KZALA,265.8
2015,млн.человек,Перевезено пассажиров всеми видами транспорта,г_Шымкент,KZSHY,51.7
2015,тонн,перевезено грузов воздушным транспортом,,,17178.2
2015,тонн,перевезено грузов воздушным транспортом,Западно-Казахстанская,KZZAP,131.0
2015,тонн,перевезено грузов воздушным транспортом,г_Алматы,KZALA,15956.2
2015,тонн,перевезено грузов воздушным транспортом,г_Шымкент,KZSHY,1091.0
2015,тыс.человек,перевезено пассажиров воздушным транспортом,,,5922.8
2015,тыс.человек,перевезено пассажиров воздушным транспортом,Абай,KZABY,27.9
2015,тыс.человек,перевезено пассажиров воздушным транспортом,Акмолинская,KZAKM,3.3
2015,тыс.человек,перевезено пассажиров воздушным транспортом,Актюбинская,KZAKT,109.8
2015,тыс.человек,перевезено пассажиров воздушным транспортом,Алматинская,KZALM,2.0
2015,тыс.человек,перевезено пассажиров воздушным транспортом,Атырауская,KZATY,535.7
2015,тыс.человек,перевезено пассажиров воздушным транспортом,Карагандинская,KZKAR,384.0
2015,тыс.человек,перевезено пассажиров воздушным транспортом,Костанайская,KZKUS,9.5
2015,тыс.человек,перевезено пассажиров воздушным транспортом,Кызылординская,KZKZY,24.6
2015,тыс.человек,перевезено пассажиров воздушным транспортом,Западно-Казахстанская,KZZAP,23.2
2015,тыс.человек,перевезено пассажиров воздушным транспортом,Жымбылская,KZZHA,28.0
2015,тыс.человек,перевезено пассажиров воздушным транспортом,Жетісу,KZZHS,31.8
2015,тыс.человек,перевезено пассажиров воздушным транспортом,Мангистауская,KZMAN,290.1
2015,тыс.человек,перевезено пассажиров воздушным транспортом,Павлодарская,KZPAV,16.7
2015,тыс.человек,перевезено пассажиров воздушным транспортом,Северо-Казахстанская,KZSEV,8.2
2015,тыс.человек,перевезено пассажиров воздушным транспортом,Туркестанская,KZYUZ,119.2
2015,тыс.человек,перевезено пассажиров воздушным транспортом,Ұлытау,KZULU,7.0
2015,тыс.человек,перевезено пассажиров воздушным транспортом,Восточно-Казахстанская,KZVOS,32.7
2015,тыс.человек,перевезено пассажиров воздушным транспортом,г_Астана,KZNS,1428.1
2015,тыс.человек,перевезено пассажиров воздушным транспортом,г_Алматы,KZALA,2515.7
2015,тыс.человек,перевезено пассажиров воздушным транспортом,г_Шымкент,KZSHY,325.4
2015,млн.тонн,показатели работы трубопроводного транспорта,,,214.6
2015,млн.тонн,показатели работы трубопроводного транспорта,Абай,KZABY,1.1
2015,млн.тонн,показатели работы трубопроводного транспорта,Актюбинская,KZAKT,9.4
2015,млн.тонн,показатели работы трубопроводного транспорта,Алматинская,KZALM,21.4
2015,млн.тонн,показатели работы трубопроводного транспорта,Атырауская,KZATY,51.2
2015,млн.тонн,показатели работы трубопроводного транспорта,Западно-Казахстанская,KZZAP,14.4
2015,млн.тонн,показатели работы трубопроводного транспорта,Жымбылская,KZZHA,24.0
2015,млн.тонн,показатели работы трубопроводного транспорта,Жетісу,KZZHS,5.2
2015,млн.тонн,показатели работы трубопроводного транспорта,Карагандинская,KZKAR,7.4
2015,млн.тонн,показатели работы трубопроводного транспорта,Костанайская,KZKUS,0.7
2015,млн.тонн,показатели работы трубопроводного транспорта,Кызылординская,KZKZY,3.2
2015,млн.тонн,показатели работы трубопроводного транспорта,Мангистауская,KZMAN,13.7
2015,млн.тонн,показатели работы трубопроводного транспорта,Павлодарская,KZPAV,11.1
2015,млн.тонн,показатели работы трубопроводного транспорта,Северо-Казахстанская,KZSEV,2.6
2015,млн.тонн,показатели работы трубопроводного транспорта,Туркестанская,KZYUZ,23.5
2015,млн.тонн,показатели работы трубопроводного транспорта,Ұлытау,KZULU,16.7
2015,млн.тонн,показатели работы трубопроводного транспорта,г_Астана,KZNS,6.2
2015,млн.тонн,показатели работы трубопроводного транспорта,г_Алматы,KZALA,1.7
2015,млн.тонн,показатели работы трубопроводного транспорта,г_Шымкент,KZSHY,1.1
2015,млн.тонн,Перевезено грузов с морским транспортом,,,2.5
2015,млн.тонн,Перевезено грузов с морским транспортом,Мангистауская,KZMAN,2.5
2016,млн.тонн,Перевезено грузов всеми видами транспорта,,,657.9
2016,млн.тонн,Трубопроводный,,,205.8
2016,млн.тонн,Железнодорожный,,,338.9
2016,млн.тонн,Автомобильный,,,109.4
2016,млн.тонн,Воздушным,,,0.02
2016,млн.тонн,Внутренним водным,,,1.2
2016,млн.тонн,Морским,,,2.6
2016,млн.тонн,,Абай,KZABY,18.3
2016,млн.тонн,,Акмолинская,KZAKM,32.5
2016,млн.тонн,,Актюбинская,KZAKT,49.0
2016,млн.тонн,,Алматинская,KZALM,36.4
2016,млн.тонн,,Атырауская,KZATY,71.3
2016,млн.тонн,,Западно-Казахстанская,KZZAP,20.2
2016,млн.тонн,,Жымбылская,KZZHA,45.5
2016,млн.тонн,,Жетісу,KZZHS,17.2
2016,млн.тонн,,Карагандинская,KZKAR,61.4
2016,млн.тонн,,Костанайская,KZKUS,29.2
2016,млн.тонн,,Кызылординская,KZKZY,24.3
2016,млн.тонн,,Мангистауская,KZMAN,33.1
2016,млн.тонн,,Павлодарская,KZPAV,55.5
2016,млн.тонн,,Северо-Казахстанская,KZSEV,17.4
2016,млн.тонн,,Туркестанская,KZYUZ,33.0
2016,млн.тонн,,Ұлытау,KZULU,24.6
2016,млн.тонн,,Восточно-Казахстанская,KZVOS,23.2
2016,млн.тонн,,г_Астана,KZNS,34.4
2016,млн.тонн,,г_Алматы,KZALA,16.5
2016,млн.тонн,,г_Шымкент,KZSHY,14.9
2016,млн.человек,Перевезено пассажиров всеми видами транспорта,,,1640.1
2016,млн.человек,Железнодорожным транспортом,,,23.1
2016,млн.человек,Автомобильный,,,1546.2
2016,млн.человек,Внутренним водным,,,0.1
2016,млн.человек,Воздушным,,,6.0
2016,млн.человек,Городской электрический,,,64.7
2016,млн.человек,,Абай,KZABY,46.2
2016,млн.человек,,Акмолинская,KZAKM,29.1
2016,млн.человек,,Актюбинская,KZAKT,58.8
2016,млн.человек,,Алматинская,KZALM,15.2
2016,млн.человек,,Атырауская,KZATY,22.1
2016,млн.человек,,Западно-Казахстанская,KZZAP,66.1
2016,млн.человек,,Жымбылская,KZZHA,116.8
2016,млн.человек,,Жетісу,KZZHS,55.0
2016,млн.человек,,Карагандинская,KZKAR,148.7
2016,млн.человек,,Костанайская,KZKUS,37.8
2016,млн.человек,,Кызылординская,KZKZY,34.6
2016,млн.человек,,Мангистауская,KZMAN,20.9
2016,млн.человек,,Павлодарская,KZPAV,93.5
2016,млн.человек,,Северо-Казахстанская,KZSEV,16.1
2016,млн.человек,,Туркестанская,KZYUZ,22.8
2016,млн.человек,,Ұлытау,KZULU,16.0
2016,млн.человек,,Восточно-Казахстанская,KZVOS,88.6
2016,млн.человек,,г_Астана,KZNS,508.2
2016,млн.человек,,г_Алматы,KZALA,190.1
2016,млн.человек,,г_Шымкент,KZSHY,53.4
2016,млн.тонн,перевезено грузов автомобильным  и городским  электрическим транспортом,,,109.4
2016,млн.тонн,перевезено грузов автомобильным  и городским  электрическим транспортом,Абай,KZABY,1.2
2016,млн.тонн,перевезено грузов автомобильным  и городским  электрическим транспортом,Акмолинская,KZAKM,1.8
2016,млн.тонн,перевезено грузов автомобильным  и городским  электрическим транспортом,Актюбинская,KZAKT,10.5
2016,млн.тонн,перевезено грузов автомобильным  и городским  электрическим транспортом,Алматинская,KZALM,3.8
2016,млн.тонн,перевезено грузов автомобильным  и городским  электрическим транспортом,Атырауская,KZATY,2.7
2016,млн.тонн,перевезено грузов автомобильным  и городским  электрическим транспортом,Западно-Казахстанская,KZZAP,1.2
2016,млн.тонн,перевезено грузов автомобильным  и городским  электрическим транспортом,Жымбылская,KZZHA,0.6
2016,млн.тонн,перевезено грузов автомобильным  и городским  электрическим транспортом,Жетісу,KZZHS,1.0
2016,млн.тонн,перевезено грузов автомобильным  и городским  электрическим транспортом,Карагандинская,KZKAR,16.4
2016,млн.тонн,перевезено грузов автомобильным  и городским  электрическим транспортом,Костанайская,KZKUS,3.5
2016,млн.тонн,перевезено грузов автомобильным  и городским  электрическим транспортом,Кызылординская,KZKZY,3.4
2016,млн.тонн,перевезено грузов автомобильным  и городским  электрическим транспортом,Мангистауская,KZMAN,2.4
2016,млн.тонн,перевезено грузов автомобильным  и городским  электрическим транспортом,Павлодарская,KZPAV,23.6
2016,млн.тонн,перевезено грузов автомобильным  и городским  электрическим транспортом,Северо-Казахстанская,KZSEV,1.0
2016,млн.тонн,перевезено грузов автомобильным  и городским  электрическим транспортом,Туркестанская,KZYUZ,1.1
2016,млн.тонн,перевезено грузов автомобильным  и городским  электрическим транспортом,Ұлытау,KZULU,0.6
2016,млн.тонн,перевезено грузов автомобильным  и городским  электрическим транспортом,Восточно-Казахстанская,KZVOS,13.8
2016,млн.тонн,перевезено грузов автомобильным  и городским  электрическим транспортом,г_Астана,KZNS,9.1
2016,млн.тонн,перевезено грузов автомобильным  и городским  электрическим транспортом,г_Алматы,KZALA,5.9
2016,млн.тонн,перевезено грузов автомобильным  и городским  электрическим транспортом,г_Шымкент,KZSHY,5.9
2016,млн.человек,Перевезено пассажиров всеми видами транспорта,,,1610.9
2016,млн.человек,Перевезено пассажиров всеми видами транспорта,Абай,KZABY,45.0
2016,млн.человек,Перевезено пассажиров всеми видами транспорта,Акмолинская,KZAKM,27.0
2016,млн.человек,Перевезено пассажиров всеми видами транспорта,Актюбинская,KZAKT,56.7
2016,млн.человек,Перевезено пассажиров всеми видами транспорта,Алматинская,KZALM,14.5
2016,млн.человек,Перевезено пассажиров всеми видами транспорта,Атырауская,KZATY,20.5
2016,млн.человек,Перевезено пассажиров всеми видами транспорта,Западно-Казахстанская,KZZAP,64.9
2016,млн.человек,Перевезено пассажиров всеми видами транспорта,Жымбылская,KZZHA,115.3
2016,млн.человек,Перевезено пассажиров всеми видами транспорта,Жетісу,KZZHS,54.2
2016,млн.человек,Перевезено пассажиров всеми видами транспорта,Карагандинская,KZKAR,146.3
2016,млн.человек,Перевезено пассажиров всеми видами транспорта,Костанайская,KZKUS,36.1
2016,млн.человек,Перевезено пассажиров всеми видами транспорта,Кызылординская,KZKZY,33.1
2016,млн.человек,Перевезено пассажиров всеми видами транспорта,Мангистауская,KZMAN,19.5
2016,млн.человек,Перевезено пассажиров всеми видами транспорта,Павлодарская,KZPAV,92.1
2016,млн.человек,Перевезено пассажиров всеми видами транспорта,Северо-Казахстанская,KZSEV,15.2
2016,млн.человек,Перевезено пассажиров всеми видами транспорта,Туркестанская,KZYUZ,22.3
2016,млн.человек,Перевезено пассажиров всеми видами транспорта,Ұлытау,KZULU,15.1
2016,млн.человек,Перевезено пассажиров всеми видами транспорта,Восточно-Казахстанская,KZVOS,88.0
2016,млн.человек,Перевезено пассажиров всеми видами транспорта,г_Астана,KZNS,505.6
2016,млн.человек,Перевезено пассажиров всеми видами транспорта,г_Алматы,KZALA,187.0
2016,млн.человек,Перевезено пассажиров всеми видами транспорта,г_Шымкент,KZSHY,52.6
2016,тонн,перевезено грузов воздушным транспортом,,,18015.9
2016,тонн,перевезено грузов воздушным транспортом,Западно-Казахстанская,KZZAP,171.0
2016,тонн,перевезено грузов воздушным транспортом,г_Алматы,KZALA,16810.9
2016,тонн,перевезено грузов воздушным транспортом,г_Шымкент,KZSHY,1034.0
2016,тыс.человек,перевезено пассажиров воздушным транспортом,,,6021.7
2016,тыс.человек,перевезено пассажиров воздушным транспортом,Абай,KZABY,25.5
2016,тыс.человек,перевезено пассажиров воздушным транспортом,Акмолинская,KZAKM,3.5
2016,тыс.человек,перевезено пассажиров воздушным транспортом,Актюбинская,KZAKT,113.2
2016,тыс.человек,перевезено пассажиров воздушным транспортом,Алматинская,KZALM,2.6
2016,тыс.человек,перевезено пассажиров воздушным транспортом,Атырауская,KZATY,522.6
2016,тыс.человек,перевезено пассажиров воздушным транспортом,Карагандинская,KZKAR,777.6
2016,тыс.человек,перевезено пассажиров воздушным транспортом,Костанайская,KZKUS,9.9
2016,тыс.человек,перевезено пассажиров воздушным транспортом,Кызылординская,KZKZY,16.1
2016,тыс.человек,перевезено пассажиров воздушным транспортом,Западно-Казахстанская,KZZAP,22.6
2016,тыс.человек,перевезено пассажиров воздушным транспортом,Жымбылская,KZZHA,26.6
2016,тыс.человек,перевезено пассажиров воздушным транспортом,Жетісу,KZZHS,29.2
2016,тыс.человек,перевезено пассажиров воздушным транспортом,Мангистауская,KZMAN,271.3
2016,тыс.человек,перевезено пассажиров воздушным транспортом,Павлодарская,KZPAV,15.4
2016,тыс.человек,перевезено пассажиров воздушным транспортом,Северо-Казахстанская,KZSEV,8.6
2016,тыс.человек,перевезено пассажиров воздушным транспортом,Туркестанская,KZYUZ,110.5
2016,тыс.человек,перевезено пассажиров воздушным транспортом,Ұлытау,KZULU,9.6
2016,тыс.человек,перевезено пассажиров воздушным транспортом,Восточно-Казахстанская,KZVOS,32.7
2016,тыс.человек,перевезено пассажиров воздушным транспортом,г_Астана,KZNS,1352.4
2016,тыс.человек,перевезено пассажиров воздушным транспортом,г_Алматы,KZALA,2344.8
2016,тыс.человек,перевезено пассажиров воздушным транспортом,г_Шымкент,KZSHY,327.2
2016,млн.тонн,показатели работы трубопроводного транспорта,,,205.8
2016,млн.тонн,показатели работы трубопроводного транспорта,Абай,KZABY,0.7
2016,млн.тонн,показатели работы трубопроводного транспорта,Актюбинская,KZAKT,8.0
2016,млн.тонн,показатели работы трубопроводного транспорта,Алматинская,KZALM,22.3
2016,млн.тонн,показатели работы трубопроводного транспорта,Атырауская,KZATY,51.3
2016,млн.тонн,показатели работы трубопроводного транспорта,Западно-Казахстанская,KZZAP,12.1
2016,млн.тонн,показатели работы трубопроводного транспорта,Жымбылская,KZZHA,23.5
2016,млн.тонн,показатели работы трубопроводного транспорта,Жетісу,KZZHS,4.5
2016,млн.тонн,показатели работы трубопроводного транспорта,Карагандинская,KZKAR,9.8
2016,млн.тонн,показатели работы трубопроводного транспорта,Костанайская,KZKUS,0.6
2016,млн.тонн,показатели работы трубопроводного транспорта,Кызылординская,KZKZY,2.1
2016,млн.тонн,показатели работы трубопроводного транспорта,Мангистауская,KZMAN,11.6
2016,млн.тонн,показатели работы трубопроводного транспорта,Павлодарская,KZPAV,11.0
2016,млн.тонн,показатели работы трубопроводного транспорта,Северо-Казахстанская,KZSEV,2.5
2016,млн.тонн,показатели работы трубопроводного транспорта,Туркестанская,KZYUZ,24.7
2016,млн.тонн,показатели работы трубопроводного транспорта,Ұлытау,KZULU,10.7
2016,млн.тонн,показатели работы трубопроводного транспорта,г_Астана,KZNS,6.8
2016,млн.тонн,показатели работы трубопроводного транспорта,г_Алматы,KZALA,1.2
2016,млн.тонн,показатели работы трубопроводного транспорта,г_Шымкент,KZSHY,1.9
2016,млн.тонн,Перевезено грузов с морским транспортом,,,2.6
2016,млн.тонн,Перевезено грузов с морским транспортом,Мангистауская,KZMAN,2.6
2017,млн.тонн,Перевезено грузов всеми видами транспорта,,,3946.1
2017,млн.тонн,Трубопроводный,,,232.8
2017,млн.тонн,Железнодорожный,,,387.2
2017,млн.тонн,Автомобильный,,,3322.3
2017,млн.тонн,Воздушным,,,0.2
2017,млн.тонн,Внутренним водным,,,1.6
2017,млн.тонн,Морским,,,2.1
2017,млн.тонн,,Акмолинская,KZAKM,116.1
2017,млн.тонн,,Актюбинская,KZAKT,76.8
2017,млн.тонн,,Алматинская,KZALM,181.1
2017,млн.тонн,,Атырауская,KZATY,154.2
2017,млн.тонн,,Западно-Казахстанская,KZZAP,39.3
2017,млн.тонн,,Жымбылская,KZZHA,100.1
2017,млн.тонн,,Карагандинская,KZKAR,795.5
2017,млн.тонн,,Костанайская,KZKUS,291.5
2017,млн.тонн,,Кызылординская,KZKZY,104.6
2017,млн.тонн,,Мангистауская,KZMAN,238.6
2017,млн.тонн,,Павлодарская,KZPAV,133.1
2017,млн.тонн,,Северо-Казахстанская,KZSEV,51.4
2017,млн.тонн,,Восточно-Казахстанская,KZVOS,600.8
2017,млн.тонн,,г_Алматы,KZALA,256.0
2017,млн.человек,Перевезено пассажиров всеми видами транспорта,,,22744.7
2017,млн.человек,Железнодорожным транспортом,,,22.9
2017,млн.человек,Автомобильный,,,22643.6
2017,млн.человек,Внутренним водным,,,0.1
2017,млн.человек,Воздушным,,,7.4
2017,млн.человек,Городской электрический,,,70.6
2017,млн.человек,,Акмолинская,KZAKM,1643.9
2017,млн.человек,,Актюбинская,KZAKT,294.7
2017,млн.человек,,Алматинская,KZALM,873.0
2017,млн.человек,,Западно-Казахстанская,KZZAP,451.5
2017,млн.человек,,Жымбылская,KZZHA,957.3
2017,млн.человек,,Костанайская,KZKUS,1796.6
2017,млн.человек,,Кызылординская,KZKZY,367.5
2017,млн.человек,,Мангистауская,KZMAN,88.8
2017,млн.человек,,Южно-Казахстанская,KZONT,2607.6
2017,млн.человек,,Павлодарская,KZPAV,1225.0
2017,млн.человек,,Северо-Казахстанская,KZSEV,501.6
2017,млн.человек,,Восточно-Казахстанская,KZVOS,1709.2
2017,млн.человек,,г_Алматы,KZALA,5097.2
2017,млн.тонн,перевезено грузов автомобильным  и городским  электрическим транспортом,,,3322.3
2017,млн.тонн,перевезено грузов автомобильным  и городским  электрическим транспортом,Акмолинская,KZAKM,116.1
2017,млн.тонн,перевезено грузов автомобильным  и городским  электрическим транспортом,Актюбинская,KZAKT,76.8
2017,млн.тонн,перевезено грузов автомобильным  и городским  электрическим транспортом,Алматинская,KZALM,181.1
2017,млн.тонн,перевезено грузов автомобильным  и городским  электрическим транспортом,Атырауская,KZATY,75.9
2017,млн.тонн,перевезено грузов автомобильным  и городским  электрическим транспортом,Западно-Казахстанская,KZZAP,39.3
2017,млн.тонн,перевезено грузов автомобильным  и городским  электрическим транспортом,Жымбылская,KZZHA,100.1
2017,млн.тонн,перевезено грузов автомобильным  и городским  электрическим транспортом,Карагандинская,KZKAR,795.5
2017,млн.тонн,перевезено грузов автомобильным  и городским  электрическим транспортом,Костанайская,KZKUS,291.5
2017,млн.тонн,перевезено грузов автомобильным  и городским  электрическим транспортом,Кызылординская,KZKZY,104.6
2017,млн.тонн,перевезено грузов автомобильным  и городским  электрическим транспортом,Мангистауская,KZMAN,236.5
2017,млн.тонн,перевезено грузов автомобильным  и городским  электрическим транспортом,Павлодарская,KZPAV,88.6
2017,млн.тонн,перевезено грузов автомобильным  и городским  электрическим транспортом,Северо-Казахстанская,KZSEV,51.4
2017,млн.тонн,перевезено грузов автомобильным  и городским  электрическим транспортом,Восточно-Казахстанская,KZVOS,600.2
2017,млн.тонн,перевезено грузов автомобильным  и городским  электрическим транспортом,г_Алматы,KZALA,254.5
2017,млн.человек,Перевезено пассажиров всеми видами транспорта,,,22690.3
2017,млн.человек,Перевезено пассажиров всеми видами транспорта,Акмолинская,KZAKM,1643.9
2017,млн.человек,Перевезено пассажиров всеми видами транспорта,Актюбинская,KZAKT,294.7
2017,млн.человек,Перевезено пассажиров всеми видами транспорта,Алматинская,KZALM,872.6
2017,млн.человек,Перевезено пассажиров всеми видами транспорта,Атырауская,KZATY,181.0
2017,млн.человек,Перевезено пассажиров всеми видами транспорта,Западно-Казахстанская,KZZAP,421.7
2017,млн.человек,Перевезено пассажиров всеми видами транспорта,Жымбылская,KZZHA,957.9
2017,млн.человек,Перевезено пассажиров всеми видами транспорта,Карагандинская,KZKAR,2397.7
2017,млн.человек,Перевезено пассажиров всеми видами транспорта,Костанайская,KZKUS,1796.5
2017,млн.человек,Перевезено пассажиров всеми видами транспорта,Кызылординская,KZKZY,367.5
2017,млн.человек,Перевезено пассажиров всеми видами транспорта,Мангистауская,KZMAN,88.8
2017,млн.человек,Перевезено пассажиров всеми видами транспорта,Южно-Казахстанская,KZONT,2605.6
2017,млн.человек,Перевезено пассажиров всеми видами транспорта,Павлодарская,KZPAV,1225.0
2017,млн.человек,Перевезено пассажиров всеми видами транспорта,Северо-Казахстанская,KZSEV,501.6
2017,млн.человек,Перевезено пассажиров всеми видами транспорта,Восточно-Казахстанская,KZVOS,1708.8
2017,млн.человек,Перевезено пассажиров всеми видами транспорта,г_Астана,KZNS,2528.4
2017,млн.человек,Перевезено пассажиров всеми видами транспорта,г_Алматы,KZALA,5098.6
2017,тонн,перевезено грузов воздушным транспортом,,,22449.9
2017,тонн,перевезено грузов воздушным транспортом,г_Алматы,KZALA,20345.2
2017,тыс.человек,перевезено пассажиров воздушным транспортом,,,7363.7
2017,тыс.человек,перевезено пассажиров воздушным транспортом,Алматинская,KZALM,10.6
2017,тыс.человек,перевезено пассажиров воздушным транспортом,Атырауская,KZATY,0.2
2017,тыс.человек,перевезено пассажиров воздушным транспортом,Южно-Казахстанская,KZONT,1931.8
2017,тыс.человек,перевезено пассажиров воздушным транспортом,г_Алматы,KZALA,33.2
2017,тыс.человек,перевезено пассажиров воздушным транспортом,г_Шымкент,KZSHY,4467.0
2017,млн.тонн,показатели работы трубопроводного транспорта,,,232.8
2017,млн.тонн,показатели работы трубопроводного транспорта,Атырауская,KZATY,78.3
2017,млн.тонн,показатели работы трубопроводного транспорта,Павлодарская,KZPAV,43.5
2017,млн.тонн,Перевезено грузов с морским транспортом,,,2.1
2017,млн.тонн,Перевезено грузов с морским транспортом,Мангистауская,KZMAN,2.1
2018,млн.тонн,Перевезено грузов всеми видами транспорта,,,4103.8
2018,млн.тонн,Трубопроводный,,,281.4
2018,млн.тонн,Железнодорожный,,,397.9
2018,млн.тонн,Воздушным,,,0.0
2018,млн.тонн,Внутренним водным,,,1.2
2018,млн.тонн,,Акмолинская,KZAKM,126.5
2018,млн.тонн,,Актюбинская,KZAKT,79.1
2018,млн.тонн,,Алматинская,KZALM,184.6
2018,млн.тонн,,Атырауская,KZATY,174.3
2018,млн.тонн,,Жымбылская,KZZHA,103.9
2018,млн.тонн,,Карагандинская,KZKAR,821.2
2018,млн.тонн,,Костанайская,KZKUS,297.1
2018,млн.тонн,,Кызылординская,KZKZY,104.7
2018,млн.тонн,,Мангистауская,KZMAN,238.5
2018,млн.тонн,,Павлодарская,KZPAV,142.2
2018,млн.тонн,,Северо-Казахстанская,KZSEV,51.5
2018,млн.тонн,,Туркестанская,KZYUZ,71.0
2018,млн.тонн,,Восточно-Казахстанская,KZVOS,631.5
2018,млн.тонн,,г_Астана,KZNS,154.2
2018,млн.тонн,,г_Алматы,KZALA,247.0
2018,млн.человек,Перевезено пассажиров всеми видами транспорта,,,23021.6
2018,млн.человек,Железнодорожным транспортом,,,23.1
2018,млн.человек,Автомобильный,,,22911.5
2018,млн.человек,Воздушным,,,7.6
2018,млн.человек,Городской электрический,,,69.7
2018,млн.человек,,Актюбинская,KZAKT,304.3
2018,млн.человек,,Жымбылская,KZZHA,987.4
2018,млн.человек,,Костанайская,KZKUS,1805.6
2018,млн.человек,,Кызылординская,KZKZY,397.4
2018,млн.человек,,Северо-Казахстанская,KZSEV,507.4
2018,млн.человек,,Туркестанская,KZYUZ,820.6
2018,млн.человек,,г_Алматы,KZALA,5202.2
2018,млн.человек,,г_Шымкент,KZSHY,1808.1
2018,млн.тонн,перевезено грузов автомобильным  и городским  электрическим транспортом,Акмолинская,KZAKM,126.5
2018,млн.тонн,перевезено грузов автомобильным  и городским  электрическим транспортом,Актюбинская,KZAKT,79.1
2018,млн.тонн,перевезено грузов автомобильным  и городским  электрическим транспортом,Алматинская,KZALM,184.6
2018,млн.тонн,перевезено грузов автомобильным  и городским  электрическим транспортом,Западно-Казахстанская,KZZAP,39.5
2018,млн.тонн,перевезено грузов автомобильным  и городским  электрическим транспортом,Жымбылская,KZZHA,103.9
2018,млн.тонн,перевезено грузов автомобильным  и городским  электрическим транспортом,Карагандинская,KZKAR,821.2
2018,млн.тонн,перевезено грузов автомобильным  и городским  электрическим транспортом,Костанайская,KZKUS,297.1
2018,млн.тонн,перевезено грузов автомобильным  и городским  электрическим транспортом,Кызылординская,KZKZY,104.7
2018,млн.тонн,перевезено грузов автомобильным  и городским  электрическим транспортом,Северо-Казахстанская,KZSEV,51.5
2018,млн.тонн,перевезено грузов автомобильным  и городским  электрическим транспортом,Туркестанская,KZYUZ,71.0
2018,млн.тонн,перевезено грузов автомобильным  и городским  электрическим транспортом,Восточно-Казахстанская,KZVOS,631.1
2018,млн.тонн,перевезено грузов автомобильным  и городским  электрическим транспортом,г_Астана,KZNS,154.2
2018,млн.тонн,перевезено грузов автомобильным  и городским  электрическим транспортом,г_Алматы,KZALA,247.0
2018,млн.человек,Перевезено пассажиров всеми видами транспорта,,,22982.2
2018,млн.человек,Перевезено пассажиров всеми видами транспорта,Актюбинская,KZAKT,304.3
2018,млн.человек,Перевезено пассажиров всеми видами транспорта,Жымбылская,KZZHA,987.4
2018,млн.человек,Перевезено пассажиров всеми видами транспорта,Костанайская,KZKUS,1805.6
2018,млн.человек,Перевезено пассажиров всеми видами транспорта,Кызылординская,KZKZY,397.4
2018,млн.человек,Перевезено пассажиров всеми видами транспорта,Северо-Казахстанская,KZSEV,507.4
2018,млн.человек,Перевезено пассажиров всеми видами транспорта,Туркестанская,KZYUZ,820.6
2018,млн.человек,Перевезено пассажиров всеми видами транспорта,г_Алматы,KZALA,5197.8
2018,млн.человек,Перевезено пассажиров всеми видами транспорта,г_Шымкент,KZSHY,1805.9
2018,тонн,перевезено грузов воздушным транспортом,,,44140.0
2018,тонн,перевезено грузов воздушным транспортом,г_Алматы,KZALA,40560.0
2018,тыс.человек,перевезено пассажиров воздушным транспортом,,,7555.6
2018,тыс.человек,перевезено пассажиров воздушным транспортом,г_Алматы,KZALA,33.4
2018,тыс.человек,перевезено пассажиров воздушным транспортом,г_Шымкент,KZSHY,4380.2
2018,млн.тонн,показатели работы трубопроводного транспорта,,,281.4
2019,млн.тонн,Перевезено грузов всеми видами транспорта,,,4222.7
2019,млн.тонн,Трубопроводный,,,273.0
2019,млн.тонн,Железнодорожный,,,397.0
2019,млн.тонн,Автомобильный,,,3550.5
2019,млн.тонн,Воздушным,,,0.0
2019,млн.тонн,Внутренним водным,,,1.3
2019,млн.тонн,Морским,,,0.8
2019,млн.тонн,,Акмолинская,KZAKM,130.0
2019,млн.тонн,,Актюбинская,KZAKT,83.0
2019,млн.тонн,,Алматинская,KZALM,197.1
2019,млн.тонн,,Атырауская,KZATY,175.7
2019,млн.тонн,,Западно-Казахстанская,KZZAP,40.0
2019,млн.тонн,,Жымбылская,KZZHA,103.4
2019,млн.тонн,,Карагандинская,KZKAR,864.6
2019,млн.тонн,,Костанайская,KZKUS,320.1
2019,млн.тонн,,Кызылординская,KZKZY,107.0
2019,млн.тонн,,Мангистауская,KZMAN,233.0
2019,млн.тонн,,Павлодарская,KZPAV,133.8
2019,млн.тонн,,Северо-Казахстанская,KZSEV,52.3
2019,млн.тонн,,Туркестанская,KZYUZ,86.0
2019,млн.тонн,,Восточно-Казахстанская,KZVOS,661.5
2019,млн.тонн,,г_Астана,KZNS,155.1
2019,млн.тонн,,г_Алматы,KZALA,257.5
2019,млн.тонн,,г_Шымкент,KZSHY,111.2
2019,млн.человек,Перевезено пассажиров всеми видами транспорта,,,23835.9
2019,млн.человек,Железнодорожным транспортом,,,22.4
2019,млн.человек,Автомобильный,,,23719.2
2019,млн.человек,Внутренним водным,,,0.0
2019,млн.человек,Морским,,,0.1
2019,млн.человек,Воздушным,,,8.6
2019,млн.человек,Городской электрический,,,85.5
2019,млн.человек,,Акмолинская,KZAKM,1744.9
2019,млн.человек,,Актюбинская,KZAKT,319.5
2019,млн.человек,,Алматинская,KZALM,937.9
2019,млн.человек,,Атырауская,KZATY,195.2
2019,млн.человек,,Западно-Казахстанская,KZZAP,429.4
2019,млн.человек,,Жымбылская,KZZHA,1056.3
2019,млн.человек,,Карагандинская,KZKAR,2474.0
2019,млн.человек,,Костанайская,KZKUS,1868.6
2019,млн.человек,,Кызылординская,KZKZY,405.8
2019,млн.человек,,Мангистауская,KZMAN,90.4
2019,млн.человек,,Павлодарская,KZPAV,1237.7
2019,млн.человек,,Северо-Казахстанская,KZSEV,508.7
2019,млн.человек,,Туркестанская,KZYUZ,997.9
2019,млн.человек,,Восточно-Казахстанская,KZVOS,1716.3
2019,млн.человек,,г_Астана,KZNS,2574.2
2019,млн.человек,,г_Алматы,KZALA,5588.9
2019,млн.человек,,г_Шымкент,KZSHY,1667.6
2019,млн.тонн,перевезено грузов автомобильным  и городским  электрическим транспортом,,,3550.5
2019,млн.тонн,перевезено грузов автомобильным  и городским  электрическим транспортом,Акмолинская,KZAKM,130.0
2019,млн.тонн,перевезено грузов автомобильным  и городским  электрическим транспортом,Актюбинская,KZAKT,83.0
2019,млн.тонн,перевезено грузов автомобильным  и городским  электрическим транспортом,Алматинская,KZALM,197.1
2019,млн.тонн,перевезено грузов автомобильным  и городским  электрическим транспортом,Атырауская,KZATY,61.5
2019,млн.тонн,перевезено грузов автомобильным  и городским  электрическим транспортом,Западно-Казахстанская,KZZAP,40.0
2019,млн.тонн,перевезено грузов автомобильным  и городским  электрическим транспортом,Жымбылская,KZZHA,103.4
2019,млн.тонн,перевезено грузов автомобильным  и городским  электрическим транспортом,Карагандинская,KZKAR,864.6
2019,млн.тонн,перевезено грузов автомобильным  и городским  электрическим транспортом,Костанайская,KZKUS,320.1
2019,млн.тонн,перевезено грузов автомобильным  и городским  электрическим транспортом,Кызылординская,KZKZY,107.0
2019,млн.тонн,перевезено грузов автомобильным  и городским  электрическим транспортом,Мангистауская,KZMAN,232.2
2019,млн.тонн,перевезено грузов автомобильным  и городским  электрическим транспортом,Павлодарская,KZPAV,88.7
2019,млн.тонн,перевезено грузов автомобильным  и городским  электрическим транспортом,Северо-Казахстанская,KZSEV,52.3
2019,млн.тонн,перевезено грузов автомобильным  и городским  электрическим транспортом,Туркестанская,KZYUZ,86.0
2019,млн.тонн,перевезено грузов автомобильным  и городским  электрическим транспортом,Восточно-Казахстанская,KZVOS,660.9
2019,млн.тонн,перевезено грузов автомобильным  и городским  электрическим транспортом,г_Астана,KZNS,155.1
2019,млн.тонн,перевезено грузов автомобильным  и городским  электрическим транспортом,г_Алматы,KZALA,257.4
2019,млн.тонн,перевезено грузов автомобильным  и городским  электрическим транспортом,г_Шымкент,KZSHY,111.2
2019,млн.человек,Перевезено пассажиров всеми видами транспорта,,,23804.7
2019,млн.человек,Перевезено пассажиров всеми видами транспорта,Акмолинская,KZAKM,1744.9
2019,млн.человек,Перевезено пассажиров всеми видами транспорта,Актюбинская,KZAKT,319.5
2019,млн.человек,Перевезено пассажиров всеми видами транспорта,Алматинская,KZALM,937.8
2019,млн.человек,Перевезено пассажиров всеми видами транспорта,Атырауская,KZATY,195.2
2019,млн.человек,Перевезено пассажиров всеми видами транспорта,Западно-Казахстанская,KZZAP,428.7
2019,млн.человек,Перевезено пассажиров всеми видами транспорта,Жымбылская,KZZHA,1056.3
2019,млн.человек,Перевезено пассажиров всеми видами транспорта,Карагандинская,KZKAR,2474.0
2019,млн.человек,Перевезено пассажиров всеми видами транспорта,Костанайская,KZKUS,1868.6
2019,млн.человек,Перевезено пассажиров всеми видами транспорта,Кызылординская,KZKZY,405.8
2019,млн.человек,Перевезено пассажиров всеми видами транспорта,Мангистауская,KZMAN,90.4
2019,млн.человек,Перевезено пассажиров всеми видами транспорта,Павлодарская,KZPAV,1237.7
2019,млн.человек,Перевезено пассажиров всеми видами транспорта,Северо-Казахстанская,KZSEV,508.7
2019,млн.человек,Перевезено пассажиров всеми видами транспорта,Туркестанская,KZYUZ,997.9
2019,млн.человек,Перевезено пассажиров всеми видами транспорта,Восточно-Казахстанская,KZVOS,1716.3
2019,млн.человек,Перевезено пассажиров всеми видами транспорта,г_Астана,KZNS,2574.1
2019,млн.человек,Перевезено пассажиров всеми видами транспорта,г_Алматы,KZALA,5583.4
2019,млн.человек,Перевезено пассажиров всеми видами транспорта,г_Шымкент,KZSHY,1665.2
2019,тонн,перевезено грузов воздушным транспортом,,,26721.1
2019,тонн,перевезено грузов воздушным транспортом,г_Алматы,KZALA,22551.1
2019,тыс.человек,перевезено пассажиров воздушным транспортом,,,8644.9
2019,тыс.человек,перевезено пассажиров воздушным транспортом,Алматинская,KZALM,12.7
2019,тыс.человек,перевезено пассажиров воздушным транспортом,Туркестанская,KZYUZ,0.0
2019,тыс.человек,перевезено пассажиров воздушным транспортом,Восточно-Казахстанская,KZVOS,0.0
2019,тыс.человек,перевезено пассажиров воздушным транспортом,г_Шымкент,KZSHY,5538.3
2019,млн.тонн,показатели работы трубопроводного транспорта,,,273.0
2019,млн.тонн,показатели работы трубопроводного транспорта,Атырауская,KZATY,114.2
2019,млн.тонн,Перевезено грузов с морским транспортом,,,0.8
2019,млн.тонн,Перевезено грузов с морским транспортом,Мангистауская,KZMAN,0.8
2019,млн.тонн,Перевезено пассажиров с морским транспортом,,,0.1
2019,млн.тонн,Перевезено пассажиров с морским транспортом,Мангистауская,KZMAN,0.1
2020,млн.тонн,Перевезено грузов всеми видами транспорта,,,3944.8
2020,млн.тонн,Трубопроводный,,,253.7
2020,млн.тонн,Железнодорожный,,,402.3
2020,млн.тонн,Автомобильный,,,3287.0
2020,млн.тонн,Воздушным,,,0.02
2020,млн.тонн,Внутренним водным,,,0.9
2020,млн.тонн,,Акмолинская,KZAKM,134.5
2020,млн.тонн,,Актюбинская,KZAKT,89.6
2020,млн.тонн,,Алматинская,KZALM,193.6
2020,млн.тонн,,Атырауская,KZATY,125.8
2020,млн.тонн,,Западно-Казахстанская,KZZAP,62.3
2020,млн.тонн,,Жымбылская,KZZHA,95.6
2020,млн.тонн,,Карагандинская,KZKAR,749.0
2020,млн.тонн,,Костанайская,KZKUS,318.0
2020,млн.тонн,,Кызылординская,KZKZY,87.8
2020,млн.тонн,,Мангистауская,KZMAN,227.5
2020,млн.тонн,,Павлодарская,KZPAV,105.7
2020,млн.тонн,,Северо-Казахстанская,KZSEV,61.0
2020,млн.тонн,,Туркестанская,KZYUZ,83.4
2020,млн.тонн,,Восточно-Казахстанская,KZVOS,646.7
2020,млн.тонн,,г_Астана,KZNS,141.7
2020,млн.тонн,,г_Алматы,KZALA,252.3
2020,млн.тонн,,г_Шымкент,KZSHY,116.8
2020,млн.человек,Перевезено пассажиров всеми видами транспорта,,,8324.0
2020,млн.человек,Железнодорожным транспортом,,,13.2
2020,млн.человек,Автомобильный,,,8377.7
2020,млн.человек,Внутренним водным,,,0.0397
2020,млн.человек,Морским,,,0.04
2020,млн.человек,Воздушным,,,5.5
2020,млн.человек,Городской электрический,,,53.7
2020,млн.человек,,Акмолинская,KZAKM,540.6
2020,млн.человек,,Актюбинская,KZAKT,115.5
2020,млн.человек,,Алматинская,KZALM,379.5
2020,млн.человек,,Атырауская,KZATY,72.3
2020,млн.человек,,Западно-Казахстанская,KZZAP,144.0
2020,млн.человек,,Жымбылская,KZZHA,449.1
2020,млн.человек,,Карагандинская,KZKAR,896.4
2020,млн.человек,,Костанайская,KZKUS,700.1
2020,млн.человек,,Кызылординская,KZKZY,118.3
2020,млн.человек,,Мангистауская,KZMAN,31.4
2020,млн.человек,,Павлодарская,KZPAV,576.3
2020,млн.человек,,Северо-Казахстанская,KZSEV,157.2
2020,млн.человек,,Туркестанская,KZYUZ,346.1
2020,млн.человек,,Восточно-Казахстанская,KZVOS,722.7
2020,млн.человек,,г_Астана,KZNS,690.3
2020,млн.человек,,г_Алматы,KZALA,1949.8
2020,млн.человек,,г_Шымкент,KZSHY,495.5
2020,млн.тонн,перевезено грузов автомобильным  и городским  электрическим транспортом,,,3287.0
2020,млн.тонн,перевезено грузов автомобильным  и городским  электрическим транспортом,Акмолинская,KZAKM,134.5
2020,млн.тонн,перевезено грузов автомобильным  и городским  электрическим транспортом,Актюбинская,KZAKT,82.0
2020,млн.тонн,перевезено грузов автомобильным  и городским  электрическим транспортом,Алматинская,KZALM,191.8
2020,млн.тонн,перевезено грузов автомобильным  и городским  электрическим транспортом,Атырауская,KZATY,42.7
2020,млн.тонн,перевезено грузов автомобильным  и городским  электрическим транспортом,Западно-Казахстанская,KZZAP,33.1
2020,млн.тонн,перевезено грузов автомобильным  и городским  электрическим транспортом,Жымбылская,KZZHA,94.3
2020,млн.тонн,перевезено грузов автомобильным  и городским  электрическим транспортом,Карагандинская,KZKAR,733.3
2020,млн.тонн,перевезено грузов автомобильным  и городским  электрическим транспортом,Костанайская,KZKUS,308.2
2020,млн.тонн,перевезено грузов автомобильным  и городским  электрическим транспортом,Кызылординская,KZKZY,87.6
2020,млн.тонн,перевезено грузов автомобильным  и городским  электрическим транспортом,Мангистауская,KZMAN,207.8
2020,млн.тонн,перевезено грузов автомобильным  и городским  электрическим транспортом,Павлодарская,KZPAV,94.0
2020,млн.тонн,перевезено грузов автомобильным  и городским  электрическим транспортом,Северо-Казахстанская,KZSEV,50.0
2020,млн.тонн,перевезено грузов автомобильным  и городским  электрическим транспортом,Туркестанская,KZYUZ,75.9
2020,млн.тонн,перевезено грузов автомобильным  и городским  электрическим транспортом,Восточно-Казахстанская,KZVOS,646.5
2020,млн.тонн,перевезено грузов автомобильным  и городским  электрическим транспортом,г_Астана,KZNS,141.7
2020,млн.тонн,перевезено грузов автомобильным  и городским  электрическим транспортом,г_Алматы,KZALA,252.3
2020,млн.тонн,перевезено грузов автомобильным  и городским  электрическим транспортом,г_Шымкент,KZSHY,111.6
2020,млн.человек,Перевезено пассажиров всеми видами транспорта,,,8377.7
2020,млн.человек,Перевезено пассажиров всеми видами транспорта,Акмолинская,KZAKM,540.6
2020,млн.человек,Перевезено пассажиров всеми видами транспорта,Актюбинская,KZAKT,115.5
2020,млн.человек,Перевезено пассажиров всеми видами транспорта,Алматинская,KZALM,379.4
2020,млн.человек,Перевезено пассажиров всеми видами транспорта,Атырауская,KZATY,72.3
2020,млн.человек,Перевезено пассажиров всеми видами транспорта,Западно-Казахстанская,KZZAP,143.9
2020,млн.человек,Перевезено пассажиров всеми видами транспорта,Жымбылская,KZZHA,449.1
2020,млн.человек,Перевезено пассажиров всеми видами транспорта,Карагандинская,KZKAR,896.4
2020,млн.человек,Перевезено пассажиров всеми видами транспорта,Костанайская,KZKUS,700.1
2020,млн.человек,Перевезено пассажиров всеми видами транспорта,Кызылординская,KZKZY,118.3
2020,млн.человек,Перевезено пассажиров всеми видами транспорта,Мангистауская,KZMAN,31.4
2020,млн.человек,Перевезено пассажиров всеми видами транспорта,Павлодарская,KZPAV,576.3
2020,млн.человек,Перевезено пассажиров всеми видами транспорта,Северо-Казахстанская,KZSEV,157.2
2020,млн.человек,Перевезено пассажиров всеми видами транспорта,Туркестанская,KZYUZ,346.1
2020,млн.человек,Перевезено пассажиров всеми видами транспорта,Восточно-Казахстанская,KZVOS,722.7
2020,млн.человек,Перевезено пассажиров всеми видами транспорта,г_Астана,KZNS,688.2
2020,млн.человек,Перевезено пассажиров всеми видами транспорта,г_Алматы,KZALA,1946.1
2020,млн.человек,Перевезено пассажиров всеми видами транспорта,г_Шымкент,KZSHY,494.1
2020,тонн,перевезено грузов воздушным транспортом,,,23421.6
2020,тонн,перевезено грузов воздушным транспортом,г_Алматы,KZALA,15819.7
2020,тыс.человек,перевезено пассажиров воздушным транспортом,,,5494.5
2020,тыс.человек,перевезено пассажиров воздушным транспортом,Алматинская,KZALM,11.8
2020,тыс.человек,перевезено пассажиров воздушным транспортом,Туркестанская,KZYUZ,0.0
2020,тыс.человек,перевезено пассажиров воздушным транспортом,Восточно-Казахстанская,KZVOS,0.0
2020,тыс.человек,перевезено пассажиров воздушным транспортом,г_Алматы,KZALA,3712.5
2020,тыс.человек,перевезено пассажиров воздушным транспортом,г_Шымкент,KZSHY,1331.8
2020,млн.тонн,показатели работы трубопроводного транспорта,,,253.7
2020,млн.тонн,показатели работы трубопроводного транспорта,Актюбинская,KZAKT,7.6
2020,млн.тонн,показатели работы трубопроводного транспорта,Атырауская,KZATY,83.1
2020,млн.тонн,показатели работы трубопроводного транспорта,Западно-Казахстанская,KZZAP,29.3
2020,млн.тонн,показатели работы трубопроводного транспорта,Мангистауская,KZMAN,18.8
2020,млн.тонн,показатели работы трубопроводного транспорта,Туркестанская,KZYUZ,7.5
2020,млн.тонн,Перевезено пассажиров с морским транспортом,,,0.0
2020,млн.тонн,Перевезено пассажиров с морским транспортом,Мангистауская,KZMAN,0.0
2021,млн.тонн,Перевезено грузов всеми видами транспорта,,,910.5
2021,млн.тонн,Трубопроводный,,,281.4
2021,млн.тонн,Железнодорожный,,,410.3
2021,млн.тонн,Автомобильный,,,217.1
2021,млн.тонн,Воздушным,,,0.03
2021,млн.тонн,Внутренним водным,,,0.8
2021,млн.тонн,Морским,,,0.8
2021,млн.тонн,,Абай,KZABY,74.4
2021,млн.тонн,,Акмолинская,KZAKM,41.3
2021,млн.тонн,,Актюбинская,KZAKT,68.3
2021,млн.тонн,,Алматинская,KZALM,22.6
2021,млн.тонн,,Атырауская,KZATY,114.3
2021,млн.тонн,,Западно-Казахстанская,KZZAP,34.3
2021,млн.тонн,,Жымбылская,KZZHA,53.8
2021,млн.тонн,,Жетісу,KZZHS,21.2
2021,млн.тонн,,Карагандинская,KZKAR,77.7
2021,млн.тонн,,Костанайская,KZKUS,68.6
2021,млн.тонн,,Кызылординская,KZKZY,42.4
2021,млн.тонн,,Мангистауская,KZMAN,50.5
2021,млн.тонн,,Туркестанская,KZYUZ,29.7
2021,млн.тонн,,Ұлытау,KZULU,15.0
2021,млн.тонн,,Павлодарская,KZPAV,53.1
2021,млн.тонн,,Северо-Казахстанская,KZSEV,22.5
2021,млн.тонн,,Восточно-Казахстанская,KZVOS,22.9
2021,млн.тонн,,г_Астана,KZNS,53.6
2021,млн.тонн,,г_Алматы,KZALA,25.8
2021,млн.тонн,,г_Шымкент,KZSHY,18.4
2021,млн.человек,Перевезено пассажиров всеми видами транспорта,,,1289.9
2021,млн.человек,Железнодорожным транспортом,,,16.1
2021,млн.человек,Автомобильный,,,1199.1
2021,млн.человек,Внутренним водным,,,0.1
2021,млн.человек,Морским,,,0.08
2021,млн.человек,Воздушным,,,9.4
2021,млн.человек,Городской электрический,,,65.2
2021,млн.человек,,Абай,KZABY,42.2
2021,млн.человек,,Акмолинская,KZAKM,24.1
2021,млн.человек,,Актюбинская,KZAKT,38.0
2021,млн.человек,,Алматинская,KZALM,13.4
2021,млн.человек,,Атырауская,KZATY,40.2
2021,млн.человек,,Западно-Казахстанская,KZZAP,42.5
2021,млн.человек,,Жымбылская,KZZHA,49.1
2021,млн.человек,,Жетісу,KZZHS,15.8
2021,млн.человек,,Карагандинская,KZKAR,126.5
2021,млн.человек,,Костанайская,KZKUS,43.3
2021,млн.человек,,Кызылординская,KZKZY,16.5
2021,млн.человек,,Мангистауская,KZMAN,30.9
2021,млн.человек,,Туркестанская,KZYUZ,15.7
2021,млн.человек,,Ұлытау,KZULU,16.2
2021,млн.человек,,Павлодарская,KZPAV,69.9
2021,млн.человек,,Северо-Казахстанская,KZSEV,21.0
2021,млн.человек,,Восточно-Казахстанская,KZVOS,69.0
2021,млн.человек,,г_Астана,KZNS,176.7
2021,млн.человек,,г_Алматы,KZALA,357.5
2021,млн.человек,,г_Шымкент,KZSHY,81.6
2021,млн.тонн,перевезено грузов автомобильным  и городским  электрическим транспортом,,,217.1
2021,млн.тонн,перевезено грузов автомобильным  и городским  электрическим транспортом,Абай,KZABY,55.3
2021,млн.тонн,перевезено грузов автомобильным  и городским  электрическим транспортом,Акмолинская,KZAKM,7.2
2021,млн.тонн,перевезено грузов автомобильным  и городским  электрическим транспортом,Актюбинская,KZAKT,17.3
2021,млн.тонн,перевезено грузов автомобильным  и городским  электрическим транспортом,Алматинская,KZALM,4.7
2021,млн.тонн,перевезено грузов автомобильным  и городским  электрическим транспортом,Атырауская,KZATY,3.2
2021,млн.тонн,перевезено грузов автомобильным  и городским  электрическим транспортом,Западно-Казахстанская,KZZAP,1.5
2021,млн.тонн,перевезено грузов автомобильным  и городским  электрическим транспортом,Жымбылская,KZZHA,1.2
2021,млн.тонн,перевезено грузов автомобильным  и городским  электрическим транспортом,Жетісу,KZZHS,0.9
2021,млн.тонн,перевезено грузов автомобильным  и городским  электрическим транспортом,Карагандинская,KZKAR,23.5
2021,млн.тонн,перевезено грузов автомобильным  и городским  электрическим транспортом,Костанайская,KZKUS,31.0
2021,млн.тонн,перевезено грузов автомобильным  и городским  электрическим транспортом,Кызылординская,KZKZY,3.4
2021,млн.тонн,перевезено грузов автомобильным  и городским  электрическим транспортом,Мангистауская,KZMAN,3.2
2021,млн.тонн,перевезено грузов автомобильным  и городским  электрическим транспортом,Туркестанская,KZYUZ,1.3
2021,млн.тонн,перевезено грузов автомобильным  и городским  электрическим транспортом,Ұлытау,KZULU,0.7
2021,млн.тонн,перевезено грузов автомобильным  и городским  электрическим транспортом,Павлодарская,KZPAV,23.7
2021,млн.тонн,перевезено грузов автомобильным  и городским  электрическим транспортом,Северо-Казахстанская,KZSEV,2.3
2021,млн.тонн,перевезено грузов автомобильным  и городским  электрическим транспортом,Восточно-Казахстанская,KZVOS,13.8
2021,млн.тонн,перевезено грузов автомобильным  и городским  электрическим транспортом,г_Астана,KZNS,12.7
2021,млн.тонн,перевезено грузов автомобильным  и городским  электрическим транспортом,г_Алматы,KZALA,7.3
2021,млн.тонн,перевезено грузов автомобильным  и городским  электрическим транспортом,г_Шымкент,KZSHY,2.9
2021,млн.человек,Перевезено пассажиров всеми видами транспорта,,,1264.3
2021,млн.человек,Перевезено пассажиров всеми видами транспорта,Абай,KZABY,41.5
2021,млн.человек,Перевезено пассажиров всеми видами транспорта,Акмолинская,KZAKM,23.1
2021,млн.человек,Перевезено пассажиров всеми видами транспорта,Актюбинская,KZAKT,36.4
2021,млн.человек,Перевезено пассажиров всеми видами транспорта,Алматинская,KZALM,13.1
2021,млн.человек,Перевезено пассажиров всеми видами транспорта,Атырауская,KZATY,39.1
2021,млн.человек,Перевезено пассажиров всеми видами транспорта,Западно-Казахстанская,KZZAP,42.2
2021,млн.человек,Перевезено пассажиров всеми видами транспорта,Жымбылская,KZZHA,48.0
2021,млн.человек,Перевезено пассажиров всеми видами транспорта,Жетісу,KZZHS,15.4
2021,млн.человек,Перевезено пассажиров всеми видами транспорта,Карагандинская,KZKAR,125.4
2021,млн.человек,Перевезено пассажиров всеми видами транспорта,Костанайская,KZKUS,42.4
2021,млн.человек,Перевезено пассажиров всеми видами транспорта,Кызылординская,KZKZY,14.9
2021,млн.человек,Перевезено пассажиров всеми видами транспорта,Мангистауская,KZMAN,29.0
2021,млн.человек,Перевезено пассажиров всеми видами транспорта,Туркестанская,KZYUZ,15.2
2021,млн.человек,Перевезено пассажиров всеми видами транспорта,Ұлытау,KZULU,15.8
2021,млн.человек,Перевезено пассажиров всеми видами транспорта,Павлодарская,KZPAV,69.3
2021,млн.человек,Перевезено пассажиров всеми видами транспорта,Северо-Казахстанская,KZSEV,20.7
2021,млн.человек,Перевезено пассажиров всеми видами транспорта,Восточно-Казахстанская,KZVOS,68.6
2021,млн.человек,Перевезено пассажиров всеми видами транспорта,г_Астана,KZNS,170.2
2021,млн.человек,Перевезено пассажиров всеми видами транспорта,г_Алматы,KZALA,353.4
2021,млн.человек,Перевезено пассажиров всеми видами транспорта,г_Шымкент,KZSHY,80.6
2021,тонн,перевезено грузов воздушным транспортом,,,33730.8
2021,тонн,перевезено грузов воздушным транспортом,Абай,KZABY,0.0
2021,тонн,перевезено грузов воздушным транспортом,Западно-Казахстанская,KZZAP,0.0
2021,тонн,перевезено грузов воздушным транспортом,Ұлытау,KZULU,0.0
2021,тонн,перевезено грузов воздушным транспортом,г_Астана,KZNS,2564.0
2021,тонн,перевезено грузов воздушным транспортом,г_Алматы,KZALA,20824.0
2021,тонн,перевезено грузов воздушным транспортом,г_Шымкент,KZSHY,10342.8
2021,тыс.человек,перевезено пассажиров воздушным транспортом,,,9442.0
2021,тыс.человек,перевезено пассажиров воздушным транспортом,Абай,KZABY,231.4
2021,тыс.человек,перевезено пассажиров воздушным транспортом,Акмолинская,KZAKM,1.9
2021,тыс.человек,перевезено пассажиров воздушным транспортом,Актюбинская,KZAKT,286.1
2021,тыс.человек,перевезено пассажиров воздушным транспортом,Алматинская,KZALM,5.9
2021,тыс.человек,перевезено пассажиров воздушным транспортом,Атырауская,KZATY,565.0
2021,тыс.человек,перевезено пассажиров воздушным транспортом,Карагандинская,KZKAR,215.7
2021,тыс.человек,перевезено пассажиров воздушным транспортом,Костанайская,KZKUS,16.4
2021,тыс.человек,перевезено пассажиров воздушным транспортом,Кызылординская,KZKZY,19.8
2021,тыс.человек,перевезено пассажиров воздушным транспортом,Западно-Казахстанская,KZZAP,146.8
2021,тыс.человек,перевезено пассажиров воздушным транспортом,Жымбылская,KZZHA,153.2
2021,тыс.человек,перевезено пассажиров воздушным транспортом,Жетісу,KZZHS,170.2
2021,тыс.человек,перевезено пассажиров воздушным транспортом,Мангистауская,KZMAN,638.9
2021,тыс.человек,перевезено пассажиров воздушным транспортом,Туркестанская,KZYUZ,208.5
2021,тыс.человек,перевезено пассажиров воздушным транспортом,Ұлытау,KZULU,22.5
2021,тыс.человек,перевезено пассажиров воздушным транспортом,Павлодарская,KZPAV,100.2
2021,тыс.человек,перевезено пассажиров воздушным транспортом,Северо-Казахстанская,KZSEV,3.9
2021,тыс.человек,перевезено пассажиров воздушным транспортом,Восточно-Казахстанская,KZVOS,44.3
2021,тыс.человек,перевезено пассажиров воздушным транспортом,г_Астана,KZNS,2477.8
2021,тыс.человек,перевезено пассажиров воздушным транспортом,г_Алматы,KZALA,3399.1
2021,тыс.человек,перевезено пассажиров воздушным транспортом,г_Шымкент,KZSHY,714.4
2021,млн.тонн,показатели работы трубопроводного транспорта,,,281.4
2021,млн.тонн,показатели работы трубопроводного транспорта,Абай,KZABY,2.0
2021,млн.тонн,показатели работы трубопроводного транспорта,Актюбинская,KZAKT,13.9
2021,млн.тонн,показатели работы трубопроводного транспорта,Алматинская,KZALM,10.5
2021,млн.тонн,показатели работы трубопроводного транспорта,Атырауская,KZATY,92.4
2021,млн.тонн,показатели работы трубопроводного транспорта,Западно-Казахстанская,KZZAP,28.0
2021,млн.тонн,показатели работы трубопроводного транспорта,Жымбылская,KZZHA,15.2
2021,млн.тонн,показатели работы трубопроводного транспорта,Жетісу,KZZHS,7.3
2021,млн.тонн,показатели работы трубопроводного транспорта,Карагандинская,KZKAR,20.3
2021,млн.тонн,показатели работы трубопроводного транспорта,Костанайская,KZKUS,12.6
2021,млн.тонн,показатели работы трубопроводного транспорта,Кызылординская,KZKZY,9.9
2021,млн.тонн,показатели работы трубопроводного транспорта,Мангистауская,KZMAN,20.6
2021,млн.тонн,показатели работы трубопроводного транспорта,Павлодарская,KZPAV,11.0
2021,млн.тонн,показатели работы трубопроводного транспорта,Северо-Казахстанская,KZSEV,11.0
2021,млн.тонн,показатели работы трубопроводного транспорта,Туркестанская,KZYUZ,20.5
2021,млн.тонн,показатели работы трубопроводного транспорта,Ұлытау,KZULU,0.8
2021,млн.тонн,показатели работы трубопроводного транспорта,г_Астана,KZNS,0.0
2021,млн.тонн,показатели работы трубопроводного транспорта,г_Алматы,KZALA,0.0
2021,млн.тонн,показатели работы трубопроводного транспорта,г_Шымкент,KZSHY,5.2
2021,млн.тонн,Перевезено грузов с морским транспортом,,,0.8
2021,млн.тонн,Перевезено грузов с морским транспортом,Мангистауская,KZMAN,0.8
2021,млн.тонн,Перевезено пассажиров с морским транспортом,,,0.1
2021,млн.тонн,Перевезено пассажиров с морским транспортом,Мангистауская,KZMAN,0.1
2022,млн.тонн,Перевезено грузов всеми видами транспорта,,,927.2
2022,млн.тонн,Трубопроводный,,,266.7
2022,млн.тонн,Железнодорожный,,,395.5
2022,млн.тонн,Автомобильный,,,263.2
2022,млн.тонн,Воздушным,,,0.02
2022,млн.тонн,Внутренним водным,,,0.6
2022,млн.тонн,Морским,,,1.2
2022,млн.тонн,,Абай,KZABY,76.8
2022,млн.тонн,,Акмолинская,KZAKM,49.5
2022,млн.тонн,,Актюбинская,KZAKT,82.0
2022,млн.тонн,,Алматинская,KZALM,21.9
2022,млн.тонн,,Атырауская,KZATY,101.8
2022,млн.тонн,,Западно-Казахстанская,KZZAP,31.0
2022,млн.тонн,,Жымбылская,KZZHA,44.5
2022,млн.тонн,,Жетісу,KZZHS,16.2
2022,млн.тонн,,Карагандинская,KZKAR,89.4
2022,млн.тонн,,Костанайская,KZKUS,67.0
2022,млн.тонн,,Кызылординская,KZKZY,36.1
2022,млн.тонн,,Мангистауская,KZMAN,43.6
2022,млн.тонн,,Туркестанская,KZYUZ,28.4
2022,млн.тонн,,Ұлытау,KZULU,23.8
2022,млн.тонн,,Павлодарская,KZPAV,70.7
2022,млн.тонн,,Северо-Казахстанская,KZSEV,23.2
2022,млн.тонн,,Восточно-Казахстанская,KZVOS,24.8
2022,млн.тонн,,г_Астана,KZNS,47.9
2022,млн.тонн,,г_Алматы,KZALA,27.2
2022,млн.тонн,,г_Шымкент,KZSHY,21.3
2022,млн.человек,Перевезено пассажиров всеми видами транспорта,,,1486.1
2022,млн.человек,Железнодорожным транспортом,,,20.1
2022,млн.человек,Автомобильный,,,1374.0
2022,млн.человек,Внутренним водным,,,0.1
2022,млн.человек,Морским,,,0.09
2022,млн.человек,Воздушным,,,11.5
2022,млн.человек,Городской электрический,,,80.3
2022,млн.человек,,Абай,KZABY,43.8
2022,млн.человек,,Акмолинская,KZAKM,27.9
2022,млн.человек,,Актюбинская,KZAKT,60.9
2022,млн.человек,,Алматинская,KZALM,13.1
2022,млн.человек,,Атырауская,KZATY,50.6
2022,млн.человек,,Западно-Казахстанская,KZZAP,55.2
2022,млн.человек,,Жымбылская,KZZHA,57.6
2022,млн.человек,,Жетісу,KZZHS,17.3
2022,млн.человек,,Карагандинская,KZKAR,127.7
2022,млн.человек,,Костанайская,KZKUS,45.0
2022,млн.человек,,Кызылординская,KZKZY,16.7
2022,млн.человек,,Мангистауская,KZMAN,36.6
2022,млн.человек,,Туркестанская,KZYUZ,17.4
2022,млн.человек,,Ұлытау,KZULU,11.4
2022,млн.человек,,Павлодарская,KZPAV,69.2
2022,млн.человек,,Северо-Казахстанская,KZSEV,36.5
2022,млн.человек,,Восточно-Казахстанская,KZVOS,89.3
2022,млн.человек,,г_Астана,KZNS,212.6
2022,млн.человек,,г_Алматы,KZALA,407.5
2022,млн.человек,,г_Шымкент,KZSHY,89.9
2022,млн.тонн,перевезено грузов автомобильным  и городским  электрическим транспортом,,,263.2
2022,млн.тонн,перевезено грузов автомобильным  и городским  электрическим транспортом,Абай,KZABY,59.6
2022,млн.тонн,перевезено грузов автомобильным  и городским  электрическим транспортом,Акмолинская,KZAKM,19.2
2022,млн.тонн,перевезено грузов автомобильным  и городским  электрическим транспортом,Актюбинская,KZAKT,28.4
2022,млн.тонн,перевезено грузов автомобильным  и городским  электрическим транспортом,Алматинская,KZALM,3.9
2022,млн.тонн,перевезено грузов автомобильным  и городским  электрическим транспортом,Атырауская,KZATY,2.5
2022,млн.тонн,перевезено грузов автомобильным  и городским  электрическим транспортом,Западно-Казахстанская,KZZAP,1.8
2022,млн.тонн,перевезено грузов автомобильным  и городским  электрическим транспортом,Жымбылская,KZZHA,0.7
2022,млн.тонн,перевезено грузов автомобильным  и городским  электрическим транспортом,Жетісу,KZZHS,1.1
2022,млн.тонн,перевезено грузов автомобильным  и городским  электрическим транспортом,Карагандинская,KZKAR,45.4
2022,млн.тонн,перевезено грузов автомобильным  и городским  электрическим транспортом,Костанайская,KZKUS,27.5
2022,млн.тонн,перевезено грузов автомобильным  и городским  электрическим транспортом,Кызылординская,KZKZY,3.5
2022,млн.тонн,перевезено грузов автомобильным  и городским  электрическим транспортом,Мангистауская,KZMAN,2.6
2022,млн.тонн,перевезено грузов автомобильным  и городским  электрическим транспортом,Туркестанская,KZYUZ,1.3
2022,млн.тонн,перевезено грузов автомобильным  и городским  электрическим транспортом,Ұлытау,KZULU,0.9
2022,млн.тонн,перевезено грузов автомобильным  и городским  электрическим транспортом,Павлодарская,KZPAV,20.5
2022,млн.тонн,перевезено грузов автомобильным  и городским  электрическим транспортом,Северо-Казахстанская,KZSEV,2.8
2022,млн.тонн,перевезено грузов автомобильным  и городским  электрическим транспортом,Восточно-Казахстанская,KZVOS,16.6
2022,млн.тонн,перевезено грузов автомобильным  и городским  электрическим транспортом,г_Астана,KZNS,11.5
2022,млн.тонн,перевезено грузов автомобильным  и городским  электрическим транспортом,г_Алматы,KZALA,10.8
2022,млн.тонн,перевезено грузов автомобильным  и городским  электрическим транспортом,г_Шымкент,KZSHY,2.5
2022,млн.человек,Перевезено пассажиров всеми видами транспорта,,,1454.3
2022,млн.человек,Перевезено пассажиров всеми видами транспорта,Абай,KZABY,43.1
2022,млн.человек,Перевезено пассажиров всеми видами транспорта,Акмолинская,KZAKM,26.7
2022,млн.человек,Перевезено пассажиров всеми видами транспорта,Актюбинская,KZAKT,58.5
2022,млн.человек,Перевезено пассажиров всеми видами транспорта,Алматинская,KZALM,12.9
2022,млн.человек,Перевезено пассажиров всеми видами транспорта,Атырауская,KZATY,48.8
2022,млн.человек,Перевезено пассажиров всеми видами транспорта,Западно-Казахстанская,KZZAP,54.8
2022,млн.человек,Перевезено пассажиров всеми видами транспорта,Жымбылская,KZZHA,56.5
2022,млн.человек,Перевезено пассажиров всеми видами транспорта,Жетісу,KZZHS,16.9
2022,млн.человек,Перевезено пассажиров всеми видами транспорта,Карагандинская,KZKAR,126.2
2022,млн.человек,Перевезено пассажиров всеми видами транспорта,Костанайская,KZKUS,43.9
2022,млн.человек,Перевезено пассажиров всеми видами транспорта,Кызылординская,KZKZY,15.0
2022,млн.человек,Перевезено пассажиров всеми видами транспорта,Мангистауская,KZMAN,34.6
2022,млн.человек,Перевезено пассажиров всеми видами транспорта,Туркестанская,KZYUZ,16.9
2022,млн.человек,Перевезено пассажиров всеми видами транспорта,Ұлытау,KZULU,10.8
2022,млн.человек,Перевезено пассажиров всеми видами транспорта,Павлодарская,KZPAV,68.4
2022,млн.человек,Перевезено пассажиров всеми видами транспорта,Северо-Казахстанская,KZSEV,36.1
2022,млн.человек,Перевезено пассажиров всеми видами транспорта,Восточно-Казахстанская,KZVOS,88.7
2022,млн.человек,Перевезено пассажиров всеми видами транспорта,г_Астана,KZNS,204.0
2022,млн.человек,Перевезено пассажиров всеми видами транспорта,г_Алматы,KZALA,402.8
2022,млн.человек,Перевезено пассажиров всеми видами транспорта,г_Шымкент,KZSHY,88.7
2022,тонн,перевезено грузов воздушным транспортом,,,22467.4
2022,тонн,перевезено грузов воздушным транспортом,Абай,KZABY,0.0
2022,тонн,перевезено грузов воздушным транспортом,Западно-Казахстанская,KZZAP,0.0
2022,тонн,перевезено грузов воздушным транспортом,Ұлытау,KZULU,0.0
2022,тонн,перевезено грузов воздушным транспортом,г_Астана,KZNS,3501.0
2022,тонн,перевезено грузов воздушным транспортом,г_Алматы,KZALA,14674.2
2022,тонн,перевезено грузов воздушным транспортом,г_Шымкент,KZSHY,6292.2
2022,тыс.человек,перевезено пассажиров воздушным транспортом,,,11493.6
2022,тыс.человек,перевезено пассажиров воздушным транспортом,Абай,KZABY,111.8
2022,тыс.человек,перевезено пассажиров воздушным транспортом,Акмолинская,KZAKM,13.8
2022,тыс.человек,перевезено пассажиров воздушным транспортом,Актюбинская,KZAKT,452.8
2022,тыс.человек,перевезено пассажиров воздушным транспортом,Алматинская,KZALM,0.0
2022,тыс.человек,перевезено пассажиров воздушным транспортом,Атырауская,KZATY,1017.6
2022,тыс.человек,перевезено пассажиров воздушным транспортом,Карагандинская,KZKAR,173.8
2022,тыс.человек,перевезено пассажиров воздушным транспортом,Костанайская,KZKUS,39.7
2022,тыс.человек,перевезено пассажиров воздушным транспортом,Кызылординская,KZKZY,39.1
2022,тыс.человек,перевезено пассажиров воздушным транспортом,Западно-Казахстанская,KZZAP,116.3
2022,тыс.человек,перевезено пассажиров воздушным транспортом,Жымбылская,KZZHA,140.4
2022,тыс.человек,перевезено пассажиров воздушным транспортом,Жетісу,KZZHS,138.7
2022,тыс.человек,перевезено пассажиров воздушным транспортом,Мангистауская,KZMAN,675.1
2022,тыс.человек,перевезено пассажиров воздушным транспортом,Туркестанская,KZYUZ,213.1
2022,тыс.человек,перевезено пассажиров воздушным транспортом,Ұлытау,KZULU,76.5
2022,тыс.человек,перевезено пассажиров воздушным транспортом,Павлодарская,KZPAV,70.8
2022,тыс.человек,перевезено пассажиров воздушным транспортом,Северо-Казахстанская,KZSEV,34.9
2022,тыс.человек,перевезено пассажиров воздушным транспортом,Восточно-Казахстанская,KZVOS,217.2
2022,тыс.человек,перевезено пассажиров воздушным транспортом,г_Астана,KZNS,3182.9
2022,тыс.человек,перевезено пассажиров воздушным транспортом,г_Алматы,KZALA,3858.8
2022,тыс.человек,перевезено пассажиров воздушным транспортом,г_Шымкент,KZSHY,920.5
2022,млн.тонн,показатели работы трубопроводного транспорта,,,266.7
2022,млн.тонн,показатели работы трубопроводного транспорта,Абай,KZABY,2.2
2022,млн.тонн,показатели работы трубопроводного транспорта,Актюбинская,KZAKT,14.3
2022,млн.тонн,показатели работы трубопроводного транспорта,Алматинская,KZALM,12.5
2022,млн.тонн,показатели работы трубопроводного транспорта,Атырауская,KZATY,80.4
2022,млн.тонн,показатели работы трубопроводного транспорта,Западно-Казахстанская,KZZAP,23.6
2022,млн.тонн,показатели работы трубопроводного транспорта,Жымбылская,KZZHA,15.4
2022,млн.тонн,показатели работы трубопроводного транспорта,Жетісу,KZZHS,5.6
2022,млн.тонн,показатели работы трубопроводного транспорта,Карагандинская,KZKAR,10.0
2022,млн.тонн,показатели работы трубопроводного транспорта,Костанайская,KZKUS,11.3
2022,млн.тонн,показатели работы трубопроводного транспорта,Кызылординская,KZKZY,10.0
2022,млн.тонн,показатели работы трубопроводного транспорта,Мангистауская,KZMAN,20.4
2022,млн.тонн,показатели работы трубопроводного транспорта,Павлодарская,KZPAV,11.1
2022,млн.тонн,показатели работы трубопроводного транспорта,Северо-Казахстанская,KZSEV,11.1
2022,млн.тонн,показатели работы трубопроводного транспорта,Туркестанская,KZYUZ,21.3
2022,млн.тонн,показатели работы трубопроводного транспорта,Ұлытау,KZULU,11.0
2022,млн.тонн,показатели работы трубопроводного транспорта,г_Астана,KZNS,0.2
2022,млн.тонн,показатели работы трубопроводного транспорта,г_Алматы,KZALA,0.0
2022,млн.тонн,показатели работы трубопроводного транспорта,г_Шымкент,KZSHY,6.3
2022,млн.тонн,Перевезено грузов с морским транспортом,,,1.2
2022,млн.тонн,Перевезено грузов с морским транспортом,Мангистауская,KZMAN,1.2
2022,млн.тонн,Перевезено пассажиров с морским транспортом,,,0.1
2022,млн.тонн,Перевезено пассажиров с морским транспортом,Мангистауская,KZMAN,0.1
2023,млн.тонн,Перевезено грузов всеми видами транспорта,,,999.2
2023,млн.тонн,Трубопроводный,,,282.9
2023,млн.тонн,Железнодорожный,,,414.9
2023,млн.тонн,Автомобильный,,,299.9
2023,млн.тонн,Воздушным,,,0.02
2023,млн.тонн,Внутренним водным,,,0.2
2023,млн.тонн,Морским,,,1.3
2023,млн.тонн,,Абай,KZABY,74.2
2023,млн.тонн,,Акмолинская,KZAKM,86.2
2023,млн.тонн,,Актюбинская,KZAKT,92.1
2023,млн.тонн,,Алматинская,KZALM,19.4
2023,млн.тонн,,Атырауская,KZATY,110.8
2023,млн.тонн,,Западно-Казахстанская,KZZAP,30.5
2023,млн.тонн,,Жымбылская,KZZHA,48.8
2023,млн.тонн,,Жетісу,KZZHS,11.8
2023,млн.тонн,,Карагандинская,KZKAR,85.7
2023,млн.тонн,,Костанайская,KZKUS,43.0
2023,млн.тонн,,Кызылординская,KZKZY,37.9
2023,млн.тонн,,Мангистауская,KZMAN,44.1
2023,млн.тонн,,Туркестанская,KZYUZ,26.3
2023,млн.тонн,,Ұлытау,KZULU,39.5
2023,млн.тонн,,Павлодарская,KZPAV,84.0
2023,млн.тонн,,Северо-Казахстанская,KZSEV,22.8
2023,млн.тонн,,Восточно-Казахстанская,KZVOS,20.3
2023,млн.тонн,,г_Астана,KZNS,63.1
2023,млн.тонн,,г_Алматы,KZALA,29.7
2023,млн.тонн,,г_Шымкент,KZSHY,29.0
2023,млн.человек,Перевезено пассажиров всеми видами транспорта,,,1607.3
2023,млн.человек,Железнодорожным транспортом,,,20.5
2023,млн.человек,Автомобильный,,,1489.4
2023,млн.человек,Внутренним водным,,,0.1
2023,млн.человек,Морским,,,0.04
2023,млн.человек,Воздушным,,,13.3
2023,млн.человек,Городской электрический,,,83.9
2023,млн.человек,,Абай,KZABY,57.5
2023,млн.человек,,Акмолинская,KZAKM,29.1
2023,млн.человек,,Актюбинская,KZAKT,63.9
2023,млн.человек,,Алматинская,KZALM,16.5
2023,млн.человек,,Атырауская,KZATY,52.3
2023,млн.человек,,Западно-Казахстанская,KZZAP,64.5
2023,млн.человек,,Жымбылская,KZZHA,61.1
2023,млн.человек,,Жетісу,KZZHS,22.3
2023,млн.человек,,Карагандинская,KZKAR,117.4
2023,млн.человек,,Костанайская,KZKUS,49.7
2023,млн.человек,,Кызылординская,KZKZY,24.7
2023,млн.человек,,Мангистауская,KZMAN,34.7
2023,млн.человек,,Туркестанская,KZYUZ,19.2
2023,млн.человек,,Ұлытау,KZULU,15.6
2023,млн.человек,,Павлодарская,KZPAV,66.6
2023,млн.человек,,Северо-Казахстанская,KZSEV,32.2
2023,млн.человек,,Восточно-Казахстанская,KZVOS,88.7
2023,млн.человек,,г_Астана,KZNS,237.5
2023,млн.человек,,г_Алматы,KZALA,451.3
2023,млн.человек,,г_Шымкент,KZSHY,102.6
2023,млн.тонн,перевезено грузов автомобильным  и городским  электрическим транспортом,,,299.9
2023,млн.тонн,перевезено грузов автомобильным  и городским  электрическим транспортом,Абай,KZABY,58.3
2023,млн.тонн,перевезено грузов автомобильным  и городским  электрическим транспортом,Акмолинская,KZAKM,55.9
2023,млн.тонн,перевезено грузов автомобильным  и городским  электрическим транспортом,Актюбинская,KZAKT,39.9
2023,млн.тонн,перевезено грузов автомобильным  и городским  электрическим транспортом,Алматинская,KZALM,3.6
2023,млн.тонн,перевезено грузов автомобильным  и городским  электрическим транспортом,Атырауская,KZATY,4.3
2023,млн.тонн,перевезено грузов автомобильным  и городским  электрическим транспортом,Западно-Казахстанская,KZZAP,2.4
2023,млн.тонн,перевезено грузов автомобильным  и городским  электрическим транспортом,Жымбылская,KZZHA,0.8
2023,млн.тонн,перевезено грузов автомобильным  и городским  электрическим транспортом,Жетісу,KZZHS,1.1
2023,млн.тонн,перевезено грузов автомобильным  и городским  электрическим транспортом,Карагандинская,KZKAR,40.0
2023,млн.тонн,перевезено грузов автомобильным  и городским  электрическим транспортом,Костанайская,KZKUS,5.7
2023,млн.тонн,перевезено грузов автомобильным  и городским  электрическим транспортом,Кызылординская,KZKZY,3.4
2023,млн.тонн,перевезено грузов автомобильным  и городским  электрическим транспортом,Мангистауская,KZMAN,2.8
2023,млн.тонн,перевезено грузов автомобильным  и городским  электрическим транспортом,Туркестанская,KZYUZ,1.8
2023,млн.тонн,перевезено грузов автомобильным  и городским  электрическим транспортом,Ұлытау,KZULU,12.5
2023,млн.тонн,перевезено грузов автомобильным  и городским  электрическим транспортом,Павлодарская,KZPAV,25.7
2023,млн.тонн,перевезено грузов автомобильным  и городским  электрическим транспортом,Северо-Казахстанская,KZSEV,4.0
2023,млн.тонн,перевезено грузов автомобильным  и городским  электрическим транспортом,Восточно-Казахстанская,KZVOS,12.7
2023,млн.тонн,перевезено грузов автомобильным  и городским  электрическим транспортом,г_Астана,KZNS,14.2
2023,млн.тонн,перевезено грузов автомобильным  и городским  электрическим транспортом,г_Алматы,KZALA,7.6
2023,млн.тонн,перевезено грузов автомобильным  и городским  электрическим транспортом,г_Шымкент,KZSHY,3.0
2023,млн.человек,Перевезено пассажиров всеми видами транспорта,,,1573.3
2023,млн.человек,Перевезено пассажиров всеми видами транспорта,Абай,KZABY,56.9
2023,млн.человек,Перевезено пассажиров всеми видами транспорта,Акмолинская,KZAKM,28.0
2023,млн.человек,Перевезено пассажиров всеми видами транспорта,Актюбинская,KZAKT,61.7
2023,млн.человек,Перевезено пассажиров всеми видами транспорта,Алматинская,KZALM,16.4
2023,млн.человек,Перевезено пассажиров всеми видами транспорта,Атырауская,KZATY,50.8
2023,млн.человек,Перевезено пассажиров всеми видами транспорта,Западно-Казахстанская,KZZAP,64.1
2023,млн.человек,Перевезено пассажиров всеми видами транспорта,Жымбылская,KZZHA,59.8
2023,млн.человек,Перевезено пассажиров всеми видами транспорта,Жетісу,KZZHS,22.0
2023,млн.человек,Перевезено пассажиров всеми видами транспорта,Карагандинская,KZKAR,116.1
2023,млн.человек,Перевезено пассажиров всеми видами транспорта,Костанайская,KZKUS,48.6
2023,млн.человек,Перевезено пассажиров всеми видами транспорта,Кызылординская,KZKZY,22.9
2023,млн.человек,Перевезено пассажиров всеми видами транспорта,Мангистауская,KZMAN,32.5
2023,млн.человек,Перевезено пассажиров всеми видами транспорта,Туркестанская,KZYUZ,18.9
2023,млн.человек,Перевезено пассажиров всеми видами транспорта,Ұлытау,KZULU,15.2
2023,млн.человек,Перевезено пассажиров всеми видами транспорта,Павлодарская,KZPAV,65.8
2023,млн.человек,Перевезено пассажиров всеми видами транспорта,Северо-Казахстанская,KZSEV,31.9
2023,млн.человек,Перевезено пассажиров всеми видами транспорта,Восточно-Казахстанская,KZVOS,88.1
2023,млн.человек,Перевезено пассажиров всеми видами транспорта,г_Астана,KZNS,227.6
2023,млн.человек,Перевезено пассажиров всеми видами транспорта,г_Алматы,KZALA,445.0
2023,млн.человек,Перевезено пассажиров всеми видами транспорта,г_Шымкент,KZSHY,101.1
2023,тонн,перевезено грузов воздушным транспортом,,,23800.0
2023,тонн,перевезено грузов воздушным транспортом,Абай,KZABY,0.0
2023,тонн,перевезено грузов воздушным транспортом,Западно-Казахстанская,KZZAP,0.0
2023,тонн,перевезено грузов воздушным транспортом,Ұлытау,KZULU,0.0
2023,тонн,перевезено грузов воздушным транспортом,г_Астана,KZNS,0.0
2023,тонн,перевезено грузов воздушным транспортом,г_Алматы,KZALA,1400.0
2023,тонн,перевезено грузов воздушным транспортом,г_Шымкент,KZSHY,0.0
2023,тыс.человек,перевезено пассажиров воздушным транспортом,,,13307.6
2023,тыс.человек,перевезено пассажиров воздушным транспортом,Абай,KZABY,114.2
2023,тыс.человек,перевезено пассажиров воздушным транспортом,Акмолинская,KZAKM,22.7
2023,тыс.человек,перевезено пассажиров воздушным транспортом,Актюбинская,KZAKT,446.0
2023,тыс.человек,перевезено пассажиров воздушным транспортом,Алматинская,KZALM,0.0
2023,тыс.человек,перевезено пассажиров воздушным транспортом,Атырауская,KZATY,723.2
2023,тыс.человек,перевезено пассажиров воздушным транспортом,Карагандинская,KZKAR,200.2
2023,тыс.человек,перевезено пассажиров воздушным транспортом,Костанайская,KZKUS,0.0
2023,тыс.человек,перевезено пассажиров воздушным транспортом,Кызылординская,KZKZY,34.2
2023,тыс.человек,перевезено пассажиров воздушным транспортом,Западно-Казахстанская,KZZAP,96.2
2023,тыс.человек,перевезено пассажиров воздушным транспортом,Жымбылская,KZZHA,138.8
2023,тыс.человек,перевезено пассажиров воздушным транспортом,Жетісу,KZZHS,152.5
2023,тыс.человек,перевезено пассажиров воздушным транспортом,Мангистауская,KZMAN,942.6
2023,тыс.человек,перевезено пассажиров воздушным транспортом,Туркестанская,KZYUZ,180.3
2023,тыс.человек,перевезено пассажиров воздушным транспортом,Ұлытау,KZULU,46.2
2023,тыс.человек,перевезено пассажиров воздушным транспортом,Павлодарская,KZPAV,104.7
2023,тыс.человек,перевезено пассажиров воздушным транспортом,Северо-Казахстанская,KZSEV,55.9
2023,тыс.человек,перевезено пассажиров воздушным транспортом,Восточно-Казахстанская,KZVOS,250.9
2023,тыс.человек,перевезено пассажиров воздушным транспортом,г_Астана,KZNS,3731.4
2023,тыс.человек,перевезено пассажиров воздушным транспортом,г_Алматы,KZALA,4905.0
2023,тыс.человек,перевезено пассажиров воздушным транспортом,г_Шымкент,KZSHY,1062.4
2023,млн.тонн,показатели работы трубопроводного транспорта,,,282.9
2023,млн.тонн,показатели работы трубопроводного транспорта,Абай,KZABY,2.2
2023,млн.тонн,показатели работы трубопроводного транспорта,Актюбинская,KZAKT,16.0
2023,млн.тонн,показатели работы трубопроводного транспорта,Алматинская,KZALM,12.1
2023,млн.тонн,показатели работы трубопроводного транспорта,Атырауская,KZATY,85.7
2023,млн.тонн,показатели работы трубопроводного транспорта,Западно-Казахстанская,KZZAP,23.2
2023,млн.тонн,показатели работы трубопроводного транспорта,Жымбылская,KZZHA,15.6
2023,млн.тонн,показатели работы трубопроводного транспорта,Жетісу,KZZHS,5.5
2023,млн.тонн,показатели работы трубопроводного транспорта,Карагандинская,KZKAR,10.3
2023,млн.тонн,показатели работы трубопроводного транспорта,Костанайская,KZKUS,10.3
2023,млн.тонн,показатели работы трубопроводного транспорта,Кызылординская,KZKZY,11.3
2023,млн.тонн,показатели работы трубопроводного транспорта,Мангистауская,KZMAN,22.7
2023,млн.тонн,показатели работы трубопроводного транспорта,Павлодарская,KZPAV,11.3
2023,млн.тонн,показатели работы трубопроводного транспорта,Северо-Казахстанская,KZSEV,11.3
2023,млн.тонн,показатели работы трубопроводного транспорта,Туркестанская,KZYUZ,21.3
2023,млн.тонн,показатели работы трубопроводного транспорта,Ұлытау,KZULU,18.0
2023,млн.тонн,показатели работы трубопроводного транспорта,г_Астана,KZNS,0.3
2023,млн.тонн,показатели работы трубопроводного транспорта,г_Алматы,KZALA,0.0
2023,млн.тонн,показатели работы трубопроводного транспорта,г_Шымкент,KZSHY,5.9
2023,млн.тонн,Перевезено грузов с морским транспортом,,,1.3
2023,млн.тонн,Перевезено грузов с морским транспортом,Мангистауская,KZMAN,1.3
2023,млн.тонн,Перевезено пассажиров с морским транспортом,,,0.0
2023,млн.тонн,Перевезено пассажиров с морским транспортом,Мангистауская,KZMAN,0.0
2024,млн.тонн,Перевезено грузов всеми видами транспорта,,,1090.0
2024,млн.тонн,Трубопроводный,,,299.8
2024,млн.тонн,Железнодорожный,,,438.7
2024,млн.тонн,Автомобильный,,,347.1
2024,млн.тонн,Воздушным,,,0.0
2024,млн.тонн,Внутренним водным,,,0.3
2024,млн.тонн,Морским,,,4.0
2024,млн.тонн,,Абай,KZABY,98.7
2024,млн.тонн,,Акмолинская,KZAKM,100.6
2024,млн.тонн,,Актюбинская,KZAKT,91.0
2024,млн.тонн,,Алматинская,KZALM,22.1
2024,млн.тонн,,Атырауская,KZATY,112.7
2024,млн.тонн,,Западно-Казахстанская,KZZAP,34.8
2024,млн.тонн,,Жымбылская,KZZHA,42.4
2024,млн.тонн,,Жетісу,KZZHS,20.6
2024,млн.тонн,,Карагандинская,KZKAR,87.8
2024,млн.тонн,,Костанайская,KZKUS,46.7
2024,млн.тонн,,Кызылординская,KZKZY,39.8
2024,млн.тонн,,Мангистауская,KZMAN,57.1
2024,млн.тонн,,Туркестанская,KZYUZ,34.2
2024,млн.тонн,,Ұлытау,KZULU,29.7
2024,млн.тонн,,Павлодарская,KZPAV,114.2
2024,млн.тонн,,Северо-Казахстанская,KZSEV,22.8
2024,млн.тонн,,Восточно-Казахстанская,KZVOS,21.6
2024,млн.тонн,,г_Астана,KZNS,68.4
2024,млн.тонн,,г_Алматы,KZALA,21.0
2024,млн.тонн,,г_Шымкент,KZSHY,23.6
2024,млн.человек,Перевезено пассажиров всеми видами транспорта,,,1773.9
2024,млн.человек,Железнодорожным транспортом,,,20.7
2024,млн.человек,Автомобильный,,,1658.0
2024,млн.человек,Внутренним водным,,,0.2
2024,млн.человек,Морским,,,0.1
2024,млн.человек,Воздушным,,,14.4
2024,млн.человек,Городской электрический,,,80.4
2024,млн.человек,,Абай,KZABY,63.7
2024,млн.человек,,Акмолинская,KZAKM,30.7
2024,млн.человек,,Актюбинская,KZAKT,70.4
2024,млн.человек,,Алматинская,KZALM,29.2
2024,млн.человек,,Атырауская,KZATY,49.4
2024,млн.человек,,Западно-Казахстанская,KZZAP,68.9
2024,млн.человек,,Жымбылская,KZZHA,93.4
2024,млн.человек,,Жетісу,KZZHS,24.5
2024,млн.человек,,Карагандинская,KZKAR,121.4
2024,млн.человек,,Костанайская,KZKUS,54.5
2024,млн.человек,,Кызылординская,KZKZY,36.5
2024,млн.человек,,Мангистауская,KZMAN,56.6
2024,млн.человек,,Туркестанская,KZYUZ,22.0
2024,млн.человек,,Ұлытау,KZULU,18.4
2024,млн.человек,,Павлодарская,KZPAV,73.4
2024,млн.человек,,Северо-Казахстанская,KZSEV,30.9
2024,млн.человек,,Восточно-Казахстанская,KZVOS,83.5
2024,млн.человек,,г_Астана,KZNS,297.8
2024,млн.человек,,г_Алматы,KZALA,466.3
2024,млн.человек,,г_Шымкент,KZSHY,82.3
2024,млн.тонн,перевезено грузов автомобильным  и городским  электрическим транспортом,,,347.1
2024,млн.тонн,перевезено грузов автомобильным  и городским  электрическим транспортом,Абай,KZABY,78.2
2024,млн.тонн,перевезено грузов автомобильным  и городским  электрическим транспортом,Акмолинская,KZAKM,73.0
2024,млн.тонн,перевезено грузов автомобильным  и городским  электрическим транспортом,Актюбинская,KZAKT,35.4
2024,млн.тонн,перевезено грузов автомобильным  и городским  электрическим транспортом,Алматинская,KZALM,5.3
2024,млн.тонн,перевезено грузов автомобильным  и городским  электрическим транспортом,Атырауская,KZATY,1.3
2024,млн.тонн,перевезено грузов автомобильным  и городским  электрическим транспортом,Западно-Казахстанская,KZZAP,2.6
2024,млн.тонн,перевезено грузов автомобильным  и городским  электрическим транспортом,Жымбылская,KZZHA,1.2
2024,млн.тонн,перевезено грузов автомобильным  и городским  электрическим транспортом,Жетісу,KZZHS,3.6
2024,млн.тонн,перевезено грузов автомобильным  и городским  электрическим транспортом,Карагандинская,KZKAR,34.5
2024,млн.тонн,перевезено грузов автомобильным  и городским  электрическим транспортом,Костанайская,KZKUS,7.2
2024,млн.тонн,перевезено грузов автомобильным  и городским  электрическим транспортом,Кызылординская,KZKZY,4.3
2024,млн.тонн,перевезено грузов автомобильным  и городским  электрическим транспортом,Мангистауская,KZMAN,3.9
2024,млн.тонн,перевезено грузов автомобильным  и городским  электрическим транспортом,Туркестанская,KZYUZ,1.9
2024,млн.тонн,перевезено грузов автомобильным  и городским  электрическим транспортом,Ұлытау,KZULU,2.9
2024,млн.тонн,перевезено грузов автомобильным  и городским  электрическим транспортом,Павлодарская,KZPAV,48.0
2024,млн.тонн,перевезено грузов автомобильным  и городским  электрическим транспортом,Северо-Казахстанская,KZSEV,3.7
2024,млн.тонн,перевезено грузов автомобильным  и городским  электрическим транспортом,Восточно-Казахстанская,KZVOS,15.6
2024,млн.тонн,перевезено грузов автомобильным  и городским  электрическим транспортом,г_Астана,KZNS,12.6
2024,млн.тонн,перевезено грузов автомобильным  и городским  электрическим транспортом,г_Алматы,KZALA,7.9
2024,млн.тонн,перевезено грузов автомобильным  и городским  электрическим транспортом,г_Шымкент,KZSHY,4.0
2024,млн.человек,Перевезено пассажиров всеми видами транспорта,,,1738.4
2024,млн.человек,Перевезено пассажиров всеми видами транспорта,Абай,KZABY,62.9
2024,млн.человек,Перевезено пассажиров всеми видами транспорта,Акмолинская,KZAKM,29.7
2024,млн.человек,Перевезено пассажиров всеми видами транспорта,Актюбинская,KZAKT,68.1
2024,млн.человек,Перевезено пассажиров всеми видами транспорта,Алматинская,KZALM,29.0
2024,млн.человек,Перевезено пассажиров всеми видами транспорта,Атырауская,KZATY,47.9
2024,млн.человек,Перевезено пассажиров всеми видами транспорта,Западно-Казахстанская,KZZAP,68.4
2024,млн.человек,Перевезено пассажиров всеми видами транспорта,Жымбылская,KZZHA,92.4
2024,млн.человек,Перевезено пассажиров всеми видами транспорта,Жетісу,KZZHS,24.0
2024,млн.человек,Перевезено пассажиров всеми видами транспорта,Карагандинская,KZKAR,119.8
2024,млн.человек,Перевезено пассажиров всеми видами транспорта,Костанайская,KZKUS,53.5
2024,млн.человек,Перевезено пассажиров всеми видами транспорта,Кызылординская,KZKZY,35.0
2024,млн.человек,Перевезено пассажиров всеми видами транспорта,Мангистауская,KZMAN,54.5
2024,млн.человек,Перевезено пассажиров всеми видами транспорта,Туркестанская,KZYUZ,21.5
2024,млн.человек,Перевезено пассажиров всеми видами транспорта,Ұлытау,KZULU,17.5
2024,млн.человек,Перевезено пассажиров всеми видами транспорта,Павлодарская,KZPAV,72.6
2024,млн.человек,Перевезено пассажиров всеми видами транспорта,Северо-Казахстанская,KZSEV,30.6
2024,млн.человек,Перевезено пассажиров всеми видами транспорта,Восточно-Казахстанская,KZVOS,82.8
2024,млн.человек,Перевезено пассажиров всеми видами транспорта,г_Астана,KZNS,287.4
2024,млн.человек,Перевезено пассажиров всеми видами транспорта,г_Алматы,KZALA,460.0
2024,млн.человек,Перевезено пассажиров всеми видами транспорта,г_Шымкент,KZSHY,80.9
2024,тонн,перевезено грузов воздушным транспортом,,,27734.3
2024,тонн,перевезено грузов воздушным транспортом,Абай,KZABY,0.0
2024,тонн,перевезено грузов воздушным транспортом,Западно-Казахстанская,KZZAP,0.0
2024,тонн,перевезено грузов воздушным транспортом,Ұлытау,KZULU,0.0
2024,тонн,перевезено грузов воздушным транспортом,г_Астана,KZNS,3500.0
2024,тонн,перевезено грузов воздушным транспортом,г_Алматы,KZALA,16782.8
2024,тонн,перевезено грузов воздушным транспортом,г_Шымкент,KZSHY,7500.0
2024,тыс.человек,перевезено пассажиров воздушным транспортом,,,14449.7
2024,тыс.человек,перевезено пассажиров воздушным транспортом,Абай,KZABY,138.2
2024,тыс.человек,перевезено пассажиров воздушным транспортом,Акмолинская,KZAKM,25.1
2024,тыс.человек,перевезено пассажиров воздушным транспортом,Актюбинская,KZAKT,480.9
2024,тыс.человек,перевезено пассажиров воздушным транспортом,Алматинская,KZALM,0.0
2024,тыс.человек,перевезено пассажиров воздушным транспортом,Атырауская,KZATY,710.0
2024,тыс.человек,перевезено пассажиров воздушным транспортом,Карагандинская,KZKAR,252.7
2024,тыс.человек,перевезено пассажиров воздушным транспортом,Костанайская,KZKUS,96.8
2024,тыс.человек,перевезено пассажиров воздушным транспортом,Кызылординская,KZKZY,28.2
2024,тыс.человек,перевезено пассажиров воздушным транспортом,Западно-Казахстанская,KZZAP,134.6
2024,тыс.человек,перевезено пассажиров воздушным транспортом,Жымбылская,KZZHA,170.2
2024,тыс.человек,перевезено пассажиров воздушным транспортом,Жетісу,KZZHS,176.1
2024,тыс.человек,перевезено пассажиров воздушным транспортом,Мангистауская,KZMAN,924.0
2024,тыс.человек,перевезено пассажиров воздушным транспортом,Туркестанская,KZYUZ,107.2
2024,тыс.человек,перевезено пассажиров воздушным транспортом,Ұлытау,KZULU,59.9
2024,тыс.человек,перевезено пассажиров воздушным транспортом,Павлодарская,KZPAV,94.8
2024,тыс.человек,перевезено пассажиров воздушным транспортом,Северо-Казахстанская,KZSEV,60.2
2024,тыс.человек,перевезено пассажиров воздушным транспортом,Восточно-Казахстанская,KZVOS,332.9
2024,тыс.человек,перевезено пассажиров воздушным транспортом,г_Астана,KZNS,3954.3
2024,тыс.человек,перевезено пассажиров воздушным транспортом,г_Алматы,KZALA,5453.2
2024,тыс.человек,перевезено пассажиров воздушным транспортом,г_Шымкент,KZSHY,1250.5
2024,млн.тонн,показатели работы трубопроводного транспорта,,,299.8
2024,млн.тонн,показатели работы трубопроводного транспорта,Абай,KZABY,2.2
2024,млн.тонн,показатели работы трубопроводного транспорта,Актюбинская,KZAKT,16.3
2024,млн.тонн,показатели работы трубопроводного транспорта,Алматинская,KZALM,12.5
2024,млн.тонн,показатели работы трубопроводного транспорта,Атырауская,KZATY,89.3
2024,млн.тонн,показатели работы трубопроводного транспорта,Западно-Казахстанская,KZZAP,27.2
2024,млн.тонн,показатели работы трубопроводного транспорта,Жымбылская,KZZHA,15.7
2024,млн.тонн,показатели работы трубопроводного транспорта,Жетісу,KZZHS,5.6
2024,млн.тонн,показатели работы трубопроводного транспорта,Карагандинская,KZKAR,10.8
2024,млн.тонн,показатели работы трубопроводного транспорта,Костанайская,KZKUS,11.7
2024,млн.тонн,показатели работы трубопроводного транспорта,Кызылординская,KZKZY,11.7
2024,млн.тонн,показатели работы трубопроводного транспорта,Мангистауская,KZMAN,27.0
2024,млн.тонн,показатели работы трубопроводного транспорта,Павлодарская,KZPAV,11.8
2024,млн.тонн,показатели работы трубопроводного транспорта,Северо-Казахстанская,KZSEV,11.8
2024,млн.тонн,показатели работы трубопроводного транспорта,Туркестанская,KZYUZ,21.6
2024,млн.тонн,показатели работы трубопроводного транспорта,Ұлытау,KZULU,18.1
2024,млн.тонн,показатели работы трубопроводного транспорта,г_Астана,KZNS,0.5
2024,млн.тонн,показатели работы трубопроводного транспорта,г_Алматы,KZALA,0.0
2024,млн.тонн,показатели работы трубопроводного транспорта,г_Шымкент,KZSHY,6.0
2024,млн.тонн,Перевезено грузов с морским транспортом,,,4.0
2024,млн.тонн,Перевезено грузов с морским транспортом,Мангистауская,KZMAN,4.0
2024,млн.тонн,Перевезено пассажиров с морским транспортом,,,0.1
2024,млн.тонн,Перевезено пассажиров с морским транспортом,Мангистауская,KZMAN,0.1
2025,млн.тонн,Перевезено грузов всеми видами транспорта,,,964.7
2025,млн.тонн,Трубопроводный,,,257.6
2025,млн.тонн,Железнодорожный,,,339.7
2025,млн.тонн,Автомобильный,,,362.9
2025,млн.тонн,Воздушным,,,0.0
2025,млн.тонн,Внутренним водным,,,0.2
2025,млн.тонн,Морским,,,4.3
2025,млн.тонн,,Абай,KZABY,100.9
2025,млн.тонн,,Акмолинская,KZAKM,106.1
2025,млн.тонн,,Актюбинская,KZAKT,81.5
2025,млн.тонн,,Алматинская,KZALM,13.6
2025,млн.тонн,,Атырауская,KZATY,132.3
2025,млн.тонн,,Западно-Казахстанская,KZZAP,36.7
2025,млн.тонн,,Жымбылская,KZZHA,24.0
2025,млн.тонн,,Жетісу,KZZHS,24.6
2025,млн.тонн,,Карагандинская,KZKAR,108.9
2025,млн.тонн,,Костанайская,KZKUS,45.5
2025,млн.тонн,,Кызылординская,KZKZY,36.4
2025,млн.тонн,,Мангистауская,KZMAN,63.8
2025,млн.тонн,,Туркестанская,KZYUZ,66.3
2025,млн.тонн,,Ұлытау,KZULU,23.8
2025,млн.тонн,,Павлодарская,KZPAV,21.4
2025,млн.тонн,,Северо-Казахстанская,KZSEV,44.9
2025,млн.тонн,,Восточно-Казахстанская,KZVOS,20.7
2025,млн.тонн,,г_Астана,KZNS,56.6
2025,млн.тонн,,г_Алматы,KZALA,60.1
2025,млн.тонн,,г_Шымкент,KZSHY,29.9
2025,млн.человек,Перевезено пассажиров всеми видами транспорта,,,1960.2
2025,млн.человек,Железнодорожным транспортом,,,19.6
2025,млн.человек,Автомобильный,,,1845.4
2025,млн.человек,Внутренним водным,,,0.3
2025,млн.человек,Морским,,,0.0
2025,млн.человек,Воздушным,,,15.4
2025,млн.человек,Городской электрический,,,79.5
2025,млн.человек,,Абай,KZABY,56.0
2025,млн.человек,,Акмолинская,KZAKM,35.7
2025,млн.человек,,Актюбинская,KZAKT,81.9
2025,млн.человек,,Алматинская,KZALM,49.5
2025,млн.человек,,Атырауская,KZATY,56.2
2025,млн.человек,,Западно-Казахстанская,KZZAP,62.6
2025,млн.человек,,Жымбылская,KZZHA,114.1
2025,млн.человек,,Жетісу,KZZHS,30.1
2025,млн.человек,,Карагандинская,KZKAR,137.4
2025,млн.человек,,Костанайская,KZKUS,52.8
2025,млн.человек,,Кызылординская,KZKZY,47.7
2025,млн.человек,,Мангистауская,KZMAN,63.0
2025,млн.человек,,Туркестанская,KZYUZ,29.2
2025,млн.человек,,Ұлытау,KZULU,19.4
2025,млн.человек,,Павлодарская,KZPAV,82.9
2025,млн.человек,,Северо-Казахстанская,KZSEV,33.4
2025,млн.человек,,Восточно-Казахстанская,KZVOS,84.6
2025,млн.человек,,г_Астана,KZNS,328.6
2025,млн.человек,,г_Алматы,KZALA,479.7
2025,млн.человек,,г_Шымкент,KZSHY,115.2
2025,млн.тонн,перевезено грузов автомобильным  и городским  электрическим транспортом,,,362.9
2025,млн.тонн,перевезено грузов автомобильным  и городским  электрическим транспортом,Абай,KZABY,75.2
2025,млн.тонн,перевезено грузов автомобильным  и городским  электрическим транспортом,Акмолинская,KZAKM,84.7
2025,млн.тонн,перевезено грузов автомобильным  и городским  электрическим транспортом,Актюбинская,KZAKT,34.4
2025,млн.тонн,перевезено грузов автомобильным  и городским  электрическим транспортом,Алматинская,KZALM,7.3
2025,млн.тонн,перевезено грузов автомобильным  и городским  электрическим транспортом,Атырауская,KZATY,0.8
2025,млн.тонн,перевезено грузов автомобильным  и городским  электрическим транспортом,Западно-Казахстанская,KZZAP,3.2
2025,млн.тонн,перевезено грузов автомобильным  и городским  электрическим транспортом,Жымбылская,KZZHA,1.7
2025,млн.тонн,перевезено грузов автомобильным  и городским  электрическим транспортом,Жетісу,KZZHS,4.0
2025,млн.тонн,перевезено грузов автомобильным  и городским  электрическим транспортом,Карагандинская,KZKAR,52.2
2025,млн.тонн,перевезено грузов автомобильным  и городским  электрическим транспортом,Костанайская,KZKUS,9.0
2025,млн.тонн,перевезено грузов автомобильным  и городским  электрическим транспортом,Кызылординская,KZKZY,6.7
2025,млн.тонн,перевезено грузов автомобильным  и городским  электрическим транспортом,Мангистауская,KZMAN,3.6
2025,млн.тонн,перевезено грузов автомобильным  и городским  электрическим транспортом,Туркестанская,KZYUZ,3.0
2025,млн.тонн,перевезено грузов автомобильным  и городским  электрическим транспортом,Ұлытау,KZULU,1.0
2025,млн.тонн,перевезено грузов автомобильным  и городским  электрическим транспортом,Павлодарская,KZPAV,21.2
2025,млн.тонн,перевезено грузов автомобильным  и городским  электрическим транспортом,Северо-Казахстанская,KZSEV,6.6
2025,млн.тонн,перевезено грузов автомобильным  и городским  электрическим транспортом,Восточно-Казахстанская,KZVOS,16.0
2025,млн.тонн,перевезено грузов автомобильным  и городским  электрическим транспортом,г_Астана,KZNS,13.6
2025,млн.тонн,перевезено грузов автомобильным  и городским  электрическим транспортом,г_Алматы,KZALA,14.9
2025,млн.тонн,перевезено грузов автомобильным  и городским  электрическим транспортом,г_Шымкент,KZSHY,3.9
2025,млн.человек,Перевезено пассажиров всеми видами транспорта,,,1924.9
2025,млн.человек,Перевезено пассажиров всеми видами транспорта,Абай,KZABY,54.8
2025,млн.человек,Перевезено пассажиров всеми видами транспорта,Акмолинская,KZAKM,34.5
2025,млн.человек,Перевезено пассажиров всеми видами транспорта,Актюбинская,KZAKT,79.5
2025,млн.человек,Перевезено пассажиров всеми видами транспорта,Алматинская,KZALM,49.4
2025,млн.человек,Перевезено пассажиров всеми видами транспорта,Атырауская,KZATY,54.8
2025,млн.человек,Перевезено пассажиров всеми видами транспорта,Западно-Казахстанская,KZZAP,61.9
2025,млн.человек,Перевезено пассажиров всеми видами транспорта,Жымбылская,KZZHA,113.0
2025,млн.человек,Перевезено пассажиров всеми видами транспорта,Жетісу,KZZHS,29.8
2025,млн.человек,Перевезено пассажиров всеми видами транспорта,Карагандинская,KZKAR,135.6
2025,млн.человек,Перевезено пассажиров всеми видами транспорта,Костанайская,KZKUS,51.7
2025,млн.человек,Перевезено пассажиров всеми видами транспорта,Кызылординская,KZKZY,46.3
2025,млн.человек,Перевезено пассажиров всеми видами транспорта,Мангистауская,KZMAN,61.5
2025,млн.человек,Перевезено пассажиров всеми видами транспорта,Туркестанская,KZYUZ,28.6
2025,млн.человек,Перевезено пассажиров всеми видами транспорта,Ұлытау,KZULU,17.5
2025,млн.человек,Перевезено пассажиров всеми видами транспорта,Павлодарская,KZPAV,82.3
2025,млн.человек,Перевезено пассажиров всеми видами транспорта,Северо-Казахстанская,KZSEV,33.1
2025,млн.человек,Перевезено пассажиров всеми видами транспорта,Восточно-Казахстанская,KZVOS,83.9
2025,млн.человек,Перевезено пассажиров всеми видами транспорта,г_Астана,KZNS,321.2
2025,млн.человек,Перевезено пассажиров всеми видами транспорта,г_Алматы,KZALA,471.5
2025,млн.человек,Перевезено пассажиров всеми видами транспорта,г_Шымкент,KZSHY,112.9
2025,тонн,перевезено грузов воздушным транспортом,,,26700.0
2025,тонн,перевезено грузов воздушным транспортом,Абай,KZABY,0.0
2025,тонн,перевезено грузов воздушным транспортом,Западно-Казахстанская,KZZAP,0.0
2025,тонн,перевезено грузов воздушным транспортом,Ұлытау,KZULU,0.0
2025,тонн,перевезено грузов воздушным транспортом,Актюбинская,KZAKT,300.0
2025,тонн,перевезено грузов воздушным транспортом,Атырауская,KZATY,500.0
2025,тонн,перевезено грузов воздушным транспортом,Костанайская,KZKUS,100.0
2025,тонн,перевезено грузов воздушным транспортом,Мангистауская,KZMAN,300.0
2025,тонн,перевезено грузов воздушным транспортом,Туркестанская,KZYUZ,700.0
2025,тонн,перевезено грузов воздушным транспортом,Восточно-Казахстанская,KZVOS,100.0
2025,тонн,перевезено грузов воздушным транспортом,г_Астана,KZNS,4800.0
2025,тонн,перевезено грузов воздушным транспортом,г_Алматы,KZALA,19100.0
2025,тонн,перевезено грузов воздушным транспортом,г_Шымкент,KZSHY,600.0
2025,тыс.человек,перевезено пассажиров воздушным транспортом,,,15435.2
2025,тыс.человек,перевезено пассажиров воздушным транспортом,Абай,KZABY,162.3
2025,тыс.человек,перевезено пассажиров воздушным транспортом,Акмолинская,KZAKM,26.5
2025,тыс.человек,перевезено пассажиров воздушным транспортом,Актюбинская,KZAKT,568.1
2025,тыс.человек,перевезено пассажиров воздушным транспортом,Алматинская,KZALM,0.3
2025,тыс.человек,перевезено пассажиров воздушным транспортом,Атырауская,KZATY,747.8
2025,тыс.человек,перевезено пассажиров воздушным транспортом,Карагандинская,KZKAR,332.4
2025,тыс.человек,перевезено пассажиров воздушным транспортом,Костанайская,KZKUS,157.8
2025,тыс.человек,перевезено пассажиров воздушным транспортом,Кызылординская,KZKZY,23.0
2025,тыс.человек,перевезено пассажиров воздушным транспортом,Западно-Казахстанская,KZZAP,165.7
2025,тыс.человек,перевезено пассажиров воздушным транспортом,Жымбылская,KZZHA,238.0
2025,тыс.человек,перевезено пассажиров воздушным транспортом,Жетісу,KZZHS,203.6
2025,тыс.человек,перевезено пассажиров воздушным транспортом,Мангистауская,KZMAN,818.8
2025,тыс.человек,перевезено пассажиров воздушным транспортом,Туркестанская,KZYUZ,127.8
2025,тыс.человек,перевезено пассажиров воздушным транспортом,Ұлытау,KZULU,59.2
2025,тыс.человек,перевезено пассажиров воздушным транспортом,Павлодарская,KZPAV,22.6
2025,тыс.человек,перевезено пассажиров воздушным транспортом,Северо-Казахстанская,KZSEV,69.4
2025,тыс.человек,перевезено пассажиров воздушным транспортом,Восточно-Казахстанская,KZVOS,350.6
2025,тыс.человек,перевезено пассажиров воздушным транспортом,г_Астана,KZNS,4420.0
2025,тыс.человек,перевезено пассажиров воздушным транспортом,г_Алматы,KZALA,5547.4
2025,тыс.человек,перевезено пассажиров воздушным транспортом,г_Шымкент,KZSHY,1394.1
2025,млн.тонн,показатели работы трубопроводного транспорта,,,257.6
2025,млн.тонн,показатели работы трубопроводного транспорта,Абай,KZABY,11.1
2025,млн.тонн,показатели работы трубопроводного транспорта,Актюбинская,KZAKT,16.6
2025,млн.тонн,показатели работы трубопроводного транспорта,Алматинская,KZALM,2.5
2025,млн.тонн,показатели работы трубопроводного транспорта,Атырауская,KZATY,113.5
2025,млн.тонн,показатели работы трубопроводного транспорта,Западно-Казахстанская,KZZAP,29.8
2025,млн.тонн,показатели работы трубопроводного транспорта,Жымбылская,KZZHA,2.6
2025,млн.тонн,показатели работы трубопроводного транспорта,Жетісу,KZZHS,11.3
2025,млн.тонн,показатели работы трубопроводного транспорта,Карагандинская,KZKAR,17.3
2025,млн.тонн,показатели работы трубопроводного транспорта,Костанайская,KZKUS,11.7
2025,млн.тонн,показатели работы трубопроводного транспорта,Кызылординская,KZKZY,11.6
2025,млн.тонн,показатели работы трубопроводного транспорта,Мангистауская,KZMAN,41.7
2025,млн.тонн,показатели работы трубопроводного транспорта,Павлодарская,KZPAV,11.9
2025,млн.тонн,показатели работы трубопроводного транспорта,Северо-Казахстанская,KZSEV,11.9
2025,млн.тонн,показатели работы трубопроводного транспорта,Туркестанская,KZYUZ,9.5
2025,млн.тонн,показатели работы трубопроводного транспорта,Ұлытау,KZULU,37.5
2025,млн.тонн,показатели работы трубопроводного транспорта,г_Астана,KZNS,0.6
2025,млн.тонн,показатели работы трубопроводного транспорта,г_Алматы,KZALA,34.3
2025,млн.тонн,показатели работы трубопроводного транспорта,г_Шымкент,KZSHY,15.4
2025,млн.тонн,Перевезено грузов с морским транспортом,,,4.3
2025,млн.тонн,Перевезено грузов с морским транспортом,Мангистауская,KZMAN,4.3
2025,млн.тонн,Перевезено пассажиров с морским транспортом,,,0.0
2025,млн.тонн,Перевезено пассажиров с морским транспортом,Мангистауская,KZMAN,0.0
