Year,Value,UNIT_MEASURE
2012,6.08,Percent
2013,6.28,Percent
2014,6.38,Percent
2015,6.17,Percent
2016,5.947566036466102,Percent
2017,6.100887064527785,Percent
2018,5.9456315973679175,Percent
