Year,Value,UNIT_MEASURE
2010,12.879391290466549,Percent
2011,10.970942137064547,Percent
2012,11.271790081687811,Percent
2013,10.43330055387468,Percent
2014,10.152958581524668,Percent
2015,10.386638926724082,Percent
2016,10.747463290098189,Percent
2017,10.697367054408646,Percent
2018,10.760017273646314,Percent
2019,11.155350942031436,Percent
