Year,Value,UNIT_MEASURE
2010,13.168897245879881,thousands hectares
2011,21.991983967935877,thousands hectares
2012,27.274929864830398,thousands hectares
2013,17.15395157606213,thousands hectares
2014,21.34875115633673,thousands hectares
2015,18.737889273356398,thousands hectares
2016,13.521250000000002,thousands hectares
2017,18.38984438984439,thousands hectares
2018,21.266485998193318,thousands hectares
