Year,Value,UNIT_MEASURE
2016,85.4,Percent
2017,86.80755726815967,Percent
2018,87.92728522221233,Percent
2019,88.12097004703236,Percent
