Year,Value,UNIT_MEASURE
2015,9.700176366843033,Percent
2016,29.00590104403087,Percent
2017,39.81636060100167,Percent
2018,49.95730145175064,Percent
2019,41.7,Percent
