Year,Value,UNIT_MEASURE
2012,6.08,PT
2013,6.28,PT
2014,6.38,PT
2015,6.17,PT
2016,5.947566036466102,PT
2017,6.100887064527785,PT
2018,5.9456315973679175,PT
