Year,Value,UNIT_MEASURE
2010,12.879391290466547,PT
2011,10.970942137064547,PT
2012,11.271790081687813,PT
2013,10.43330055387468,PT
2014,10.152958581524668,PT
2015,10.386638926724082,PT
2016,10.747463290098189,PT
2017,10.697367054408646,PT
2018,10.760017273646314,PT
2019,11.155350942031436,PT
