Year,Value,UNIT_MEASURE
2010,13.44,PT
2011,14.10023908200086,PT
2012,13.204390372567032,PT
2013,13.275371720225834,PT
2014,12.9,PT
2015,11.9,PT
2016,12.8,PT
2017,12.8,PT
2018,13.4,PT
2019,13.4,PT
2020,12.2,PT
2021,13.4,PT
