Year,Value,GeoCode,SERIES,UNIT_MEASURE
2015,100.0,,SE_ACS_H2O,PT
2016,100.0,,SE_ACS_H2O,PT
2017,100.0,,SE_ACS_H2O,PT
2018,100.0,,SE_ACS_H2O,PT
2019,94.06596377399296,,SE_ACS_INTNT,PT
2019,100.0,,SE_ACS_H2O,PT
2019,41.57880508245472,,_L_KZ_040a01_1A,PT
2019,31.346309813463098,,_L_KZ_040a01_1B,PT
2019,27.074885104082185,,_L_KZ_040a01_1C,PT
