Year,Value,UNIT_MEASURE
2010,13.168897245879881,PT
2011,21.991983967935877,PT
2012,27.274929864830398,PT
2013,17.15395157606213,PT
2014,21.34875115633673,PT
2015,18.737889273356398,PT
2016,13.521250000000002,PT
2017,18.38984438984439,PT
2018,21.266485998193318,PT
