Year,Units,Value
2012,человек,6.081519545019794
2013,человек,6.281780310601058
2014,человек,6.3828146198341535
2015,человек,6.167102538579843
2016,человек,5.947566036466102
2017,человек,6.100887064527784
