Year,Units,Value
2010,тыс.тенге,1249382.0
2011,тыс.тенге,325575.2
2012,тыс.тенге,1238491.2
2013,тыс.тенге,385119.9
2014,тыс.тенге,753692.2999999998
2015,тыс.тенге,4354485.716
2016,тыс.тенге,348682.0
2017,тыс.тенге,1404379.2400000002
