Year,Units,Value
2010,кв.м.,18.4
2011,кв.м.,18.7
2012,кв.м.,19.6
2013,кв.м.,20.9
2014,кв.м.,21.0
2015,кв.м.,21.0
2016,кв.м.,21.4
2017,кв.м.,21.6
2018,кв.м.,21.7965425154738
2010,кв.м.,16.5
2011,кв.м.,16.6
2012,кв.м.,16.8
2013,кв.м.,17.4
2014,кв.м.,17.6
2015,кв.м.,17.8
2016,кв.м.,18.0
2017,кв.м.,18.2
2018,кв.м.,18.3956763880357
