Year,Value
2010,0.00053
2011,5e-05
2012,0.00015
2013,2.9999999999999997e-05
2014,9e-05
2015,0.0
2016,1e-05
2017,0.00011
2018,1e-05
