Year,Units,Value
2010,человек,0.00053
2011,человек,5e-05
2012,человек,0.00015
2013,человек,2.9999999999999997e-05
2014,человек,9e-05
2015,человек,0.0
2016,человек,1e-05
2017,человек,0.00011
2018,человек,1e-05
