Year,Units,Value
2010,процентах,109.56411103244758
2011,процентах,110.41075688312824
2012,процентах,105.19417128627536
2013,процентах,96.30522151258785
2014,процентах,105.26528073379808
2015,процентах,91.19186018612184
2016,процентах,110.87921169858481
2017,процентах,130.31106794540523
2018,процентах,104.5
