Year,Units,Value
2010,процент,13.449512659178328
2011,процент,14.10023908200086
2012,процент,13.204390372567033
2013,процент,13.275371720225834
2014,процент,12.0
2015,процент,11.0
2016,процент,12.0
2017,процент,12.0
2018,процент,13.4
2010,млн.тенге,21815517.0
2011,млн.тенге,28243052.7
2012,млн.тенге,31015186.6
2013,млн.тенге,35999025.1
2014,млн.тенге,39675832.90000001
2015,млн.тенге,40884133.6
2016,млн.тенге,46971150.0
2017,млн.тенге,53101281.8
2018,млн.тенге,59613707.5
