Year,Units,Value
2010,процент,27.2
2011,процент,38.4
2012,процент,36.8
2013,процент,34.6
2014,процент,32.0
2015,процент,12.9
2016,процент,14.1
2017,процент,18.5
2018,процент,24.1
2014,процент,15.09
2015,процент,6.9
2016,процент,10.82
2017,процент,14.71
2014,процент,0.05022078006029712
2015,процент,0.022563089834194264
2016,процент,0.004269713234613161
2017,процент,-0.012545183281941064
2014,процент,0.0
2015,процент,0.0
2016,процент,0.0
2017,процент,0.0
