Year,Units,Value
2010,на 100 000 населения,7.119281415759173
2011,на 100 000 населения,5.943033487362992
2012,на 100 000 населения,5.806305576393743
2013,на 100 000 населения,4.596270739717825
2014,на 100 000 населения,4.315060747783831
2015,на 100 000 населения,3.710922870605762
2016,на 100 000 населения,3.0965398274873266
2017,на 100 000 населения,2.8884035089722904
2018,на 100 000 населения,2.77
