Year,Units,Value
2010,на 100 000 населения,0.59429457601432
2011,на 100 000 населения,0.8032758677025179
2012,на 100 000 населения,0.4287733348721533
2013,на 100 000 населения,0.44025581798063457
2014,на 100 000 населения,0.3701928791664413
2015,на 100 000 населения,0.541532523360288
2016,на 100 000 населения,0.6968619575470572
2017,на 100 000 населения,0.9036590763739388
2018,на 100 000 населения,0.83
