Year,Units,Value
2015,,17.0
2016,,17.0
2017,,25.0
2015,,30.0
2016,,35.0
2017,,39.9
2018,,54.0
2017,,55.201664060425465
2018,,62.47969983759871
2018,,79.2102206736353
2017,,44.32732769538751
2018,,36.835670035865654
2017,,36.440745651166885
2018,,49.273416891691504
2016,,12.6
2017,,43.0
2018,,72.7
