Year,Units,Value
2012,,95.9
2013,,99.4
2014,,98.7
2015,,99.3
2016,,97.0
2017,,98.4
2018,,98.3
2018,,96.74010636093651
2012,,95.9767545820295
2013,,100.0
2014,,100.0
2015,,100.0
2016,,97.5470621791215
2017,,99.87110079917505
2018,,97.50346740638004
2012,,98.9916813713133
2013,,100.0
2014,,96.203953279425
2015,,100.0
2016,,96.4899316460373
2017,,98.74853996329053
2018,,98.13805631244324
2017,,100.0
2018,,100.0
2017,,100.0
2018,,100.0
