Year,Units,Value
2010,,1.9649331702056851
2011,,1.6520891278610954
2012,,1.5247049484968345
2013,,1.4305912865994137
2014,,1.3659516663669895
2015,,1.252793344727572
2016,,0.2833576125835884
2017,,0.2590459649982811
