Year,Units,Value
2011,процент,9.104880831682053
2012,процент,8.37653615703613
2013,процент,8.11190474163471
2014,процент,8.693493734842917
2015,процент,10.3083328825092
2016,процент,12.7
2017,процент,11.3
