Year,Units,Value
2018,тенге,749.9403816528461
2018,тенге,712.5847361063737
2018,тенге,1718.4145975772635
2018,тенге,612.5503305092177
2018,тенге,808.4899840439411
2018,тенге,685.4316642192142
2018,тенге,719.6827426954272
2018,тенге,1410.596779139893
2018,тенге,629.7078541847877
2018,тенге,774.1072345250178
2018,тенге,740.5936808949231
2018,тенге,577.0
