Year,Units,Value
2015,,15.569792275371153
2016,,33.601929310559534
2017,,7.5530878663314285
2015,,286.8825937696392
2016,,306.6036966649446
2017,,169.84183213456632
2015,,0.6691161121573223
2016,,1.8090815709497967
2017,,0.12537300629136067
