Year,Units,Value
2015,млн_долларов США,0.6691161121573223
2016,млн_долларов США,1.8090815709497967
2017,млн_долларов США,0.12537300629136067
