Year,Units,Value
2010,процент,0.15
2011,процент,0.15
2012,процент,0.17
2013,процент,0.17131769493391086
2014,процент,0.1672242147183758
2015,процент,0.16951050174633028
2016,процент,0.1417893749674002
2017,процент,0.13255423046168688
2018,процент,0.12
