Year,UNIT_MEASURE,Жынысы,Өңірлер,Аймақ,GeoCode,Value
2010,1000 туылғанға,ұлдар және қыздар,,,,11.53
2010,1000 туылғанға,ұлдар және қыздар,Абай,,KZABY,15.26
2010,1000 туылғанға,ұлдар және қыздар,Ақмола,,KZAKM,9.65
2010,1000 туылғанға,ұлдар және қыздар,Ақтөбе,,KZAKT,12.1
2010,1000 туылғанға,ұлдар және қыздар,Алматы,,KZALM,8.8
2010,1000 туылғанға,ұлдар және қыздар,Атырау,,KZATY,11.83
2010,1000 туылғанға,ұлдар және қыздар,Батыс Қазақстан,,KZZAP,9.96
2010,1000 туылғанға,ұлдар және қыздар,Жамбыл,,KZZHA,11.9
2010,1000 туылғанға,ұлдар және қыздар,Жетісу,,KZZHS,8.11
2010,1000 туылғанға,ұлдар және қыздар,Қарағанды,,KZKAR,9.18
2010,1000 туылғанға,ұлдар және қыздар,Қостанай,,KZKUS,9.3
2010,1000 туылғанға,ұлдар және қыздар,Қызылорда,,KZKZY,15.38
2010,1000 туылғанға,ұлдар және қыздар,Маңғыстау,,KZMAN,14.7
2010,1000 туылғанға,ұлдар және қыздар,Павлодар,,KZPAV,9.26
2010,1000 туылғанға,ұлдар және қыздар,Солтүстік Қазақстан,,KZSEV,8.72
2010,1000 туылғанға,ұлдар және қыздар,Түркістан,,KZYUZ,13.47
2010,1000 туылғанға,ұлдар және қыздар,Ұлытау,,KZULU,11.09
2010,1000 туылғанға,ұлдар және қыздар,Шығыс Қазақстан,,KZVOS,16.29
2010,1000 туылғанға,ұлдар және қыздар,Астана қаласы,,KZNS,7.32
2010,1000 туылғанға,ұлдар және қыздар,Алматы қаласы,,KZALA,13.68
2010,1000 туылғанға,ұлдар және қыздар,Шымкент қаласы,,KZSHY,10.92
2010,1000 туылғанға,ұлдар және қыздар,,қала,,12.24
2010,1000 туылғанға,ұлдар және қыздар,Абай,қала,KZABY,13.19
2010,1000 туылғанға,ұлдар және қыздар,Ақмола,қала,KZAKM,10.14
2010,1000 туылғанға,ұлдар және қыздар,Ақтөбе,қала,KZAKT,12.75
2010,1000 туылғанға,ұлдар және қыздар,Алматы,қала,KZALM,12.12
2010,1000 туылғанға,ұлдар және қыздар,Атырау,қала,KZATY,10.93
2010,1000 туылғанға,ұлдар және қыздар,Батыс Қазақстан,қала,KZZAP,9.61
2010,1000 туылғанға,ұлдар және қыздар,Жамбыл,қала,KZZHA,12.21
2010,1000 туылғанға,ұлдар және қыздар,Жетісу,қала,KZZHS,11.44
2010,1000 туылғанға,ұлдар және қыздар,Қарағанды,қала,KZKAR,9.34
2010,1000 туылғанға,ұлдар және қыздар,Қостанай,қала,KZKUS,8.93
2010,1000 туылғанға,ұлдар және қыздар,Қызылорда,қала,KZKZY,16.24
2010,1000 туылғанға,ұлдар және қыздар,Маңғыстау,қала,KZMAN,15.59
2010,1000 туылғанға,ұлдар және қыздар,Павлодар,қала,KZPAV,9.69
2010,1000 туылғанға,ұлдар және қыздар,Солтүстік Қазақстан,қала,KZSEV,8.56
2010,1000 туылғанға,ұлдар және қыздар,Түркістан,қала,KZYUZ,20.82
2010,1000 туылғанға,ұлдар және қыздар,Ұлытау,қала,KZULU,12.37
2010,1000 туылғанға,ұлдар және қыздар,Шығыс Қазақстан,қала,KZVOS,18.15
2010,1000 туылғанға,ұлдар және қыздар,Астана қаласы,қала,KZNS,7.32
2010,1000 туылғанға,ұлдар және қыздар,Алматы қаласы,қала,KZALA,13.68
2010,1000 туылғанға,ұлдар және қыздар,Шымкент қаласы,қала,KZSHY,10.92
2010,1000 туылғанға,ұлдар және қыздар,,ауыл,,10.67
2010,1000 туылғанға,ұлдар және қыздар,Абай,ауыл,KZABY,17.61
2010,1000 туылғанға,ұлдар және қыздар,Ақмола,ауыл,KZAKM,9.09
2010,1000 туылғанға,ұлдар және қыздар,Ақтөбе,ауыл,KZAKT,10.75
2010,1000 туылғанға,ұлдар және қыздар,Алматы,ауыл,KZALM,8.1
2010,1000 туылғанға,ұлдар және қыздар,Атырау,ауыл,KZATY,13.09
2010,1000 туылғанға,ұлдар және қыздар,Батыс Қазақстан,ауыл,KZZAP,10.36
2010,1000 туылғанға,ұлдар және қыздар,Жамбыл,ауыл,KZZHA,10.41
2010,1000 туылғанға,ұлдар және қыздар,Жетісу,ауыл,KZZHS,5.76
2010,1000 туылғанға,ұлдар және қыздар,Қарағанды,ауыл,KZKAR,8.61
2010,1000 туылғанға,ұлдар және қыздар,Қостанай,ауыл,KZKUS,9.66
2010,1000 туылғанға,ұлдар және қыздар,Қызылорда,ауыл,KZKZY,14.68
2010,1000 туылғанға,ұлдар және қыздар,Маңғыстау,ауыл,KZMAN,12.57
2010,1000 туылғанға,ұлдар және қыздар,Павлодар,ауыл,KZPAV,8.38
2010,1000 туылғанға,ұлдар және қыздар,Солтүстік Қазақстан,ауыл,KZSEV,8.83
2010,1000 туылғанға,ұлдар және қыздар,Түркістан,ауыл,KZYUZ,11.36
2010,1000 туылғанға,ұлдар және қыздар,Ұлытау,ауыл,KZULU,6.78
2010,1000 туылғанға,ұлдар және қыздар,Шығыс Қазақстан,ауыл,KZVOS,13.66
2010,1000 туылғанға,ерлер,,,,13.05
2010,1000 туылғанға,ерлер,Абай,,KZABY,17.46
2010,1000 туылғанға,ерлер,Ақмола,,KZAKM,11.88
2010,1000 туылғанға,ерлер,Ақтөбе,,KZAKT,14.57
2010,1000 туылғанға,ерлер,Алматы,,KZALM,10.01
2010,1000 туылғанға,ерлер,Атырау,,KZATY,13.34
2010,1000 туылғанға,ерлер,Батыс Қазақстан,,KZZAP,10.42
2010,1000 туылғанға,ерлер,Жамбыл,,KZZHA,13.19
2010,1000 туылғанға,ерлер,Жетісу,,KZZHS,8.54
2010,1000 туылғанға,ерлер,Қарағанды,,KZKAR,10.09
2010,1000 туылғанға,ерлер,Қостанай,,KZKUS,12.27
2010,1000 туылғанға,ерлер,Қызылорда,,KZKZY,16.54
2010,1000 туылғанға,ерлер,Маңғыстау,,KZMAN,13.45
2010,1000 туылғанға,ерлер,Павлодар,,KZPAV,10.37
2010,1000 туылғанға,ерлер,Солтүстік Қазақстан,,KZSEV,9.41
2010,1000 туылғанға,ерлер,Түркістан,,KZYUZ,15.35
2010,1000 туылғанға,ерлер,Ұлытау,,KZULU,12.32
2010,1000 туылғанға,ерлер,Шығыс Қазақстан,,KZVOS,17.88
2010,1000 туылғанға,ерлер,Астана қаласы,,KZNS,8.69
2010,1000 туылғанға,ерлер,Алматы қаласы,,KZALA,16.3
2010,1000 туылғанға,ерлер,Шымкент қаласы,,KZSHY,11.78
2010,1000 туылғанға,ерлер,,қала,,13.77
2010,1000 туылғанға,ерлер,Абай,қала,KZABY,13.73
2010,1000 туылғанға,ерлер,Ақмола,қала,KZAKM,12.09
2010,1000 туылғанға,ерлер,Ақтөбе,қала,KZAKT,15.41
2010,1000 туылғанға,ерлер,Алматы,қала,KZALM,15.97
2010,1000 туылғанға,ерлер,Атырау,қала,KZATY,11.72
2010,1000 туылғанға,ерлер,Батыс Қазақстан,қала,KZZAP,8.08
2010,1000 туылғанға,ерлер,Жамбыл,қала,KZZHA,13.39
2010,1000 туылғанға,ерлер,Жетісу,қала,KZZHS,13.05
2010,1000 туылғанға,ерлер,Қарағанды,қала,KZKAR,10.72
2010,1000 туылғанға,ерлер,Қостанай,қала,KZKUS,11.55
2010,1000 туылғанға,ерлер,Қызылорда,қала,KZKZY,17.69
2010,1000 туылғанға,ерлер,Маңғыстау,қала,KZMAN,14.82
2010,1000 туылғанға,ерлер,Павлодар,қала,KZPAV,9.52
2010,1000 туылғанға,ерлер,Солтүстік Қазақстан,қала,KZSEV,8.96
2010,1000 туылғанға,ерлер,Түркістан,қала,KZYUZ,24.19
2010,1000 туылғанға,ерлер,Ұлытау,қала,KZULU,14.27
2010,1000 туылғанға,ерлер,Шығыс Қазақстан,қала,KZVOS,19.65
2010,1000 туылғанға,ерлер,Астана қаласы,қала,KZNS,8.69
2010,1000 туылғанға,ерлер,Алматы қаласы,қала,KZALA,16.3
2010,1000 туылғанға,ерлер,Шымкент қаласы,қала,KZSHY,11.76
2010,1000 туылғанға,ерлер,,ауыл,,12.18
2010,1000 туылғанға,ерлер,Абай,ауыл,KZABY,21.54
2010,1000 туылғанға,ерлер,Ақмола,ауыл,KZAKM,11.65
2010,1000 туылғанға,ерлер,Ақтөбе,ауыл,KZAKT,12.78
2010,1000 туылғанға,ерлер,Алматы,ауыл,KZALM,8.77
2010,1000 туылғанға,ерлер,Атырау,ауыл,KZATY,15.57
2010,1000 туылғанға,ерлер,Батыс Қазақстан,ауыл,KZZAP,13.0
2010,1000 туылғанға,ерлер,Жамбыл,ауыл,KZZHA,13.06
2010,1000 туылғанға,ерлер,Жетісу,ауыл,KZZHS,5.4
2010,1000 туылғанға,ерлер,Қарағанды,ауыл,KZKAR,7.88
2010,1000 туылғанға,ерлер,Қостанай,ауыл,KZKUS,13.13
2010,1000 туылғанға,ерлер,Қызылорда,ауыл,KZKZY,15.6
2010,1000 туылғанға,ерлер,Маңғыстау,ауыл,KZMAN,12.1
2010,1000 туылғанға,ерлер,Павлодар,ауыл,KZPAV,12.07
2010,1000 туылғанға,ерлер,Солтүстік Қазақстан,ауыл,KZSEV,9.75
2010,1000 туылғанға,ерлер,Түркістан,ауыл,KZYUZ,12.78
2010,1000 туылғанға,ерлер,Ұлытау,ауыл,KZULU,5.76
2010,1000 туылғанға,ерлер,Шығыс Қазақстан,ауыл,KZVOS,15.39
2010,1000 туылғанға,әйелдер,,,,9.91
2010,1000 туылғанға,әйелдер,Абай,,KZABY,13.01
2010,1000 туылғанға,әйелдер,Ақмола,,KZAKM,7.26
2010,1000 туылғанға,әйелдер,Ақтөбе,,KZAKT,9.54
2010,1000 туылғанға,әйелдер,Алматы,,KZALM,7.49
2010,1000 туылғанға,әйелдер,Атырау,,KZATY,10.25
2010,1000 туылғанға,әйелдер,Батыс Қазақстан,,KZZAP,9.48
2010,1000 туылғанға,әйелдер,Жамбыл,,KZZHA,8.84
2010,1000 туылғанға,әйелдер,Жетісу,,KZZHS,7.66
2010,1000 туылғанға,әйелдер,Қарағанды,,KZKAR,8.23
2010,1000 туылғанға,әйелдер,Қостанай,,KZKUS,6.01
2010,1000 туылғанға,әйелдер,Қызылорда,,KZKZY,14.15
2010,1000 туылғанға,әйелдер,Маңғыстау,,KZMAN,14.74
2010,1000 туылғанға,әйелдер,Павлодар,,KZPAV,8.11
2010,1000 туылғанға,әйелдер,Солтүстік Қазақстан,,KZSEV,7.98
2010,1000 туылғанға,әйелдер,Түркістан,,KZYUZ,11.5
2010,1000 туылғанға,әйелдер,Ұлытау,,KZULU,9.84
2010,1000 туылғанға,әйелдер,Шығыс Қазақстан,,KZVOS,14.59
2010,1000 туылғанға,әйелдер,Астана қаласы,,KZNS,5.85
2010,1000 туылғанға,әйелдер,Алматы қаласы,,KZALA,10.87
2010,1000 туылғанға,әйелдер,Шымкент қаласы,,KZSHY,10.03
2010,1000 туылғанға,әйелдер,,қала,,10.62
2010,1000 туылғанға,әйелдер,Абай,қала,KZABY,12.65
2010,1000 туылғанға,әйелдер,Ақмола,қала,KZAKM,8.04
2010,1000 туылғанға,әйелдер,Ақтөбе,қала,KZAKT,9.97
2010,1000 туылғанға,әйелдер,Алматы,қала,KZALM,7.97
2010,1000 туылғанға,әйелдер,Атырау,қала,KZATY,10.08
2010,1000 туылғанға,әйелдер,Батыс Қазақстан,қала,KZZAP,11.19
2010,1000 туылғанға,әйелдер,Жамбыл,қала,KZZHA,10.91
2010,1000 туылғанға,әйелдер,Жетісу,қала,KZZHS,9.8
2010,1000 туылғанға,әйелдер,Қарағанды,қала,KZKAR,7.9
2010,1000 туылғанға,әйелдер,Қостанай,қала,KZKUS,6.05
2010,1000 туылғанға,әйелдер,Қызылорда,қала,KZKZY,14.7
2010,1000 туылғанға,әйелдер,Маңғыстау,қала,KZMAN,16.45
2010,1000 туылғанға,әйелдер,Павлодар,қала,KZPAV,9.87
2010,1000 туылғанға,әйелдер,Солтүстік Қазақстан,қала,KZSEV,8.14
2010,1000 туылғанға,әйелдер,Түркістан,қала,KZYUZ,17.22
2010,1000 туылғанға,әйелдер,Ұлытау,қала,KZULU,10.45
2010,1000 туылғанға,әйелдер,Шығыс Қазақстан,қала,KZVOS,16.55
2010,1000 туылғанға,әйелдер,Астана қаласы,қала,KZNS,5.85
2010,1000 туылғанға,әйелдер,Алматы қаласы,қала,KZALA,10.87
2010,1000 туылғанға,әйелдер,Шымкент қаласы,қала,KZSHY,10.03
2010,1000 туылғанға,әйелдер,,ауыл,,9.07
2010,1000 туылғанға,әйелдер,Абай,ауыл,KZABY,13.44
2010,1000 туылғанға,әйелдер,Ақмола,ауыл,KZAKM,6.36
2010,1000 туылғанға,әйелдер,Ақтөбе,ауыл,KZAKT,8.67
2010,1000 туылғанға,әйелдер,Алматы,ауыл,KZALM,7.39
2010,1000 туылғанға,әйелдер,Атырау,ауыл,KZATY,10.48
2010,1000 туылғанға,әйелдер,Батыс Қазақстан,ауыл,KZZAP,7.48
2010,1000 туылғанға,әйелдер,Жамбыл,ауыл,KZZHA,7.61
2010,1000 туылғанға,әйелдер,Жетісу,ауыл,KZZHS,6.13
2010,1000 туылғанға,әйелдер,Қарағанды,ауыл,KZKAR,9.39
2010,1000 туылғанға,әйелдер,Қостанай,ауыл,KZKUS,5.95
2010,1000 туылғанға,әйелдер,Қызылорда,ауыл,KZKZY,13.69
2010,1000 туылғанға,әйелдер,Маңғыстау,ауыл,KZMAN,13.08
2010,1000 туылғанға,әйелдер,Павлодар,ауыл,KZPAV,4.53
2010,1000 туылғанға,әйелдер,Солтүстік Қазақстан,ауыл,KZSEV,7.86
2010,1000 туылғанға,әйелдер,Түркістан,ауыл,KZYUZ,9.87
2010,1000 туылғанға,әйелдер,Ұлытау,ауыл,KZULU,7.81
2010,1000 туылғанға,әйелдер,Шығыс Қазақстан,ауыл,KZVOS,11.8
2011,1000 туылғанға,ұлдар және қыздар,,,,9.81
2011,1000 туылғанға,ұлдар және қыздар,Абай,,KZABY,11.99
2011,1000 туылғанға,ұлдар және қыздар,Ақмола,,KZAKM,10.02
2011,1000 туылғанға,ұлдар және қыздар,Ақтөбе,,KZAKT,7.2
2011,1000 туылғанға,ұлдар және қыздар,Алматы,,KZALM,7.23
2011,1000 туылғанға,ұлдар және қыздар,Атырау,,KZATY,11.82
2011,1000 туылғанға,ұлдар және қыздар,Батыс Қазақстан,,KZZAP,8.83
2011,1000 туылғанға,ұлдар және қыздар,Жамбыл,,KZZHA,9.59
2011,1000 туылғанға,ұлдар және қыздар,Жетісу,,KZZHS,9.08
2011,1000 туылғанға,ұлдар және қыздар,Қарағанды,,KZKAR,6.25
2011,1000 туылғанға,ұлдар және қыздар,Қостанай,,KZKUS,7.77
2011,1000 туылғанға,ұлдар және қыздар,Қызылорда,,KZKZY,11.83
2011,1000 туылғанға,ұлдар және қыздар,Маңғыстау,,KZMAN,12.63
2011,1000 туылғанға,ұлдар және қыздар,Павлодар,,KZPAV,8.83
2011,1000 туылғанға,ұлдар және қыздар,Солтүстік Қазақстан,,KZSEV,7.04
2011,1000 туылғанға,ұлдар және қыздар,Түркістан,,KZYUZ,9.91
2011,1000 туылғанға,ұлдар және қыздар,Ұлытау,,KZULU,7.94
2011,1000 туылғанға,ұлдар және қыздар,Шығыс Қазақстан,,KZVOS,15.0
2011,1000 туылғанға,ұлдар және қыздар,Астана қаласы,,KZNS,7.11
2011,1000 туылғанға,ұлдар және қыздар,Алматы қаласы,,KZALA,13.66
2011,1000 туылғанға,ұлдар және қыздар,Шымкент қаласы,,KZSHY,11.12
2011,1000 туылғанға,ұлдар және қыздар,,қала,,10.89
2011,1000 туылғанға,ұлдар және қыздар,Абай,қала,KZABY,10.52
2011,1000 туылғанға,ұлдар және қыздар,Ақмола,қала,KZAKM,11.1
2011,1000 туылғанға,ұлдар және қыздар,Ақтөбе,қала,KZAKT,7.25
2011,1000 туылғанға,ұлдар және қыздар,Алматы,қала,KZALM,11.46
2011,1000 туылғанға,ұлдар және қыздар,Атырау,қала,KZATY,11.43
2011,1000 туылғанға,ұлдар және қыздар,Батыс Қазақстан,қала,KZZAP,7.8
2011,1000 туылғанға,ұлдар және қыздар,Жамбыл,қала,KZZHA,12.13
2011,1000 туылғанға,ұлдар және қыздар,Жетісу,қала,KZZHS,9.26
2011,1000 туылғанға,ұлдар және қыздар,Қарағанды,қала,KZKAR,6.11
2011,1000 туылғанға,ұлдар және қыздар,Қостанай,қала,KZKUS,8.38
2011,1000 туылғанға,ұлдар және қыздар,Қызылорда,қала,KZKZY,12.01
2011,1000 туылғанға,ұлдар және қыздар,Маңғыстау,қала,KZMAN,14.07
2011,1000 туылғанға,ұлдар және қыздар,Павлодар,қала,KZPAV,8.09
2011,1000 туылғанға,ұлдар және қыздар,Солтүстік Қазақстан,қала,KZSEV,6.29
2011,1000 туылғанға,ұлдар және қыздар,Түркістан,қала,KZYUZ,19.85
2011,1000 туылғанға,ұлдар және қыздар,Ұлытау,қала,KZULU,8.0
2011,1000 туылғанға,ұлдар және қыздар,Шығыс Қазақстан,қала,KZVOS,16.12
2011,1000 туылғанға,ұлдар және қыздар,Астана қаласы,қала,KZNS,7.11
2011,1000 туылғанға,ұлдар және қыздар,Алматы қаласы,қала,KZALA,13.66
2011,1000 туылғанға,ұлдар және қыздар,Шымкент қаласы,қала,KZSHY,11.12
2011,1000 туылғанға,ұлдар және қыздар,,ауыл,,8.48
2011,1000 туылғанға,ұлдар және қыздар,Абай,ауыл,KZABY,13.89
2011,1000 туылғанға,ұлдар және қыздар,Ақмола,ауыл,KZAKM,8.82
2011,1000 туылғанға,ұлдар және қыздар,Ақтөбе,ауыл,KZAKT,7.07
2011,1000 туылғанға,ұлдар және қыздар,Алматы,ауыл,KZALM,6.36
2011,1000 туылғанға,ұлдар және қыздар,Атырау,ауыл,KZATY,12.29
2011,1000 туылғанға,ұлдар және қыздар,Батыс Қазақстан,ауыл,KZZAP,10.02
2011,1000 туылғанға,ұлдар және қыздар,Жамбыл,ауыл,KZZHA,7.99
2011,1000 туылғанға,ұлдар және қыздар,Жетісу,ауыл,KZZHS,8.95
2011,1000 туылғанға,ұлдар және қыздар,Қарағанды,ауыл,KZKAR,6.77
2011,1000 туылғанға,ұлдар және қыздар,Қостанай,ауыл,KZKUS,7.02
2011,1000 туылғанға,ұлдар және қыздар,Қызылорда,ауыл,KZKZY,11.67
2011,1000 туылғанға,ұлдар және қыздар,Маңғыстау,ауыл,KZMAN,11.22
2011,1000 туылғанға,ұлдар және қыздар,Павлодар,ауыл,KZPAV,10.33
2011,1000 туылғанға,ұлдар және қыздар,Солтүстік Қазақстан,ауыл,KZSEV,7.62
2011,1000 туылғанға,ұлдар және қыздар,Түркістан,ауыл,KZYUZ,7.0
2011,1000 туылғанға,ұлдар және қыздар,Ұлытау,ауыл,KZULU,7.67
2011,1000 туылғанға,ұлдар және қыздар,Шығыс Қазақстан,ауыл,KZVOS,13.27
2011,1000 туылғанға,ерлер,,,,11.13
2011,1000 туылғанға,ерлер,Абай,,KZABY,13.89
2011,1000 туылғанға,ерлер,Ақмола,,KZAKM,10.75
2011,1000 туылғанға,ерлер,Ақтөбе,,KZAKT,9.18
2011,1000 туылғанға,ерлер,Алматы,,KZALM,8.61
2011,1000 туылғанға,ерлер,Атырау,,KZATY,13.31
2011,1000 туылғанға,ерлер,Батыс Қазақстан,,KZZAP,9.75
2011,1000 туылғанға,ерлер,Жамбыл,,KZZHA,10.44
2011,1000 туылғанға,ерлер,Жетісу,,KZZHS,10.84
2011,1000 туылғанға,ерлер,Қарағанды,,KZKAR,7.65
2011,1000 туылғанға,ерлер,Қостанай,,KZKUS,8.81
2011,1000 туылғанға,ерлер,Қызылорда,,KZKZY,13.77
2011,1000 туылғанға,ерлер,Маңғыстау,,KZMAN,13.31
2011,1000 туылғанға,ерлер,Павлодар,,KZPAV,9.49
2011,1000 туылғанға,ерлер,Солтүстік Қазақстан,,KZSEV,8.68
2011,1000 туылғанға,ерлер,Түркістан,,KZYUZ,11.62
2011,1000 туылғанға,ерлер,Ұлытау,,KZULU,7.8
2011,1000 туылғанға,ерлер,Шығыс Қазақстан,,KZVOS,17.65
2011,1000 туылғанға,ерлер,Астана қаласы,,KZNS,7.65
2011,1000 туылғанға,ерлер,Алматы қаласы,,KZALA,14.67
2011,1000 туылғанға,ерлер,Шымкент қаласы,,KZSHY,12.09
2011,1000 туылғанға,ерлер,,қала,,12.27
2011,1000 туылғанға,ерлер,Абай,қала,KZABY,12.24
2011,1000 туылғанға,ерлер,Ақмола,қала,KZAKM,11.84
2011,1000 туылғанға,ерлер,Ақтөбе,қала,KZAKT,8.99
2011,1000 туылғанға,ерлер,Алматы,қала,KZALM,13.0
2011,1000 туылғанға,ерлер,Атырау,қала,KZATY,14.14
2011,1000 туылғанға,ерлер,Батыс Қазақстан,қала,KZZAP,8.09
2011,1000 туылғанға,ерлер,Жамбыл,қала,KZZHA,13.57
2011,1000 туылғанға,ерлер,Жетісу,қала,KZZHS,11.76
2011,1000 туылғанға,ерлер,Қарағанды,қала,KZKAR,7.73
2011,1000 туылғанға,ерлер,Қостанай,қала,KZKUS,10.24
2011,1000 туылғанға,ерлер,Қызылорда,қала,KZKZY,13.0
2011,1000 туылғанға,ерлер,Маңғыстау,қала,KZMAN,14.49
2011,1000 туылғанға,ерлер,Павлодар,қала,KZPAV,9.74
2011,1000 туылғанға,ерлер,Солтүстік Қазақстан,қала,KZSEV,7.5
2011,1000 туылғанға,ерлер,Түркістан,қала,KZYUZ,22.94
2011,1000 туылғанға,ерлер,Ұлытау,қала,KZULU,7.66
2011,1000 туылғанға,ерлер,Шығыс Қазақстан,қала,KZVOS,17.98
2011,1000 туылғанға,ерлер,Астана қаласы,қала,KZNS,7.65
2011,1000 туылғанға,ерлер,Алматы қаласы,қала,KZALA,14.68
2011,1000 туылғанға,ерлер,Шымкент қаласы,қала,KZSHY,12.09
2011,1000 туылғанға,ерлер,,ауыл,,9.73
2011,1000 туылғанға,ерлер,Абай,ауыл,KZABY,15.99
2011,1000 туылғанға,ерлер,Ақмола,ауыл,KZAKM,9.48
2011,1000 туылғанға,ерлер,Ақтөбе,ауыл,KZAKT,9.63
2011,1000 туылғанға,ерлер,Алматы,ауыл,KZALM,7.68
2011,1000 туылғанға,ерлер,Атырау,ауыл,KZATY,12.3
2011,1000 туылғанға,ерлер,Батыс Қазақстан,ауыл,KZZAP,11.72
2011,1000 туылғанға,ерлер,Жамбыл,ауыл,KZZHA,8.46
2011,1000 туылғанға,ерлер,Жетісу,ауыл,KZZHS,10.2
2011,1000 туылғанға,ерлер,Қарағанды,ауыл,KZKAR,7.36
2011,1000 туылғанға,ерлер,Қостанай,ауыл,KZKUS,7.0
2011,1000 туылғанға,ерлер,Қызылорда,ауыл,KZKZY,14.42
2011,1000 туылғанға,ерлер,Маңғыстау,ауыл,KZMAN,12.18
2011,1000 туылғанға,ерлер,Павлодар,ауыл,KZPAV,8.99
2011,1000 туылғанға,ерлер,Солтүстік Қазақстан,ауыл,KZSEV,9.62
2011,1000 туылғанға,ерлер,Түркістан,ауыл,KZYUZ,8.28
2011,1000 туылғанға,ерлер,Ұлытау,ауыл,KZULU,8.37
2011,1000 туылғанға,ерлер,Шығыс Қазақстан,ауыл,KZVOS,17.11
2011,1000 туылғанға,әйелдер,,,,8.4
2011,1000 туылғанға,әйелдер,Абай,,KZABY,9.97
2011,1000 туылғанға,әйелдер,Ақмола,,KZAKM,9.22
2011,1000 туылғанға,әйелдер,Ақтөбе,,KZAKT,5.09
2011,1000 туылғанға,әйелдер,Алматы,,KZALM,5.81
2011,1000 туылғанға,әйелдер,Атырау,,KZATY,10.23
2011,1000 туылғанға,әйелдер,Батыс Қазақстан,,KZZAP,7.84
2011,1000 туылғанға,әйелдер,Жамбыл,,KZZHA,8.68
2011,1000 туылғанға,әйелдер,Жетісу,,KZZHS,7.16
2011,1000 туылғанға,әйелдер,Қарағанды,,KZKAR,4.81
2011,1000 туылғанға,әйелдер,Қостанай,,KZKUS,6.7
2011,1000 туылғанға,әйелдер,Қызылорда,,KZKZY,9.76
2011,1000 туылғанға,әйелдер,Маңғыстау,,KZMAN,11.9
2011,1000 туылғанға,әйелдер,Павлодар,,KZPAV,8.13
2011,1000 туылғанға,әйелдер,Солтүстік Қазақстан,,KZSEV,5.27
2011,1000 туылғанға,әйелдер,Түркістан,,KZYUZ,8.09
2011,1000 туылғанға,әйелдер,Ұлытау,,KZULU,8.07
2011,1000 туылғанға,әйелдер,Шығыс Қазақстан,,KZVOS,12.2
2011,1000 туылғанға,әйелдер,Астана қаласы,,KZNS,6.54
2011,1000 туылғанға,әйелдер,Алматы қаласы,,KZALA,12.54
2011,1000 туылғанға,әйелдер,Шымкент қаласы,,KZSHY,10.11
2011,1000 туылғанға,әйелдер,,қала,,9.42
2011,1000 туылғанға,әйелдер,Абай,қала,KZABY,8.68
2011,1000 туылғанға,әйелдер,Ақмола,қала,KZAKM,10.25
2011,1000 туылғанға,әйелдер,Ақтөбе,қала,KZAKT,5.37
2011,1000 туылғанға,әйелдер,Алматы,қала,KZALM,9.82
2011,1000 туылғанға,әйелдер,Атырау,қала,KZATY,8.63
2011,1000 туылғанға,әйелдер,Батыс Қазақстан,қала,KZZAP,7.49
2011,1000 туылғанға,әйелдер,Жамбыл,қала,KZZHA,10.58
2011,1000 туылғанға,әйелдер,Жетісу,қала,KZZHS,6.6
2011,1000 туылғанға,әйелдер,Қарағанды,қала,KZKAR,4.43
2011,1000 туылғанға,әйелдер,Қостанай,қала,KZKUS,6.41
2011,1000 туылғанға,әйелдер,Қызылорда,қала,KZKZY,10.96
2011,1000 туылғанға,әйелдер,Маңғыстау,қала,KZMAN,13.62
2011,1000 туылғанға,әйелдер,Павлодар,қала,KZPAV,6.37
2011,1000 туылғанға,әйелдер,Солтүстік Қазақстан,қала,KZSEV,4.96
2011,1000 туылғанға,әйелдер,Түркістан,қала,KZYUZ,16.53
2011,1000 туылғанға,әйелдер,Ұлытау,қала,KZULU,8.34
2011,1000 туылғанға,әйелдер,Шығыс Қазақстан,қала,KZVOS,14.11
2011,1000 туылғанға,әйелдер,Астана қаласы,қала,KZNS,6.54
2011,1000 туылғанға,әйелдер,Алматы қаласы,қала,KZALA,12.54
2011,1000 туылғанға,әйелдер,Шымкент қаласы,қала,KZSHY,10.11
2011,1000 туылғанға,әйелдер,,ауыл,,7.15
2011,1000 туылғанға,әйелдер,Абай,ауыл,KZABY,11.62
2011,1000 туылғанға,әйелдер,Ақмола,ауыл,KZAKM,8.13
2011,1000 туылғанға,әйелдер,Ақтөбе,ауыл,KZAKT,4.48
2011,1000 туылғанға,әйелдер,Алматы,ауыл,KZALM,5.0
2011,1000 туылғанға,әйелдер,Атырау,ауыл,KZATY,12.28
2011,1000 туылғанға,әйелдер,Батыс Қазақстан,ауыл,KZZAP,8.24
2011,1000 туылғанға,әйелдер,Жамбыл,ауыл,KZZHA,7.48
2011,1000 туылғанға,әйелдер,Жетісу,ауыл,KZZHS,7.56
2011,1000 туылғанға,әйелдер,Қарағанды,ауыл,KZKAR,6.15
2011,1000 туылғанға,әйелдер,Қостанай,ауыл,KZKUS,7.04
2011,1000 туылғанға,әйелдер,Қызылорда,ауыл,KZKZY,8.73
2011,1000 туылғанға,әйелдер,Маңғыстау,ауыл,KZMAN,10.15
2011,1000 туылғанға,әйелдер,Павлодар,ауыл,KZPAV,11.8
2011,1000 туылғанға,әйелдер,Солтүстік Қазақстан,ауыл,KZSEV,5.51
2011,1000 туылғанға,әйелдер,Түркістан,ауыл,KZYUZ,5.62
2011,1000 туылғанға,әйелдер,Ұлытау,ауыл,KZULU,6.9
2011,1000 туылғанға,әйелдер,Шығыс Қазақстан,ауыл,KZVOS,9.31
2012,1000 туылғанға,ұлдар және қыздар,,,,9.03
2012,1000 туылғанға,ұлдар және қыздар,Абай,,KZABY,12.59
2012,1000 туылғанға,ұлдар және қыздар,Ақмола,,KZAKM,6.92
2012,1000 туылғанға,ұлдар және қыздар,Ақтөбе,,KZAKT,8.78
2012,1000 туылғанға,ұлдар және қыздар,Алматы,,KZALM,7.61
2012,1000 туылғанға,ұлдар және қыздар,Атырау,,KZATY,11.55
2012,1000 туылғанға,ұлдар және қыздар,Батыс Қазақстан,,KZZAP,7.01
2012,1000 туылғанға,ұлдар және қыздар,Жамбыл,,KZZHA,8.72
2012,1000 туылғанға,ұлдар және қыздар,Жетісу,,KZZHS,7.27
2012,1000 туылғанға,ұлдар және қыздар,Қарағанды,,KZKAR,6.67
2012,1000 туылғанға,ұлдар және қыздар,Қостанай,,KZKUS,9.69
2012,1000 туылғанға,ұлдар және қыздар,Қызылорда,,KZKZY,13.01
2012,1000 туылғанға,ұлдар және қыздар,Маңғыстау,,KZMAN,9.25
2012,1000 туылғанға,ұлдар және қыздар,Павлодар,,KZPAV,6.53
2012,1000 туылғанға,ұлдар және қыздар,Солтүстік Қазақстан,,KZSEV,7.11
2012,1000 туылғанға,ұлдар және қыздар,Түркістан,,KZYUZ,10.14
2012,1000 туылғанға,ұлдар және қыздар,Ұлытау,,KZULU,7.82
2012,1000 туылғанға,ұлдар және қыздар,Шығыс Қазақстан,,KZVOS,12.68
2012,1000 туылғанға,ұлдар және қыздар,Астана қаласы,,KZNS,6.99
2012,1000 туылғанға,ұлдар және қыздар,Алматы қаласы,,KZALA,9.66
2012,1000 туылғанға,ұлдар және қыздар,Шымкент қаласы,,KZSHY,8.13
2012,1000 туылғанға,ұлдар және қыздар,,қала,,9.39
2012,1000 туылғанға,ұлдар және қыздар,Абай,қала,KZABY,14.2
2012,1000 туылғанға,ұлдар және қыздар,Ақмола,қала,KZAKM,8.52
2012,1000 туылғанға,ұлдар және қыздар,Ақтөбе,қала,KZAKT,10.17
2012,1000 туылғанға,ұлдар және қыздар,Алматы,қала,KZALM,8.47
2012,1000 туылғанға,ұлдар және қыздар,Атырау,қала,KZATY,11.8
2012,1000 туылғанға,ұлдар және қыздар,Батыс Қазақстан,қала,KZZAP,5.88
2012,1000 туылғанға,ұлдар және қыздар,Жамбыл,қала,KZZHA,8.97
2012,1000 туылғанға,ұлдар және қыздар,Жетісу,қала,KZZHS,8.62
2012,1000 туылғанға,ұлдар және қыздар,Қарағанды,қала,KZKAR,7.14
2012,1000 туылғанға,ұлдар және қыздар,Қостанай,қала,KZKUS,10.37
2012,1000 туылғанға,ұлдар және қыздар,Қызылорда,қала,KZKZY,12.39
2012,1000 туылғанға,ұлдар және қыздар,Маңғыстау,қала,KZMAN,8.06
2012,1000 туылғанға,ұлдар және қыздар,Павлодар,қала,KZPAV,6.69
2012,1000 туылғанға,ұлдар және қыздар,Солтүстік Қазақстан,қала,KZSEV,7.65
2012,1000 туылғанға,ұлдар және қыздар,Түркістан,қала,KZYUZ,14.45
2012,1000 туылғанға,ұлдар және қыздар,Ұлытау,қала,KZULU,7.85
2012,1000 туылғанға,ұлдар және қыздар,Шығыс Қазақстан,қала,KZVOS,12.86
2012,1000 туылғанға,ұлдар және қыздар,Астана қаласы,қала,KZNS,6.99
2012,1000 туылғанға,ұлдар және қыздар,Алматы қаласы,қала,KZALA,9.66
2012,1000 туылғанға,ұлдар және қыздар,Шымкент қаласы,қала,KZSHY,8.13
2012,1000 туылғанға,ұлдар және қыздар,,ауыл,,8.58
2012,1000 туылғанға,ұлдар және қыздар,Абай,ауыл,KZABY,10.29
2012,1000 туылғанға,ұлдар және қыздар,Ақмола,ауыл,KZAKM,5.15
2012,1000 туылғанға,ұлдар және қыздар,Ақтөбе,ауыл,KZAKT,5.43
2012,1000 туылғанға,ұлдар және қыздар,Алматы,ауыл,KZALM,7.43
2012,1000 туылғанға,ұлдар және қыздар,Атырау,ауыл,KZATY,11.22
2012,1000 туылғанға,ұлдар және қыздар,Батыс Қазақстан,ауыл,KZZAP,8.53
2012,1000 туылғанға,ұлдар және қыздар,Жамбыл,ауыл,KZZHA,8.55
2012,1000 туылғанға,ұлдар және қыздар,Жетісу,ауыл,KZZHS,6.3
2012,1000 туылғанға,ұлдар және қыздар,Қарағанды,ауыл,KZKAR,5.04
2012,1000 туылғанға,ұлдар және қыздар,Қостанай,ауыл,KZKUS,8.74
2012,1000 туылғанға,ұлдар және қыздар,Қызылорда,ауыл,KZKZY,13.54
2012,1000 туылғанға,ұлдар және қыздар,Маңғыстау,ауыл,KZMAN,10.33
2012,1000 туылғанға,ұлдар және қыздар,Павлодар,ауыл,KZPAV,6.17
2012,1000 туылғанға,ұлдар және қыздар,Солтүстік Қазақстан,ауыл,KZSEV,6.67
2012,1000 туылғанға,ұлдар және қыздар,Түркістан,ауыл,KZYUZ,8.83
2012,1000 туылғанға,ұлдар және қыздар,Ұлытау,ауыл,KZULU,7.7
2012,1000 туылғанға,ұлдар және қыздар,Шығыс Қазақстан,ауыл,KZVOS,12.36
2012,1000 туылғанға,ерлер,,,,10.11
2012,1000 туылғанға,ерлер,Абай,,KZABY,12.6
2012,1000 туылғанға,ерлер,Ақмола,,KZAKM,6.47
2012,1000 туылғанға,ерлер,Ақтөбе,,KZAKT,9.2
2012,1000 туылғанға,ерлер,Алматы,,KZALM,9.4
2012,1000 туылғанға,ерлер,Атырау,,KZATY,11.54
2012,1000 туылғанға,ерлер,Батыс Қазақстан,,KZZAP,9.17
2012,1000 туылғанға,ерлер,Жамбыл,,KZZHA,10.08
2012,1000 туылғанға,ерлер,Жетісу,,KZZHS,8.7
2012,1000 туылғанға,ерлер,Қарағанды,,KZKAR,7.46
2012,1000 туылғанға,ерлер,Қостанай,,KZKUS,11.9
2012,1000 туылғанға,ерлер,Қызылорда,,KZKZY,14.04
2012,1000 туылғанға,ерлер,Маңғыстау,,KZMAN,9.7
2012,1000 туылғанға,ерлер,Павлодар,,KZPAV,8.16
2012,1000 туылғанға,ерлер,Солтүстік Қазақстан,,KZSEV,8.29
2012,1000 туылғанға,ерлер,Түркістан,,KZYUZ,11.18
2012,1000 туылғанға,ерлер,Ұлытау,,KZULU,7.82
2012,1000 туылғанға,ерлер,Шығыс Қазақстан,,KZVOS,15.31
2012,1000 туылғанға,ерлер,Астана қаласы,,KZNS,8.12
2012,1000 туылғанға,ерлер,Алматы қаласы,,KZALA,10.63
2012,1000 туылғанға,ерлер,Шымкент қаласы,,KZSHY,9.25
2012,1000 туылғанға,ерлер,,қала,,10.36
2012,1000 туылғанға,ерлер,Абай,қала,KZABY,13.93
2012,1000 туылғанға,ерлер,Ақмола,қала,KZAKM,8.2
2012,1000 туылғанға,ерлер,Ақтөбе,қала,KZAKT,10.03
2012,1000 туылғанға,ерлер,Алматы,қала,KZALM,9.75
2012,1000 туылғанға,ерлер,Атырау,қала,KZATY,12.25
2012,1000 туылғанға,ерлер,Батыс Қазақстан,қала,KZZAP,7.96
2012,1000 туылғанға,ерлер,Жамбыл,қала,KZZHA,8.77
2012,1000 туылғанға,ерлер,Жетісу,қала,KZZHS,9.8
2012,1000 туылғанға,ерлер,Қарағанды,қала,KZKAR,8.31
2012,1000 туылғанға,ерлер,Қостанай,қала,KZKUS,13.57
2012,1000 туылғанға,ерлер,Қызылорда,қала,KZKZY,13.19
2012,1000 туылғанға,ерлер,Маңғыстау,қала,KZMAN,8.01
2012,1000 туылғанға,ерлер,Павлодар,қала,KZPAV,8.83
2012,1000 туылғанға,ерлер,Солтүстік Қазақстан,қала,KZSEV,7.29
2012,1000 туылғанға,ерлер,Түркістан,қала,KZYUZ,16.18
2012,1000 туылғанға,ерлер,Ұлытау,қала,KZULU,8.66
2012,1000 туылғанға,ерлер,Шығыс Қазақстан,қала,KZVOS,14.87
2012,1000 туылғанға,ерлер,Астана қаласы,қала,KZNS,8.12
2012,1000 туылғанға,ерлер,Алматы қаласы,қала,KZALA,10.63
2012,1000 туылғанға,ерлер,Шымкент қаласы,қала,KZSHY,9.25
2012,1000 туылғанға,ерлер,,ауыл,,9.8
2012,1000 туылғанға,ерлер,Абай,ауыл,KZABY,10.7
2012,1000 туылғанға,ерлер,Ақмола,ауыл,KZAKM,4.59
2012,1000 туылғанға,ерлер,Ақтөбе,ауыл,KZAKT,7.2
2012,1000 туылғанға,ерлер,Алматы,ауыл,KZALM,9.32
2012,1000 туылғанға,ерлер,Атырау,ауыл,KZATY,10.63
2012,1000 туылғанға,ерлер,Батыс Қазақстан,ауыл,KZZAP,10.62
2012,1000 туылғанға,ерлер,Жамбыл,ауыл,KZZHA,10.96
2012,1000 туылғанға,ерлер,Жетісу,ауыл,KZZHS,7.89
2012,1000 туылғанға,ерлер,Қарағанды,ауыл,KZKAR,4.44
2012,1000 туылғанға,ерлер,Қостанай,ауыл,KZKUS,9.62
2012,1000 туылғанға,ерлер,Қызылорда,ауыл,KZKZY,14.77
2012,1000 туылғанға,ерлер,Маңғыстау,ауыл,KZMAN,11.23
2012,1000 туылғанға,ерлер,Павлодар,ауыл,KZPAV,6.7
2012,1000 туылғанға,ерлер,Солтүстік Қазақстан,ауыл,KZSEV,9.15
2012,1000 туылғанға,ерлер,Түркістан,ауыл,KZYUZ,9.66
2012,1000 туылғанға,ерлер,Ұлытау,ауыл,KZULU,4.29
2012,1000 туылғанға,ерлер,Шығыс Қазақстан,ауыл,KZVOS,16.11
2012,1000 туылғанға,әйелдер,,,,7.89
2012,1000 туылғанға,әйелдер,Абай,,KZABY,12.58
2012,1000 туылғанға,әйелдер,Ақмола,,KZAKM,7.38
2012,1000 туылғанға,әйелдер,Ақтөбе,,KZAKT,8.33
2012,1000 туылғанға,әйелдер,Алматы,,KZALM,5.75
2012,1000 туылғанға,әйелдер,Атырау,,KZATY,11.56
2012,1000 туылғанға,әйелдер,Батыс Қазақстан,,KZZAP,4.84
2012,1000 туылғанға,әйелдер,Жамбыл,,KZZHA,7.31
2012,1000 туылғанға,әйелдер,Жетісу,,KZZHS,5.82
2012,1000 туылғанға,әйелдер,Қарағанды,,KZKAR,5.84
2012,1000 туылғанға,әйелдер,Қостанай,,KZKUS,7.42
2012,1000 туылғанға,әйелдер,Қызылорда,,KZKZY,11.88
2012,1000 туылғанға,әйелдер,Маңғыстау,,KZMAN,8.79
2012,1000 туылғанға,әйелдер,Павлодар,,KZPAV,4.8
2012,1000 туылғанға,әйелдер,Солтүстік Қазақстан,,KZSEV,5.87
2012,1000 туылғанға,әйелдер,Түркістан,,KZYUZ,9.03
2012,1000 туылғанға,әйелдер,Ұлытау,,KZULU,7.82
2012,1000 туылғанға,әйелдер,Шығыс Қазақстан,,KZVOS,9.96
2012,1000 туылғанға,әйелдер,Астана қаласы,,KZNS,5.8
2012,1000 туылғанға,әйелдер,Алматы қаласы,,KZALA,8.63
2012,1000 туылғанға,әйелдер,Шымкент қаласы,,KZSHY,6.94
2012,1000 туылғанға,әйелдер,,қала,,8.37
2012,1000 туылғанға,әйелдер,Абай,қала,KZABY,14.49
2012,1000 туылғанға,әйелдер,Ақмола,қала,KZAKM,8.84
2012,1000 туылғанға,әйелдер,Ақтөбе,қала,KZAKT,10.32
2012,1000 туылғанға,әйелдер,Алматы,қала,KZALM,7.19
2012,1000 туылғанға,әйелдер,Атырау,қала,KZATY,11.34
2012,1000 туылғанға,әйелдер,Батыс Қазақстан,қала,KZZAP,3.66
2012,1000 туылғанға,әйелдер,Жамбыл,қала,KZZHA,9.17
2012,1000 туылғанға,әйелдер,Жетісу,қала,KZZHS,7.39
2012,1000 туылғанға,әйелдер,Қарағанды,қала,KZKAR,5.88
2012,1000 туылғанға,әйелдер,Қостанай,қала,KZKUS,7.13
2012,1000 туылғанға,әйелдер,Қызылорда,қала,KZKZY,11.53
2012,1000 туылғанға,әйелдер,Маңғыстау,қала,KZMAN,8.12
2012,1000 туылғанға,әйелдер,Павлодар,қала,KZPAV,4.43
2012,1000 туылғанға,әйелдер,Солтүстік Қазақстан,қала,KZSEV,8.04
2012,1000 туылғанға,әйелдер,Түркістан,қала,KZYUZ,12.62
2012,1000 туылғанға,әйелдер,Ұлытау,қала,KZULU,6.99
2012,1000 туылғанға,әйелдер,Шығыс Қазақстан,қала,KZVOS,10.76
2012,1000 туылғанға,әйелдер,Астана қаласы,қала,KZNS,5.8
2012,1000 туылғанға,әйелдер,Алматы қаласы,қала,KZALA,8.63
2012,1000 туылғанға,әйелдер,Шымкент қаласы,қала,KZSHY,6.94
2012,1000 туылғанға,әйелдер,,ауыл,,7.28
2012,1000 туылғанға,әйелдер,Абай,ауыл,KZABY,9.87
2012,1000 туылғанға,әйелдер,Ақмола,ауыл,KZAKM,5.74
2012,1000 туылғанға,әйелдер,Ақтөбе,ауыл,KZAKT,3.51
2012,1000 туылғанға,әйелдер,Алматы,ауыл,KZALM,5.44
2012,1000 туылғанға,әйелдер,Атырау,ауыл,KZATY,11.83
2012,1000 туылғанға,әйелдер,Батыс Қазақстан,ауыл,KZZAP,6.27
2012,1000 туылғанға,әйелдер,Жамбыл,ауыл,KZZHA,5.99
2012,1000 туылғанға,әйелдер,Жетісу,ауыл,KZZHS,4.71
2012,1000 туылғанға,әйелдер,Қарағанды,ауыл,KZKAR,5.68
2012,1000 туылғанға,әйелдер,Қостанай,ауыл,KZKUS,7.83
2012,1000 туылғанға,әйелдер,Қызылорда,ауыл,KZKZY,12.19
2012,1000 туылғанға,әйелдер,Маңғыстау,ауыл,KZMAN,9.4
2012,1000 туылғанға,әйелдер,Павлодар,ауыл,KZPAV,5.6
2012,1000 туылғанға,әйелдер,Солтүстік Қазақстан,ауыл,KZSEV,4.18
2012,1000 туылғанға,әйелдер,Түркістан,ауыл,KZYUZ,7.95
2012,1000 туылғанға,әйелдер,Ұлытау,ауыл,KZULU,11.29
2012,1000 туылғанға,әйелдер,Шығыс Қазақстан,ауыл,KZVOS,8.52
2013,1000 туылғанға,ұлдар және қыздар,,,,7.14
2013,1000 туылғанға,ұлдар және қыздар,Абай,,KZABY,9.07
2013,1000 туылғанға,ұлдар және қыздар,Ақмола,,KZAKM,8.09
2013,1000 туылғанға,ұлдар және қыздар,Ақтөбе,,KZAKT,7.46
2013,1000 туылғанға,ұлдар және қыздар,Алматы,,KZALM,5.66
2013,1000 туылғанға,ұлдар және қыздар,Атырау,,KZATY,5.73
2013,1000 туылғанға,ұлдар және қыздар,Батыс Қазақстан,,KZZAP,5.35
2013,1000 туылғанға,ұлдар және қыздар,Жамбыл,,KZZHA,9.28
2013,1000 туылғанға,ұлдар және қыздар,Қарағанды,,KZKAR,5.78
2013,1000 туылғанға,ұлдар және қыздар,Қостанай,,KZKUS,6.06
2013,1000 туылғанға,ұлдар және қыздар,Қызылорда,,KZKZY,6.68
2013,1000 туылғанға,ұлдар және қыздар,Маңғыстау,,KZMAN,8.59
2013,1000 туылғанға,ұлдар және қыздар,Павлодар,,KZPAV,6.49
2013,1000 туылғанға,ұлдар және қыздар,Солтүстік Қазақстан,,KZSEV,5.96
2013,1000 туылғанға,ұлдар және қыздар,Түркістан,,KZYUZ,8.3
2013,1000 туылғанға,ұлдар және қыздар,Ұлытау,,KZULU,7.38
2013,1000 туылғанға,ұлдар және қыздар,Шығыс Қазақстан,,KZVOS,9.65
2013,1000 туылғанға,ұлдар және қыздар,Астана қаласы,,KZNS,5.34
2013,1000 туылғанға,ұлдар және қыздар,Алматы қаласы,,KZALA,7.65
2013,1000 туылғанға,ұлдар және қыздар,Шымкент қаласы,,KZSHY,7.03
2013,1000 туылғанға,ұлдар және қыздар,,қала,,7.49
2013,1000 туылғанға,ұлдар және қыздар,Абай,қала,KZABY,8.9
2013,1000 туылғанға,ұлдар және қыздар,Ақмола,қала,KZAKM,9.49
2013,1000 туылғанға,ұлдар және қыздар,Ақтөбе,қала,KZAKT,7.42
2013,1000 туылғанға,ұлдар және қыздар,Алматы,қала,KZALM,6.23
2013,1000 туылғанға,ұлдар және қыздар,Атырау,қала,KZATY,6.52
2013,1000 туылғанға,ұлдар және қыздар,Батыс Қазақстан,қала,KZZAP,5.47
2013,1000 туылғанға,ұлдар және қыздар,Жамбыл,қала,KZZHA,13.87
2013,1000 туылғанға,ұлдар және қыздар,Жамбыл,қала,KZZHA,7.35
2013,1000 туылғанға,ұлдар және қыздар,Қарағанды,қала,KZKAR,6.01
2013,1000 туылғанға,ұлдар және қыздар,Қостанай,қала,KZKUS,6.62
2013,1000 туылғанға,ұлдар және қыздар,Қызылорда,қала,KZKZY,8.97
2013,1000 туылғанға,ұлдар және қыздар,Маңғыстау,қала,KZMAN,6.05
2013,1000 туылғанға,ұлдар және қыздар,Павлодар,қала,KZPAV,4.03
2013,1000 туылғанға,ұлдар және қыздар,Солтүстік Қазақстан,қала,KZSEV,7.52
2013,1000 туылғанға,ұлдар және қыздар,Түркістан,қала,KZYUZ,10.07
2013,1000 туылғанға,ұлдар және қыздар,Ұлытау,қала,KZULU,7.29
2013,1000 туылғанға,ұлдар және қыздар,Шығыс Қазақстан,қала,KZVOS,9.52
2013,1000 туылғанға,ұлдар және қыздар,Астана қаласы,қала,KZNS,5.34
2013,1000 туылғанға,ұлдар және қыздар,Алматы қаласы,қала,KZALA,7.65
2013,1000 туылғанға,ұлдар және қыздар,Шымкент қаласы,қала,KZSHY,7.03
2013,1000 туылғанға,ұлдар және қыздар,,ауыл,,6.7
2013,1000 туылғанға,ұлдар және қыздар,Абай,ауыл,KZABY,9.33
2013,1000 туылғанға,ұлдар және қыздар,Ақмола,ауыл,KZAKM,6.49
2013,1000 туылғанға,ұлдар және қыздар,Ақтөбе,ауыл,KZAKT,7.58
2013,1000 туылғанға,ұлдар және қыздар,Алматы,ауыл,KZALM,5.54
2013,1000 туылғанға,ұлдар және қыздар,Атырау,ауыл,KZATY,4.7
2013,1000 туылғанға,ұлдар және қыздар,Батыс Қазақстан,ауыл,KZZAP,5.19
2013,1000 туылғанға,ұлдар және қыздар,Жамбыл,ауыл,KZZHA,6.38
2013,1000 туылғанға,ұлдар және қыздар,Жетісу,ауыл,KZZHS,4.59
2013,1000 туылғанға,ұлдар және қыздар,Қарағанды,ауыл,KZKAR,6.23
2013,1000 туылғанға,ұлдар және қыздар,Қостанай,ауыл,KZKUS,6.76
2013,1000 туылғанға,ұлдар және қыздар,Қызылорда,ауыл,KZKZY,8.27
2013,1000 туылғанға,ұлдар және қыздар,Маңғыстау,ауыл,KZMAN,6.9
2013,1000 туылғанға,ұлдар және қыздар,Павлодар,ауыл,KZPAV,5.04
2013,1000 туылғанға,ұлдар және қыздар,Солтүстік Қазақстан,ауыл,KZSEV,4.67
2013,1000 туылғанға,ұлдар және қыздар,Түркістан,ауыл,KZYUZ,7.77
2013,1000 туылғанға,ұлдар және қыздар,Ұлытау,ауыл,KZULU,7.76
2013,1000 туылғанға,ұлдар және қыздар,Шығыс Қазақстан,ауыл,KZVOS,9.88
2013,1000 туылғанға,ерлер,,,,8.1
2013,1000 туылғанға,ерлер,Абай,,KZABY,10.12
2013,1000 туылғанға,ерлер,Ақмола,,KZAKM,9.81
2013,1000 туылғанға,ерлер,Ақтөбе,,KZAKT,8.56
2013,1000 туылғанға,ерлер,Алматы,,KZALM,7.03
2013,1000 туылғанға,ерлер,Атырау,,KZATY,5.83
2013,1000 туылғанға,ерлер,Батыс Қазақстан,,KZZAP,5.98
2013,1000 туылғанға,ерлер,Жамбыл,,KZZHA,9.33
2013,1000 туылғанға,ерлер,Жетісу,,KZZHS,7.1
2013,1000 туылғанға,ерлер,Қарағанды,,KZKAR,6.48
2013,1000 туылғанға,ерлер,Қостанай,,KZKUS,7.62
2013,1000 туылғанға,ерлер,Қызылорда,,KZKZY,9.39
2013,1000 туылғанға,ерлер,Маңғыстау,,KZMAN,7.81
2013,1000 туылғанға,ерлер,Павлодар,,KZPAV,5.55
2013,1000 туылғанға,ерлер,Солтүстік Қазақстан,,KZSEV,6.5
2013,1000 туылғанға,ерлер,Түркістан,,KZYUZ,9.7
2013,1000 туылғанға,ерлер,Ұлытау,,KZULU,8.89
2013,1000 туылғанға,ерлер,Шығыс Қазақстан,,KZVOS,11.3
2013,1000 туылғанға,ерлер,Астана қаласы,,KZNS,5.71
2013,1000 туылғанға,ерлер,Алматы қаласы,,KZALA,9.06
2013,1000 туылғанға,ерлер,Шымкент қаласы,,KZSHY,7.32
2013,1000 туылғанға,ерлер,,қала,,8.36
2013,1000 туылғанға,ерлер,Абай,қала,KZABY,9.46
2013,1000 туылғанға,ерлер,Ақмола,қала,KZAKM,11.01
2013,1000 туылғанға,ерлер,Ақтөбе,қала,KZAKT,8.48
2013,1000 туылғанға,ерлер,Алматы,қала,KZALM,7.72
2013,1000 туылғанға,ерлер,Атырау,қала,KZATY,6.47
2013,1000 туылғанға,ерлер,Батыс Қазақстан,қала,KZZAP,6.25
2013,1000 туылғанға,ерлер,Жамбыл,қала,KZZHA,14.04
2013,1000 туылғанға,ерлер,Жетісу,қала,KZZHS,9.32
2013,1000 туылғанға,ерлер,Қарағанды,қала,KZKAR,5.71
2013,1000 туылғанға,ерлер,Қостанай,қала,KZKUS,8.7
2013,1000 туылғанға,ерлер,Қызылорда,қала,KZKZY,8.62
2013,1000 туылғанға,ерлер,Маңғыстау,қала,KZMAN,6.61
2013,1000 туылғанға,ерлер,Павлодар,қала,KZPAV,5.17
2013,1000 туылғанға,ерлер,Солтүстік Қазақстан,қала,KZSEV,8.98
2013,1000 туылғанға,ерлер,Түркістан,қала,KZYUZ,12.69
2013,1000 туылғанға,ерлер,Ұлытау,қала,KZULU,8.42
2013,1000 туылғанға,ерлер,Шығыс Қазақстан,қала,KZVOS,11.04
2013,1000 туылғанға,ерлер,Астана қаласы,қала,KZNS,5.71
2013,1000 туылғанға,ерлер,Алматы қаласы,қала,KZALA,9.06
2013,1000 туылғанға,ерлер,Шымкент қаласы,қала,KZSHY,7.32
2013,1000 туылғанға,ерлер,,ауыл,,7.77
2013,1000 туылғанға,ерлер,Абай,ауыл,KZABY,11.13
2013,1000 туылғанға,ерлер,Ақмола,ауыл,KZAKM,8.43
2013,1000 туылғанға,ерлер,Ақтөбе,ауыл,KZAKT,8.76
2013,1000 туылғанға,ерлер,Алматы,ауыл,KZALM,6.89
2013,1000 туылғанға,ерлер,Атырау,ауыл,KZATY,5.0
2013,1000 туылғанға,ерлер,Батыс Қазақстан,ауыл,KZZAP,5.64
2013,1000 туылғанға,ерлер,Жамбыл,ауыл,KZZHA,6.38
2013,1000 туылғанға,ерлер,Жетісу,ауыл,KZZHS,5.39
2013,1000 туылғанға,ерлер,Қарағанды,ауыл,KZKAR,9.39
2013,1000 туылғанға,ерлер,Қостанай,ауыл,KZKUS,6.1
2013,1000 туылғанға,ерлер,Қызылорда,ауыл,KZKZY,10.03
2013,1000 туылғанға,ерлер,Маңғыстау,ауыл,KZMAN,8.91
2013,1000 туылғанға,ерлер,Павлодар,ауыл,KZPAV,6.36
2013,1000 туылғанға,ерлер,Солтүстік Қазақстан,ауыл,KZSEV,4.48
2013,1000 туылғанға,ерлер,Түркістан,ауыл,KZYUZ,8.79
2013,1000 туылғанға,ерлер,Ұлытау,ауыл,KZULU,10.96
2013,1000 туылғанға,ерлер,Шығыс Қазақстан,ауыл,KZVOS,11.74
2013,1000 туылғанға,әйелдер,,,,6.12
2013,1000 туылғанға,әйелдер,Абай,,KZABY,7.94
2013,1000 туылғанға,әйелдер,Ақмола,,KZAKM,6.26
2013,1000 туылғанға,әйелдер,Ақтөбе,,KZAKT,6.29
2013,1000 туылғанға,әйелдер,Алматы,,KZALM,4.21
2013,1000 туылғанға,әйелдер,Атырау,,KZATY,5.62
2013,1000 туылғанға,әйелдер,Батыс Қазақстан,,KZZAP,4.64
2013,1000 туылғанға,әйелдер,Жамбыл,,KZZHA,9.23
2013,1000 туылғанға,әйелдер,Жетісу,,KZZHS,4.4
2013,1000 туылғанға,әйелдер,Қарағанды,,KZKAR,5.62
2013,1000 туылғанға,әйелдер,Қостанай,,KZKUS,5.68
2013,1000 туылғанға,әйелдер,Қызылорда,,KZKZY,7.72
2013,1000 туылғанға,әйелдер,Маңғыстау,,KZMAN,5.09
2013,1000 туылғанға,әйелдер,Павлодар,,KZPAV,3.03
2013,1000 туылғанға,әйелдер,Солтүстік Қазақстан,,KZSEV,5.36
2013,1000 туылғанға,әйелдер,Түркістан,,KZYUZ,6.82
2013,1000 туылғанға,әйелдер,Ұлытау,,KZULU,5.82
2013,1000 туылғанға,әйелдер,Шығыс Қазақстан,,KZVOS,7.94
2013,1000 туылғанға,әйелдер,Астана қаласы,,KZNS,4.95
2013,1000 туылғанға,әйелдер,Алматы қаласы,,KZALA,6.16
2013,1000 туылғанға,әйелдер,Шымкент қаласы,,KZSHY,6.74
2013,1000 туылғанға,әйелдер,,қала,,6.56
2013,1000 туылғанға,әйелдер,Абай,қала,KZABY,8.3
2013,1000 туылғанға,әйелдер,Ақмола,қала,KZAKM,7.86
2013,1000 туылғанға,әйелдер,Ақтөбе,қала,KZAKT,6.29
2013,1000 туылғанға,әйелдер,Алматы,қала,KZALM,4.67
2013,1000 туылғанға,әйелдер,Атырау,қала,KZATY,6.58
2013,1000 туылғанға,әйелдер,Батыс Қазақстан,қала,KZZAP,4.6
2013,1000 туылғанға,әйелдер,Жамбыл,қала,KZZHA,13.68
2013,1000 туылғанға,әйелдер,Жетісу,қала,KZZHS,5.25
2013,1000 туылғанға,әйелдер,Қарағанды,қала,KZKAR,6.34
2013,1000 туылғанға,әйелдер,Қостанай,қала,KZKUS,4.48
2013,1000 туылғанға,әйелдер,Қызылорда,қала,KZKZY,9.34
2013,1000 туылғанға,әйелдер,Маңғыстау,қала,KZMAN,5.45
2013,1000 туылғанға,әйелдер,Павлодар,қала,KZPAV,2.79
2013,1000 туылғанға,әйелдер,Солтүстік Қазақстан,қала,KZSEV,5.95
2013,1000 туылғанға,әйелдер,Түркістан,қала,KZYUZ,7.27
2013,1000 туылғанға,әйелдер,Ұлытау,қала,KZULU,6.13
2013,1000 туылғанға,әйелдер,Шығыс Қазақстан,қала,KZVOS,7.9
2013,1000 туылғанға,әйелдер,Астана қаласы,қала,KZNS,4.95
2013,1000 туылғанға,әйелдер,Алматы қаласы,қала,KZALA,6.16
2013,1000 туылғанға,әйелдер,Шымкент қаласы,қала,KZSHY,6.73
2013,1000 туылғанға,әйелдер,,ауыл,,5.56
2013,1000 туылғанға,әйелдер,Абай,ауыл,KZABY,7.42
2013,1000 туылғанға,әйелдер,Ақмола,ауыл,KZAKM,4.45
2013,1000 туылғанға,әйелдер,Ақтөбе,ауыл,KZAKT,6.3
2013,1000 туылғанға,әйелдер,Алматы,ауыл,KZALM,4.12
2013,1000 туылғанға,әйелдер,Атырау,ауыл,KZATY,4.39
2013,1000 туылғанға,әйелдер,Батыс Қазақстан,ауыл,KZZAP,4.7
2013,1000 туылғанға,әйелдер,Жамбыл,ауыл,KZZHA,6.38
2013,1000 туылғанға,әйелдер,Жетісу,ауыл,KZZHS,3.75
2013,1000 туылғанға,әйелдер,Қарағанды,ауыл,KZKAR,2.94
2013,1000 туылғанға,әйелдер,Қостанай,ауыл,KZKUS,7.47
2013,1000 туылғанға,әйелдер,Қызылорда,ауыл,KZKZY,6.32
2013,1000 туылғанға,әйелдер,Маңғыстау,ауыл,KZMAN,4.75
2013,1000 туылғанға,әйелдер,Павлодар,ауыл,KZPAV,3.56
2013,1000 туылғанға,әйелдер,Солтүстік Қазақстан,ауыл,KZSEV,4.88
2013,1000 туылғанға,әйелдер,Түркістан,ауыл,KZYUZ,6.68
2013,1000 туылғанға,әйелдер,Ұлытау,ауыл,KZULU,4.48
2013,1000 туылғанға,әйелдер,Шығыс Қазақстан,ауыл,KZVOS,7.99
2014,1000 туылғанға,ұлдар және қыздар,,,,5.885166625345284
2014,1000 туылғанға,ұлдар және қыздар,Ақмола,,KZAKM,5.623681949543076
2014,1000 туылғанға,ұлдар және қыздар,Ақтөбе,,KZAKT,5.75796178343949
2014,1000 туылғанға,ұлдар және қыздар,Алматы,,KZALM,5.197609099814086
2014,1000 туылғанға,ұлдар және қыздар,Атырау,,KZATY,4.637256696564768
2014,1000 туылғанға,ұлдар және қыздар,Батыс Қазақстан,,KZZAP,5.598159509202453
2014,1000 туылғанға,ұлдар және қыздар,Жамбыл,,KZZHA,6.4568473006321625
2014,1000 туылғанға,ұлдар және қыздар,Қарағанды,,KZKAR,5.5392766828563405
2014,1000 туылғанға,ұлдар және қыздар,Қостанай,,KZKUS,7.44339105226044
2014,1000 туылғанға,ұлдар және қыздар,Қызылорда,,KZKZY,6.9751449061793895
2014,1000 туылғанға,ұлдар және қыздар,Маңғыстау,,KZMAN,4.817258351659859
2014,1000 туылғанға,ұлдар және қыздар,Оңтүстік Қазақстан,,KZONT,6.550458044133253
2014,1000 туылғанға,ұлдар және қыздар,Павлодар,,KZPAV,4.524192929990032
2014,1000 туылғанға,ұлдар және қыздар,Солтүстік Қазақстан,,KZSEV,5.111976630963973
2014,1000 туылғанға,ұлдар және қыздар,Шығыс Қазақстан,,KZVOS,7.755205260052263
2014,1000 туылғанға,ұлдар және қыздар,Астана қаласы,,KZNS,4.027904659081472
2014,1000 туылғанға,ұлдар және қыздар,Алматы қаласы,,KZALA,6.0326233486114855
2014,1000 туылғанға,ұлдар және қыздар,,қала,,6.368340506505222
2014,1000 туылғанға,ұлдар және қыздар,Ақмола,қала,KZAKM,5.473372781065089
2014,1000 туылғанға,ұлдар және қыздар,Ақтөбе,қала,KZAKT,6.695212144803425
2014,1000 туылғанға,ұлдар және қыздар,Алматы,қала,KZALM,4.832448704745306
2014,1000 туылғанға,ұлдар және қыздар,Атырау,қала,KZATY,5.03190967108493
2014,1000 туылғанға,ұлдар және қыздар,Батыс Қазақстан,қала,KZZAP,6.686046511627907
2014,1000 туылғанға,ұлдар және қыздар,Жамбыл,қала,KZZHA,10.763038151907596
2014,1000 туылғанға,ұлдар және қыздар,Қарағанды,қала,KZKAR,5.155420773313116
2014,1000 туылғанға,ұлдар және қыздар,Қостанай,қала,KZKUS,7.610993657505285
2014,1000 туылғанға,ұлдар және қыздар,Қызылорда,қала,KZKZY,8.181045473863152
2014,1000 туылғанға,ұлдар және қыздар,Маңғыстау,қала,KZMAN,5.539865305235716
2014,1000 туылғанға,ұлдар және қыздар,Оңтүстік Қазақстан,қала,KZONT,7.488232777064613
2014,1000 туылғанға,ұлдар және қыздар,Павлодар,қала,KZPAV,4.231625835189309
2014,1000 туылғанға,ұлдар және қыздар,Солтүстік Қазақстан,қала,KZSEV,4.641567818463125
2014,1000 туылғанға,ұлдар және қыздар,Шығыс Қазақстан,қала,KZVOS,8.814485821660403
2014,1000 туылғанға,ұлдар және қыздар,Астана қаласы,қала,KZNS,4.027904659081472
2014,1000 туылғанға,ұлдар және қыздар,Алматы қаласы,қала,KZALA,6.0326233486114855
2014,1000 туылғанға,ұлдар және қыздар,,ауыл,,5.275146185576357
2014,1000 туылғанға,ұлдар және қыздар,Ақмола,ауыл,KZAKM,5.7918252523581
2014,1000 туылғанға,ұлдар және қыздар,Ақтөбе,ауыл,KZAKT,3.982300884955752
2014,1000 туылғанға,ұлдар және қыздар,Алматы,ауыл,KZALM,5.3208556149732615
2014,1000 туылғанға,ұлдар және қыздар,Атырау,ауыл,KZATY,4.247057395947094
2014,1000 туылғанға,ұлдар және қыздар,Батыс Қазақстан,ауыл,KZZAP,4.383116883116883
2014,1000 туылғанға,ұлдар және қыздар,Жамбыл,ауыл,KZZHA,3.74593731063736
2014,1000 туылғанға,ұлдар және қыздар,Қарағанды,ауыл,KZKAR,7.02028081123245
2014,1000 туылғанға,ұлдар және қыздар,Қостанай,ауыл,KZKUS,7.233592095977418
2014,1000 туылғанға,ұлдар және қыздар,Қызылорда,ауыл,KZKZY,5.938242280285036
2014,1000 туылғанға,ұлдар және қыздар,Маңғыстау,ауыл,KZMAN,4.144763445208249
2014,1000 туылғанға,ұлдар және қыздар,Оңтүстік Қазақстан,ауыл,KZONT,5.764011931728979
2014,1000 туылғанға,ұлдар және қыздар,Павлодар,ауыл,KZPAV,5.171140113272593
2014,1000 туылғанға,ұлдар және қыздар,Солтүстік Қазақстан,ауыл,KZSEV,5.532503457814661
2014,1000 туылғанға,ұлдар және қыздар,Шығыс Қазақстан,ауыл,KZVOS,6.049939500604994
2014,1000 туылғанға,ерлер,,,,6.512568284764479
2014,1000 туылғанға,ерлер,Ақмола,,KZAKM,7.0186145865120535
2014,1000 туылғанға,ерлер,Ақтөбе,,KZAKT,6.332813717848792
2014,1000 туылғанға,ерлер,Алматы,,KZALM,5.491530667491686
2014,1000 туылғанға,ерлер,Атырау,,KZATY,4.71253534401508
2014,1000 туылғанға,ерлер,Батыс Қазақстан,,KZZAP,6.096654275092937
2014,1000 туылғанға,ерлер,Жамбыл,,KZZHA,6.818934127772261
2014,1000 туылғанға,ерлер,Қарағанды,,KZKAR,6.869096869877449
2014,1000 туылғанға,ерлер,Қостанай,,KZKUS,7.507277462846638
2014,1000 туылғанға,ерлер,Қызылорда,,KZKZY,7.180469123982767
2014,1000 туылғанға,ерлер,Маңғыстау,,KZMAN,5.983772819472617
2014,1000 туылғанға,ерлер,Оңтүстік Қазақстан,,KZONT,7.439347990902198
2014,1000 туылғанға,ерлер,Павлодар,,KZPAV,4.179728317659353
2014,1000 туылғанға,ерлер,Солтүстік Қазақстан,,KZSEV,6.162597771983883
2014,1000 туылғанға,ерлер,Шығыс Қазақстан,,KZVOS,8.42397971701971
2014,1000 туылғанға,ерлер,Астана қаласы,,KZNS,4.366106080206986
2014,1000 туылғанға,ерлер,Алматы қаласы,,KZALA,6.9489544096635925
2014,1000 туылғанға,ерлер,,қала,,6.956763713520471
2014,1000 туылғанға,ерлер,Ақмола,қала,KZAKM,7.778738115816767
2014,1000 туылғанға,ерлер,Ақтөбе,қала,KZAKT,7.252812314979278
2014,1000 туылғанға,ерлер,Алматы,қала,KZALM,4.158324349299246
2014,1000 туылғанға,ерлер,Атырау,қала,KZATY,5.421970768505422
2014,1000 туылғанға,ерлер,Батыс Қазақстан,қала,KZZAP,6.495340299350466
2014,1000 туылғанға,ерлер,Жамбыл,қала,KZZHA,11.285909712722296
2014,1000 туылғанға,ерлер,Қарағанды,қала,KZKAR,6.0855908912446015
2014,1000 туылғанға,ерлер,Қостанай,қала,KZKUS,7.685973099094153
2014,1000 туылғанға,ерлер,Қызылорда,қала,KZKZY,8.816895632561
2014,1000 туылғанға,ерлер,Маңғыстау,қала,KZMAN,7.432575918454024
2014,1000 туылғанға,ерлер,Оңтүстік Қазақстан,қала,KZONT,8.21365843578882
2014,1000 туылғанға,ерлер,Павлодар,қала,KZPAV,3.4714688652636148
2014,1000 туылғанға,ерлер,Солтүстік Қазақстан,қала,KZSEV,5.3921568627450975
2014,1000 туылғанға,ерлер,Шығыс Қазақстан,қала,KZVOS,9.389671361502348
2014,1000 туылғанға,ерлер,Астана қаласы,қала,KZNS,4.366106080206986
2014,1000 туылғанға,ерлер,Алматы қаласы,қала,KZALA,6.9489544096635925
2014,1000 туылғанға,ерлер,,ауыл,,5.949757602468048
2014,1000 туылғанға,ерлер,Ақмола,ауыл,KZAKM,6.162828413882583
2014,1000 туылғанға,ерлер,Ақтөбе,ауыл,KZAKT,4.561003420752566
2014,1000 туылғанға,ерлер,Алматы,ауыл,KZALM,5.938548928479215
2014,1000 туылғанға,ерлер,Атырау,ауыл,KZATY,4.003768252472916
2014,1000 туылғанға,ерлер,Батыс Қазақстан,ауыл,KZZAP,5.653266331658291
2014,1000 туылғанға,ерлер,Жамбыл,ауыл,KZZHA,3.996975261963919
2014,1000 туылғанға,ерлер,Қарағанды,ауыл,KZKAR,9.912314144109796
2014,1000 туылғанға,ерлер,Қостанай,ауыл,KZKUS,7.281553398058253
2014,1000 туылғанға,ерлер,Қызылорда,ауыл,KZKZY,5.747126436781609
2014,1000 туылғанға,ерлер,Маңғыстау,ауыл,KZMAN,4.659289458357601
2014,1000 туылғанға,ерлер,Оңтүстік Қазақстан,ауыл,KZONT,6.783369803063457
2014,1000 туылғанға,ерлер,Павлодар,ауыл,KZPAV,5.741626794258373
2014,1000 туылғанға,ерлер,Солтүстік Қазақстан,ауыл,KZSEV,6.883891693437357
2014,1000 туылғанға,ерлер,Шығыс Қазақстан,ауыл,KZVOS,6.9153394803017605
2014,1000 туылғанға,әйелдер,,,,5.218208966019643
2014,1000 туылғанға,әйелдер,Ақмола,,KZAKM,4.160665706513042
2014,1000 туылғанға,әйелдер,Ақтөбе,,KZAKT,5.127657301570345
2014,1000 туылғанға,әйелдер,Алматы,,KZALM,4.883095385888682
2014,1000 туылғанға,әйелдер,Атырау,,KZATY,4.556385267687634
2014,1000 туылғанға,әйелдер,Батыс Қазақстан,,KZZAP,5.067300079176564
2014,1000 туылғанға,әйелдер,Жамбыл,,KZZHA,6.079027355623101
2014,1000 туылғанға,әйелдер,Қарағанды,,KZKAR,4.131548504379442
2014,1000 туылғанға,әйелдер,Қостанай,,KZKUS,7.376523412443874
2014,1000 туылғанға,әйелдер,Қызылорда,,KZKZY,6.7588015736911125
2014,1000 туылғанға,әйелдер,Маңғыстау,,KZMAN,3.5722017752760338
2014,1000 туылғанға,әйелдер,Оңтүстік Қазақстан,,KZONT,5.607100651228282
2014,1000 туылғанға,әйелдер,Павлодар,,KZPAV,4.888047934405551
2014,1000 туылғанға,әйелдер,Солтүстік Қазақстан,,KZSEV,4.003002251688766
2014,1000 туылғанға,әйелдер,Шығыс Қазақстан,,KZVOS,7.044090790503522
2014,1000 туылғанға,әйелдер,Астана қаласы,,KZNS,3.670821239542428
2014,1000 туылғанға,әйелдер,Алматы қаласы,,KZALA,5.044136191677175
2014,1000 туылғанға,әйелдер,,қала,,5.740783677254812
2014,1000 туылғанға,әйелдер,Ақмола,қала,KZAKM,3.0404378230465183
2014,1000 туылғанға,әйелдер,Ақтөбе,қала,KZAKT,6.076531450156019
2014,1000 туылғанға,әйелдер,Алматы,қала,KZALM,5.5464926590538335
2014,1000 туылғанға,әйелдер,Атырау,қала,KZATY,4.608294930875576
2014,1000 туылғанға,әйелдер,Батыс Қазақстан,қала,KZZAP,6.888289907157832
2014,1000 туылғанға,әйелдер,Жамбыл,қала,KZZHA,10.21505376344086
2014,1000 туылғанға,әйелдер,Қарағанды,қала,KZKAR,4.167969157028238
2014,1000 туылғанға,әйелдер,Қостанай,қала,KZKUS,7.531865585168019
2014,1000 туылғанға,әйелдер,Қызылорда,қала,KZKZY,7.497243660418963
2014,1000 туылғанға,әйелдер,Маңғыстау,қала,KZMAN,3.55792750722704
2014,1000 туылғанға,әйелдер,Оңтүстік Қазақстан,қала,KZONT,6.709548630364866
2014,1000 туылғанға,әйелдер,Павлодар,қала,KZPAV,5.033173186913749
2014,1000 туылғанға,әйелдер,Солтүстік Қазақстан,қала,KZSEV,3.808487486398259
2014,1000 туылғанға,әйелдер,Шығыс Қазақстан,қала,KZVOS,8.217270194986073
2014,1000 туылғанға,әйелдер,Астана қаласы,қала,KZNS,3.670821239542428
2014,1000 туылғанға,әйелдер,Алматы қаласы,қала,KZALA,5.044136191677175
2014,1000 туылғанға,әйелдер,,ауыл,,4.560936916759985
2014,1000 туылғанға,әйелдер,Ақмола,ауыл,KZAKM,5.405405405405405
2014,1000 туылғанға,әйелдер,Ақтөбе,ауыл,KZAKT,3.361858190709046
2014,1000 туылғанға,әйелдер,Алматы,ауыл,KZALM,4.657610202384253
2014,1000 туылғанға,әйелдер,Атырау,ауыл,KZATY,4.505632040050063
2014,1000 туылғанға,әйелдер,Батыс Қазақстан,ауыл,KZZAP,3.0241935483870965
2014,1000 туылғанға,әйелдер,Жамбыл,ауыл,KZZHA,3.4847122302158278
2014,1000 туылғанға,әйелдер,Қарағанды,ауыл,KZKAR,3.992015968063872
2014,1000 туылғанға,әйелдер,Қостанай,ауыл,KZKUS,7.183908045977011
2014,1000 туылғанға,әйелдер,Қызылорда,ауыл,KZKZY,6.136110078095946
2014,1000 туылғанға,әйелдер,Маңғыстау,ауыл,KZMAN,3.585741404766927
2014,1000 туылғанға,әйелдер,Оңтүстік Қазақстан,ауыл,KZONT,4.692459861066385
2014,1000 туылғанға,әйелдер,Павлодар,ауыл,KZPAV,4.5662100456621
2014,1000 туылғанға,әйелдер,Солтүстік Қазақстан,ауыл,KZSEV,4.168596572487263
2014,1000 туылғанға,әйелдер,Шығыс Қазақстан,ауыл,KZVOS,5.093771706413522
2015,1000 туылғанға,ұлдар және қыздар,,,,5.606613495023315
2015,1000 туылғанға,ұлдар және қыздар,Ақмола,,KZAKM,4.181789490295093
2015,1000 туылғанға,ұлдар және қыздар,Ақтөбе,,KZAKT,6.056056056056057
2015,1000 туылғанға,ұлдар және қыздар,Алматы,,KZALM,5.065980308044287
2015,1000 туылғанға,ұлдар және қыздар,Атырау,,KZATY,4.749147588894301
2015,1000 туылғанға,ұлдар және қыздар,Батыс Қазақстан,,KZZAP,4.855865577308463
2015,1000 туылғанға,ұлдар және қыздар,Жамбыл,,KZZHA,6.44184736693889
2015,1000 туылғанға,ұлдар және қыздар,Қарағанды,,KZKAR,5.143696930111038
2015,1000 туылғанға,ұлдар және қыздар,Қостанай,,KZKUS,6.891690813689404
2015,1000 туылғанға,ұлдар және қыздар,Қызылорда,,KZKZY,6.149311378767088
2015,1000 туылғанға,ұлдар және қыздар,Маңғыстау,,KZMAN,4.610204610204611
2015,1000 туылғанға,ұлдар және қыздар,Оңтүстік Қазақстан,,KZONT,6.376286577977946
2015,1000 туылғанға,ұлдар және қыздар,Павлодар,,KZPAV,4.384934617492757
2015,1000 туылғанға,ұлдар және қыздар,Солтүстік Қазақстан,,KZSEV,3.4431874077717657
2015,1000 туылғанға,ұлдар және қыздар,Шығыс Қазақстан,,KZVOS,6.377773894810414
2015,1000 туылғанға,ұлдар және қыздар,Астана қаласы,,KZNS,4.515190939006658
2015,1000 туылғанға,ұлдар және қыздар,Алматы қаласы,,KZALA,6.258223948136974
2015,1000 туылғанға,ұлдар және қыздар,,қала,,6.226528732374407
2015,1000 туылғанға,ұлдар және қыздар,Ақмола,қала,KZAKM,5.632132799762857
2015,1000 туылғанға,ұлдар және қыздар,Ақтөбе,қала,KZAKT,6.032727546942161
2015,1000 туылғанға,ұлдар және қыздар,Алматы,қала,KZALM,5.484174240050141
2015,1000 туылғанға,ұлдар және қыздар,Атырау,қала,KZATY,4.999390318253871
2015,1000 туылғанға,ұлдар және қыздар,Батыс Қазақстан,қала,KZZAP,6.157811828726908
2015,1000 туылғанға,ұлдар және қыздар,Жамбыл,қала,KZZHA,10.494752623688155
2015,1000 туылғанға,ұлдар және қыздар,Қарағанды,қала,KZKAR,5.4804343372259785
2015,1000 туылғанға,ұлдар және қыздар,Қостанай,қала,KZKUS,8.245981830887493
2015,1000 туылғанға,ұлдар және қыздар,Қызылорда,қала,KZKZY,8.23045267489712
2015,1000 туылғанға,ұлдар және қыздар,Маңғыстау,қала,KZMAN,4.537650233014471
2015,1000 туылғанға,ұлдар және қыздар,Оңтүстік Қазақстан,қала,KZONT,6.79139580360446
2015,1000 туылғанға,ұлдар және қыздар,Павлодар,қала,KZPAV,4.581005586592179
2015,1000 туылғанға,ұлдар және қыздар,Солтүстік Қазақстан,қала,KZSEV,4.124774426398557
2015,1000 туылғанға,ұлдар және қыздар,Шығыс Қазақстан,қала,KZVOS,7.526584725866592
2015,1000 туылғанға,ұлдар және қыздар,Астана қаласы,қала,KZNS,4.515190939006658
2015,1000 туылғанға,ұлдар және қыздар,Алматы қаласы,қала,KZALA,6.258223948136974
2015,1000 туылғанға,ұлдар және қыздар,,ауыл,,4.843153196890556
2015,1000 туылғанға,ұлдар және қыздар,Ақмола,ауыл,KZAKM,2.6001040041601664
2015,1000 туылғанға,ұлдар және қыздар,Ақтөбе,ауыл,KZAKT,6.173769010691161
2015,1000 туылғанға,ұлдар және қыздар,Алматы,ауыл,KZALM,4.649583365984902
2015,1000 туылғанға,ұлдар және қыздар,Атырау,ауыл,KZATY,4.58601883986118
2015,1000 туылғанға,ұлдар және қыздар,Батыс Қазақстан,ауыл,KZZAP,3.4746351633078527
2015,1000 туылғанға,ұлдар және қыздар,Жамбыл,ауыл,KZZHA,3.807031110582357
2015,1000 туылғанға,ұлдар және қыздар,Қарағанды,ауыл,KZKAR,4.054630815194195
2015,1000 туылғанға,ұлдар және қыздар,Қостанай,ауыл,KZKUS,5.502846299810247
2015,1000 туылғанға,ұлдар және қыздар,Қызылорда,ауыл,KZKZY,4.491914553803154
2015,1000 туылғанға,ұлдар және қыздар,Маңғыстау,ауыл,KZMAN,4.714415231187671
2015,1000 туылғанға,ұлдар және қыздар,Оңтүстік Қазақстан,ауыл,KZONT,6.190788856580058
2015,1000 туылғанға,ұлдар және қыздар,Павлодар,ауыл,KZPAV,3.9380414807035966
2015,1000 туылғанға,ұлдар және қыздар,Солтүстік Қазақстан,ауыл,KZSEV,3.0643513789581203
2015,1000 туылғанға,ұлдар және қыздар,Шығыс Қазақстан,ауыл,KZVOS,4.478334543694021
2015,1000 туылғанға,ерлер,,,,6.405541402204675
2015,1000 туылғанға,ерлер,Ақмола,,KZAKM,4.134129536058796
2015,1000 туылғанға,ерлер,Ақтөбе,,KZAKT,6.929740134744947
2015,1000 туылғанға,ерлер,Алматы,,KZALM,6.321313561006639
2015,1000 туылғанға,ерлер,Атырау,,KZATY,5.4399243140965
2015,1000 туылғанға,ерлер,Батыс Қазақстан,,KZZAP,5.082212257100149
2015,1000 туылғанға,ерлер,Жамбыл,,KZZHA,7.024483393575666
2015,1000 туылғанға,ерлер,Қарағанды,,KZKAR,6.354754150448804
2015,1000 туылғанға,ерлер,Қостанай,,KZKUS,7.883565797453001
2015,1000 туылғанға,ерлер,Қызылорда,,KZKZY,6.560908734821778
2015,1000 туылғанға,ерлер,Маңғыстау,,KZMAN,5.895872888977716
2015,1000 туылғанға,ерлер,Оңтүстік Қазақстан,,KZONT,7.37761488850282
2015,1000 туылғанға,ерлер,Павлодар,,KZPAV,4.917025199754148
2015,1000 туылғанға,ерлер,Солтүстік Қазақстан,,KZSEV,3.2948929159802307
2015,1000 туылғанға,ерлер,Шығыс Қазақстан,,KZVOS,7.00076837701699
2015,1000 туылғанға,ерлер,Астана қаласы,,KZNS,5.108556832694764
2015,1000 туылғанға,ерлер,Алматы қаласы,,KZALA,6.788447296963713
2015,1000 туылғанға,ерлер,,қала,,6.919108241979929
2015,1000 туылғанға,ерлер,Ақмола,қала,KZAKM,4.862700228832952
2015,1000 туылғанға,ерлер,Ақтөбе,қала,KZAKT,6.086074481959136
2015,1000 туылғанға,ерлер,Алматы,қала,KZALM,6.386861313868613
2015,1000 туылғанға,ерлер,Атырау,қала,KZATY,5.813953488372093
2015,1000 туылғанға,ерлер,Батыс Қазақстан,қала,KZZAP,5.851212036779048
2015,1000 туылғанға,ерлер,Жамбыл,қала,KZZHA,11.649501941583656
2015,1000 туылғанға,ерлер,Қарағанды,қала,KZKAR,6.607267994794274
2015,1000 туылғанға,ерлер,Қостанай,қала,KZKUS,9.617953513224686
2015,1000 туылғанға,ерлер,Қызылорда,қала,KZKZY,9.57535387177352
2015,1000 туылғанға,ерлер,Маңғыстау,қала,KZMAN,4.727014890096904
2015,1000 туылғанға,ерлер,Оңтүстік Қазақстан,қала,KZONT,7.874015748031496
2015,1000 туылғанға,ерлер,Павлодар,қала,KZPAV,5.024027959807776
2015,1000 туылғанға,ерлер,Солтүстік Қазақстан,қала,KZSEV,3.966286564204264
2015,1000 туылғанға,ерлер,Шығыс Қазақстан,қала,KZVOS,8.063432334363661
2015,1000 туылғанға,ерлер,Астана қаласы,қала,KZNS,5.108556832694764
2015,1000 туылғанға,ерлер,Алматы қаласы,қала,KZALA,6.788447296963713
2015,1000 туылғанға,ерлер,,ауыл,,5.731852886196257
2015,1000 туылғанға,ерлер,Ақмола,ауыл,KZAKM,3.2948929159802307
2015,1000 туылғанға,ерлер,Ақтөбе,ауыл,KZAKT,8.598452278589853
2015,1000 туылғанға,ерлер,Алматы,ауыл,KZALM,6.298110566829951
2015,1000 туылғанға,ерлер,Атырау,ауыл,KZATY,5.0831792975970425
2015,1000 туылғанға,ерлер,Батыс Қазақстан,ауыл,KZZAP,4.19219606578523
2015,1000 туылғанға,ерлер,Жамбыл,ауыл,KZZHA,3.890160183066362
2015,1000 туылғанға,ерлер,Қарағанды,ауыл,KZKAR,5.384615384615384
2015,1000 туылғанға,ерлер,Қостанай,ауыл,KZKUS,5.608131791097091
2015,1000 туылғанға,ерлер,Қызылорда,ауыл,KZKZY,3.883136094674556
2015,1000 туылғанға,ерлер,Маңғыстау,ауыл,KZMAN,6.752077562326869
2015,1000 туылғанға,ерлер,Оңтүстік Қазақстан,ауыл,KZONT,6.945371978095365
2015,1000 туылғанға,ерлер,Павлодар,ауыл,KZPAV,4.66321243523316
2015,1000 туылғанға,ерлер,Солтүстік Қазақстан,ауыл,KZSEV,2.688172043010753
2015,1000 туылғанға,ерлер,Шығыс Қазақстан,ауыл,KZVOS,5.1498127340823965
2015,1000 туылғанға,әйелдер,,,,4.757541401999306
2015,1000 туылғанға,әйелдер,Ақмола,,KZAKM,4.232459710239297
2015,1000 туылғанға,әйелдер,Ақтөбе,,KZAKT,5.109489051094891
2015,1000 туылғанға,әйелдер,Алматы,,KZALM,3.739338683248603
2015,1000 туылғанға,әйелдер,Атырау,,KZATY,4.016064257028112
2015,1000 туылғанға,әйелдер,Батыс Қазақстан,,KZZAP,4.614894971355825
2015,1000 туылғанға,әйелдер,Жамбыл,,KZZHA,5.820298290287377
2015,1000 туылғанға,әйелдер,Қарағанды,,KZKAR,3.8632737045435457
2015,1000 туылғанға,әйелдер,Қостанай,,KZKUS,5.831848371942329
2015,1000 туылғанға,әйелдер,Қызылорда,,KZKZY,5.705229793977813
2015,1000 туылғанға,әйелдер,Маңғыстау,,KZMAN,3.226500322650032
2015,1000 туылғанға,әйелдер,Оңтүстік Қазақстан,,KZONT,5.316200554295793
2015,1000 туылғанға,әйелдер,Павлодар,,KZPAV,3.832029378891905
2015,1000 туылғанға,әйелдер,Солтүстік Қазақстан,,KZSEV,3.605459696111254
2015,1000 туылғанға,әйелдер,Шығыс Қазақстан,,KZVOS,5.7250201270238845
2015,1000 туылғанға,әйелдер,Астана қаласы,,KZNS,3.89924354675193
2015,1000 туылғанға,әйелдер,Алматы қаласы,,KZALA,5.683717820127048
2015,1000 туылғанға,әйелдер,,қала,,5.488524410212315
2015,1000 туылғанға,әйелдер,Ақмола,қала,KZAKM,6.459550907413104
2015,1000 туылғанға,әйелдер,Ақтөбе,қала,KZAKT,5.9748427672955975
2015,1000 туылғанға,әйелдер,Алматы,қала,KZALM,4.524886877828055
2015,1000 туылғанға,әйелдер,Атырау,қала,KZATY,4.173827645470169
2015,1000 туылғанға,әйелдер,Батыс Қазақстан,қала,KZZAP,6.48202710665881
2015,1000 туылғанға,әйелдер,Жамбыл,қала,KZZHA,9.231905465288037
2015,1000 туылғанға,әйелдер,Қарағанды,қала,KZKAR,4.299947561615102
2015,1000 туылғанға,әйелдер,Қостанай,қала,KZKUS,6.740914419695193
2015,1000 туылғанға,әйелдер,Қызылорда,қала,KZKZY,6.772009029345372
2015,1000 туылғанға,әйелдер,Маңғыстау,қала,KZMAN,4.333418302319653
2015,1000 туылғанға,әйелдер,Оңтүстік Қазақстан,қала,KZONT,5.633340625683658
2015,1000 туылғанға,әйелдер,Павлодар,қала,KZPAV,4.117108874656907
2015,1000 туылғанға,әйелдер,Солтүстік Қазақстан,қала,KZSEV,4.296455424274973
2015,1000 туылғанға,әйелдер,Шығыс Қазақстан,қала,KZVOS,6.9592387444965205
2015,1000 туылғанға,әйелдер,Астана қаласы,қала,KZNS,3.89924354675193
2015,1000 туылғанға,әйелдер,Алматы қаласы,қала,KZALA,5.683717820127048
2015,1000 туылғанға,әйелдер,,ауыл,,3.8045033870813856
2015,1000 туылғанға,әйелдер,Ақмола,ауыл,KZAKM,1.7289073305670817
2015,1000 туылғанға,әйелдер,Ақтөбе,ауыл,KZAKT,3.405572755417957
2015,1000 туылғанға,әйелдер,Алматы,ауыл,KZALM,3.463350933969227
2015,1000 туылғанға,әйелдер,Атырау,ауыл,KZATY,3.851091142490372
2015,1000 туылғанға,әйелдер,Батыс Қазақстан,ауыл,KZZAP,2.422145328719723
2015,1000 туылғанға,әйелдер,Жамбыл,ауыл,KZZHA,3.601872973946452
2015,1000 туылғанға,әйелдер,Қарағанды,ауыл,KZKAR,2.1079258010118043
2015,1000 туылғанға,әйелдер,Қостанай,ауыл,KZKUS,4.708438971387179
2015,1000 туылғанға,әйелдер,Қызылорда,ауыл,KZKZY,4.766633565044687
2015,1000 туылғанға,әйелдер,Маңғыстау,ауыл,KZMAN,2.4186046511627906
2015,1000 туылғанға,әйелдер,Оңтүстік Қазақстан,ауыл,KZONT,5.045314397832383
2015,1000 туылғанға,әйелдер,Павлодар,ауыл,KZPAV,3.1729243786356425
2015,1000 туылғанға,әйелдер,Солтүстік Қазақстан,ауыл,KZSEV,2.968827313211281
2015,1000 туылғанға,әйелдер,Шығыс Қазақстан,ауыл,KZVOS,3.624939584340261
2016,1000 туылғанға,ұлдар және қыздар,,,,5.156054245883392
2016,1000 туылғанға,ұлдар және қыздар,Ақмола,,KZAKM,3.921254801536492
2016,1000 туылғанға,ұлдар және қыздар,Ақтөбе,,KZAKT,5.513683039101624
2016,1000 туылғанға,ұлдар және қыздар,Алматы,,KZALM,4.5799426032944135
2016,1000 туылғанға,ұлдар және қыздар,Атырау,,KZATY,4.84160191273162
2016,1000 туылғанға,ұлдар және қыздар,Батыс Қазақстан,,KZZAP,5.157766990291263
2016,1000 туылғанға,ұлдар және қыздар,Жамбыл,,KZZHA,4.6584403115109705
2016,1000 туылғанға,ұлдар және қыздар,Қарағанды,,KZKAR,5.093945720250522
2016,1000 туылғанға,ұлдар және қыздар,Қостанай,,KZKUS,5.370219690805533
2016,1000 туылғанға,ұлдар және қыздар,Қызылорда,,KZKZY,6.076028250934773
2016,1000 туылғанға,ұлдар және қыздар,Маңғыстау,,KZMAN,5.607759927250682
2016,1000 туылғанға,ұлдар және қыздар,Оңтүстік Қазақстан,,KZONT,5.929581614614024
2016,1000 туылғанға,ұлдар және қыздар,Павлодар,,KZPAV,4.360580353603425
2016,1000 туылғанға,ұлдар және қыздар,Солтүстік Қазақстан,,KZSEV,5.328827657915259
2016,1000 туылғанға,ұлдар және қыздар,Шығыс Қазақстан,,KZVOS,5.846932542106641
2016,1000 туылғанға,ұлдар және қыздар,Астана қаласы,,KZNS,3.627222122463638
2016,1000 туылғанға,ұлдар және қыздар,Алматы қаласы,,KZALA,5.20439061317184
2016,1000 туылғанға,ұлдар және қыздар,,қала,,5.314911788134819
2016,1000 туылғанға,ұлдар және қыздар,Ақмола,қала,KZAKM,4.4596402556860415
2016,1000 туылғанға,ұлдар және қыздар,Ақтөбе,қала,KZAKT,6.0938452163315056
2016,1000 туылғанға,ұлдар және қыздар,Алматы,қала,KZALM,5.400683027559368
2016,1000 туылғанға,ұлдар және қыздар,Атырау,қала,KZATY,4.617871161394597
2016,1000 туылғанға,ұлдар және қыздар,Батыс Қазақстан,қала,KZZAP,5.250403877221325
2016,1000 туылғанға,ұлдар және қыздар,Жамбыл,қала,KZZHA,7.250221043324492
2016,1000 туылғанға,ұлдар және қыздар,Қарағанды,қала,KZKAR,5.29485049833887
2016,1000 туылғанға,ұлдар және қыздар,Қостанай,қала,KZKUS,5.27065527065527
2016,1000 туылғанға,ұлдар және қыздар,Қызылорда,қала,KZKZY,8.443386014288807
2016,1000 туылғанға,ұлдар және қыздар,Маңғыстау,қала,KZMAN,5.70515746234596
2016,1000 туылғанға,ұлдар және қыздар,Оңтүстік Қазақстан,қала,KZONT,5.333402040605998
2016,1000 туылғанға,ұлдар және қыздар,Павлодар,қала,KZPAV,4.202635165833712
2016,1000 туылғанға,ұлдар және қыздар,Солтүстік Қазақстан,қала,KZSEV,4.235044997353097
2016,1000 туылғанға,ұлдар және қыздар,Шығыс Қазақстан,қала,KZVOS,6.0725982532751095
2016,1000 туылғанға,ұлдар және қыздар,Астана қаласы,қала,KZNS,3.627222122463638
2016,1000 туылғанға,ұлдар және қыздар,Алматы қаласы,қала,KZALA,5.20439061317184
2016,1000 туылғанға,ұлдар және қыздар,,ауыл,,4.942589917116569
2016,1000 туылғанға,ұлдар және қыздар,Ақмола,ауыл,KZAKM,3.29346507193621
2016,1000 туылғанға,ұлдар және қыздар,Ақтөбе,ауыл,KZAKT,4.366812227074235
2016,1000 туылғанға,ұлдар және қыздар,Алматы,ауыл,KZALM,4.310007052738814
2016,1000 туылғанға,ұлдар және қыздар,Атырау,ауыл,KZATY,5.081804660386712
2016,1000 туылғанға,ұлдар және қыздар,Батыс Қазақстан,ауыл,KZZAP,5.038220986796386
2016,1000 туылғанға,ұлдар және қыздар,Жамбыл,ауыл,KZZHA,2.914758194039617
2016,1000 туылғанға,ұлдар және қыздар,Қарағанды,ауыл,KZKAR,4.268032437046522
2016,1000 туылғанға,ұлдар және қыздар,Қостанай,ауыл,KZKUS,5.502846299810247
2016,1000 туылғанға,ұлдар және қыздар,Қызылорда,ауыл,KZKZY,3.8929926132960673
2016,1000 туылғанға,ұлдар және қыздар,Маңғыстау,ауыл,KZMAN,5.530371713508613
2016,1000 туылғанға,ұлдар және қыздар,Оңтүстік Қазақстан,ауыл,KZONT,6.47218835006097
2016,1000 туылғанға,ұлдар және қыздар,Павлодар,ауыл,KZPAV,4.725649776844317
2016,1000 туылғанға,ұлдар және қыздар,Солтүстік Қазақстан,ауыл,KZSEV,6.384065372829418
2016,1000 туылғанға,ұлдар және қыздар,Шығыс Қазақстан,ауыл,KZVOS,5.446623093681917
2016,1000 туылғанға,ерлер,,,,5.87290020895364
2016,1000 туылғанға,ерлер,Ақмола,,KZAKM,3.873566780291292
2016,1000 туылғанға,ерлер,Ақтөбе,,KZAKT,6.380681260429959
2016,1000 туылғанға,ерлер,Алматы,,KZALM,5.096647538508004
2016,1000 туылғанға,ерлер,Атырау,,KZATY,4.753623188405797
2016,1000 туылғанға,ерлер,Батыс Қазақстан,,KZZAP,6.783085582335113
2016,1000 туылғанға,ерлер,Жамбыл,,KZZHA,5.569867019424912
2016,1000 туылғанға,ерлер,Қарағанды,,KZKAR,5.945593744909595
2016,1000 туылғанға,ерлер,Қостанай,,KZKUS,5.322479649342517
2016,1000 туылғанға,ерлер,Қызылорда,,KZKZY,6.7547432204231646
2016,1000 туылғанға,ерлер,Маңғыстау,,KZMAN,6.55192646195971
2016,1000 туылғанға,ерлер,Оңтүстік Қазақстан,,KZONT,6.930928079753145
2016,1000 туылғанға,ерлер,Павлодар,,KZPAV,4.422754308372731
2016,1000 туылғанға,ерлер,Солтүстік Қазақстан,,KZSEV,6.329113924050633
2016,1000 туылғанға,ерлер,Шығыс Қазақстан,,KZVOS,7.204490240428918
2016,1000 туылғанға,ерлер,Астана қаласы,,KZNS,4.055660443325642
2016,1000 туылғанға,ерлер,Алматы қаласы,,KZALA,5.629321422015542
2016,1000 туылғанға,ерлер,,қала,,6.048353129475191
2016,1000 туылғанға,ерлер,Ақмола,қала,KZAKM,4.319032536711776
2016,1000 туылғанға,ерлер,Ақтөбе,қала,KZAKT,7.204822820173504
2016,1000 туылғанға,ерлер,Алматы,қала,KZALM,6.713457430576747
2016,1000 туылғанға,ерлер,Атырау,қала,KZATY,4.239178937974119
2016,1000 туылғанға,ерлер,Батыс Қазақстан,қала,KZZAP,6.664957703153037
2016,1000 туылғанға,ерлер,Жамбыл,қала,KZZHA,8.832698302736405
2016,1000 туылғанға,ерлер,Қарағанды,қала,KZKAR,6.199186991869919
2016,1000 туылғанға,ерлер,Қостанай,қала,KZKUS,4.994450610432853
2016,1000 туылғанға,ерлер,Қызылорда,қала,KZKZY,9.872480460715757
2016,1000 туылғанға,ерлер,Маңғыстау,қала,KZMAN,7.587592055344789
2016,1000 туылғанға,ерлер,Оңтүстік Қазақстан,қала,KZONT,6.016907011437096
2016,1000 туылғанға,ерлер,Павлодар,қала,KZPAV,3.8944180008654254
2016,1000 туылғанға,ерлер,Солтүстік Қазақстан,қала,KZSEV,4.624871531346352
2016,1000 туылғанға,ерлер,Шығыс Қазақстан,қала,KZVOS,7.221638655462185
2016,1000 туылғанға,ерлер,Астана қаласы,қала,KZNS,4.055660443325642
2016,1000 туылғанға,ерлер,Алматы қаласы,қала,KZALA,5.629321422015542
2016,1000 туылғанға,ерлер,,ауыл,,5.637589958537164
2016,1000 туылғанға,ерлер,Ақмола,ауыл,KZAKM,3.3545790003354576
2016,1000 туылғанға,ерлер,Ақтөбе,ауыл,KZAKT,4.725339633786178
2016,1000 туылғанға,ерлер,Алматы,ауыл,KZALM,4.56506471355473
2016,1000 туылғанға,ерлер,Атырау,ауыл,KZATY,5.310161718561429
2016,1000 туылғанға,ерлер,Батыс Қазақстан,ауыл,KZZAP,6.935270805812417
2016,1000 туылғанға,ерлер,Жамбыл,ауыл,KZZHA,3.3764116893701246
2016,1000 туылғанға,ерлер,Қарағанды,ауыл,KZKAR,4.9220672682526665
2016,1000 туылғанға,ерлер,Қостанай,ауыл,KZKUS,5.747126436781609
2016,1000 туылғанға,ерлер,Қызылорда,ауыл,KZKZY,3.8424591738712777
2016,1000 туылғанға,ерлер,Маңғыстау,ауыл,KZMAN,5.744125326370757
2016,1000 туылғанға,ерлер,Оңтүстік Қазақстан,ауыл,KZONT,7.76566757493188
2016,1000 туылғанға,ерлер,Павлодар,ауыл,KZPAV,5.684754521963824
2016,1000 туылғанға,ерлер,Солтүстік Қазақстан,ауыл,KZSEV,7.984031936127744
2016,1000 туылғанға,ерлер,Шығыс Қазақстан,ауыл,KZVOS,7.174265216385097
2016,1000 туылғанға,әйелдер,,,,4.388254570452419
2016,1000 туылғанға,әйелдер,Ақмола,,KZAKM,3.972194637537239
2016,1000 туылғанға,әйелдер,Ақтөбе,,KZAKT,4.59194322688374
2016,1000 туылғанға,әйелдер,Алматы,,KZALM,4.018699253670138
2016,1000 туылғанға,әйелдер,Атырау,,KZATY,4.9352251696483656
2016,1000 туылғанға,әйелдер,Батыс Қазақстан,,KZZAP,3.357314148681055
2016,1000 туылғанға,әйелдер,Жамбыл,,KZZHA,3.706934147405146
2016,1000 туылғанға,әйелдер,Қарағанды,,KZKAR,4.198080877313228
2016,1000 туылғанға,әйелдер,Қостанай,,KZKUS,5.421890884445951
2016,1000 туылғанға,әйелдер,Қызылорда,,KZKZY,5.3324627271737945
2016,1000 туылғанға,әйелдер,Маңғыстау,,KZMAN,4.59866220735786
2016,1000 туылғанға,әйелдер,Оңтүстік Қазақстан,,KZONT,4.856837715506281
2016,1000 туылғанға,әйелдер,Павлодар,,KZPAV,4.29326287978864
2016,1000 туылғанға,әйелдер,Солтүстік Қазақстан,,KZSEV,4.273504273504274
2016,1000 туылғанға,әйелдер,Шығыс Қазақстан,,KZVOS,4.371186595027775
2016,1000 туылғанға,әйелдер,Астана қаласы,,KZNS,3.1748375664500883
2016,1000 туылғанға,әйелдер,Алматы қаласы,,KZALA,4.752294772475751
2016,1000 туылғанға,әйелдер,,қала,,4.530674376919682
2016,1000 туылғанға,әйелдер,Ақмола,қала,KZAKM,4.609711124769515
2016,1000 туылғанға,әйелдер,Ақтөбе,қала,KZAKT,4.899636478583846
2016,1000 туылғанға,әйелдер,Алматы,қала,KZALM,3.975484512174921
2016,1000 туылғанға,әйелдер,Атырау,қала,KZATY,5.023923444976076
2016,1000 туылғанға,әйелдер,Батыс Қазақстан,қала,KZZAP,3.685851998865892
2016,1000 туылғанға,әйелдер,Жамбыл,қала,KZZHA,5.59971098265896
2016,1000 туылғанға,әйелдер,Қарағанды,қала,KZKAR,4.350594227504245
2016,1000 туылғанға,әйелдер,Қостанай,қала,KZKUS,5.562060889929742
2016,1000 туылғанға,әйелдер,Қызылорда,қала,KZKZY,6.855575868372943
2016,1000 туылғанға,әйелдер,Маңғыстау,қала,KZMAN,3.7356992762082655
2016,1000 туылғанға,әйелдер,Оңтүстік Қазақстан,қала,KZONT,4.598438669660999
2016,1000 туылғанға,әйелдер,Павлодар,қала,KZPAV,4.543280726924916
2016,1000 туылғанға,әйелдер,Солтүстік Қазақстан,қала,KZSEV,3.820960698689956
2016,1000 туылғанға,әйелдер,Шығыс Қазақстан,қала,KZVOS,4.829545454545454
2016,1000 туылғанға,әйелдер,Астана қаласы,қала,KZNS,3.1748375664500883
2016,1000 туылғанға,әйелдер,Алматы қаласы,қала,KZALA,4.752294772475751
2016,1000 туылғанға,әйелдер,,ауыл,,4.19648271679806
2016,1000 туылғанға,әйелдер,Ақмола,ауыл,KZAKM,3.2281205164992826
2016,1000 туылғанға,әйелдер,Ақтөбе,ауыл,KZAKT,3.993855606758832
2016,1000 туылғанға,әйелдер,Алматы,ауыл,KZALM,4.032917325194833
2016,1000 туылғанға,әйелдер,Атырау,ауыл,KZATY,4.840764331210191
2016,1000 туылғанға,әйелдер,Батыс Қазақстан,ауыл,KZZAP,2.932551319648094
2016,1000 туылғанға,әйелдер,Жамбыл,ауыл,KZZHA,2.4324981756263684
2016,1000 туылғанға,әйелдер,Қарағанды,ауыл,KZKAR,3.558718861209964
2016,1000 туылғанға,әйелдер,Қостанай,ауыл,KZKUS,5.229283990345937
2016,1000 туылғанға,әйелдер,Қызылорда,ауыл,KZKZY,3.947641803448992
2016,1000 туылғанға,әйелдер,Маңғыстау,ауыл,KZMAN,5.298013245033113
2016,1000 туылғанға,әйелдер,Оңтүстік Қазақстан,ауыл,KZONT,5.091155934833204
2016,1000 туылғанға,әйелдер,Павлодар,ауыл,KZPAV,3.735325506937033
2016,1000 туылғанға,әйелдер,Солтүстік Қазақстан,ауыл,KZSEV,4.7071129707112975
2016,1000 туылғанға,әйелдер,Шығыс Қазақстан,ауыл,KZVOS,3.552397868561279
2017,1000 туылғанға,ұлдар және қыздар,,,,4.614848486401443
2017,1000 туылғанға,ұлдар және қыздар,Ақмола,,KZAKM,3.818964816770943
2017,1000 туылғанға,ұлдар және қыздар,Ақтөбе,,KZAKT,4.389173372348208
2017,1000 туылғанға,ұлдар және қыздар,Алматы,,KZALM,4.682809685811487
2017,1000 туылғанға,ұлдар және қыздар,Атырау,,KZATY,4.378762999452655
2017,1000 туылғанға,ұлдар және қыздар,Батыс Қазақстан,,KZZAP,4.976671850699844
2017,1000 туылғанға,ұлдар және қыздар,Жамбыл,,KZZHA,4.042770242188386
2017,1000 туылғанға,ұлдар және қыздар,Қарағанды,,KZKAR,4.710336326818102
2017,1000 туылғанға,ұлдар және қыздар,Қостанай,,KZKUS,7.07225630538514
2017,1000 туылғанға,ұлдар және қыздар,Қызылорда,,KZKZY,3.951319740793425
2017,1000 туылғанға,ұлдар және қыздар,Маңғыстау,,KZMAN,5.056759545923633
2017,1000 туылғанға,ұлдар және қыздар,Оңтүстік Қазақстан,,KZONT,5.051336262011167
2017,1000 туылғанға,ұлдар және қыздар,Павлодар,,KZPAV,4.823284823284823
2017,1000 туылғанға,ұлдар және қыздар,Солтүстік Қазақстан,,KZSEV,5.414918099363747
2017,1000 туылғанға,ұлдар және қыздар,Шығыс Қазақстан,,KZVOS,4.60205739036275
2017,1000 туылғанға,ұлдар және қыздар,Астана қаласы,,KZNS,3.430471070872825
2017,1000 туылғанға,ұлдар және қыздар,Алматы қаласы,,KZALA,4.264392324093817
2017,1000 туылғанға,ұлдар және қыздар,,қала,,4.492014441451728
2017,1000 туылғанға,ұлдар және қыздар,Ақмола,қала,KZAKM,3.351104341203351
2017,1000 туылғанға,ұлдар және қыздар,Ақтөбе,қала,KZAKT,3.996311097448509
2017,1000 туылғанға,ұлдар және қыздар,Алматы,қала,KZALM,4.162412628602843
2017,1000 туылғанға,ұлдар және қыздар,Атырау,қала,KZATY,4.246542101431691
2017,1000 туылғанға,ұлдар және қыздар,Батыс Қазақстан,қала,KZZAP,5.554802872239534
2017,1000 туылғанға,ұлдар және қыздар,Жамбыл,қала,KZZHA,5.613324744639734
2017,1000 туылғанға,ұлдар және қыздар,Қарағанды,қала,KZKAR,4.904121666299317
2017,1000 туылғанға,ұлдар және қыздар,Қостанай,қала,KZKUS,6.633254716981132
2017,1000 туылғанға,ұлдар және қыздар,Қызылорда,қала,KZKZY,3.982741453700631
2017,1000 туылғанға,ұлдар және қыздар,Маңғыстау,қала,KZMAN,3.8263911665026784
2017,1000 туылғанға,ұлдар және қыздар,Оңтүстік Қазақстан,қала,KZONT,5.009072554882568
2017,1000 туылғанға,ұлдар және қыздар,Павлодар,қала,KZPAV,5.487295717523559
2017,1000 туылғанға,ұлдар және қыздар,Солтүстік Қазақстан,қала,KZSEV,5.060444194545966
2017,1000 туылғанға,ұлдар және қыздар,Шығыс Қазақстан,қала,KZVOS,4.166372431325471
2017,1000 туылғанға,ұлдар және қыздар,Астана қаласы,қала,KZNS,3.430471070872825
2017,1000 туылғанға,ұлдар және қыздар,Алматы қаласы,қала,KZALA,4.264392324093817
2017,1000 туылғанға,ұлдар және қыздар,,ауыл,,4.785362420830402
2017,1000 туылғанға,ұлдар және қыздар,Ақмола,ауыл,KZAKM,4.353883664228492
2017,1000 туылғанға,ұлдар және қыздар,Ақтөбе,ауыл,KZAKT,5.223636957231473
2017,1000 туылғанға,ұлдар және қыздар,Алматы,ауыл,KZALM,4.860756774176222
2017,1000 туылғанға,ұлдар және қыздар,Атырау,ауыл,KZATY,4.511644921351055
2017,1000 туылғанға,ұлдар және қыздар,Батыс Қазақстан,ауыл,KZZAP,4.197846322321591
2017,1000 туылғанға,ұлдар және қыздар,Жамбыл,ауыл,KZZHA,2.948717948717949
2017,1000 туылғанға,ұлдар және қыздар,Қарағанды,ауыл,KZKAR,3.9404553415061296
2017,1000 туылғанға,ұлдар және қыздар,Қостанай,ауыл,KZKUS,7.673667205169628
2017,1000 туылғанға,ұлдар және қыздар,Қызылорда,ауыл,KZKZY,3.922751961375981
2017,1000 туылғанға,ұлдар және қыздар,Маңғыстау,ауыл,KZMAN,6.156552330694811
2017,1000 туылғанға,ұлдар және қыздар,Оңтүстік Қазақстан,ауыл,KZONT,5.092824887104867
2017,1000 туылғанға,ұлдар және қыздар,Павлодар,ауыл,KZPAV,3.2948929159802307
2017,1000 туылғанға,ұлдар және қыздар,Солтүстік Қазақстан,ауыл,KZSEV,5.744125326370757
2017,1000 туылғанға,ұлдар және қыздар,Шығыс Қазақстан,ауыл,KZVOS,5.372985130576033
2017,1000 туылғанға,ерлер,,,,5.149784888677412
2017,1000 туылғанға,ерлер,Ақмола,,KZAKM,3.6163522012578615
2017,1000 туылғанға,ерлер,Ақтөбе,,KZAKT,3.946170191237479
2017,1000 туылғанға,ерлер,Алматы,,KZALM,5.287941948432916
2017,1000 туылғанға,ерлер,Атырау,,KZATY,4.3611504007543616
2017,1000 туылғанға,ерлер,Батыс Қазақстан,,KZZAP,5.432322317790856
2017,1000 туылғанға,ерлер,Жамбыл,,KZZHA,4.985702764132268
2017,1000 туылғанға,ерлер,Қарағанды,,KZKAR,5.602965261615378
2017,1000 туылғанға,ерлер,Қостанай,,KZKUS,9.156311314584697
2017,1000 туылғанға,ерлер,Қызылорда,,KZKZY,4.072075740608775
2017,1000 туылғанға,ерлер,Маңғыстау,,KZMAN,5.865394174371209
2017,1000 туылғанға,ерлер,Оңтүстік Қазақстан,,KZONT,5.788996001668016
2017,1000 туылғанға,ерлер,Павлодар,,KZPAV,5.28169014084507
2017,1000 туылғанға,ерлер,Солтүстік Қазақстан,,KZSEV,5.896542481908336
2017,1000 туылғанға,ерлер,Шығыс Қазақстан,,KZVOS,5.340103300358925
2017,1000 туылғанға,ерлер,Астана қаласы,,KZNS,3.4644385571632363
2017,1000 туылғанға,ерлер,Алматы қаласы,,KZALA,4.643773677135525
2017,1000 туылғанға,ерлер,,қала,,4.742166044044147
2017,1000 туылғанға,ерлер,Ақмола,қала,KZAKM,2.6354319180087846
2017,1000 туылғанға,ерлер,Ақтөбе,қала,KZAKT,3.4023668639053253
2017,1000 туылғанға,ерлер,Алматы,қала,KZALM,4.5822514128608525
2017,1000 туылғанға,ерлер,Атырау,қала,KZATY,3.72093023255814
2017,1000 туылғанға,ерлер,Батыс Қазақстан,қала,KZZAP,4.993429697766097
2017,1000 туылғанға,ерлер,Жамбыл,қала,KZZHA,6.670272219217595
2017,1000 туылғанға,ерлер,Қарағанды,қала,KZKAR,5.845421086815328
2017,1000 туылғанға,ерлер,Қостанай,қала,KZKUS,7.751937984496124
2017,1000 туылғанға,ерлер,Қызылорда,қала,KZKZY,4.0851429800043
2017,1000 туылғанға,ерлер,Маңғыстау,қала,KZMAN,4.046858359957401
2017,1000 туылғанға,ерлер,Оңтүстік Қазақстан,қала,KZONT,5.286822471465982
2017,1000 туылғанға,ерлер,Павлодар,қала,KZPAV,5.68569479190357
2017,1000 туылғанға,ерлер,Солтүстік Қазақстан,қала,KZSEV,4.489337822671156
2017,1000 туылғанға,ерлер,Шығыс Қазақстан,қала,KZVOS,4.931506849315069
2017,1000 туылғанға,ерлер,Астана қаласы,қала,KZNS,3.4644385571632363
2017,1000 туылғанға,ерлер,Алматы қаласы,қала,KZALA,4.643773677135525
2017,1000 туылғанға,ерлер,,ауыл,,5.715299964501243
2017,1000 туылғанға,ерлер,Ақмола,ауыл,KZAKM,4.753820033955857
2017,1000 туылғанға,ерлер,Ақтөбе,ауыл,KZAKT,5.123278898495037
2017,1000 туылғанға,ерлер,Алматы,ауыл,KZALM,5.526574040597076
2017,1000 туылғанға,ерлер,Атырау,ауыл,KZATY,5.019120458891013
2017,1000 туылғанға,ерлер,Батыс Қазақстан,ауыл,KZZAP,6.024096385542169
2017,1000 туылғанға,ерлер,Жамбыл,ауыл,KZZHA,3.830944142362827
2017,1000 туылғанға,ерлер,Қарағанды,ауыл,KZKAR,4.655099449851884
2017,1000 туылғанға,ерлер,Қостанай,ауыл,KZKUS,11.014052411697683
2017,1000 туылғанға,ерлер,Қызылорда,ауыл,KZKZY,4.060324825986079
2017,1000 туылғанға,ерлер,Маңғыстау,ауыл,KZMAN,7.457121551081283
2017,1000 туылғанға,ерлер,Оңтүстік Қазақстан,ауыл,KZONT,6.284099766173032
2017,1000 туылғанға,ерлер,Павлодар,ауыл,KZPAV,4.321988114532685
2017,1000 туылғанға,ерлер,Солтүстік Қазақстан,ауыл,KZSEV,7.183170856849666
2017,1000 туылғанға,ерлер,Шығыс Қазақстан,ауыл,KZVOS,6.06354596167839
2017,1000 туылғанға,әйелдер,,,,4.042311650557542
2017,1000 туылғанға,әйелдер,Ақмола,,KZAKM,4.035648225996301
2017,1000 туылғанға,әйелдер,Ақтөбе,,KZAKT,4.862236628849271
2017,1000 туылғанға,әйелдер,Алматы,,KZALM,4.03125259745657
2017,1000 туылғанға,әйелдер,Атырау,,KZATY,4.397537379067723
2017,1000 туылғанға,әйелдер,Батыс Қазақстан,,KZZAP,4.492218835231831
2017,1000 туылғанға,әйелдер,Жамбыл,,KZZHA,3.0402245088868103
2017,1000 туылғанға,әйелдер,Қарағанды,,KZKAR,3.778677462887989
2017,1000 туылғанға,әйелдер,Қостанай,,KZKUS,4.804270462633451
2017,1000 туылғанға,әйелдер,Қызылорда,,KZKZY,3.821795151779865
2017,1000 туылғанға,әйелдер,Маңғыстау,,KZMAN,4.184100418410042
2017,1000 туылғанға,әйелдер,Оңтүстік Қазақстан,,KZONT,4.264559677672544
2017,1000 туылғанға,әйелдер,Павлодар,,KZPAV,4.327505625757314
2017,1000 туылғанға,әйелдер,Солтүстік Қазақстан,,KZSEV,4.923413566739606
2017,1000 туылғанға,әйелдер,Шығыс Қазақстан,,KZVOS,3.817149241225212
2017,1000 туылғанға,әйелдер,Астана қаласы,,KZNS,3.3935817041682035
2017,1000 туылғанға,әйелдер,Алматы қаласы,,KZALA,3.852028956631467
2017,1000 туылғанға,әйелдер,,қала,,4.224414010821069
2017,1000 туылғанға,әйелдер,Ақмола,қала,KZAKM,4.126984126984127
2017,1000 туылғанға,әйелдер,Ақтөбе,қала,KZAKT,4.6385156749840055
2017,1000 туылғанға,әйелдер,Алматы,қала,KZALM,3.7180730682185583
2017,1000 туылғанға,әйелдер,Атырау,қала,KZATY,4.819888381532217
2017,1000 туылғанға,әйелдер,Батыс Қазақстан,қала,KZZAP,6.152125279642059
2017,1000 туылғанға,әйелдер,Жамбыл,қала,KZZHA,4.511278195488722
2017,1000 туылғанға,әйелдер,Қарағанды,қала,KZKAR,3.928170594837262
2017,1000 туылғанға,әйелдер,Қостанай,қала,KZKUS,5.45289306270827
2017,1000 туылғанға,әйелдер,Қызылорда,қала,KZKZY,3.8742023701002735
2017,1000 туылғанға,әйелдер,Маңғыстау,қала,KZMAN,3.593890386343217
2017,1000 туылғанға,әйелдер,Оңтүстік Қазақстан,қала,KZONT,4.71148755955532
2017,1000 туылғанға,әйелдер,Павлодар,қала,KZPAV,5.268439538384346
2017,1000 туылғанға,әйелдер,Солтүстік Қазақстан,қала,KZSEV,5.633802816901409
2017,1000 туылғанға,әйелдер,Шығыс Қазақстан,қала,KZVOS,3.3522810085993293
2017,1000 туылғанға,әйелдер,Астана қаласы,қала,KZNS,3.3935817041682035
2017,1000 туылғанға,әйелдер,Алматы қаласы,қала,KZALA,3.852028956631467
2017,1000 туылғанға,әйелдер,,ауыл,,3.7893669602686777
2017,1000 туылғанға,әйелдер,Ақмола,ауыл,KZAKM,3.9327851269217016
2017,1000 туылғанға,әйелдер,Ақтөбе,ауыл,KZAKT,5.328005328005328
2017,1000 туылғанға,әйелдер,Алматы,ауыл,KZALM,4.139628552248825
2017,1000 туылғанға,әйелдер,Атырау,ауыл,KZATY,3.983071944236993
2017,1000 туылғанға,әйелдер,Батыс Қазақстан,ауыл,KZZAP,2.2581859239744078
2017,1000 туылғанға,әйелдер,Жамбыл,ауыл,KZZHA,1.997868939797549
2017,1000 туылғанға,әйелдер,Қарағанды,ауыл,KZKAR,3.1746031746031744
2017,1000 туылғанға,әйелдер,Қостанай,ауыл,KZKUS,3.8809831824062098
2017,1000 туылғанға,әйелдер,Қызылорда,ауыл,KZKZY,3.7735849056603774
2017,1000 туылғанға,әйелдер,Маңғыстау,ауыл,KZMAN,4.72376257958513
2017,1000 туылғанға,әйелдер,Оңтүстік Қазақстан,ауыл,KZONT,3.82785019656528
2017,1000 туылғанға,әйелдер,Павлодар,ауыл,KZPAV,2.233389168062535
2017,1000 туылғанға,әйелдер,Солтүстік Қазақстан,ауыл,KZSEV,4.253056884635832
2017,1000 туылғанға,әйелдер,Шығыс Қазақстан,ауыл,KZVOS,4.639175257731959
2018,1000 туылғанға,ұлдар және қыздар,,,,4.57
2018,1000 туылғанға,ұлдар және қыздар,Абай,,KZABY,4.18
2018,1000 туылғанға,ұлдар және қыздар,Ақмола,,KZAKM,3.3
2018,1000 туылғанға,ұлдар және қыздар,Ақтөбе,,KZAKT,5.25
2018,1000 туылғанға,ұлдар және қыздар,Алматы,,KZALM,4.39
2018,1000 туылғанға,ұлдар және қыздар,Атырау,,KZATY,6.05
2018,1000 туылғанға,ұлдар және қыздар,Батыс Қазақстан,,KZZAP,3.9
2018,1000 туылғанға,ұлдар және қыздар,Жамбыл,,KZZHA,3.32
2018,1000 туылғанға,ұлдар және қыздар,Жетісу,,KZZHS,3.58
2018,1000 туылғанға,ұлдар және қыздар,Қарағанды,,KZKAR,4.92
2018,1000 туылғанға,ұлдар және қыздар,Қостанай,,KZKUS,6.28
2018,1000 туылғанға,ұлдар және қыздар,Қызылорда,,KZKZY,4.85
2018,1000 туылғанға,ұлдар және қыздар,Маңғыстау,,KZMAN,5.43
2018,1000 туылғанға,ұлдар және қыздар,Павлодар,,KZPAV,3.63
2018,1000 туылғанға,ұлдар және қыздар,Солтүстік Қазақстан,,KZSEV,6.12
2018,1000 туылғанға,ұлдар және қыздар,Түркістан,,KZYUZ,4.14
2018,1000 туылғанға,ұлдар және қыздар,Ұлытау,,KZULU,4.53
2018,1000 туылғанға,ұлдар және қыздар,Шығыс Қазақстан,,KZVOS,5.76
2018,1000 туылғанға,ұлдар және қыздар,Астана қаласы,,KZNS,3.46
2018,1000 туылғанға,ұлдар және қыздар,Алматы қаласы,,KZALA,5.66
2018,1000 туылғанға,ұлдар және қыздар,Шымкент қаласы,,KZSHY,4.71
2018,1000 туылғанға,ұлдар және қыздар,,қала,,4.88
2018,1000 туылғанға,ұлдар және қыздар,Абай,қала,KZABY,5.09
2018,1000 туылғанға,ұлдар және қыздар,Ақмола,қала,KZAKM,4.12
2018,1000 туылғанға,ұлдар және қыздар,Ақтөбе,қала,KZAKT,5.51
2018,1000 туылғанға,ұлдар және қыздар,Алматы,қала,KZALM,5.0
2018,1000 туылғанға,ұлдар және қыздар,Атырау,қала,KZATY,5.72
2018,1000 туылғанға,ұлдар және қыздар,Батыс Қазақстан,қала,KZZAP,3.68
2018,1000 туылғанға,ұлдар және қыздар,Жамбыл,қала,KZZHA,4.02
2018,1000 туылғанға,ұлдар және қыздар,Жетісу,қала,KZZHS,3.19
2018,1000 туылғанға,ұлдар және қыздар,Қарағанды,қала,KZKAR,5.57
2018,1000 туылғанға,ұлдар және қыздар,Қостанай,қала,KZKUS,6.25
2018,1000 туылғанға,ұлдар және қыздар,Қызылорда,қала,KZKZY,6.25
2018,1000 туылғанға,ұлдар және қыздар,Маңғыстау,қала,KZMAN,5.7
2018,1000 туылғанға,ұлдар және қыздар,Павлодар,қала,KZPAV,4.21
2018,1000 туылғанға,ұлдар және қыздар,Солтүстік Қазақстан,қала,KZSEV,7.01
2018,1000 туылғанға,ұлдар және қыздар,Түркістан,қала,KZYUZ,4.08
2018,1000 туылғанға,ұлдар және қыздар,Ұлытау,қала,KZULU,4.05
2018,1000 туылғанға,ұлдар және қыздар,Шығыс Қазақстан,қала,KZVOS,6.19
2018,1000 туылғанға,ұлдар және қыздар,Астана қаласы,қала,KZNS,3.46
2018,1000 туылғанға,ұлдар және қыздар,Алматы қаласы,қала,KZALA,5.66
2018,1000 туылғанға,ұлдар және қыздар,Шымкент қаласы,қала,KZSHY,4.71
2018,1000 туылғанға,ұлдар және қыздар,,ауыл,,4.11
2018,1000 туылғанға,ұлдар және қыздар,Абай,ауыл,KZABY,2.65
2018,1000 туылғанға,ұлдар және қыздар,Ақмола,ауыл,KZAKM,2.31
2018,1000 туылғанға,ұлдар және қыздар,Ақтөбе,ауыл,KZAKT,4.47
2018,1000 туылғанға,ұлдар және қыздар,Алматы,ауыл,KZALM,4.27
2018,1000 туылғанға,ұлдар және қыздар,Атырау,ауыл,KZATY,6.5
2018,1000 туылғанға,ұлдар және қыздар,Батыс Қазақстан,ауыл,KZZAP,4.22
2018,1000 туылғанға,ұлдар және қыздар,Жамбыл,ауыл,KZZHA,2.81
2018,1000 туылғанға,ұлдар және қыздар,Жетісу,ауыл,KZZHS,3.91
2018,1000 туылғанға,ұлдар және қыздар,Қарағанды,ауыл,KZKAR,2.23
2018,1000 туылғанға,ұлдар және қыздар,Қостанай,ауыл,KZKUS,6.32
2018,1000 туылғанға,ұлдар және қыздар,Қызылорда,ауыл,KZKZY,3.53
2018,1000 туылғанға,ұлдар және қыздар,Маңғыстау,ауыл,KZMAN,5.22
2018,1000 туылғанға,ұлдар және қыздар,Павлодар,ауыл,KZPAV,2.25
2018,1000 туылғанға,ұлдар және қыздар,Солтүстік Қазақстан,ауыл,KZSEV,5.24
2018,1000 туылғанға,ұлдар және қыздар,Түркістан,ауыл,KZYUZ,4.16
2018,1000 туылғанға,ұлдар және қыздар,Ұлытау,ауыл,KZULU,6.44
2018,1000 туылғанға,ұлдар және қыздар,Шығыс Қазақстан,ауыл,KZVOS,4.89
2018,1000 туылғанға,ерлер,,,,5.31
2018,1000 туылғанға,ерлер,Абай,,KZABY,4.3
2018,1000 туылғанға,ерлер,Ақмола,,KZAKM,3.45
2018,1000 туылғанға,ерлер,Ақтөбе,,KZAKT,5.76
2018,1000 туылғанға,ерлер,Алматы,,KZALM,5.02
2018,1000 туылғанға,ерлер,Атырау,,KZATY,8.06
2018,1000 туылғанға,ерлер,Батыс Қазақстан,,KZZAP,4.91
2018,1000 туылғанға,ерлер,Жамбыл,,KZZHA,4.15
2018,1000 туылғанға,ерлер,Жетісу,,KZZHS,4.29
2018,1000 туылғанға,ерлер,Қарағанды,,KZKAR,5.94
2018,1000 туылғанға,ерлер,Қостанай,,KZKUS,7.23
2018,1000 туылғанға,ерлер,Қызылорда,,KZKZY,5.95
2018,1000 туылғанға,ерлер,Маңғыстау,,KZMAN,5.89
2018,1000 туылғанға,ерлер,Павлодар,,KZPAV,3.97
2018,1000 туылғанға,ерлер,Солтүстік Қазақстан,,KZSEV,7.28
2018,1000 туылғанға,ерлер,Түркістан,,KZYUZ,4.81
2018,1000 туылғанға,ерлер,Ұлытау,,KZULU,5.91
2018,1000 туылғанға,ерлер,Шығыс Қазақстан,,KZVOS,7.59
2018,1000 туылғанға,ерлер,Астана қаласы,,KZNS,4.14
2018,1000 туылғанға,ерлер,Алматы қаласы,,KZALA,6.07
2018,1000 туылғанға,ерлер,Шымкент қаласы,,KZSHY,5.04
2018,1000 туылғанға,ерлер,,қала,,5.63
2018,1000 туылғанға,ерлер,Абай,қала,KZABY,5.67
2018,1000 туылғанға,ерлер,Ақмола,қала,KZAKM,4.25
2018,1000 туылғанға,ерлер,Ақтөбе,қала,KZAKT,6.89
2018,1000 туылғанға,ерлер,Алматы,қала,KZALM,4.92
2018,1000 туылғанға,ерлер,Атырау,қала,KZATY,6.54
2018,1000 туылғанға,ерлер,Батыс Қазақстан,қала,KZZAP,5.14
2018,1000 туылғанға,ерлер,Жамбыл,қала,KZZHA,5.24
2018,1000 туылғанға,ерлер,Жетісу,қала,KZZHS,3.95
2018,1000 туылғанға,ерлер,Қарағанды,қала,KZKAR,6.81
2018,1000 туылғанға,ерлер,Қостанай,қала,KZKUS,7.44
2018,1000 туылғанға,ерлер,Қызылорда,қала,KZKZY,7.8
2018,1000 туылғанға,ерлер,Маңғыстау,қала,KZMAN,6.37
2018,1000 туылғанға,ерлер,Павлодар,қала,KZPAV,4.26
2018,1000 туылғанға,ерлер,Солтүстік Қазақстан,қала,KZSEV,7.07
2018,1000 туылғанға,ерлер,Түркістан,қала,KZYUZ,4.27
2018,1000 туылғанға,ерлер,Ұлытау,қала,KZULU,5.27
2018,1000 туылғанға,ерлер,Шығыс Қазақстан,қала,KZVOS,8.32
2018,1000 туылғанға,ерлер,Астана қаласы,қала,KZNS,4.14
2018,1000 туылғанға,ерлер,Алматы қаласы,қала,KZALA,6.07
2018,1000 туылғанға,ерлер,Шымкент қаласы,қала,KZSHY,5.04
2018,1000 туылғанға,ерлер,,ауыл,,4.84
2018,1000 туылғанға,ерлер,Абай,ауыл,KZABY,1.9
2018,1000 туылғанға,ерлер,Ақмола,ауыл,KZAKM,2.45
2018,1000 туылғанға,ерлер,Ақтөбе,ауыл,KZAKT,2.38
2018,1000 туылғанға,ерлер,Алматы,ауыл,KZALM,5.04
2018,1000 туылғанға,ерлер,Атырау,ауыл,KZATY,10.09
2018,1000 туылғанға,ерлер,Батыс Қазақстан,ауыл,KZZAP,4.59
2018,1000 туылғанға,ерлер,Жамбыл,ауыл,KZZHA,3.35
2018,1000 туылғанға,ерлер,Жетісу,ауыл,KZZHS,4.59
2018,1000 туылғанға,ерлер,Қарағанды,ауыл,KZKAR,2.21
2018,1000 туылғанға,ерлер,Қостанай,ауыл,KZKUS,6.91
2018,1000 туылғанға,ерлер,Қызылорда,ауыл,KZKZY,4.16
2018,1000 туылғанға,ерлер,Маңғыстау,ауыл,KZMAN,5.52
2018,1000 туылғанға,ерлер,Павлодар,ауыл,KZPAV,3.31
2018,1000 туылғанға,ерлер,Солтүстік Қазақстан,ауыл,KZSEV,7.49
2018,1000 туылғанға,ерлер,Түркістан,ауыл,KZYUZ,5.0
2018,1000 туылғанға,ерлер,Ұлытау,ауыл,KZULU,8.51
2018,1000 туылғанға,ерлер,Шығыс Қазақстан,ауыл,KZVOS,6.08
2018,1000 туылғанға,әйелдер,,,,3.78
2018,1000 туылғанға,әйелдер,Абай,,KZABY,4.05
2018,1000 туылғанға,әйелдер,Ақмола,,KZAKM,3.15
2018,1000 туылғанға,әйелдер,Ақтөбе,,KZAKT,4.72
2018,1000 туылғанға,әйелдер,Алматы,,KZALM,3.72
2018,1000 туылғанға,әйелдер,Атырау,,KZATY,3.9
2018,1000 туылғанға,әйелдер,Батыс Қазақстан,,KZZAP,2.84
2018,1000 туылғанға,әйелдер,Жамбыл,,KZZHA,2.44
2018,1000 туылғанға,әйелдер,Жетісу,,KZZHS,2.84
2018,1000 туылғанға,әйелдер,Қарағанды,,KZKAR,3.79
2018,1000 туылғанға,әйелдер,Қостанай,,KZKUS,5.27
2018,1000 туылғанға,әйелдер,Қызылорда,,KZKZY,3.67
2018,1000 туылғанға,әйелдер,Маңғыстау,,KZMAN,4.93
2018,1000 туылғанға,әйелдер,Павлодар,,KZPAV,3.27
2018,1000 туылғанға,әйелдер,Солтүстік Қазақстан,,KZSEV,4.88
2018,1000 туылғанға,әйелдер,Түркістан,,KZYUZ,3.43
2018,1000 туылғанға,әйелдер,Ұлытау,,KZULU,3.09
2018,1000 туылғанға,әйелдер,Шығыс Қазақстан,,KZVOS,3.76
2018,1000 туылғанға,әйелдер,Астана қаласы,,KZNS,2.75
2018,1000 туылғанға,әйелдер,Алматы қаласы,,KZALA,5.21
2018,1000 туылғанға,әйелдер,Шымкент қаласы,,KZSHY,4.34
2018,1000 туылғанға,әйелдер,,қала,,4.08
2018,1000 туылғанға,әйелдер,Абай,қала,KZABY,4.44
2018,1000 туылғанға,әйелдер,Ақмола,қала,KZAKM,3.99
2018,1000 туылғанға,әйелдер,Ақтөбе,қала,KZAKT,4.06
2018,1000 туылғанға,әйелдер,Алматы,қала,KZALM,5.08
2018,1000 туылғанға,әйелдер,Атырау,қала,KZATY,4.85
2018,1000 туылғанға,әйелдер,Батыс Қазақстан,қала,KZZAP,2.15
2018,1000 туылғанға,әйелдер,Жамбыл,қала,KZZHA,2.71
2018,1000 туылғанға,әйелдер,Жетісу,қала,KZZHS,2.38
2018,1000 туылғанға,әйелдер,Қарағанды,қала,KZKAR,4.18
2018,1000 туылғанға,әйелдер,Қостанай,қала,KZKUS,5.04
2018,1000 туылғанға,әйелдер,Қызылорда,қала,KZKZY,4.54
2018,1000 туылғанға,әйелдер,Маңғыстау,қала,KZMAN,4.97
2018,1000 туылғанға,әйелдер,Павлодар,қала,KZPAV,4.17
2018,1000 туылғанға,әйелдер,Солтүстік Қазақстан,қала,KZSEV,6.95
2018,1000 туылғанға,әйелдер,Түркістан,қала,KZYUZ,3.89
2018,1000 туылғанға,әйелдер,Ұлытау,қала,KZULU,2.78
2018,1000 туылғанға,әйелдер,Шығыс Қазақстан,қала,KZVOS,3.84
2018,1000 туылғанға,әйелдер,Астана қаласы,қала,KZNS,2.75
2018,1000 туылғанға,әйелдер,Алматы қаласы,қала,KZALA,5.21
2018,1000 туылғанға,әйелдер,Шымкент қаласы,қала,KZSHY,4.34
2018,1000 туылғанға,әйелдер,,ауыл,,3.35
2018,1000 туылғанға,әйелдер,Абай,ауыл,KZABY,3.41
2018,1000 туылғанға,әйелдер,Ақмола,ауыл,KZAKM,2.16
2018,1000 туылғанға,әйелдер,Ақтөбе,ауыл,KZAKT,6.68
2018,1000 туылғанға,әйелдер,Алматы,ауыл,KZALM,3.46
2018,1000 туылғанға,әйелдер,Атырау,ауыл,KZATY,2.6
2018,1000 туылғанға,әйелдер,Батыс Қазақстан,ауыл,KZZAP,3.82
2018,1000 туылғанға,әйелдер,Жамбыл,ауыл,KZZHA,2.24
2018,1000 туылғанға,әйелдер,Жетісу,ауыл,KZZHS,3.21
2018,1000 туылғанға,әйелдер,Қарағанды,ауыл,KZKAR,2.26
2018,1000 туылғанға,әйелдер,Қостанай,ауыл,KZKUS,5.67
2018,1000 туылғанға,әйелдер,Қызылорда,ауыл,KZKZY,2.88
2018,1000 туылғанға,әйелдер,Маңғыстау,ауыл,KZMAN,4.9
2018,1000 туылғанға,әйелдер,Павлодар,ауыл,KZPAV,1.15
2018,1000 туылғанға,әйелдер,Солтүстік Қазақстан,ауыл,KZSEV,2.85
2018,1000 туылғанға,әйелдер,Түркістан,ауыл,KZYUZ,3.27
2018,1000 туылғанға,әйелдер,Ұлытау,ауыл,KZULU,4.34
2018,1000 туылғанға,әйелдер,Шығыс Қазақстан,ауыл,KZVOS,3.59
2019,1000 туылғанға,ұлдар және қыздар,,,,4.8
2019,1000 туылғанға,ұлдар және қыздар,Абай,,KZABY,4.4
2019,1000 туылғанға,ұлдар және қыздар,Ақмола,,KZAKM,4.41
2019,1000 туылғанға,ұлдар және қыздар,Ақтөбе,,KZAKT,5.42
2019,1000 туылғанға,ұлдар және қыздар,Алматы,,KZALM,4.15
2019,1000 туылғанға,ұлдар және қыздар,Атырау,,KZATY,8.07
2019,1000 туылғанға,ұлдар және қыздар,Батыс Қазақстан,,KZZAP,4.72
2019,1000 туылғанға,ұлдар және қыздар,Жамбыл,,KZZHA,4.88
2019,1000 туылғанға,ұлдар және қыздар,Жетісу,,KZZHS,5.1
2019,1000 туылғанға,ұлдар және қыздар,Қарағанды,,KZKAR,5.55
2019,1000 туылғанға,ұлдар және қыздар,Қостанай,,KZKUS,6.03
2019,1000 туылғанға,ұлдар және қыздар,Қызылорда,,KZKZY,5.01
2019,1000 туылғанға,ұлдар және қыздар,Маңғыстау,,KZMAN,5.58
2019,1000 туылғанға,ұлдар және қыздар,Павлодар,,KZPAV,3.64
2019,1000 туылғанға,ұлдар және қыздар,Солтүстік Қазақстан,,KZSEV,5.09
2019,1000 туылғанға,ұлдар және қыздар,Түркістан,,KZYUZ,3.56
2019,1000 туылғанға,ұлдар және қыздар,Ұлытау,,KZULU,4.95
2019,1000 туылғанға,ұлдар және қыздар,Шығыс Қазақстан,,KZVOS,6.04
2019,1000 туылғанға,ұлдар және қыздар,Астана қаласы,,KZNS,3.2
2019,1000 туылғанға,ұлдар және қыздар,Алматы қаласы,,KZALA,4.61
2019,1000 туылғанға,ұлдар және қыздар,Шымкент қаласы,,KZSHY,5.83
2019,1000 туылғанға,ұлдар және қыздар,,қала,,5.23
2019,1000 туылғанға,ұлдар және қыздар,Абай,қала,KZABY,4.44
2019,1000 туылғанға,ұлдар және қыздар,Ақмола,қала,KZAKM,4.92
2019,1000 туылғанға,ұлдар және қыздар,Ақтөбе,қала,KZAKT,5.33
2019,1000 туылғанға,ұлдар және қыздар,Алматы,қала,KZALM,6.04
2019,1000 туылғанға,ұлдар және қыздар,Атырау,қала,KZATY,8.32
2019,1000 туылғанға,ұлдар және қыздар,Батыс Қазақстан,қала,KZZAP,5.06
2019,1000 туылғанға,ұлдар және қыздар,Жамбыл,қала,KZZHA,6.53
2019,1000 туылғанға,ұлдар және қыздар,Жетісу,қала,KZZHS,5.69
2019,1000 туылғанға,ұлдар және қыздар,Қарағанды,қала,KZKAR,5.97
2019,1000 туылғанға,ұлдар және қыздар,Қостанай,қала,KZKUS,5.78
2019,1000 туылғанға,ұлдар және қыздар,Қызылорда,қала,KZKZY,4.79
2019,1000 туылғанға,ұлдар және қыздар,Маңғыстау,қала,KZMAN,7.27
2019,1000 туылғанға,ұлдар және қыздар,Павлодар,қала,KZPAV,4.42
2019,1000 туылғанға,ұлдар және қыздар,Солтүстік Қазақстан,қала,KZSEV,5.9
2019,1000 туылғанға,ұлдар және қыздар,Түркістан,қала,KZYUZ,4.02
2019,1000 туылғанға,ұлдар және қыздар,Ұлытау,қала,KZULU,6.08
2019,1000 туылғанға,ұлдар және қыздар,Шығыс Қазақстан,қала,KZVOS,6.64
2019,1000 туылғанға,ұлдар және қыздар,Астана қаласы,қала,KZNS,3.2
2019,1000 туылғанға,ұлдар және қыздар,Алматы қаласы,қала,KZALA,4.61
2019,1000 туылғанға,ұлдар және қыздар,Шымкент қаласы,қала,KZSHY,5.83
2019,1000 туылғанға,ұлдар және қыздар,,ауыл,,4.16
2019,1000 туылғанға,ұлдар және қыздар,Абай,ауыл,KZABY,4.32
2019,1000 туылғанға,ұлдар және қыздар,Ақмола,ауыл,KZAKM,3.74
2019,1000 туылғанға,ұлдар және қыздар,Ақтөбе,ауыл,KZAKT,5.68
2019,1000 туылғанға,ұлдар және қыздар,Алматы,ауыл,KZALM,3.8
2019,1000 туылғанға,ұлдар және қыздар,Атырау,ауыл,KZATY,7.74
2019,1000 туылғанға,ұлдар және қыздар,Батыс Қазақстан,ауыл,KZZAP,4.28
2019,1000 туылғанға,ұлдар және қыздар,Жамбыл,ауыл,KZZHA,3.61
2019,1000 туылғанға,ұлдар және қыздар,Жетісу,ауыл,KZZHS,4.58
2019,1000 туылғанға,ұлдар және қыздар,Қарағанды,ауыл,KZKAR,3.85
2019,1000 туылғанға,ұлдар және қыздар,Қостанай,ауыл,KZKUS,6.45
2019,1000 туылғанға,ұлдар және қыздар,Қызылорда,ауыл,KZKZY,5.24
2019,1000 туылғанға,ұлдар және қыздар,Маңғыстау,ауыл,KZMAN,4.43
2019,1000 туылғанға,ұлдар және қыздар,Павлодар,ауыл,KZPAV,1.76
2019,1000 туылғанға,ұлдар және қыздар,Солтүстік Қазақстан,ауыл,KZSEV,4.31
2019,1000 туылғанға,ұлдар және қыздар,Түркістан,ауыл,KZYUZ,3.38
2019,1000 туылғанға,ұлдар және қыздар,Ұлытау,ауыл,KZULU,0.97
2019,1000 туылғанға,ұлдар және қыздар,Шығыс Қазақстан,ауыл,KZVOS,4.86
2019,1000 туылғанға,ерлер,,,,5.51
2019,1000 туылғанға,ерлер,Абай,,KZABY,4.68
2019,1000 туылғанға,ерлер,Ақмола,,KZAKM,4.88
2019,1000 туылғанға,ерлер,Ақтөбе,,KZAKT,5.39
2019,1000 туылғанға,ерлер,Алматы,,KZALM,5.11
2019,1000 туылғанға,ерлер,Атырау,,KZATY,8.92
2019,1000 туылғанға,ерлер,Батыс Қазақстан,,KZZAP,5.97
2019,1000 туылғанға,ерлер,Жамбыл,,KZZHA,5.94
2019,1000 туылғанға,ерлер,Жетісу,,KZZHS,6.27
2019,1000 туылғанға,ерлер,Қарағанды,,KZKAR,6.12
2019,1000 туылғанға,ерлер,Қостанай,,KZKUS,8.05
2019,1000 туылғанға,ерлер,Қызылорда,,KZKZY,6.01
2019,1000 туылғанға,ерлер,Маңғыстау,,KZMAN,6.47
2019,1000 туылғанға,ерлер,Павлодар,,KZPAV,3.82
2019,1000 туылғанға,ерлер,Солтүстік Қазақстан,,KZSEV,7.04
2019,1000 туылғанға,ерлер,Түркістан,,KZYUZ,3.9
2019,1000 туылғанға,ерлер,Ұлытау,,KZULU,4.97
2019,1000 туылғанға,ерлер,Шығыс Қазақстан,,KZVOS,5.88
2019,1000 туылғанға,ерлер,Астана қаласы,,KZNS,3.47
2019,1000 туылғанға,ерлер,Алматы қаласы,,KZALA,5.56
2019,1000 туылғанға,ерлер,Шымкент қаласы,,KZSHY,6.6
2019,1000 туылғанға,ерлер,,қала,,5.89
2019,1000 туылғанға,ерлер,Абай,қала,KZABY,5.55
2019,1000 туылғанға,ерлер,Ақмола,қала,KZAKM,6.1
2019,1000 туылғанға,ерлер,Ақтөбе,қала,KZAKT,5.3
2019,1000 туылғанға,ерлер,Алматы,қала,KZALM,8.27
2019,1000 туылғанға,ерлер,Атырау,қала,KZATY,8.19
2019,1000 туылғанға,ерлер,Батыс Қазақстан,қала,KZZAP,6.35
2019,1000 туылғанға,ерлер,Жамбыл,қала,KZZHA,7.05
2019,1000 туылғанға,ерлер,Жетісу,қала,KZZHS,5.43
2019,1000 туылғанға,ерлер,Қарағанды,қала,KZKAR,6.83
2019,1000 туылғанға,ерлер,Қостанай,қала,KZKUS,7.99
2019,1000 туылғанға,ерлер,Қызылорда,қала,KZKZY,4.8
2019,1000 туылғанға,ерлер,Маңғыстау,қала,KZMAN,8.71
2019,1000 туылғанға,ерлер,Павлодар,қала,KZPAV,4.48
2019,1000 туылғанға,ерлер,Солтүстік Қазақстан,қала,KZSEV,8.42
2019,1000 туылғанға,ерлер,Түркістан,қала,KZYUZ,4.77
2019,1000 туылғанға,ерлер,Ұлытау,қала,KZULU,5.83
2019,1000 туылғанға,ерлер,Шығыс Қазақстан,қала,KZVOS,5.81
2019,1000 туылғанға,ерлер,Астана қаласы,қала,KZNS,3.47
2019,1000 туылғанға,ерлер,Алматы қаласы,қала,KZALA,5.56
2019,1000 туылғанға,ерлер,Шымкент қаласы,қала,KZSHY,6.6
2019,1000 туылғанға,ерлер,,ауыл,,4.94
2019,1000 туылғанға,ерлер,Абай,ауыл,KZABY,3.17
2019,1000 туылғанға,ерлер,Ақмола,ауыл,KZAKM,3.27
2019,1000 туылғанға,ерлер,Ақтөбе,ауыл,KZAKT,5.65
2019,1000 туылғанға,ерлер,Алматы,ауыл,KZALM,4.51
2019,1000 туылғанға,ерлер,Атырау,ауыл,KZATY,9.88
2019,1000 туылғанға,ерлер,Батыс Қазақстан,ауыл,KZZAP,5.46
2019,1000 туылғанға,ерлер,Жамбыл,ауыл,KZZHA,5.09
2019,1000 туылғанға,ерлер,Жетісу,ауыл,KZZHS,7.0
2019,1000 туылғанға,ерлер,Қарағанды,ауыл,KZKAR,3.2
2019,1000 туылғанға,ерлер,Қостанай,ауыл,KZKUS,8.13
2019,1000 туылғанға,ерлер,Қызылорда,ауыл,KZKZY,7.22
2019,1000 туылғанға,ерлер,Маңғыстау,ауыл,KZMAN,4.95
2019,1000 туылғанға,ерлер,Павлодар,ауыл,KZPAV,2.25
2019,1000 туылғанға,ерлер,Солтүстік Қазақстан,ауыл,KZSEV,5.65
2019,1000 туылғанға,ерлер,Түркістан,ауыл,KZYUZ,3.56
2019,1000 туылғанға,ерлер,Ұлытау,ауыл,KZULU,1.9
2019,1000 туылғанға,ерлер,Шығыс Қазақстан,ауыл,KZVOS,5.91
2019,1000 туылғанға,әйелдер,,,,4.04
2019,1000 туылғанға,әйелдер,Абай,,KZABY,4.09
2019,1000 туылғанға,әйелдер,Ақмола,,KZAKM,3.9
2019,1000 туылғанға,әйелдер,Ақтөбе,,KZAKT,5.45
2019,1000 туылғанға,әйелдер,Алматы,,KZALM,3.13
2019,1000 туылғанға,әйелдер,Атырау,,KZATY,7.15
2019,1000 туылғанға,әйелдер,Батыс Қазақстан,,KZZAP,3.36
2019,1000 туылғанға,әйелдер,Жамбыл,,KZZHA,3.75
2019,1000 туылғанға,әйелдер,Жетісу,,KZZHS,3.88
2019,1000 туылғанға,әйелдер,Қарағанды,,KZKAR,4.92
2019,1000 туылғанға,әйелдер,Қостанай,,KZKUS,3.93
2019,1000 туылғанға,әйелдер,Қызылорда,,KZKZY,3.95
2019,1000 туылғанға,әйелдер,Маңғыстау,,KZMAN,4.63
2019,1000 туылғанға,әйелдер,Павлодар,,KZPAV,3.43
2019,1000 туылғанға,әйелдер,Солтүстік Қазақстан,,KZSEV,3.01
2019,1000 туылғанға,әйелдер,Түркістан,,KZYUZ,3.2
2019,1000 туылғанға,әйелдер,Ұлытау,,KZULU,4.93
2019,1000 туылғанға,әйелдер,Шығыс Қазақстан,,KZVOS,6.22
2019,1000 туылғанға,әйелдер,Астана қаласы,,KZNS,2.93
2019,1000 туылғанға,әйелдер,Алматы қаласы,,KZALA,3.6
2019,1000 туылғанға,әйелдер,Шымкент қаласы,,KZSHY,5.0
2019,1000 туылғанға,әйелдер,,қала,,4.52
2019,1000 туылғанға,әйелдер,Абай,қала,KZABY,3.21
2019,1000 туылғанға,әйелдер,Ақмола,қала,KZAKM,3.63
2019,1000 туылғанға,әйелдер,Ақтөбе,қала,KZAKT,5.37
2019,1000 туылғанға,әйелдер,Алматы,қала,KZALM,3.51
2019,1000 туылғанға,әйелдер,Атырау,қала,KZATY,8.48
2019,1000 туылғанға,әйелдер,Батыс Қазақстан,қала,KZZAP,3.64
2019,1000 туылғанға,әйелдер,Жамбыл,қала,KZZHA,5.98
2019,1000 туылғанға,әйелдер,Жетісу,қала,KZZHS,5.97
2019,1000 туылғанға,әйелдер,Қарағанды,қала,KZKAR,5.02
2019,1000 туылғанға,әйелдер,Қостанай,қала,KZKUS,3.46
2019,1000 туылғанға,әйелдер,Қызылорда,қала,KZKZY,4.77
2019,1000 туылғанға,әйелдер,Маңғыстау,қала,KZMAN,5.74
2019,1000 туылғанға,әйелдер,Павлодар,қала,KZPAV,4.35
2019,1000 туылғанға,әйелдер,Солтүстік Қазақстан,қала,KZSEV,3.11
2019,1000 туылғанға,әйелдер,Түркістан,қала,KZYUZ,3.23
2019,1000 туылғанға,әйелдер,Ұлытау,қала,KZULU,6.35
2019,1000 туылғанға,әйелдер,Шығыс Қазақстан,қала,KZVOS,7.46
2019,1000 туылғанға,әйелдер,Астана қаласы,қала,KZNS,2.93
2019,1000 туылғанға,әйелдер,Алматы қаласы,қала,KZALA,3.6
2019,1000 туылғанға,әйелдер,Шымкент қаласы,қала,KZSHY,5.0
2019,1000 туылғанға,әйелдер,,ауыл,,3.33
2019,1000 туылғанға,әйелдер,Абай,ауыл,KZABY,5.62
2019,1000 туылғанға,әйелдер,Ақмола,ауыл,KZAKM,4.23
2019,1000 туылғанға,әйелдер,Ақтөбе,ауыл,KZAKT,5.7
2019,1000 туылғанға,әйелдер,Алматы,ауыл,KZALM,3.06
2019,1000 туылғанға,әйелдер,Атырау,ауыл,KZATY,5.41
2019,1000 туылғанға,әйелдер,Батыс Қазақстан,ауыл,KZZAP,2.98
2019,1000 туылғанға,әйелдер,Жамбыл,ауыл,KZZHA,2.03
2019,1000 туылғанға,әйелдер,Жетісу,ауыл,KZZHS,2.03
2019,1000 туылғанға,әйелдер,Қарағанды,ауыл,KZKAR,4.54
2019,1000 туылғанға,әйелдер,Қостанай,ауыл,KZKUS,4.7
2019,1000 туылғанға,әйелдер,Қызылорда,ауыл,KZKZY,3.16
2019,1000 туылғанға,әйелдер,Маңғыстау,ауыл,KZMAN,3.88
2019,1000 туылғанға,әйелдер,Павлодар,ауыл,KZPAV,1.23
2019,1000 туылғанға,әйелдер,Солтүстік Қазақстан,ауыл,KZSEV,2.93
2019,1000 туылғанға,әйелдер,Түркістан,ауыл,KZYUZ,3.2
2019,1000 туылғанға,әйелдер,Ұлытау,ауыл,KZULU,0.0
2019,1000 туылғанға,әйелдер,Шығыс Қазақстан,ауыл,KZVOS,3.67
2020,1000 туылғанға,ұлдар және қыздар,,,,4.78
2020,1000 туылғанға,ұлдар және қыздар,Абай,,KZABY,4.68
2020,1000 туылғанға,ұлдар және қыздар,Ақмола,,KZAKM,4.0
2020,1000 туылғанға,ұлдар және қыздар,Ақтөбе,,KZAKT,5.97
2020,1000 туылғанға,ұлдар және қыздар,Алматы,,KZALM,5.12
2020,1000 туылғанға,ұлдар және қыздар,Атырау,,KZATY,6.94
2020,1000 туылғанға,ұлдар және қыздар,Батыс Қазақстан,,KZZAP,6.65
2020,1000 туылғанға,ұлдар және қыздар,Жамбыл,,KZZHA,3.77
2020,1000 туылғанға,ұлдар және қыздар,Жетісу,,KZZHS,4.18
2020,1000 туылғанға,ұлдар және қыздар,Қарағанды,,KZKAR,5.0
2020,1000 туылғанға,ұлдар және қыздар,Қостанай,,KZKUS,6.08
2020,1000 туылғанға,ұлдар және қыздар,Қызылорда,,KZKZY,6.8
2020,1000 туылғанға,ұлдар және қыздар,Маңғыстау,,KZMAN,4.97
2020,1000 туылғанға,ұлдар және қыздар,Павлодар,,KZPAV,3.99
2020,1000 туылғанға,ұлдар және қыздар,Солтүстік Қазақстан,,KZSEV,6.11
2020,1000 туылғанға,ұлдар және қыздар,Түркістан,,KZYUZ,3.56
2020,1000 туылғанға,ұлдар және қыздар,Ұлытау,,KZULU,5.61
2020,1000 туылғанға,ұлдар және қыздар,Шығыс Қазақстан,,KZVOS,5.5
2020,1000 туылғанға,ұлдар және қыздар,Астана қаласы,,KZNS,2.88
2020,1000 туылғанға,ұлдар және қыздар,Алматы қаласы,,KZALA,4.81
2020,1000 туылғанға,ұлдар және қыздар,Шымкент қаласы,,KZSHY,4.67
2020,1000 туылғанға,ұлдар және қыздар,,қала,,5.39
2020,1000 туылғанға,ұлдар және қыздар,Абай,қала,KZABY,4.47
2020,1000 туылғанға,ұлдар және қыздар,Ақмола,қала,KZAKM,3.98
2020,1000 туылғанға,ұлдар және қыздар,Ақтөбе,қала,KZAKT,5.94
2020,1000 туылғанға,ұлдар және қыздар,Алматы,қала,KZALM,8.7
2020,1000 туылғанға,ұлдар және қыздар,Атырау,қала,KZATY,7.89
2020,1000 туылғанға,ұлдар және қыздар,Батыс Қазақстан,қала,KZZAP,7.37
2020,1000 туылғанға,ұлдар және қыздар,Жамбыл,қала,KZZHA,6.03
2020,1000 туылғанға,ұлдар және қыздар,Жетісу,қала,KZZHS,5.32
2020,1000 туылғанға,ұлдар және қыздар,Қарағанды,қала,KZKAR,5.6
2020,1000 туылғанға,ұлдар және қыздар,Қостанай,қала,KZKUS,7.08
2020,1000 туылғанға,ұлдар және қыздар,Қызылорда,қала,KZKZY,8.19
2020,1000 туылғанға,ұлдар және қыздар,Маңғыстау,қала,KZMAN,6.72
2020,1000 туылғанға,ұлдар және қыздар,Павлодар,қала,KZPAV,4.09
2020,1000 туылғанға,ұлдар және қыздар,Солтүстік Қазақстан,қала,KZSEV,4.84
2020,1000 туылғанға,ұлдар және қыздар,Түркістан,қала,KZYUZ,5.95
2020,1000 туылғанға,ұлдар және қыздар,Ұлытау,қала,KZULU,6.63
2020,1000 туылғанға,ұлдар және қыздар,Шығыс Қазақстан,қала,KZVOS,5.51
2020,1000 туылғанға,ұлдар және қыздар,Астана қаласы,қала,KZNS,2.88
2020,1000 туылғанға,ұлдар және қыздар,Алматы қаласы,қала,KZALA,4.81
2020,1000 туылғанға,ұлдар және қыздар,Шымкент қаласы,қала,KZSHY,4.67
2020,1000 туылғанға,ұлдар және қыздар,,ауыл,,3.91
2020,1000 туылғанға,ұлдар және қыздар,Абай,ауыл,KZABY,5.05
2020,1000 туылғанға,ұлдар және қыздар,Ақмола,ауыл,KZAKM,4.02
2020,1000 туылғанға,ұлдар және қыздар,Ақтөбе,ауыл,KZAKT,6.05
2020,1000 туылғанға,ұлдар және қыздар,Алматы,ауыл,KZALM,4.5
2020,1000 туылғанға,ұлдар және қыздар,Атырау,ауыл,KZATY,5.82
2020,1000 туылғанға,ұлдар және қыздар,Батыс Қазақстан,ауыл,KZZAP,5.73
2020,1000 туылғанға,ұлдар және қыздар,Жамбыл,ауыл,KZZHA,1.97
2020,1000 туылғанға,ұлдар және қыздар,Жетісу,ауыл,KZZHS,3.24
2020,1000 туылғанға,ұлдар және қыздар,Қарағанды,ауыл,KZKAR,2.63
2020,1000 туылғанға,ұлдар және қыздар,Қостанай,ауыл,KZKUS,4.48
2020,1000 туылғанға,ұлдар және қыздар,Қызылорда,ауыл,KZKZY,5.49
2020,1000 туылғанға,ұлдар және қыздар,Маңғыстау,ауыл,KZMAN,3.75
2020,1000 туылғанға,ұлдар және қыздар,Павлодар,ауыл,KZPAV,3.78
2020,1000 туылғанға,ұлдар және қыздар,Солтүстік Қазақстан,ауыл,KZSEV,7.28
2020,1000 туылғанға,ұлдар және қыздар,Түркістан,ауыл,KZYUZ,2.72
2020,1000 туылғанға,ұлдар және қыздар,Ұлытау,ауыл,KZULU,1.92
2020,1000 туылғанға,ұлдар және қыздар,Шығыс Қазақстан,ауыл,KZVOS,5.48
2020,1000 туылғанға,ерлер,,,,5.42
2020,1000 туылғанға,ерлер,Абай,,KZABY,3.9
2020,1000 туылғанға,ерлер,Ақмола,,KZAKM,4.6
2020,1000 туылғанға,ерлер,Ақтөбе,,KZAKT,7.35
2020,1000 туылғанға,ерлер,Алматы,,KZALM,5.89
2020,1000 туылғанға,ерлер,Атырау,,KZATY,6.36
2020,1000 туылғанға,ерлер,Батыс Қазақстан,,KZZAP,6.77
2020,1000 туылғанға,ерлер,Жамбыл,,KZZHA,4.79
2020,1000 туылғанға,ерлер,Жетісу,,KZZHS,4.82
2020,1000 туылғанға,ерлер,Қарағанды,,KZKAR,5.81
2020,1000 туылғанға,ерлер,Қостанай,,KZKUS,8.02
2020,1000 туылғанға,ерлер,Қызылорда,,KZKZY,8.5
2020,1000 туылғанға,ерлер,Маңғыстау,,KZMAN,5.38
2020,1000 туылғанға,ерлер,Павлодар,,KZPAV,5.32
2020,1000 туылғанға,ерлер,Солтүстік Қазақстан,,KZSEV,6.7
2020,1000 туылғанға,ерлер,Түркістан,,KZYUZ,3.93
2020,1000 туылғанға,ерлер,Ұлытау,,KZULU,5.77
2020,1000 туылғанға,ерлер,Шығыс Қазақстан,,KZVOS,5.48
2020,1000 туылғанға,ерлер,Астана қаласы,,KZNS,3.58
2020,1000 туылғанға,ерлер,Алматы қаласы,,KZALA,5.62
2020,1000 туылғанға,ерлер,Шымкент қаласы,,KZSHY,5.08
2020,1000 туылғанға,ерлер,,қала,,6.2
2020,1000 туылғанға,ерлер,Абай,қала,KZABY,3.89
2020,1000 туылғанға,ерлер,Ақмола,қала,KZAKM,4.67
2020,1000 туылғанға,ерлер,Ақтөбе,қала,KZAKT,7.45
2020,1000 туылғанға,ерлер,Алматы,қала,KZALM,8.4
2020,1000 туылғанға,ерлер,Атырау,қала,KZATY,7.51
2020,1000 туылғанға,ерлер,Батыс Қазақстан,қала,KZZAP,7.96
2020,1000 туылғанға,ерлер,Жамбыл,қала,KZZHA,7.86
2020,1000 туылғанға,ерлер,Жетісу,қала,KZZHS,5.87
2020,1000 туылғанға,ерлер,Қарағанды,қала,KZKAR,6.53
2020,1000 туылғанға,ерлер,Қостанай,қала,KZKUS,10.46
2020,1000 туылғанға,ерлер,Қызылорда,қала,KZKZY,10.59
2020,1000 туылғанға,ерлер,Маңғыстау,қала,KZMAN,7.07
2020,1000 туылғанға,ерлер,Павлодар,қала,KZPAV,5.32
2020,1000 туылғанға,ерлер,Солтүстік Қазақстан,қала,KZSEV,5.75
2020,1000 туылғанға,ерлер,Түркістан,қала,KZYUZ,6.54
2020,1000 туылғанға,ерлер,Ұлытау,қала,KZULU,6.9
2020,1000 туылғанға,ерлер,Шығыс Қазақстан,қала,KZVOS,5.5
2020,1000 туылғанға,ерлер,Астана қаласы,қала,KZNS,3.58
2020,1000 туылғанға,ерлер,Алматы қаласы,қала,KZALA,5.62
2020,1000 туылғанға,ерлер,Шымкент қаласы,қала,KZSHY,5.08
2020,1000 туылғанға,ерлер,,ауыл,,4.32
2020,1000 туылғанға,ерлер,Абай,ауыл,KZABY,3.91
2020,1000 туылғанға,ерлер,Ақмола,ауыл,KZAKM,4.5
2020,1000 туылғанға,ерлер,Ақтөбе,ауыл,KZAKT,7.06
2020,1000 туылғанға,ерлер,Алматы,ауыл,KZALM,5.46
2020,1000 туылғанға,ерлер,Атырау,ауыл,KZATY,4.98
2020,1000 туылғанға,ерлер,Батыс Қазақстан,ауыл,KZZAP,5.21
2020,1000 туылғанға,ерлер,Жамбыл,ауыл,KZZHA,2.38
2020,1000 туылғанға,ерлер,Жетісу,ауыл,KZZHS,3.96
2020,1000 туылғанға,ерлер,Қарағанды,ауыл,KZKAR,3.03
2020,1000 туылғанға,ерлер,Қостанай,ауыл,KZKUS,3.98
2020,1000 туылғанға,ерлер,Қызылорда,ауыл,KZKZY,6.53
2020,1000 туылғанға,ерлер,Маңғыстау,ауыл,KZMAN,4.19
2020,1000 туылғанға,ерлер,Павлодар,ауыл,KZPAV,5.33
2020,1000 туылғанға,ерлер,Солтүстік Қазақстан,ауыл,KZSEV,7.58
2020,1000 туылғанға,ерлер,Түркістан,ауыл,KZYUZ,2.99
2020,1000 туылғанға,ерлер,Ұлытау,ауыл,KZULU,1.84
2020,1000 туылғанға,ерлер,Шығыс Қазақстан,ауыл,KZVOS,5.44
2020,1000 туылғанға,әйелдер,,,,0.15
2020,1000 туылғанға,әйелдер,Абай,,KZABY,3.58
2020,1000 туылғанға,әйелдер,Ақмола,,KZAKM,7.7
2020,1000 туылғанға,әйелдер,Ақтөбе,,KZAKT,7.79
2020,1000 туылғанға,әйелдер,Алматы,,KZALM,3.56
2020,1000 туылғанға,әйелдер,Атырау,,KZATY,4.92
2020,1000 туылғанға,әйелдер,Батыс Қазақстан,,KZZAP,5.77
2020,1000 туылғанға,әйелдер,Жамбыл,,KZZHA,1.98
2020,1000 туылғанға,әйелдер,Жетісу,,KZZHS,4.64
2020,1000 туылғанға,әйелдер,Қарағанды,,KZKAR,2.56
2020,1000 туылғанға,әйелдер,Қостанай,,KZKUS,9.15
2020,1000 туылғанға,әйелдер,Қызылорда,,KZKZY,4.48
2020,1000 туылғанға,әйелдер,Маңғыстау,,KZMAN,1.44
2020,1000 туылғанға,әйелдер,Павлодар,,KZPAV,3.13
2020,1000 туылғанға,әйелдер,Солтүстік Қазақстан,,KZSEV,28.24
2020,1000 туылғанға,әйелдер,Түркістан,,KZYUZ,0.44
2020,1000 туылғанға,әйелдер,Ұлытау,,KZULU,12.18
2020,1000 туылғанға,әйелдер,Шығыс Қазақстан,,KZVOS,5.71
2020,1000 туылғанға,әйелдер,Астана қаласы,,KZNS,4.72
2020,1000 туылғанға,әйелдер,Алматы қаласы,,KZALA,3.81
2020,1000 туылғанға,әйелдер,Шымкент қаласы,,KZSHY,0.0
2020,1000 туылғанға,әйелдер,,қала,,4.51
2020,1000 туылғанға,әйелдер,Абай,қала,KZABY,5.09
2020,1000 туылғанға,әйелдер,Ақмола,қала,KZAKM,3.24
2020,1000 туылғанға,әйелдер,Ақтөбе,қала,KZAKT,4.32
2020,1000 туылғанға,әйелдер,Алматы,қала,KZALM,9.01
2020,1000 туылғанға,әйелдер,Атырау,қала,KZATY,8.29
2020,1000 туылғанға,әйелдер,Батыс Қазақстан,қала,KZZAP,6.73
2020,1000 туылғанға,әйелдер,Жамбыл,қала,KZZHA,4.12
2020,1000 туылғанға,әйелдер,Жетісу,қала,KZZHS,4.75
2020,1000 туылғанға,әйелдер,Қарағанды,қала,KZKAR,4.61
2020,1000 туылғанға,әйелдер,Қостанай,қала,KZKUS,3.45
2020,1000 туылғанға,әйелдер,Қызылорда,қала,KZKZY,5.58
2020,1000 туылғанға,әйелдер,Маңғыстау,қала,KZMAN,6.34
2020,1000 туылғанға,әйелдер,Павлодар,қала,KZPAV,2.8
2020,1000 туылғанға,әйелдер,Солтүстік Қазақстан,қала,KZSEV,3.83
2020,1000 туылғанға,әйелдер,Түркістан,қала,KZYUZ,5.28
2020,1000 туылғанға,әйелдер,Ұлытау,қала,KZULU,6.36
2020,1000 туылғанға,әйелдер,Шығыс Қазақстан,қала,KZVOS,5.53
2020,1000 туылғанға,әйелдер,Астана қаласы,қала,KZNS,2.12
2020,1000 туылғанға,әйелдер,Алматы қаласы,қала,KZALA,3.93
2020,1000 туылғанға,әйелдер,Шымкент қаласы,қала,KZSHY,4.23
2020,1000 туылғанға,әйелдер,,ауыл,,3.48
2020,1000 туылғанға,әйелдер,Абай,ауыл,KZABY,6.33
2020,1000 туылғанға,әйелдер,Ақмола,ауыл,KZAKM,3.48
2020,1000 туылғанға,әйелдер,Ақтөбе,ауыл,KZAKT,4.96
2020,1000 туылғанға,әйелдер,Алматы,ауыл,KZALM,3.48
2020,1000 туылғанға,әйелдер,Атырау,ауыл,KZATY,6.7
2020,1000 туылғанға,әйелдер,Батыс Қазақстан,ауыл,KZZAP,6.28
2020,1000 туылғанға,әйелдер,Жамбыл,ауыл,KZZHA,1.53
2020,1000 туылғанға,әйелдер,Жетісу,ауыл,KZZHS,2.51
2020,1000 туылғанға,әйелдер,Қарағанды,ауыл,KZKAR,2.2
2020,1000 туылғанға,әйелдер,Қостанай,ауыл,KZKUS,4.99
2020,1000 туылғанға,әйелдер,Қызылорда,ауыл,KZKZY,4.39
2020,1000 туылғанға,әйелдер,Маңғыстау,ауыл,KZMAN,3.26
2020,1000 туылғанға,әйелдер,Павлодар,ауыл,KZPAV,2.19
2020,1000 туылғанға,әйелдер,Солтүстік Қазақстан,ауыл,KZSEV,6.96
2020,1000 туылғанға,әйелдер,Түркістан,ауыл,KZYUZ,2.43
2020,1000 туылғанға,әйелдер,Ұлытау,ауыл,KZULU,2.02
2020,1000 туылғанға,әйелдер,Шығыс Қазақстан,ауыл,KZVOS,5.52
2021,1000 туылғанға,ұлдар және қыздар,,,,5.06
2021,1000 туылғанға,ұлдар және қыздар,Абай,,KZABY,5.17
2021,1000 туылғанға,ұлдар және қыздар,Ақмола,,KZAKM,3.35
2021,1000 туылғанға,ұлдар және қыздар,Ақтөбе,,KZAKT,6.77
2021,1000 туылғанға,ұлдар және қыздар,Алматы,,KZALM,4.87
2021,1000 туылғанға,ұлдар және қыздар,Атырау,,KZATY,5.54
2021,1000 туылғанға,ұлдар және қыздар,Батыс Қазақстан,,KZZAP,5.41
2021,1000 туылғанға,ұлдар және қыздар,Жамбыл,,KZZHA,3.87
2021,1000 туылғанға,ұлдар және қыздар,Жетісу,,KZZHS,5.41
2021,1000 туылғанға,ұлдар және қыздар,Қарағанды,,KZKAR,5.29
2021,1000 туылғанға,ұлдар және қыздар,Қостанай,,KZKUS,7.16
2021,1000 туылғанға,ұлдар және қыздар,Қызылорда,,KZKZY,5.91
2021,1000 туылғанға,ұлдар және қыздар,Маңғыстау,,KZMAN,5.61
2021,1000 туылғанға,ұлдар және қыздар,Павлодар,,KZPAV,4.2
2021,1000 туылғанға,ұлдар және қыздар,Солтүстік Қазақстан,,KZSEV,6.01
2021,1000 туылғанға,ұлдар және қыздар,Түркістан,,KZYUZ,3.65
2021,1000 туылғанға,ұлдар және қыздар,Ұлытау,,KZULU,5.95
2021,1000 туылғанға,ұлдар және қыздар,Шығыс Қазақстан,,KZVOS,4.49
2021,1000 туылғанға,ұлдар және қыздар,Астана қаласы,,KZNS,4.02
2021,1000 туылғанға,ұлдар және қыздар,Алматы қаласы,,KZALA,6.03
2021,1000 туылғанға,ұлдар және қыздар,Шымкент қаласы,,KZSHY,6.22
2021,1000 туылғанға,ұлдар және қыздар,,қала,,6.38
2021,1000 туылғанға,ұлдар және қыздар,Абай,қала,KZABY,6.27
2021,1000 туылғанға,ұлдар және қыздар,Ақмола,қала,KZAKM,4.97
2021,1000 туылғанға,ұлдар және қыздар,Ақтөбе,қала,KZAKT,7.04
2021,1000 туылғанға,ұлдар және қыздар,Алматы,қала,KZALM,9.11
2021,1000 туылғанға,ұлдар және қыздар,Атырау,қала,KZATY,5.93
2021,1000 туылғанға,ұлдар және қыздар,Батыс Қазақстан,қала,KZZAP,7.76
2021,1000 туылғанға,ұлдар және қыздар,Жамбыл,қала,KZZHA,7.56
2021,1000 туылғанға,ұлдар және қыздар,Жетісу,қала,KZZHS,6.79
2021,1000 туылғанға,ұлдар және қыздар,Қарағанды,қала,KZKAR,6.12
2021,1000 туылғанға,ұлдар және қыздар,Қостанай,қала,KZKUS,9.69
2021,1000 туылғанға,ұлдар және қыздар,Қызылорда,қала,KZKZY,9.47
2021,1000 туылғанға,ұлдар және қыздар,Маңғыстау,қала,KZMAN,8.64
2021,1000 туылғанға,ұлдар және қыздар,Павлодар,қала,KZPAV,4.63
2021,1000 туылғанға,ұлдар және қыздар,Солтүстік Қазақстан,қала,KZSEV,8.62
2021,1000 туылғанға,ұлдар және қыздар,Түркістан,қала,KZYUZ,6.24
2021,1000 туылғанға,ұлдар және қыздар,Ұлытау,қала,KZULU,7.34
2021,1000 туылғанға,ұлдар және қыздар,Шығыс Қазақстан,қала,KZVOS,4.14
2021,1000 туылғанға,ұлдар және қыздар,Астана қаласы,қала,KZNS,4.02
2021,1000 туылғанға,ұлдар және қыздар,Алматы қаласы,қала,KZALA,6.03
2021,1000 туылғанға,ұлдар және қыздар,Шымкент қаласы,қала,KZSHY,6.22
2021,1000 туылғанға,ұлдар және қыздар,,ауыл,,3.17
2021,1000 туылғанға,ұлдар және қыздар,Абай,ауыл,KZABY,3.23
2021,1000 туылғанға,ұлдар және қыздар,Ақмола,ауыл,KZAKM,1.25
2021,1000 туылғанға,ұлдар және қыздар,Ақтөбе,ауыл,KZAKT,5.99
2021,1000 туылғанға,ұлдар және қыздар,Алматы,ауыл,KZALM,4.14
2021,1000 туылғанға,ұлдар және қыздар,Атырау,ауыл,KZATY,5.08
2021,1000 туылғанға,ұлдар және қыздар,Батыс Қазақстан,ауыл,KZZAP,2.51
2021,1000 туылғанға,ұлдар және қыздар,Жамбыл,ауыл,KZZHA,0.99
2021,1000 туылғанға,ұлдар және қыздар,Жетісу,ауыл,KZZHS,4.31
2021,1000 туылғанға,ұлдар және қыздар,Қарағанды,ауыл,KZKAR,1.88
2021,1000 туылғанға,ұлдар және қыздар,Қостанай,ауыл,KZKUS,2.89
2021,1000 туылғанға,ұлдар және қыздар,Қызылорда,ауыл,KZKZY,2.72
2021,1000 туылғанға,ұлдар және қыздар,Маңғыстау,ауыл,KZMAN,3.5
2021,1000 туылғанға,ұлдар және қыздар,Павлодар,ауыл,KZPAV,3.19
2021,1000 туылғанға,ұлдар және қыздар,Солтүстік Қазақстан,ауыл,KZSEV,3.58
2021,1000 туылғанға,ұлдар және қыздар,Түркістан,ауыл,KZYUZ,2.72
2021,1000 туылғанға,ұлдар және қыздар,Ұлытау,ауыл,KZULU,0.95
2021,1000 туылғанға,ұлдар және қыздар,Шығыс Қазақстан,ауыл,KZVOS,5.19
2021,1000 туылғанға,ерлер,,,,0.12
2021,1000 туылғанға,ерлер,Абай,,KZABY,3.7
2021,1000 туылғанға,ерлер,Ақмола,,KZAKM,4.6
2021,1000 туылғанға,ерлер,Ақтөбе,,KZAKT,12.64
2021,1000 туылғанға,ерлер,Алматы,,KZALM,2.73
2021,1000 туылғанға,ерлер,Атырау,,KZATY,5.04
2021,1000 туылғанға,ерлер,Батыс Қазақстан,,KZZAP,8.88
2021,1000 туылғанға,ерлер,Жамбыл,,KZZHA,3.08
2021,1000 туылғанға,ерлер,Жетісу,,KZZHS,6.67
2021,1000 туылғанға,ерлер,Қарағанды,,KZKAR,4.44
2021,1000 туылғанға,ерлер,Қостанай,,KZKUS,13.89
2021,1000 туылғанға,ерлер,Қызылорда,,KZKZY,5.57
2021,1000 туылғанға,ерлер,Маңғыстау,,KZMAN,2.26
2021,1000 туылғанға,ерлер,Павлодар,,KZPAV,3.66
2021,1000 туылғанға,ерлер,Солтүстік Қазақстан,,KZSEV,38.37
2021,1000 туылғанға,ерлер,Түркістан,,KZYUZ,0.42
2021,1000 туылғанға,ерлер,Ұлытау,,KZULU,10.78
2021,1000 туылғанға,ерлер,Шығыс Қазақстан,,KZVOS,11.51
2021,1000 туылғанға,ерлер,Астана қаласы,,KZNS,8.08
2021,1000 туылғанға,ерлер,Алматы қаласы,,KZALA,6.15
2021,1000 туылғанға,ерлер,Шымкент қаласы,,KZSHY,0.0
2021,1000 туылғанға,ерлер,,қала,,6.66
2021,1000 туылғанға,ерлер,Абай,қала,KZABY,5.49
2021,1000 туылғанға,ерлер,Ақмола,қала,KZAKM,4.99
2021,1000 туылғанға,ерлер,Ақтөбе,қала,KZAKT,7.26
2021,1000 туылғанға,ерлер,Алматы,қала,KZALM,9.28
2021,1000 туылғанға,ерлер,Атырау,қала,KZATY,6.4
2021,1000 туылғанға,ерлер,Батыс Қазақстан,қала,KZZAP,9.63
2021,1000 туылғанға,ерлер,Жамбыл,қала,KZZHA,8.07
2021,1000 туылғанға,ерлер,Жетісу,қала,KZZHS,6.96
2021,1000 туылғанға,ерлер,Қарағанды,қала,KZKAR,6.52
2021,1000 туылғанға,ерлер,Қостанай,қала,KZKUS,10.74
2021,1000 туылғанға,ерлер,Қызылорда,қала,KZKZY,9.79
2021,1000 туылғанға,ерлер,Маңғыстау,қала,KZMAN,7.89
2021,1000 туылғанға,ерлер,Павлодар,қала,KZPAV,4.72
2021,1000 туылғанға,ерлер,Солтүстік Қазақстан,қала,KZSEV,10.33
2021,1000 туылғанға,ерлер,Түркістан,қала,KZYUZ,5.92
2021,1000 туылғанға,ерлер,Ұлытау,қала,KZULU,6.63
2021,1000 туылғанға,ерлер,Шығыс Қазақстан,қала,KZVOS,4.49
2021,1000 туылғанға,ерлер,Астана қаласы,қала,KZNS,4.01
2021,1000 туылғанға,ерлер,Алматы қаласы,қала,KZALA,6.71
2021,1000 туылғанға,ерлер,Шымкент қаласы,қала,KZSHY,6.59
2021,1000 туылғанға,ерлер,,ауыл,,3.52
2021,1000 туылғанға,ерлер,Абай,ауыл,KZABY,2.73
2021,1000 туылғанға,ерлер,Ақмола,ауыл,KZAKM,1.37
2021,1000 туылғанға,ерлер,Ақтөбе,ауыл,KZAKT,7.92
2021,1000 туылғанға,ерлер,Алматы,ауыл,KZALM,4.3
2021,1000 туылғанға,ерлер,Атырау,ауыл,KZATY,5.04
2021,1000 туылғанға,ерлер,Батыс Қазақстан,ауыл,KZZAP,3.07
2021,1000 туылғанға,ерлер,Жамбыл,ауыл,KZZHA,1.02
2021,1000 туылғанға,ерлер,Жетісу,ауыл,KZZHS,4.72
2021,1000 туылғанға,ерлер,Қарағанды,ауыл,KZKAR,2.08
2021,1000 туылғанға,ерлер,Қостанай,ауыл,KZKUS,2.79
2021,1000 туылғанға,ерлер,Қызылорда,ауыл,KZKZY,3.44
2021,1000 туылғанға,ерлер,Маңғыстау,ауыл,KZMAN,4.14
2021,1000 туылғанға,ерлер,Павлодар,ауыл,KZPAV,3.93
2021,1000 туылғанға,ерлер,Солтүстік Қазақстан,ауыл,KZSEV,2.87
2021,1000 туылғанға,ерлер,Түркістан,ауыл,KZYUZ,3.15
2021,1000 туылғанға,ерлер,Ұлытау,ауыл,KZULU,1.84
2021,1000 туылғанға,ерлер,Шығыс Қазақстан,ауыл,KZVOS,5.36
2021,1000 туылғанға,әйелдер,,,,4.74
2021,1000 туылғанға,әйелдер,Абай,,KZABY,5.88
2021,1000 туылғанға,әйелдер,Ақмола,,KZAKM,3.27
2021,1000 туылғанға,әйелдер,Ақтөбе,,KZAKT,6.08
2021,1000 туылғанға,әйелдер,Алматы,,KZALM,4.7
2021,1000 туылғанға,әйелдер,Атырау,,KZATY,5.28
2021,1000 туылғанға,әйелдер,Батыс Қазақстан,,KZZAP,4.13
2021,1000 туылғанға,әйелдер,Жамбыл,,KZZHA,3.63
2021,1000 туылғанға,әйелдер,Жетісу,,KZZHS,5.08
2021,1000 туылғанға,әйелдер,Қарағанды,,KZKAR,4.89
2021,1000 туылғанға,әйелдер,Қостанай,,KZKUS,6.57
2021,1000 туылғанға,әйелдер,Қызылорда,,KZKZY,5.32
2021,1000 туылғанға,әйелдер,Маңғыстау,,KZMAN,5.53
2021,1000 туылғанға,әйелдер,Павлодар,,KZPAV,3.9
2021,1000 туылғанға,әйелдер,Солтүстік Қазақстан,,KZSEV,5.48
2021,1000 туылғанға,әйелдер,Түркістан,,KZYUZ,3.4
2021,1000 туылғанға,әйелдер,Ұлытау,,KZULU,6.34
2021,1000 туылғанға,әйелдер,Шығыс Қазақстан,,KZVOS,4.18
2021,1000 туылғанға,әйелдер,Астана қаласы,,KZNS,4.02
2021,1000 туылғанға,әйелдер,Алматы қаласы,,KZALA,5.31
2021,1000 туылғанға,әйелдер,Шымкент қаласы,,KZSHY,5.84
2021,1000 туылғанға,әйелдер,,қала,,6.09
2021,1000 туылғанға,әйелдер,Абай,қала,KZABY,7.12
2021,1000 туылғанға,әйелдер,Ақмола,қала,KZAKM,4.95
2021,1000 туылғанға,әйелдер,Ақтөбе,қала,KZAKT,6.81
2021,1000 туылғанға,әйелдер,Алматы,қала,KZALM,8.94
2021,1000 туылғанға,әйелдер,Атырау,қала,KZATY,5.42
2021,1000 туылғанға,әйелдер,Батыс Қазақстан,қала,KZZAP,5.87
2021,1000 туылғанға,әйелдер,Жамбыл,қала,KZZHA,7.03
2021,1000 туылғанға,әйелдер,Жетісу,қала,KZZHS,6.61
2021,1000 туылғанға,әйелдер,Қарағанды,қала,KZKAR,5.69
2021,1000 туылғанға,әйелдер,Қостанай,қала,KZKUS,8.62
2021,1000 туылғанға,әйелдер,Қызылорда,қала,KZKZY,9.13
2021,1000 туылғанға,әйелдер,Маңғыстау,қала,KZMAN,9.43
2021,1000 туылғанға,әйелдер,Павлодар,қала,KZPAV,4.53
2021,1000 туылғанға,әйелдер,Солтүстік Қазақстан,қала,KZSEV,6.73
2021,1000 туылғанға,әйелдер,Түркістан,қала,KZYUZ,6.57
2021,1000 туылғанға,әйелдер,Ұлытау,қала,KZULU,8.1
2021,1000 туылғанға,әйелдер,Шығыс Қазақстан,қала,KZVOS,3.76
2021,1000 туылғанға,әйелдер,Астана қаласы,қала,KZNS,4.02
2021,1000 туылғанға,әйелдер,Алматы қаласы,қала,KZALA,5.31
2021,1000 туылғанға,әйелдер,Шымкент қаласы,қала,KZSHY,5.84
2021,1000 туылғанға,әйелдер,,ауыл,,2.81
2021,1000 туылғанға,әйелдер,Абай,ауыл,KZABY,3.76
2021,1000 туылғанға,әйелдер,Ақмола,ауыл,KZAKM,1.12
2021,1000 туылғанға,әйелдер,Ақтөбе,ауыл,KZAKT,3.97
2021,1000 туылғанға,әйелдер,Алматы,ауыл,KZALM,3.96
2021,1000 туылғанға,әйелдер,Атырау,ауыл,KZATY,5.11
2021,1000 туылғанға,әйелдер,Батыс Қазақстан,ауыл,KZZAP,1.93
2021,1000 туылғанға,әйелдер,Жамбыл,ауыл,KZZHA,0.96
2021,1000 туылғанға,әйелдер,Жетісу,ауыл,KZZHS,3.87
2021,1000 туылғанға,әйелдер,Қарағанды,ауыл,KZKAR,1.66
2021,1000 туылғанға,әйелдер,Қостанай,ауыл,KZKUS,3.0
2021,1000 туылғанға,әйелдер,Қызылорда,ауыл,KZKZY,1.97
2021,1000 туылғанға,әйелдер,Маңғыстау,ауыл,KZMAN,2.82
2021,1000 туылғанға,әйелдер,Павлодар,ауыл,KZPAV,2.4
2021,1000 туылғанға,әйелдер,Солтүстік Қазақстан,ауыл,KZSEV,4.34
2021,1000 туылғанға,әйелдер,Түркістан,ауыл,KZYUZ,2.25
2021,1000 туылғанға,әйелдер,Ұлытау,ауыл,KZULU,0.0
2021,1000 туылғанға,әйелдер,Шығыс Қазақстан,ауыл,KZVOS,5.01
2022,1000 туылғанға,ұлдар және қыздар,,,,4.53
2022,1000 туылғанға,ұлдар және қыздар,Абай,,KZABY,2.77
2022,1000 туылғанға,ұлдар және қыздар,Ақмола,,KZAKM,3.11
2022,1000 туылғанға,ұлдар және қыздар,Ақтөбе,,KZAKT,5.34
2022,1000 туылғанға,ұлдар және қыздар,Алматы,,KZALM,5.75
2022,1000 туылғанға,ұлдар және қыздар,Атырау,,KZATY,4.88
2022,1000 туылғанға,ұлдар және қыздар,Батыс Қазақстан,,KZZAP,5.26
2022,1000 туылғанға,ұлдар және қыздар,Жамбыл,,KZZHA,4.04
2022,1000 туылғанға,ұлдар және қыздар,Жетісу,,KZZHS,5.17
2022,1000 туылғанға,ұлдар және қыздар,Қарағанды,,KZKAR,5.06
2022,1000 туылғанға,ұлдар және қыздар,Қостанай,,KZKUS,6.37
2022,1000 туылғанға,ұлдар және қыздар,Қызылорда,,KZKZY,5.54
2022,1000 туылғанға,ұлдар және қыздар,Маңғыстау,,KZMAN,4.45
2022,1000 туылғанға,ұлдар және қыздар,Павлодар,,KZPAV,4.6
2022,1000 туылғанға,ұлдар және қыздар,Солтүстік Қазақстан,,KZSEV,6.46
2022,1000 туылғанға,ұлдар және қыздар,Түркістан,,KZYUZ,4.45
2022,1000 туылғанға,ұлдар және қыздар,Ұлытау,,KZULU,6.54
2022,1000 туылғанға,ұлдар және қыздар,Шығыс Қазақстан,,KZVOS,4.96
2022,1000 туылғанға,ұлдар және қыздар,Астана қаласы,,KZNS,3.23
2022,1000 туылғанға,ұлдар және қыздар,Алматы қаласы,,KZALA,2.91
2022,1000 туылғанға,ұлдар және қыздар,Шымкент қаласы,,KZSHY,4.41
2022,1000 туылғанға,ұлдар және қыздар,,қала,,4.37
2022,1000 туылғанға,ұлдар және қыздар,Абай,қала,KZABY,2.44
2022,1000 туылғанға,ұлдар және қыздар,Ақмола,қала,KZAKM,3.76
2022,1000 туылғанға,ұлдар және қыздар,Ақтөбе,қала,KZAKT,5.09
2022,1000 туылғанға,ұлдар және қыздар,Алматы,қала,KZALM,5.52
2022,1000 туылғанға,ұлдар және қыздар,Атырау,қала,KZATY,4.96
2022,1000 туылғанға,ұлдар және қыздар,Батыс Қазақстан,қала,KZZAP,4.68
2022,1000 туылғанға,ұлдар және қыздар,Жамбыл,қала,KZZHA,5.25
2022,1000 туылғанға,ұлдар және қыздар,Жетісу,қала,KZZHS,5.39
2022,1000 туылғанға,ұлдар және қыздар,Қарағанды,қала,KZKAR,5.21
2022,1000 туылғанға,ұлдар және қыздар,Қостанай,қала,KZKUS,4.56
2022,1000 туылғанға,ұлдар және қыздар,Қызылорда,қала,KZKZY,6.26
2022,1000 туылғанға,ұлдар және қыздар,Маңғыстау,қала,KZMAN,4.84
2022,1000 туылғанға,ұлдар және қыздар,Павлодар,қала,KZPAV,4.84
2022,1000 туылғанға,ұлдар және қыздар,Солтүстік Қазақстан,қала,KZSEV,6.22
2022,1000 туылғанға,ұлдар және қыздар,Түркістан,қала,KZYUZ,4.54
2022,1000 туылғанға,ұлдар және қыздар,Ұлытау,қала,KZULU,7.43
2022,1000 туылғанға,ұлдар және қыздар,Шығыс Қазақстан,қала,KZVOS,4.67
2022,1000 туылғанға,ұлдар және қыздар,Астана қаласы,қала,KZNS,3.23
2022,1000 туылғанға,ұлдар және қыздар,Алматы қаласы,қала,KZALA,2.91
2022,1000 туылғанға,ұлдар және қыздар,Шымкент қаласы,қала,KZSHY,4.41
2022,1000 туылғанға,ұлдар және қыздар,,ауыл,,4.77
2022,1000 туылғанға,ұлдар және қыздар,Абай,ауыл,KZABY,3.36
2022,1000 туылғанға,ұлдар және қыздар,Ақмола,ауыл,KZAKM,2.24
2022,1000 туылғанға,ұлдар және қыздар,Ақтөбе,ауыл,KZAKT,6.06
2022,1000 туылғанға,ұлдар және қыздар,Алматы,ауыл,KZALM,5.8
2022,1000 туылғанға,ұлдар және қыздар,Атырау,ауыл,KZATY,4.69
2022,1000 туылғанға,ұлдар және қыздар,Батыс Қазақстан,ауыл,KZZAP,6.01
2022,1000 туылғанға,ұлдар және қыздар,Жамбыл,ауыл,KZZHA,3.14
2022,1000 туылғанға,ұлдар және қыздар,Жетісу,ауыл,KZZHS,4.99
2022,1000 туылғанға,ұлдар және қыздар,Қарағанды,ауыл,KZKAR,4.45
2022,1000 туылғанға,ұлдар және қыздар,Қостанай,ауыл,KZKUS,9.55
2022,1000 туылғанға,ұлдар және қыздар,Қызылорда,ауыл,KZKZY,4.85
2022,1000 туылғанға,ұлдар және қыздар,Маңғыстау,ауыл,KZMAN,4.14
2022,1000 туылғанға,ұлдар және қыздар,Павлодар,ауыл,KZPAV,4.03
2022,1000 туылғанға,ұлдар және қыздар,Солтүстік Қазақстан,ауыл,KZSEV,6.7
2022,1000 туылғанға,ұлдар және қыздар,Түркістан,ауыл,KZYUZ,4.41
2022,1000 туылғанға,ұлдар және қыздар,Ұлытау,ауыл,KZULU,3.15
2022,1000 туылғанға,ұлдар және қыздар,Шығыс Қазақстан,ауыл,KZVOS,5.56
2022,1000 туылғанға,ерлер,,,,5.09
2022,1000 туылғанға,ерлер,Абай,,KZABY,2.9
2022,1000 туылғанға,ерлер,Ақмола,,KZAKM,3.56
2022,1000 туылғанға,ерлер,Ақтөбе,,KZAKT,6.25
2022,1000 туылғанға,ерлер,Алматы,,KZALM,6.28
2022,1000 туылғанға,ерлер,Атырау,,KZATY,5.21
2022,1000 туылғанға,ерлер,Батыс Қазақстан,,KZZAP,6.49
2022,1000 туылғанға,ерлер,Жамбыл,,KZZHA,5.37
2022,1000 туылғанға,ерлер,Жетісу,,KZZHS,6.36
2022,1000 туылғанға,ерлер,Қарағанды,,KZKAR,6.13
2022,1000 туылғанға,ерлер,Қостанай,,KZKUS,7.58
2022,1000 туылғанға,ерлер,Қызылорда,,KZKZY,6.51
2022,1000 туылғанға,ерлер,Маңғыстау,,KZMAN,4.65
2022,1000 туылғанға,ерлер,Павлодар,,KZPAV,5.79
2022,1000 туылғанға,ерлер,Солтүстік Қазақстан,,KZSEV,6.98
2022,1000 туылғанға,ерлер,Түркістан,,KZYUZ,4.9
2022,1000 туылғанға,ерлер,Ұлытау,,KZULU,6.71
2022,1000 туылғанға,ерлер,Шығыс Қазақстан,,KZVOS,4.48
2022,1000 туылғанға,ерлер,Астана қаласы,,KZNS,3.25
2022,1000 туылғанға,ерлер,Алматы қаласы,,KZALA,3.32
2022,1000 туылғанға,ерлер,Шымкент қаласы,,KZSHY,4.43
2022,1000 туылғанға,ерлер,,қала,,4.85
2022,1000 туылғанға,ерлер,Абай,қала,KZABY,2.26
2022,1000 туылғанға,ерлер,Ақмола,қала,KZAKM,3.51
2022,1000 туылғанға,ерлер,Ақтөбе,қала,KZAKT,6.22
2022,1000 туылғанға,ерлер,Алматы,қала,KZALM,7.01
2022,1000 туылғанға,ерлер,Атырау,қала,KZATY,5.37
2022,1000 туылғанға,ерлер,Батыс Қазақстан,қала,KZZAP,4.69
2022,1000 туылғанға,ерлер,Жамбыл,қала,KZZHA,6.81
2022,1000 туылғанға,ерлер,Жетісу,қала,KZZHS,5.48
2022,1000 туылғанға,ерлер,Қарағанды,қала,KZKAR,6.52
2022,1000 туылғанға,ерлер,Қостанай,қала,KZKUS,4.96
2022,1000 туылғанға,ерлер,Қызылорда,қала,KZKZY,7.91
2022,1000 туылғанға,ерлер,Маңғыстау,қала,KZMAN,4.46
2022,1000 туылғанға,ерлер,Павлодар,қала,KZPAV,5.96
2022,1000 туылғанға,ерлер,Солтүстік Қазақстан,қала,KZSEV,5.52
2022,1000 туылғанға,ерлер,Түркістан,қала,KZYUZ,5.78
2022,1000 туылғанға,ерлер,Ұлытау,қала,KZULU,7.39
2022,1000 туылғанға,ерлер,Шығыс Қазақстан,қала,KZVOS,4.19
2022,1000 туылғанға,ерлер,Астана қаласы,қала,KZNS,3.25
2022,1000 туылғанға,ерлер,Алматы қаласы,қала,KZALA,3.32
2022,1000 туылғанға,ерлер,Шымкент қаласы,қала,KZSHY,4.43
2022,1000 туылғанға,ерлер,,ауыл,,5.45
2022,1000 туылғанға,ерлер,Абай,ауыл,KZABY,4.06
2022,1000 туылғанға,ерлер,Ақмола,ауыл,KZAKM,3.63
2022,1000 туылғанға,ерлер,Ақтөбе,ауыл,KZAKT,6.33
2022,1000 туылғанға,ерлер,Алматы,ауыл,KZALM,6.11
2022,1000 туылғанға,ерлер,Атырау,ауыл,KZATY,5.01
2022,1000 туылғанға,ерлер,Батыс Қазақстан,ауыл,KZZAP,8.77
2022,1000 туылғанға,ерлер,Жамбыл,ауыл,KZZHA,4.3
2022,1000 туылғанға,ерлер,Жетісу,ауыл,KZZHS,7.1
2022,1000 туылғанға,ерлер,Қарағанды,ауыл,KZKAR,4.6
2022,1000 туылғанға,ерлер,Қостанай,ауыл,KZKUS,12.13
2022,1000 туылғанға,ерлер,Қызылорда,ауыл,KZKZY,5.2
2022,1000 туылғанға,ерлер,Маңғыстау,ауыл,KZMAN,4.79
2022,1000 туылғанға,ерлер,Павлодар,ауыл,KZPAV,5.4
2022,1000 туылғанға,ерлер,Солтүстік Қазақстан,ауыл,KZSEV,8.33
2022,1000 туылғанға,ерлер,Түркістан,ауыл,KZYUZ,4.58
2022,1000 туылғанға,ерлер,Ұлытау,ауыл,KZULU,4.07
2022,1000 туылғанға,ерлер,Шығыс Қазақстан,ауыл,KZVOS,5.1
2022,1000 туылғанға,әйелдер,,,,3.93
2022,1000 туылғанға,әйелдер,Абай,,KZABY,2.63
2022,1000 туылғанға,әйелдер,Ақмола,,KZAKM,2.65
2022,1000 туылғанға,әйелдер,Ақтөбе,,KZAKT,4.37
2022,1000 туылғанға,әйелдер,Алматы,,KZALM,5.18
2022,1000 туылғанға,әйелдер,Атырау,,KZATY,4.44
2022,1000 туылғанға,әйелдер,Батыс Қазақстан,,KZZAP,3.96
2022,1000 туылғанға,әйелдер,Жамбыл,,KZZHA,2.63
2022,1000 туылғанға,әйелдер,Жетісу,,KZZHS,3.92
2022,1000 туылғанға,әйелдер,Қарағанды,,KZKAR,3.92
2022,1000 туылғанға,әйелдер,Қостанай,,KZKUS,5.05
2022,1000 туылғанға,әйелдер,Қызылорда,,KZKZY,4.5
2022,1000 туылғанға,әйелдер,Маңғыстау,,KZMAN,4.24
2022,1000 туылғанға,әйелдер,Павлодар,,KZPAV,3.31
2022,1000 туылғанға,әйелдер,Солтүстік Қазақстан,,KZSEV,5.92
2022,1000 туылғанға,әйелдер,Түркістан,,KZYUZ,3.98
2022,1000 туылғанға,әйелдер,Ұлытау,,KZULU,6.36
2022,1000 туылғанға,әйелдер,Шығыс Қазақстан,,KZVOS,5.46
2022,1000 туылғанға,әйелдер,Астана қаласы,,KZNS,3.22
2022,1000 туылғанға,әйелдер,Алматы қаласы,,KZALA,2.46
2022,1000 туылғанға,әйелдер,Шымкент қаласы,,KZSHY,4.4
2022,1000 туылғанға,әйелдер,,қала,,3.86
2022,1000 туылғанға,әйелдер,Абай,қала,KZABY,2.63
2022,1000 туылғанға,әйелдер,Ақмола,қала,KZAKM,4.01
2022,1000 туылғанға,әйелдер,Ақтөбе,қала,KZAKT,3.89
2022,1000 туылғанға,әйелдер,Алматы,қала,KZALM,3.92
2022,1000 туылғанға,әйелдер,Атырау,қала,KZATY,4.53
2022,1000 туылғанға,әйелдер,Батыс Қазақстан,қала,KZZAP,4.68
2022,1000 туылғанға,әйелдер,Жамбыл,қала,KZZHA,3.6
2022,1000 туылғанға,әйелдер,Жетісу,қала,KZZHS,5.3
2022,1000 туылғанға,әйелдер,Қарағанды,қала,KZKAR,3.82
2022,1000 туылғанға,әйелдер,Қостанай,қала,KZKUS,4.12
2022,1000 туылғанға,әйелдер,Қызылорда,қала,KZKZY,4.51
2022,1000 туылғанға,әйелдер,Маңғыстау,қала,KZMAN,5.25
2022,1000 туылғанға,әйелдер,Павлодар,қала,KZPAV,3.64
2022,1000 туылғанға,әйелдер,Солтүстік Қазақстан,қала,KZSEV,6.91
2022,1000 туылғанға,әйелдер,Түркістан,қала,KZYUZ,3.26
2022,1000 туылғанға,әйелдер,Ұлытау,қала,KZULU,7.48
2022,1000 туылғанға,әйелдер,Шығыс Қазақстан,қала,KZVOS,5.19
2022,1000 туылғанға,әйелдер,Астана қаласы,қала,KZNS,3.22
2022,1000 туылғанға,әйелдер,Алматы қаласы,қала,KZALA,2.46
2022,1000 туылғанға,әйелдер,Шымкент қаласы,қала,KZSHY,4.4
2022,1000 туылғанға,әйелдер,,ауыл,,4.05
2022,1000 туылғанға,әйелдер,Абай,ауыл,KZABY,2.63
2022,1000 туылғанға,әйелдер,Ақмола,ауыл,KZAKM,0.82
2022,1000 туылғанға,әйелдер,Ақтөбе,ауыл,KZAKT,5.77
2022,1000 туылғанға,әйелдер,Алматы,ауыл,KZALM,5.46
2022,1000 туылғанға,әйелдер,Атырау,ауыл,KZATY,4.34
2022,1000 туылғанға,әйелдер,Батыс Қазақстан,ауыл,KZZAP,3.03
2022,1000 туылғанға,әйелдер,Жамбыл,ауыл,KZZHA,1.89
2022,1000 туылғанға,әйелдер,Жетісу,ауыл,KZZHS,2.72
2022,1000 туылғанға,әйелдер,Қарағанды,ауыл,KZKAR,4.29
2022,1000 туылғанға,әйелдер,Қостанай,ауыл,KZKUS,6.7
2022,1000 туылғанға,әйелдер,Қызылорда,ауыл,KZKZY,4.48
2022,1000 туылғанға,әйелдер,Маңғыстау,ауыл,KZMAN,3.44
2022,1000 туылғанға,әйелдер,Павлодар,ауыл,KZPAV,2.57
2022,1000 туылғанға,әйелдер,Солтүстік Қазақстан,ауыл,KZSEV,4.92
2022,1000 туылғанға,әйелдер,Түркістан,ауыл,KZYUZ,4.24
2022,1000 туылғанға,әйелдер,Ұлытау,ауыл,KZULU,2.17
2022,1000 туылғанға,әйелдер,Шығыс Қазақстан,ауыл,KZVOS,6.03
2023,1000 туылғанға,ұлдар және қыздар,,,,4.18
2023,1000 туылғанға,ұлдар және қыздар,Абай,,KZABY,3.73
2023,1000 туылғанға,ұлдар және қыздар,Ақмола,,KZAKM,3.12
2023,1000 туылғанға,ұлдар және қыздар,Ақтөбе,,KZAKT,4.63
2023,1000 туылғанға,ұлдар және қыздар,Алматы,,KZALM,5.65
2023,1000 туылғанға,ұлдар және қыздар,Атырау,,KZATY,4.96
2023,1000 туылғанға,ұлдар және қыздар,Батыс Қазақстан,,KZZAP,4.33
2023,1000 туылғанға,ұлдар және қыздар,Жамбыл,,KZZHA,4.06
2023,1000 туылғанға,ұлдар және қыздар,Жетісу,,KZZHS,5.25
2023,1000 туылғанға,ұлдар және қыздар,Қарағанды,,KZKAR,3.79
2023,1000 туылғанға,ұлдар және қыздар,Қостанай,,KZKUS,4.76
2023,1000 туылғанға,ұлдар және қыздар,Қызылорда,,KZKZY,4.7
2023,1000 туылғанға,ұлдар және қыздар,Маңғыстау,,KZMAN,3.8
2023,1000 туылғанға,ұлдар және қыздар,Павлодар,,KZPAV,4.17
2023,1000 туылғанға,ұлдар және қыздар,Солтүстік Қазақстан,,KZSEV,5.76
2023,1000 туылғанға,ұлдар және қыздар,Түркістан,,KZYUZ,3.62
2023,1000 туылғанға,ұлдар және қыздар,Ұлытау,,KZULU,2.72
2023,1000 туылғанға,ұлдар және қыздар,Шығыс Қазақстан,,KZVOS,4.82
2023,1000 туылғанға,ұлдар және қыздар,Астана қаласы,,KZNS,3.03
2023,1000 туылғанға,ұлдар және қыздар,Алматы қаласы,,KZALA,3.69
2023,1000 туылғанға,ұлдар және қыздар,Шымкент қаласы,,KZSHY,4.29
2023,1000 туылғанға,ұлдар және қыздар,,қала,,4.05
2023,1000 туылғанға,ұлдар және қыздар,Абай,қала,KZABY,3.11
2023,1000 туылғанға,ұлдар және қыздар,Ақмола,қала,KZAKM,2.85
2023,1000 туылғанға,ұлдар және қыздар,Ақтөбе,қала,KZAKT,4.34
2023,1000 туылғанға,ұлдар және қыздар,Алматы,қала,KZALM,5.55
2023,1000 туылғанға,ұлдар және қыздар,Атырау,қала,KZATY,4.89
2023,1000 туылғанға,ұлдар және қыздар,Батыс Қазақстан,қала,KZZAP,4.34
2023,1000 туылғанға,ұлдар және қыздар,Жамбыл,қала,KZZHA,5.7
2023,1000 туылғанға,ұлдар және қыздар,Жетісу,қала,KZZHS,4.46
2023,1000 туылғанға,ұлдар және қыздар,Қарағанды,қала,KZKAR,3.82
2023,1000 туылғанға,ұлдар және қыздар,Қостанай,қала,KZKUS,3.29
2023,1000 туылғанға,ұлдар және қыздар,Қызылорда,қала,KZKZY,5.49
2023,1000 туылғанға,ұлдар және қыздар,Маңғыстау,қала,KZMAN,3.56
2023,1000 туылғанға,ұлдар және қыздар,Павлодар,қала,KZPAV,4.09
2023,1000 туылғанға,ұлдар және қыздар,Солтүстік Қазақстан,қала,KZSEV,5.53
2023,1000 туылғанға,ұлдар және қыздар,Түркістан,қала,KZYUZ,3.85
2023,1000 туылғанға,ұлдар және қыздар,Ұлытау,қала,KZULU,2.9
2023,1000 туылғанға,ұлдар және қыздар,Шығыс Қазақстан,қала,KZVOS,5.28
2023,1000 туылғанға,ұлдар және қыздар,Астана қаласы,қала,KZNS,3.03
2023,1000 туылғанға,ұлдар және қыздар,Алматы қаласы,қала,KZALA,3.69
2023,1000 туылғанға,ұлдар және қыздар,Шымкент қаласы,қала,KZSHY,4.29
2023,1000 туылғанға,ұлдар және қыздар,,ауыл,,4.36
2023,1000 туылғанға,ұлдар және қыздар,Абай,ауыл,KZABY,4.86
2023,1000 туылғанға,ұлдар және қыздар,Ақмола,ауыл,KZAKM,3.49
2023,1000 туылғанға,ұлдар және қыздар,Ақтөбе,ауыл,KZAKT,5.48
2023,1000 туылғанға,ұлдар және қыздар,Алматы,ауыл,KZALM,5.68
2023,1000 туылғанға,ұлдар және қыздар,Атырау,ауыл,KZATY,5.03
2023,1000 туылғанға,ұлдар және қыздар,Батыс Қазақстан,ауыл,KZZAP,4.31
2023,1000 туылғанға,ұлдар және қыздар,Жамбыл,ауыл,KZZHA,2.87
2023,1000 туылғанға,ұлдар және қыздар,Жетісу,ауыл,KZZHS,5.87
2023,1000 туылғанға,ұлдар және қыздар,Қарағанды,ауыл,KZKAR,3.69
2023,1000 туылғанға,ұлдар және қыздар,Қостанай,ауыл,KZKUS,7.25
2023,1000 туылғанға,ұлдар және қыздар,Қызылорда,ауыл,KZKZY,3.99
2023,1000 туылғанға,ұлдар және қыздар,Маңғыстау,ауыл,KZMAN,3.97
2023,1000 туылғанға,ұлдар және қыздар,Павлодар,ауыл,KZPAV,4.34
2023,1000 туылғанға,ұлдар және қыздар,Солтүстік Қазақстан,ауыл,KZSEV,5.98
2023,1000 туылғанға,ұлдар және қыздар,Түркістан,ауыл,KZYUZ,3.54
2023,1000 туылғанға,ұлдар және қыздар,Ұлытау,ауыл,KZULU,2.06
2023,1000 туылғанға,ұлдар және қыздар,Шығыс Қазақстан,ауыл,KZVOS,3.87
2023,1000 туылғанға,ерлер,,,,4.67
2023,1000 туылғанға,ерлер,Абай,,KZABY,4.06
2023,1000 туылғанға,ерлер,Ақмола,,KZAKM,3.81
2023,1000 туылғанға,ерлер,Ақтөбе,,KZAKT,5.31
2023,1000 туылғанға,ерлер,Алматы,,KZALM,6.67
2023,1000 туылғанға,ерлер,Атырау,,KZATY,5.84
2023,1000 туылғанға,ерлер,Батыс Қазақстан,,KZZAP,4.19
2023,1000 туылғанға,ерлер,Жамбыл,,KZZHA,5.34
2023,1000 туылғанға,ерлер,Жетісу,,KZZHS,5.45
2023,1000 туылғанға,ерлер,Қарағанды,,KZKAR,4.15
2023,1000 туылғанға,ерлер,Қостанай,,KZKUS,5.06
2023,1000 туылғанға,ерлер,Қызылорда,,KZKZY,4.88
2023,1000 туылғанға,ерлер,Маңғыстау,,KZMAN,4.48
2023,1000 туылғанға,ерлер,Павлодар,,KZPAV,3.95
2023,1000 туылғанға,ерлер,Солтүстік Қазақстан,,KZSEV,6.71
2023,1000 туылғанға,ерлер,Түркістан,,KZYUZ,4.22
2023,1000 туылғанға,ерлер,Ұлытау,,KZULU,2.17
2023,1000 туылғанға,ерлер,Шығыс Қазақстан,,KZVOS,4.22
2023,1000 туылғанға,ерлер,Астана қаласы,,KZNS,3.23
2023,1000 туылғанға,ерлер,Алматы қаласы,,KZALA,4.21
2023,1000 туылғанға,ерлер,Шымкент қаласы,,KZSHY,4.51
2023,1000 туылғанға,ерлер,,қала,,4.43
2023,1000 туылғанға,ерлер,Абай,қала,KZABY,3.6
2023,1000 туылғанға,ерлер,Ақмола,қала,KZAKM,2.91
2023,1000 туылғанға,ерлер,Ақтөбе,қала,KZAKT,4.48
2023,1000 туылғанға,ерлер,Алматы,қала,KZALM,6.65
2023,1000 туылғанға,ерлер,Атырау,қала,KZATY,6.15
2023,1000 туылғанға,ерлер,Батыс Қазақстан,қала,KZZAP,4.34
2023,1000 туылғанға,ерлер,Жамбыл,қала,KZZHA,7.52
2023,1000 туылғанға,ерлер,Жетісу,қала,KZZHS,4.37
2023,1000 туылғанға,ерлер,Қарағанды,қала,KZKAR,4.11
2023,1000 туылғанға,ерлер,Қостанай,қала,KZKUS,3.53
2023,1000 туылғанға,ерлер,Қызылорда,қала,KZKZY,6.04
2023,1000 туылғанға,ерлер,Маңғыстау,қала,KZMAN,4.04
2023,1000 туылғанға,ерлер,Павлодар,қала,KZPAV,3.69
2023,1000 туылғанға,ерлер,Солтүстік Қазақстан,қала,KZSEV,5.7
2023,1000 туылғанға,ерлер,Түркістан,қала,KZYUZ,4.36
2023,1000 туылғанға,ерлер,Ұлытау,қала,KZULU,2.83
2023,1000 туылғанға,ерлер,Шығыс Қазақстан,қала,KZVOS,4.31
2023,1000 туылғанға,ерлер,Астана қаласы,қала,KZNS,3.23
2023,1000 туылғанға,ерлер,Алматы қаласы,қала,KZALA,4.21
2023,1000 туылғанға,ерлер,Шымкент қаласы,қала,KZSHY,4.51
2023,1000 туылғанға,ерлер,,ауыл,,5.04
2023,1000 туылғанға,ерлер,Абай,ауыл,KZABY,4.89
2023,1000 туылғанға,ерлер,Ақмола,ауыл,KZAKM,5.11
2023,1000 туылғанға,ерлер,Ақтөбе,ауыл,KZAKT,7.64
2023,1000 туылғанға,ерлер,Алматы,ауыл,KZALM,6.67
2023,1000 туылғанға,ерлер,Атырау,ауыл,KZATY,5.49
2023,1000 туылғанға,ерлер,Батыс Қазақстан,ауыл,KZZAP,3.99
2023,1000 туылғанға,ерлер,Жамбыл,ауыл,KZZHA,3.76
2023,1000 туылғанға,ерлер,Жетісу,ауыл,KZZHS,6.3
2023,1000 туылғанға,ерлер,Қарағанды,ауыл,KZKAR,4.28
2023,1000 туылғанға,ерлер,Қостанай,ауыл,KZKUS,7.68
2023,1000 туылғанға,ерлер,Қызылорда,ауыл,KZKZY,3.83
2023,1000 туылғанға,ерлер,Маңғыстау,ауыл,KZMAN,4.79
2023,1000 туылғанға,ерлер,Павлодар,ауыл,KZPAV,4.57
2023,1000 туылғанға,ерлер,Солтүстік Қазақстан,ауыл,KZSEV,7.7
2023,1000 туылғанға,ерлер,Түркістан,ауыл,KZYUZ,4.17
2023,1000 туылғанға,ерлер,Ұлытау,ауыл,KZULU,0.0
2023,1000 туылғанға,ерлер,Шығыс Қазақстан,ауыл,KZVOS,4.02
2023,1000 туылғанға,әйелдер,,,,3.65
2023,1000 туылғанға,әйелдер,Абай,,KZABY,3.36
2023,1000 туылғанға,әйелдер,Ақмола,,KZAKM,2.34
2023,1000 туылғанға,әйелдер,Ақтөбе,,KZAKT,3.9
2023,1000 туылғанға,әйелдер,Алматы,,KZALM,4.56
2023,1000 туылғанға,әйелдер,Атырау,,KZATY,4.01
2023,1000 туылғанға,әйелдер,Батыс Қазақстан,,KZZAP,4.48
2023,1000 туылғанға,әйелдер,Жамбыл,,KZZHA,2.7
2023,1000 туылғанға,әйелдер,Жетісу,,KZZHS,5.05
2023,1000 туылғанға,әйелдер,Қарағанды,,KZKAR,3.42
2023,1000 туылғанға,әйелдер,Қостанай,,KZKUS,4.44
2023,1000 туылғанға,әйелдер,Қызылорда,,KZKZY,4.5
2023,1000 туылғанға,әйелдер,Маңғыстау,,KZMAN,3.08
2023,1000 туылғанға,әйелдер,Павлодар,,KZPAV,4.39
2023,1000 туылғанға,әйелдер,Солтүстік Қазақстан,,KZSEV,4.78
2023,1000 туылғанға,әйелдер,Түркістан,,KZYUZ,2.99
2023,1000 туылғанға,әйелдер,Ұлытау,,KZULU,3.31
2023,1000 туылғанға,әйелдер,Шығыс Қазақстан,,KZVOS,5.46
2023,1000 туылғанға,әйелдер,Астана қаласы,,KZNS,2.81
2023,1000 туылғанға,әйелдер,Алматы қаласы,,KZALA,3.14
2023,1000 туылғанға,әйелдер,Шымкент қаласы,,KZSHY,4.05
2023,1000 туылғанға,әйелдер,,қала,,3.65
2023,1000 туылғанға,әйелдер,Абай,қала,KZABY,2.58
2023,1000 туылғанға,әйелдер,Ақмола,қала,KZAKM,2.77
2023,1000 туылғанға,әйелдер,Ақтөбе,қала,KZAKT,4.19
2023,1000 туылғанға,әйелдер,Алматы,қала,KZALM,4.34
2023,1000 туылғанға,әйелдер,Атырау,қала,KZATY,3.53
2023,1000 туылғанға,әйелдер,Батыс Қазақстан,қала,KZZAP,4.34
2023,1000 туылғанға,әйелдер,Жамбыл,қала,KZZHA,3.77
2023,1000 туылғанға,әйелдер,Жетісу,қала,KZZHS,4.55
2023,1000 туылғанға,әйелдер,Қарағанды,қала,KZKAR,3.5
2023,1000 туылғанға,әйелдер,Қостанай,қала,KZKUS,3.03
2023,1000 туылғанға,әйелдер,Қызылорда,қала,KZKZY,4.88
2023,1000 туылғанға,әйелдер,Маңғыстау,қала,KZMAN,3.06
2023,1000 туылғанға,әйелдер,Павлодар,қала,KZPAV,4.52
2023,1000 туылғанға,әйелдер,Солтүстік Қазақстан,қала,KZSEV,5.34
2023,1000 туылғанға,әйелдер,Түркістан,қала,KZYUZ,3.31
2023,1000 туылғанға,әйелдер,Ұлытау,қала,KZULU,2.98
2023,1000 туылғанға,әйелдер,Шығыс Қазақстан,қала,KZVOS,6.29
2023,1000 туылғанға,әйелдер,Астана қаласы,қала,KZNS,2.81
2023,1000 туылғанға,әйелдер,Алматы қаласы,қала,KZALA,3.14
2023,1000 туылғанға,әйелдер,Шымкент қаласы,қала,KZSHY,4.05
2023,1000 туылғанға,әйелдер,,ауыл,,3.65
2023,1000 туылғанға,әйелдер,Абай,ауыл,KZABY,4.83
2023,1000 туылғанға,әйелдер,Ақмола,ауыл,KZAKM,1.79
2023,1000 туылғанға,әйелдер,Ақтөбе,ауыл,KZAKT,3.04
2023,1000 туылғанға,әйелдер,Алматы,ауыл,KZALM,4.61
2023,1000 туылғанға,әйелдер,Атырау,ауыл,KZATY,4.54
2023,1000 туылғанға,әйелдер,Батыс Қазақстан,ауыл,KZZAP,4.66
2023,1000 туылғанға,әйелдер,Жамбыл,ауыл,KZZHA,1.92
2023,1000 туылғанға,әйелдер,Жетісу,ауыл,KZZHS,5.43
2023,1000 туылғанға,әйелдер,Қарағанды,ауыл,KZKAR,3.1
2023,1000 туылғанға,әйелдер,Қостанай,ауыл,KZKUS,6.81
2023,1000 туылғанға,әйелдер,Қызылорда,ауыл,KZKZY,4.15
2023,1000 туылғанға,әйелдер,Маңғыстау,ауыл,KZMAN,3.09
2023,1000 туылғанға,әйелдер,Павлодар,ауыл,KZPAV,4.11
2023,1000 туылғанға,әйелдер,Солтүстік Қазақстан,ауыл,KZSEV,4.25
2023,1000 туылғанға,әйелдер,Түркістан,ауыл,KZYUZ,2.88
2023,1000 туылғанға,әйелдер,Ұлытау,ауыл,KZULU,4.61
2023,1000 туылғанға,әйелдер,Шығыс Қазақстан,ауыл,KZVOS,3.69
2024,1000 туылғанға,ұлдар және қыздар,,,,3.37
2024,1000 туылғанға,ұлдар және қыздар,Абай,,KZABY,3.7
2024,1000 туылғанға,ұлдар және қыздар,Ақмола,,KZAKM,3.19
2024,1000 туылғанға,ұлдар және қыздар,Ақтөбе,,KZAKT,5.41
2024,1000 туылғанға,ұлдар және қыздар,Алматы,,KZALM,4.14
2024,1000 туылғанға,ұлдар және қыздар,Атырау,,KZATY,3.13
2024,1000 туылғанға,ұлдар және қыздар,Батыс Қазақстан,,KZZAP,3.43
2024,1000 туылғанға,ұлдар және қыздар,Жамбыл,,KZZHA,3.68
2024,1000 туылғанға,ұлдар және қыздар,Жетісу,,KZZHS,4.34
2024,1000 туылғанға,ұлдар және қыздар,Қарағанды,,KZKAR,3.19
2024,1000 туылғанға,ұлдар және қыздар,Қостанай,,KZKUS,4.41
2024,1000 туылғанға,ұлдар және қыздар,Қызылорда,,KZKZY,4.27
2024,1000 туылғанға,ұлдар және қыздар,Маңғыстау,,KZMAN,2.95
2024,1000 туылғанға,ұлдар және қыздар,Павлодар,,KZPAV,2.98
2024,1000 туылғанға,ұлдар және қыздар,Солтүстік Қазақстан,,KZSEV,3.74
2024,1000 туылғанға,ұлдар және қыздар,Түркістан,,KZYUZ,3.05
2024,1000 туылғанға,ұлдар және қыздар,Ұлытау,,KZULU,3.4
2024,1000 туылғанға,ұлдар және қыздар,Шығыс Қазақстан,,KZVOS,2.6
2024,1000 туылғанға,ұлдар және қыздар,Астана қаласы,,KZNS,2.24
2024,1000 туылғанға,ұлдар және қыздар,Алматы қаласы,,KZALA,3.06
2024,1000 туылғанға,ұлдар және қыздар,Шымкент қаласы,,KZSHY,2.53
2024,1000 туылғанға,ұлдар және қыздар,,қала,,3.24
2024,1000 туылғанға,ұлдар және қыздар,Абай,қала,KZABY,3.87
2024,1000 туылғанға,ұлдар және қыздар,Ақмола,қала,KZAKM,3.58
2024,1000 туылғанға,ұлдар және қыздар,Ақтөбе,қала,KZAKT,5.45
2024,1000 туылғанға,ұлдар және қыздар,Алматы,қала,KZALM,5.14
2024,1000 туылғанға,ұлдар және қыздар,Атырау,қала,KZATY,3.75
2024,1000 туылғанға,ұлдар және қыздар,Батыс Қазақстан,қала,KZZAP,2.89
2024,1000 туылғанға,ұлдар және қыздар,Жамбыл,қала,KZZHA,4.37
2024,1000 туылғанға,ұлдар және қыздар,Жетісу,қала,KZZHS,4.59
2024,1000 туылғанға,ұлдар және қыздар,Қарағанды,қала,KZKAR,2.99
2024,1000 туылғанға,ұлдар және қыздар,Қостанай,қала,KZKUS,3.69
2024,1000 туылғанға,ұлдар және қыздар,Қызылорда,қала,KZKZY,3.51
2024,1000 туылғанға,ұлдар және қыздар,Маңғыстау,қала,KZMAN,2.77
2024,1000 туылғанға,ұлдар және қыздар,Павлодар,қала,KZPAV,3.67
2024,1000 туылғанға,ұлдар және қыздар,Солтүстік Қазақстан,қала,KZSEV,5.01
2024,1000 туылғанға,ұлдар және қыздар,Түркістан,қала,KZYUZ,2.44
2024,1000 туылғанға,ұлдар және қыздар,Ұлытау,қала,KZULU,3.43
2024,1000 туылғанға,ұлдар және қыздар,Шығыс Қазақстан,қала,KZVOS,2.28
2024,1000 туылғанға,ұлдар және қыздар,Астана қаласы,қала,KZNS,2.24
2024,1000 туылғанға,ұлдар және қыздар,Алматы қаласы,қала,KZALA,3.06
2024,1000 туылғанға,ұлдар және қыздар,Шымкент қаласы,қала,KZSHY,2.53
2024,1000 туылғанға,ұлдар және қыздар,,ауыл,,3.57
2024,1000 туылғанға,ұлдар және қыздар,Абай,ауыл,KZABY,3.38
2024,1000 туылғанға,ұлдар және қыздар,Ақмола,ауыл,KZAKM,2.65
2024,1000 туылғанға,ұлдар және қыздар,Ақтөбе,ауыл,KZAKT,5.27
2024,1000 туылғанға,ұлдар және қыздар,Алматы,ауыл,KZALM,3.93
2024,1000 туылғанға,ұлдар және қыздар,Атырау,ауыл,KZATY,2.42
2024,1000 туылғанға,ұлдар және қыздар,Батыс Қазақстан,ауыл,KZZAP,4.1
2024,1000 туылғанға,ұлдар және қыздар,Жамбыл,ауыл,KZZHA,3.19
2024,1000 туылғанға,ұлдар және қыздар,Жетісу,ауыл,KZZHS,4.14
2024,1000 туылғанға,ұлдар және қыздар,Қарағанды,ауыл,KZKAR,3.98
2024,1000 туылғанға,ұлдар және қыздар,Қостанай,ауыл,KZKUS,5.62
2024,1000 туылғанға,ұлдар және қыздар,Қызылорда,ауыл,KZKZY,4.92
2024,1000 туылғанға,ұлдар және қыздар,Маңғыстау,ауыл,KZMAN,3.09
2024,1000 туылғанға,ұлдар және қыздар,Павлодар,ауыл,KZPAV,1.43
2024,1000 туылғанға,ұлдар және қыздар,Солтүстік Қазақстан,ауыл,KZSEV,2.61
2024,1000 туылғанға,ұлдар және қыздар,Түркістан,ауыл,KZYUZ,3.26
2024,1000 туылғанға,ұлдар және қыздар,Ұлытау,ауыл,KZULU,3.31
2024,1000 туылғанға,ұлдар және қыздар,Шығыс Қазақстан,ауыл,KZVOS,3.26
2024,1000 туылғанға,ерлер,,,,3.61
2024,1000 туылғанға,ерлер,Абай,,KZABY,3.71
2024,1000 туылғанға,ерлер,Ақмола,,KZAKM,3.48
2024,1000 туылғанға,ерлер,Ақтөбе,,KZAKT,6.08
2024,1000 туылғанға,ерлер,Алматы,,KZALM,4.77
2024,1000 туылғанға,ерлер,Атырау,,KZATY,3.36
2024,1000 туылғанға,ерлер,Батыс Қазақстан,,KZZAP,2.81
2024,1000 туылғанға,ерлер,Жамбыл,,KZZHA,3.62
2024,1000 туылғанға,ерлер,Жетісу,,KZZHS,4.61
2024,1000 туылғанға,ерлер,Қарағанды,,KZKAR,3.99
2024,1000 туылғанға,ерлер,Қостанай,,KZKUS,4.74
2024,1000 туылғанға,ерлер,Қызылорда,,KZKZY,4.34
2024,1000 туылғанға,ерлер,Маңғыстау,,KZMAN,2.99
2024,1000 туылғанға,ерлер,Павлодар,,KZPAV,3.02
2024,1000 туылғанға,ерлер,Солтүстік Қазақстан,,KZSEV,4.2
2024,1000 туылғанға,ерлер,Түркістан,,KZYUZ,3.07
2024,1000 туылғанға,ерлер,Ұлытау,,KZULU,3.3
2024,1000 туылғанға,ерлер,Шығыс Қазақстан,,KZVOS,2.26
2024,1000 туылғанға,ерлер,Астана қаласы,,KZNS,2.32
2024,1000 туылғанға,ерлер,Алматы қаласы,,KZALA,3.54
2024,1000 туылғанға,ерлер,Шымкент қаласы,,KZSHY,3.07
2024,1000 туылғанға,ерлер,,қала,,3.43
2024,1000 туылғанға,ерлер,Абай,қала,KZABY,3.76
2024,1000 туылғанға,ерлер,Ақмола,қала,KZAKM,2.94
2024,1000 туылғанға,ерлер,Ақтөбе,қала,KZAKT,6.1
2024,1000 туылғанға,ерлер,Алматы,қала,KZALM,6.88
2024,1000 туылғанға,ерлер,Атырау,қала,KZATY,4.18
2024,1000 туылғанға,ерлер,Батыс Қазақстан,қала,KZZAP,2.51
2024,1000 туылғанға,ерлер,Жамбыл,қала,KZZHA,3.87
2024,1000 туылғанға,ерлер,Жетісу,қала,KZZHS,4.32
2024,1000 туылғанға,ерлер,Қарағанды,қала,KZKAR,3.73
2024,1000 туылғанға,ерлер,Қостанай,қала,KZKUS,3.48
2024,1000 туылғанға,ерлер,Қызылорда,қала,KZKZY,4.29
2024,1000 туылғанға,ерлер,Маңғыстау,қала,KZMAN,1.62
2024,1000 туылғанға,ерлер,Павлодар,қала,KZPAV,3.42
2024,1000 туылғанға,ерлер,Солтүстік Қазақстан,қала,KZSEV,5.68
2024,1000 туылғанға,ерлер,Түркістан,қала,KZYUZ,2.36
2024,1000 туылғанға,ерлер,Ұлытау,қала,KZULU,3.01
2024,1000 туылғанға,ерлер,Шығыс Қазақстан,қала,KZVOS,1.69
2024,1000 туылғанға,ерлер,Астана қаласы,қала,KZNS,2.32
2024,1000 туылғанға,ерлер,Алматы қаласы,қала,KZALA,3.54
2024,1000 туылғанға,ерлер,Шымкент қаласы,қала,KZSHY,3.07
2024,1000 туылғанға,ерлер,,ауыл,,3.87
2024,1000 туылғанға,ерлер,Абай,ауыл,KZABY,3.61
2024,1000 туылғанға,ерлер,Ақмола,ауыл,KZAKM,4.26
2024,1000 туылғанға,ерлер,Ақтөбе,ауыл,KZAKT,6.04
2024,1000 туылғанға,ерлер,Алматы,ауыл,KZALM,4.34
2024,1000 туылғанға,ерлер,Атырау,ауыл,KZATY,2.45
2024,1000 туылғанға,ерлер,Батыс Қазақстан,ауыл,KZZAP,3.18
2024,1000 туылғанға,ерлер,Жамбыл,ауыл,KZZHA,3.45
2024,1000 туылғанға,ерлер,Жетісу,ауыл,KZZHS,4.84
2024,1000 туылғанға,ерлер,Қарағанды,ауыл,KZKAR,5.05
2024,1000 туылғанға,ерлер,Қостанай,ауыл,KZKUS,6.79
2024,1000 туылғанға,ерлер,Қызылорда,ауыл,KZKZY,4.38
2024,1000 туылғанға,ерлер,Маңғыстау,ауыл,KZMAN,4.03
2024,1000 туылғанға,ерлер,Павлодар,ауыл,KZPAV,2.12
2024,1000 туылғанға,ерлер,Солтүстік Қазақстан,ауыл,KZSEV,2.89
2024,1000 туылғанға,ерлер,Түркістан,ауыл,KZYUZ,3.32
2024,1000 туылғанға,ерлер,Ұлытау,ауыл,KZULU,4.34
2024,1000 туылғанға,ерлер,Шығыс Қазақстан,ауыл,KZVOS,3.45
2024,1000 туылғанға,әйелдер,,,,3.12
2024,1000 туылғанға,әйелдер,Абай,,KZABY,3.7
2024,1000 туылғанға,әйелдер,Ақмола,,KZAKM,2.89
2024,1000 туылғанға,әйелдер,Ақтөбе,,KZAKT,4.69
2024,1000 туылғанға,әйелдер,Алматы,,KZALM,3.46
2024,1000 туылғанға,әйелдер,Атырау,,KZATY,2.88
2024,1000 туылғанға,әйелдер,Батыс Қазақстан,,KZZAP,4.08
2024,1000 туылғанға,әйелдер,Жамбыл,,KZZHA,3.74
2024,1000 туылғанға,әйелдер,Жетісу,,KZZHS,4.06
2024,1000 туылғанға,әйелдер,Қарағанды,,KZKAR,2.31
2024,1000 туылғанға,әйелдер,Қостанай,,KZKUS,4.06
2024,1000 туылғанға,әйелдер,Қызылорда,,KZKZY,4.19
2024,1000 туылғанға,әйелдер,Маңғыстау,,KZMAN,2.91
2024,1000 туылғанға,әйелдер,Павлодар,,KZPAV,2.92
2024,1000 туылғанға,әйелдер,Солтүстік Қазақстан,,KZSEV,3.24
2024,1000 туылғанға,әйелдер,Түркістан,,KZYUZ,3.03
2024,1000 туылғанға,әйелдер,Ұлытау,,KZULU,3.51
2024,1000 туылғанға,әйелдер,Шығыс Қазақстан,,KZVOS,2.97
2024,1000 туылғанға,әйелдер,Астана қаласы,,KZNS,2.17
2024,1000 туылғанға,әйелдер,Алматы қаласы,,KZALA,2.54
2024,1000 туылғанға,әйелдер,Шымкент қаласы,,KZSHY,1.97
2024,1000 туылғанға,әйелдер,,қала,,3.04
2024,1000 туылғанға,әйелдер,Абай,қала,KZABY,3.99
2024,1000 туылғанға,әйелдер,Ақмола,қала,KZAKM,4.26
2024,1000 туылғанға,әйелдер,Ақтөбе,қала,KZAKT,4.77
2024,1000 туылғанға,әйелдер,Алматы,қала,KZALM,3.35
2024,1000 туылғанға,әйелдер,Атырау,қала,KZATY,3.3
2024,1000 туылғанға,әйелдер,Батыс Қазақстан,қала,KZZAP,3.3
2024,1000 туылғанға,әйелдер,Жамбыл,қала,KZZHA,4.89
2024,1000 туылғанға,әйелдер,Жетісу,қала,KZZHS,4.87
2024,1000 туылғанға,әйелдер,Қарағанды,қала,KZKAR,2.19
2024,1000 туылғанға,әйелдер,Қостанай,қала,KZKUS,3.9
2024,1000 туылғанға,әйелдер,Қызылорда,қала,KZKZY,2.68
2024,1000 туылғанға,әйелдер,Маңғыстау,қала,KZMAN,4.02
2024,1000 туылғанға,әйелдер,Павлодар,қала,KZPAV,3.93
2024,1000 туылғанға,әйелдер,Солтүстік Қазақстан,қала,KZSEV,4.3
2024,1000 туылғанға,әйелдер,Түркістан,қала,KZYUZ,2.54
2024,1000 туылғанға,әйелдер,Ұлытау,қала,KZULU,3.88
2024,1000 туылғанға,әйелдер,Шығыс Қазақстан,қала,KZVOS,2.93
2024,1000 туылғанға,әйелдер,Астана қаласы,қала,KZNS,2.17
2024,1000 туылғанға,әйелдер,Алматы қаласы,қала,KZALA,2.54
2024,1000 туылғанға,әйелдер,Шымкент қаласы,қала,KZSHY,1.97
2024,1000 туылғанға,әйелдер,,ауыл,,3.25
2024,1000 туылғанға,әйелдер,Абай,ауыл,KZABY,3.15
2024,1000 туылғанға,әйелдер,Ақмола,ауыл,KZAKM,0.98
2024,1000 туылғанға,әйелдер,Ақтөбе,ауыл,KZAKT,4.47
2024,1000 туылғанға,әйелдер,Алматы,ауыл,KZALM,3.49
2024,1000 туылғанға,әйелдер,Атырау,ауыл,KZATY,2.38
2024,1000 туылғанға,әйелдер,Батыс Қазақстан,ауыл,KZZAP,5.08
2024,1000 туылғанға,әйелдер,Жамбыл,ауыл,KZZHA,2.92
2024,1000 туылғанға,әйелдер,Жетісу,ауыл,KZZHS,3.38
2024,1000 туылғанға,әйелдер,Қарағанды,ауыл,KZKAR,2.8
2024,1000 туылғанға,әйелдер,Қостанай,ауыл,KZKUS,4.34
2024,1000 туылғанға,әйелдер,Қызылорда,ауыл,KZKZY,5.52
2024,1000 туылғанға,әйелдер,Маңғыстау,ауыл,KZMAN,2.07
2024,1000 туылғанға,әйелдер,Павлодар,ауыл,KZPAV,0.72
2024,1000 туылғанға,әйелдер,Солтүстік Қазақстан,ауыл,KZSEV,2.3
2024,1000 туылғанға,әйелдер,Түркістан,ауыл,KZYUZ,3.2
2024,1000 туылғанға,әйелдер,Ұлытау,ауыл,KZULU,2.25
2024,1000 туылғанға,әйелдер,Шығыс Қазақстан,ауыл,KZVOS,3.04
