{"Year":[2010,2011,2012,2013,2014,2015,2016,2017,2015,2016,2017,2015,2016,2017],"Units":["\u043f\u0440\u043e\u0446\u0435\u043d\u0442","\u043f\u0440\u043e\u0446\u0435\u043d\u0442","\u043f\u0440\u043e\u0446\u0435\u043d\u0442","\u043f\u0440\u043e\u0446\u0435\u043d\u0442","\u043f\u0440\u043e\u0446\u0435\u043d\u0442","\u043f\u0440\u043e\u0446\u0435\u043d\u0442","\u043f\u0440\u043e\u0446\u0435\u043d\u0442","\u043f\u0440\u043e\u0446\u0435\u043d\u0442","\u043f\u0440\u043e\u0446\u0435\u043d\u0442","\u043f\u0440\u043e\u0446\u0435\u043d\u0442","\u043f\u0440\u043e\u0446\u0435\u043d\u0442","\u043f\u0440\u043e\u0446\u0435\u043d\u0442","\u043f\u0440\u043e\u0446\u0435\u043d\u0442","\u043f\u0440\u043e\u0446\u0435\u043d\u0442"],"Value":[21.0,21.0,21.0,21.0,21.0,21.0,21.0,21.0,4429.6907832411,419.4805011095,-3835.7180916628,42.96085597,30.8317063031,35.2326908539]}