{"Year":[2015,2016,2017,2010,2011,2012,2013,2014,2015,2016,2017,2018],"Units":[null,null,null,null,null,null,null,null,null,null,null,null],"Value":[0.013,2.399164,3.013826,3715.6,4493.3,6146.6,7347.6,7362.5,6842.6,8149.6,8045.2,8566.2]}