{"Year":[2010,2011,2012,2013,2014,2015,2016,2017,2018],"Units":[null,null,null,null,null,null,null,null,null],"Value":[7.690001499,13.9755493063,17.0476650993,21.0614988382,16.6314989217,17.887711459,18.3162883029,17.4234714839,18.6433835353]}