{"Year":[2015,2016,2017,2016,2017],"Units":[null,null,null,null,null],"Value":[64.913873,3.961957,42.990499,0.00315,0.003098]}