{"Year":[2010,2011,2012,2013,2014,2015,2016,2017,2015,2016,2017],"Units":["\u043f\u0440\u043e\u0446\u0435\u043d\u0442\u0430\u0445","\u043f\u0440\u043e\u0446\u0435\u043d\u0442\u0430\u0445","\u043f\u0440\u043e\u0446\u0435\u043d\u0442\u0430\u0445","\u043f\u0440\u043e\u0446\u0435\u043d\u0442\u0430\u0445","\u043f\u0440\u043e\u0446\u0435\u043d\u0442\u0430\u0445","\u043f\u0440\u043e\u0446\u0435\u043d\u0442\u0430\u0445","\u043f\u0440\u043e\u0446\u0435\u043d\u0442\u0430\u0445","\u043f\u0440\u043e\u0446\u0435\u043d\u0442\u0430\u0445","\u043f\u0440\u043e\u0446\u0435\u043d\u0442\u0430\u0445","\u043f\u0440\u043e\u0446\u0435\u043d\u0442\u0430\u0445","\u043f\u0440\u043e\u0446\u0435\u043d\u0442\u0430\u0445"],"Value":[17.8,17.8,23.8,26.2,26.2,26.7,27.6,27.4,18.8005997001,22.1589205397,22.0989505247]}