{"Year":[2015,2016,2017,2015,2016,2017,2017,2018],"Units":[null,null,null,null,null,null,null,null],"Value":[0.167596,0.219449,0.712969,0.00729,0.010404,0.003098,100.0,100.0]}