{"Year":[2015,2016,2017,2015,2016,2017,2015,2016,2017],"Units":[null,null,null,null,null,null,null,null,null],"Value":[15.5697922754,33.6019293106,7.5530878663,286.8825937696,306.6036966649,169.8418321346,0.6691161122,1.8090815709,0.1253730063]}