Year,UNIT_MEASURE,SEX,REF_AREA,URBANISATION,Value
2010,PER_1000_LIVE_BIRTHS,_T,,,11.53
2010,PER_1000_LIVE_BIRTHS,_T,KZAKM,,9.65
2010,PER_1000_LIVE_BIRTHS,_T,KZAKT,,12.109920819748487
2010,PER_1000_LIVE_BIRTHS,_T,KZALM,,8.588310233487821
2010,PER_1000_LIVE_BIRTHS,_T,KZATY,,11.838299589695298
2010,PER_1000_LIVE_BIRTHS,_T,KZZAP,,9.964830011723329
2010,PER_1000_LIVE_BIRTHS,_T,KZZHA,,11.089344434338487
2010,PER_1000_LIVE_BIRTHS,_T,KZKAR,,9.548574108018244
2010,PER_1000_LIVE_BIRTHS,_T,KZKUS,,9.2657478782216
2010,PER_1000_LIVE_BIRTHS,_T,KZKZY,,15.380005992210126
2010,PER_1000_LIVE_BIRTHS,_T,KZMAN,,13.865404125803177
2010,PER_1000_LIVE_BIRTHS,_T,KZONT,,12.794046435762164
2010,PER_1000_LIVE_BIRTHS,_T,KZPAV,,9.26076360682372
2010,PER_1000_LIVE_BIRTHS,_T,KZSEV,,8.71459694989107
2010,PER_1000_LIVE_BIRTHS,_T,KZVOS,,15.781435601561176
2010,PER_1000_LIVE_BIRTHS,_T,KZNS,,7.321994811184779
2010,PER_1000_LIVE_BIRTHS,_T,KZALA,,13.902486782847072
2010,PER_1000_LIVE_BIRTHS,_T,,U,12.345294459672731
2010,PER_1000_LIVE_BIRTHS,_T,KZAKM,U,10.18573996405033
2010,PER_1000_LIVE_BIRTHS,_T,KZAKT,U,12.733446519524618
2010,PER_1000_LIVE_BIRTHS,_T,KZALM,U,11.72012689460698
2010,PER_1000_LIVE_BIRTHS,_T,KZATY,U,10.25772534940377
2010,PER_1000_LIVE_BIRTHS,_T,KZZAP,U,9.71634540040746
2010,PER_1000_LIVE_BIRTHS,_T,KZZHA,U,12.209898406188834
2010,PER_1000_LIVE_BIRTHS,_T,KZKAR,U,9.920526171553849
2010,PER_1000_LIVE_BIRTHS,_T,KZKUS,U,8.645533141210375
2010,PER_1000_LIVE_BIRTHS,_T,KZKZY,U,16.242073645566805
2010,PER_1000_LIVE_BIRTHS,_T,KZMAN,U,15.186756054179778
2010,PER_1000_LIVE_BIRTHS,_T,KZONT,U,15.8311345646438
2010,PER_1000_LIVE_BIRTHS,_T,KZPAV,U,9.694619486185166
2010,PER_1000_LIVE_BIRTHS,_T,KZSEV,U,8.308764406325382
2010,PER_1000_LIVE_BIRTHS,_T,KZVOS,U,15.74264202600958
2010,PER_1000_LIVE_BIRTHS,_T,KZNS,U,7.321994811184779
2010,PER_1000_LIVE_BIRTHS,_T,KZALA,U,13.902486782847072
2010,PER_1000_LIVE_BIRTHS,_T,,R,10.612109685120771
2010,PER_1000_LIVE_BIRTHS,_T,KZAKM,R,9.039740747057822
2010,PER_1000_LIVE_BIRTHS,_T,KZAKT,R,11.104350471554609
2010,PER_1000_LIVE_BIRTHS,_T,KZALM,R,7.5484946897217595
2010,PER_1000_LIVE_BIRTHS,_T,KZATY,R,13.582342954159593
2010,PER_1000_LIVE_BIRTHS,_T,KZZAP,R,10.249955044056824
2010,PER_1000_LIVE_BIRTHS,_T,KZZHA,R,10.41608332866663
2010,PER_1000_LIVE_BIRTHS,_T,KZKAR,R,8.247027234369007
2010,PER_1000_LIVE_BIRTHS,_T,KZKUS,R,9.92
2010,PER_1000_LIVE_BIRTHS,_T,KZKZY,R,14.677901603696657
2010,PER_1000_LIVE_BIRTHS,_T,KZMAN,R,12.573568753344034
2010,PER_1000_LIVE_BIRTHS,_T,KZONT,R,10.920404673109019
2010,PER_1000_LIVE_BIRTHS,_T,KZPAV,R,8.378511582060128
2010,PER_1000_LIVE_BIRTHS,_T,KZSEV,R,9.01803607214429
2010,PER_1000_LIVE_BIRTHS,_T,KZVOS,R,15.830375131919793
2010,PER_1000_LIVE_BIRTHS,M,,,13.049889797406935
2010,PER_1000_LIVE_BIRTHS,M,KZAKM,,11.886384686631677
2010,PER_1000_LIVE_BIRTHS,M,KZAKT,,14.568631914409288
2010,PER_1000_LIVE_BIRTHS,M,KZALM,,9.531136470487668
2010,PER_1000_LIVE_BIRTHS,M,KZATY,,13.338564142801099
2010,PER_1000_LIVE_BIRTHS,M,KZZAP,,10.421755414427619
2010,PER_1000_LIVE_BIRTHS,M,KZZHA,,13.187259078920674
2010,PER_1000_LIVE_BIRTHS,M,KZKAR,,10.510510510510512
2010,PER_1000_LIVE_BIRTHS,M,KZKUS,,12.271774917689314
2010,PER_1000_LIVE_BIRTHS,M,KZKZY,,16.536118363794603
2010,PER_1000_LIVE_BIRTHS,M,KZMAN,,13.454075032341526
2010,PER_1000_LIVE_BIRTHS,M,KZONT,,14.392602351537448
2010,PER_1000_LIVE_BIRTHS,M,KZPAV,,10.368479821343117
2010,PER_1000_LIVE_BIRTHS,M,KZSEV,,9.41492938802959
2010,PER_1000_LIVE_BIRTHS,M,KZVOS,,17.68809167912307
2010,PER_1000_LIVE_BIRTHS,M,KZNS,,8.692744901370778
2010,PER_1000_LIVE_BIRTHS,M,KZALA,,16.60878755850823
2010,PER_1000_LIVE_BIRTHS,M,,U,13.926846239953209
2010,PER_1000_LIVE_BIRTHS,M,KZAKM,U,12.135221034383127
2010,PER_1000_LIVE_BIRTHS,M,KZAKT,U,15.498154981549815
2010,PER_1000_LIVE_BIRTHS,M,KZALM,U,14.325163962720055
2010,PER_1000_LIVE_BIRTHS,M,KZATY,U,11.191245958716737
2010,PER_1000_LIVE_BIRTHS,M,KZZAP,U,8.335906143871565
2010,PER_1000_LIVE_BIRTHS,M,KZZHA,U,13.395249151634221
2010,PER_1000_LIVE_BIRTHS,M,KZKAR,U,11.385606874328678
2010,PER_1000_LIVE_BIRTHS,M,KZKUS,U,10.696733159872796
2010,PER_1000_LIVE_BIRTHS,M,KZKZY,U,17.691477885652642
2010,PER_1000_LIVE_BIRTHS,M,KZMAN,U,14.82059282371295
2010,PER_1000_LIVE_BIRTHS,M,KZONT,U,17.9718419515993
2010,PER_1000_LIVE_BIRTHS,M,KZPAV,U,9.52834683182468
2010,PER_1000_LIVE_BIRTHS,M,KZSEV,U,8.452192287374539
2010,PER_1000_LIVE_BIRTHS,M,KZVOS,U,16.831980763450556
2010,PER_1000_LIVE_BIRTHS,M,KZNS,U,8.692744901370778
2010,PER_1000_LIVE_BIRTHS,M,KZALA,U,16.60878755850823
2010,PER_1000_LIVE_BIRTHS,M,,R,12.084055266782176
2010,PER_1000_LIVE_BIRTHS,M,KZAKM,R,11.600928074245939
2010,PER_1000_LIVE_BIRTHS,M,KZAKT,R,13.071895424836601
2010,PER_1000_LIVE_BIRTHS,M,KZALM,R,7.95318979719366
2010,PER_1000_LIVE_BIRTHS,M,KZATY,R,15.719801434087147
2010,PER_1000_LIVE_BIRTHS,M,KZZAP,R,12.749827705031013
2010,PER_1000_LIVE_BIRTHS,M,KZZHA,R,13.060513713539398
2010,PER_1000_LIVE_BIRTHS,M,KZKAR,R,7.468259895444362
2010,PER_1000_LIVE_BIRTHS,M,KZKUS,R,13.962147067949116
2010,PER_1000_LIVE_BIRTHS,M,KZKZY,R,15.597616543988785
2010,PER_1000_LIVE_BIRTHS,M,KZMAN,R,12.100926879505664
2010,PER_1000_LIVE_BIRTHS,M,KZONT,R,12.16956802063185
2010,PER_1000_LIVE_BIRTHS,M,KZPAV,R,12.071463061323033
2010,PER_1000_LIVE_BIRTHS,M,KZSEV,R,10.12461059190031
2010,PER_1000_LIVE_BIRTHS,M,KZVOS,R,18.745360059391242
2010,PER_1000_LIVE_BIRTHS,F,,,9.898605120161335
2010,PER_1000_LIVE_BIRTHS,F,KZAKM,,7.259528130671506
2010,PER_1000_LIVE_BIRTHS,F,KZAKT,,9.535160905840286
2010,PER_1000_LIVE_BIRTHS,F,KZALM,,7.591504744690465
2010,PER_1000_LIVE_BIRTHS,F,KZATY,,10.249307479224376
2010,PER_1000_LIVE_BIRTHS,F,KZZAP,,9.481123944147562
2010,PER_1000_LIVE_BIRTHS,F,KZZHA,,8.84122037828828
2010,PER_1000_LIVE_BIRTHS,F,KZKAR,,8.543283061633685
2010,PER_1000_LIVE_BIRTHS,F,KZKUS,,6.00551858464535
2010,PER_1000_LIVE_BIRTHS,F,KZKZY,,14.145585957666496
2010,PER_1000_LIVE_BIRTHS,F,KZMAN,,14.316087880935507
2010,PER_1000_LIVE_BIRTHS,F,KZONT,,11.112563733821414
2010,PER_1000_LIVE_BIRTHS,F,KZPAV,,8.111239860950173
2010,PER_1000_LIVE_BIRTHS,F,KZSEV,,7.981220657276996
2010,PER_1000_LIVE_BIRTHS,F,KZVOS,,13.790112749349523
2010,PER_1000_LIVE_BIRTHS,F,KZNS,,5.852842809364548
2010,PER_1000_LIVE_BIRTHS,F,KZALA,,10.985434128082025
2010,PER_1000_LIVE_BIRTHS,F,,U,10.667322897831228
2010,PER_1000_LIVE_BIRTHS,F,KZAKM,U,8.087091757387247
2010,PER_1000_LIVE_BIRTHS,F,KZAKT,U,9.84175993824778
2010,PER_1000_LIVE_BIRTHS,F,KZALM,U,9.002520705797624
2010,PER_1000_LIVE_BIRTHS,F,KZATY,U,9.264160931709899
2010,PER_1000_LIVE_BIRTHS,F,KZZAP,U,11.139401654996817
2010,PER_1000_LIVE_BIRTHS,F,KZZHA,U,10.91617933723197
2010,PER_1000_LIVE_BIRTHS,F,KZKAR,U,8.393956351426972
2010,PER_1000_LIVE_BIRTHS,F,KZKUS,U,6.381620931716657
2010,PER_1000_LIVE_BIRTHS,F,KZKZY,U,14.699127239320166
2010,PER_1000_LIVE_BIRTHS,F,KZMAN,U,15.59341611319665
2010,PER_1000_LIVE_BIRTHS,F,KZONT,U,13.560022026431717
2010,PER_1000_LIVE_BIRTHS,F,KZPAV,U,9.86679822397632
2010,PER_1000_LIVE_BIRTHS,F,KZSEV,U,8.161044613710555
2010,PER_1000_LIVE_BIRTHS,F,KZVOS,U,14.626635873749038
2010,PER_1000_LIVE_BIRTHS,F,KZNS,U,5.852842809364548
2010,PER_1000_LIVE_BIRTHS,F,KZALA,U,10.985434128082025
2010,PER_1000_LIVE_BIRTHS,F,,R,9.053817301021788
2010,PER_1000_LIVE_BIRTHS,F,KZAKM,R,6.324666198172874
2010,PER_1000_LIVE_BIRTHS,F,KZAKT,R,9.03990024937656
2010,PER_1000_LIVE_BIRTHS,F,KZALM,R,7.1187258687258685
2010,PER_1000_LIVE_BIRTHS,F,KZATY,R,11.330621731551425
2010,PER_1000_LIVE_BIRTHS,F,KZZAP,R,7.5216246709289205
2010,PER_1000_LIVE_BIRTHS,F,KZZHA,R,7.613334871380782
2010,PER_1000_LIVE_BIRTHS,F,KZKAR,R,9.069400630914828
2010,PER_1000_LIVE_BIRTHS,F,KZKUS,R,5.61612157251404
2010,PER_1000_LIVE_BIRTHS,F,KZKZY,R,13.693490902269742
2010,PER_1000_LIVE_BIRTHS,F,KZMAN,R,13.084632516703786
2010,PER_1000_LIVE_BIRTHS,F,KZONT,R,9.613357507273264
2010,PER_1000_LIVE_BIRTHS,F,KZPAV,R,4.529441368897836
2010,PER_1000_LIVE_BIRTHS,F,KZSEV,R,7.844756399669695
2010,PER_1000_LIVE_BIRTHS,F,KZVOS,R,12.711022840119165
2011,PER_1000_LIVE_BIRTHS,_T,,,9.796345488207358
2011,PER_1000_LIVE_BIRTHS,_T,KZAKM,,10.019723865877713
2011,PER_1000_LIVE_BIRTHS,_T,KZAKT,,7.1958623791319996
2011,PER_1000_LIVE_BIRTHS,_T,KZALM,,7.8580757509795385
2011,PER_1000_LIVE_BIRTHS,_T,KZATY,,11.752415774353617
2011,PER_1000_LIVE_BIRTHS,_T,KZZAP,,8.826496301277741
2011,PER_1000_LIVE_BIRTHS,_T,KZZHA,,9.554250773025744
2011,PER_1000_LIVE_BIRTHS,_T,KZKAR,,6.586801696101436
2011,PER_1000_LIVE_BIRTHS,_T,KZKUS,,7.768361581920904
2011,PER_1000_LIVE_BIRTHS,_T,KZKZY,,11.82961379790248
2011,PER_1000_LIVE_BIRTHS,_T,KZMAN,,12.627519283403831
2011,PER_1000_LIVE_BIRTHS,_T,KZONT,,10.227444271121621
2011,PER_1000_LIVE_BIRTHS,_T,KZPAV,,8.828996282527882
2011,PER_1000_LIVE_BIRTHS,_T,KZSEV,,7.038190838813892
2011,PER_1000_LIVE_BIRTHS,_T,KZVOS,,13.47520823339584
2011,PER_1000_LIVE_BIRTHS,_T,KZNS,,7.052896725440806
2011,PER_1000_LIVE_BIRTHS,_T,KZALA,,13.971025997221671
2011,PER_1000_LIVE_BIRTHS,_T,,U,10.994578710036988
2011,PER_1000_LIVE_BIRTHS,_T,KZAKM,U,11.19177253478524
2011,PER_1000_LIVE_BIRTHS,_T,KZAKT,U,6.88924218335983
2011,PER_1000_LIVE_BIRTHS,_T,KZALM,U,10.24101703893352
2011,PER_1000_LIVE_BIRTHS,_T,KZATY,U,11.31928181108509
2011,PER_1000_LIVE_BIRTHS,_T,KZZAP,U,7.763975155279503
2011,PER_1000_LIVE_BIRTHS,_T,KZZHA,U,12.126111560226354
2011,PER_1000_LIVE_BIRTHS,_T,KZKAR,U,6.494866959983239
2011,PER_1000_LIVE_BIRTHS,_T,KZKUS,U,8.796779484121068
2011,PER_1000_LIVE_BIRTHS,_T,KZKZY,U,12.01558778956484
2011,PER_1000_LIVE_BIRTHS,_T,KZMAN,U,14.065050860228558
2011,PER_1000_LIVE_BIRTHS,_T,KZONT,U,15.28765352294764
2011,PER_1000_LIVE_BIRTHS,_T,KZPAV,U,8.08967987981047
2011,PER_1000_LIVE_BIRTHS,_T,KZSEV,U,6.307490144546649
2011,PER_1000_LIVE_BIRTHS,_T,KZVOS,U,13.366188769414576
2011,PER_1000_LIVE_BIRTHS,_T,KZNS,U,7.052896725440806
2011,PER_1000_LIVE_BIRTHS,_T,KZALA,U,13.971025997221671
2011,PER_1000_LIVE_BIRTHS,_T,,R,8.447410449463838
2011,PER_1000_LIVE_BIRTHS,_T,KZAKM,R,8.741547088899885
2011,PER_1000_LIVE_BIRTHS,_T,KZAKT,R,7.732755954222085
2011,PER_1000_LIVE_BIRTHS,_T,KZALM,R,7.078265391615867
2011,PER_1000_LIVE_BIRTHS,_T,KZATY,R,12.18872870249017
2011,PER_1000_LIVE_BIRTHS,_T,KZZAP,R,10.080645161290322
2011,PER_1000_LIVE_BIRTHS,_T,KZZHA,R,7.93201133144476
2011,PER_1000_LIVE_BIRTHS,_T,KZKAR,R,6.924408540103866
2011,PER_1000_LIVE_BIRTHS,_T,KZKUS,R,6.625807520291535
2011,PER_1000_LIVE_BIRTHS,_T,KZKZY,R,11.671721349140704
2011,PER_1000_LIVE_BIRTHS,_T,KZMAN,R,11.216566005176878
2011,PER_1000_LIVE_BIRTHS,_T,KZONT,R,7.002801120448179
2011,PER_1000_LIVE_BIRTHS,_T,KZPAV,R,10.331063629960084
2011,PER_1000_LIVE_BIRTHS,_T,KZSEV,R,7.610037021801728
2011,PER_1000_LIVE_BIRTHS,_T,KZVOS,R,13.628262920641577
2011,PER_1000_LIVE_BIRTHS,M,,,11.120370852648575
2011,PER_1000_LIVE_BIRTHS,M,KZAKM,,10.74780502573418
2011,PER_1000_LIVE_BIRTHS,M,KZAKT,,9.180327868852459
2011,PER_1000_LIVE_BIRTHS,M,KZALM,,9.279267827634422
2011,PER_1000_LIVE_BIRTHS,M,KZATY,,13.309671694764862
2011,PER_1000_LIVE_BIRTHS,M,KZZAP,,9.751340809361286
2011,PER_1000_LIVE_BIRTHS,M,KZZHA,,10.375261065822274
2011,PER_1000_LIVE_BIRTHS,M,KZKAR,,7.678008567041138
2011,PER_1000_LIVE_BIRTHS,M,KZKUS,,8.805808744013596
2011,PER_1000_LIVE_BIRTHS,M,KZKZY,,13.771186440677965
2011,PER_1000_LIVE_BIRTHS,M,KZMAN,,13.306161591944377
2011,PER_1000_LIVE_BIRTHS,M,KZONT,,11.72991862368955
2011,PER_1000_LIVE_BIRTHS,M,KZPAV,,9.486523113988858
2011,PER_1000_LIVE_BIRTHS,M,KZSEV,,8.678237650200266
2011,PER_1000_LIVE_BIRTHS,M,KZVOS,,15.737372028090363
2011,PER_1000_LIVE_BIRTHS,M,KZNS,,7.539335664335664
2011,PER_1000_LIVE_BIRTHS,M,KZALA,,15.134230739980227
2011,PER_1000_LIVE_BIRTHS,M,,U,12.40099836880687
2011,PER_1000_LIVE_BIRTHS,M,KZAKM,U,11.928429423459244
2011,PER_1000_LIVE_BIRTHS,M,KZAKT,U,8.651399491094146
2011,PER_1000_LIVE_BIRTHS,M,KZALM,U,12.307692307692308
2011,PER_1000_LIVE_BIRTHS,M,KZATY,U,13.853258081067214
2011,PER_1000_LIVE_BIRTHS,M,KZZAP,U,8.035714285714285
2011,PER_1000_LIVE_BIRTHS,M,KZZHA,U,13.574660633484163
2011,PER_1000_LIVE_BIRTHS,M,KZKAR,U,7.714462044846739
2011,PER_1000_LIVE_BIRTHS,M,KZKUS,U,10.733971569480708
2011,PER_1000_LIVE_BIRTHS,M,KZKZY,U,13.000629062696582
2011,PER_1000_LIVE_BIRTHS,M,KZMAN,U,14.489194499017682
2011,PER_1000_LIVE_BIRTHS,M,KZONT,U,17.279434949864413
2011,PER_1000_LIVE_BIRTHS,M,KZPAV,U,9.73731884057971
2011,PER_1000_LIVE_BIRTHS,M,KZSEV,U,7.518796992481203
2011,PER_1000_LIVE_BIRTHS,M,KZVOS,U,15.179991325719241
2011,PER_1000_LIVE_BIRTHS,M,KZNS,U,7.539335664335664
2011,PER_1000_LIVE_BIRTHS,M,KZALA,U,15.134230739980227
2011,PER_1000_LIVE_BIRTHS,M,,R,9.675917715907076
2011,PER_1000_LIVE_BIRTHS,M,KZAKM,R,9.40032414910859
2011,PER_1000_LIVE_BIRTHS,M,KZAKT,R,10.138248847926269
2011,PER_1000_LIVE_BIRTHS,M,KZALM,R,8.281223593037012
2011,PER_1000_LIVE_BIRTHS,M,KZATY,R,12.778752192432975
2011,PER_1000_LIVE_BIRTHS,M,KZZAP,R,11.815252416756177
2011,PER_1000_LIVE_BIRTHS,M,KZZHA,R,8.354402550291304
2011,PER_1000_LIVE_BIRTHS,M,KZKAR,R,7.544322897019992
2011,PER_1000_LIVE_BIRTHS,M,KZKUS,R,6.609385327164574
2011,PER_1000_LIVE_BIRTHS,M,KZKZY,R,14.425645592163846
2011,PER_1000_LIVE_BIRTHS,M,KZMAN,R,12.177985948477751
2011,PER_1000_LIVE_BIRTHS,M,KZONT,R,8.218959463772743
2011,PER_1000_LIVE_BIRTHS,M,KZPAV,R,8.98876404494382
2011,PER_1000_LIVE_BIRTHS,M,KZSEV,R,9.603841536614645
2011,PER_1000_LIVE_BIRTHS,M,KZVOS,R,16.523867809057528
2011,PER_1000_LIVE_BIRTHS,F,,,8.389596015495297
2011,PER_1000_LIVE_BIRTHS,F,KZAKM,,9.22722029988466
2011,PER_1000_LIVE_BIRTHS,F,KZAKT,,5.093771706413522
2011,PER_1000_LIVE_BIRTHS,F,KZALM,,6.356596087559873
2011,PER_1000_LIVE_BIRTHS,F,KZATY,,10.098290022889458
2011,PER_1000_LIVE_BIRTHS,F,KZZAP,,7.835625979453249
2011,PER_1000_LIVE_BIRTHS,F,KZZHA,,8.680057388809182
2011,PER_1000_LIVE_BIRTHS,F,KZKAR,,5.453935224030878
2011,PER_1000_LIVE_BIRTHS,F,KZKUS,,6.697496412055494
2011,PER_1000_LIVE_BIRTHS,F,KZKZY,,9.758602978941962
2011,PER_1000_LIVE_BIRTHS,F,KZMAN,,11.895526247737266
2011,PER_1000_LIVE_BIRTHS,F,KZONT,,8.633429260325116
2011,PER_1000_LIVE_BIRTHS,F,KZPAV,,8.132674214638813
2011,PER_1000_LIVE_BIRTHS,F,KZSEV,,5.271986580397795
2011,PER_1000_LIVE_BIRTHS,F,KZVOS,,11.069114470842331
2011,PER_1000_LIVE_BIRTHS,F,KZNS,,6.541948812119821
2011,PER_1000_LIVE_BIRTHS,F,KZALA,,12.701311638718247
2011,PER_1000_LIVE_BIRTHS,F,,U,9.497510564411531
2011,PER_1000_LIVE_BIRTHS,F,KZAKM,U,10.352636687156261
2011,PER_1000_LIVE_BIRTHS,F,KZAKT,U,4.975124378109452
2011,PER_1000_LIVE_BIRTHS,F,KZALM,U,8.033595033777615
2011,PER_1000_LIVE_BIRTHS,F,KZATY,U,8.711721224920803
2011,PER_1000_LIVE_BIRTHS,F,KZZAP,U,7.467532467532467
2011,PER_1000_LIVE_BIRTHS,F,KZZHA,U,10.581028401707815
2011,PER_1000_LIVE_BIRTHS,F,KZKAR,U,5.229455709711846
2011,PER_1000_LIVE_BIRTHS,F,KZKUS,U,6.748466257668712
2011,PER_1000_LIVE_BIRTHS,F,KZKZY,U,10.964421570821214
2011,PER_1000_LIVE_BIRTHS,F,KZMAN,U,13.621177075301977
2011,PER_1000_LIVE_BIRTHS,F,KZONT,U,13.193661738380959
2011,PER_1000_LIVE_BIRTHS,F,KZPAV,U,6.372433325466131
2011,PER_1000_LIVE_BIRTHS,F,KZSEV,U,4.972375690607734
2011,PER_1000_LIVE_BIRTHS,F,KZVOS,U,11.428571428571429
2011,PER_1000_LIVE_BIRTHS,F,KZNS,U,6.541948812119821
2011,PER_1000_LIVE_BIRTHS,F,KZALA,U,12.701311638718247
2011,PER_1000_LIVE_BIRTHS,F,,R,7.14487167434427
2011,PER_1000_LIVE_BIRTHS,F,KZAKM,R,8.059100067159166
2011,PER_1000_LIVE_BIRTHS,F,KZAKT,R,5.294300840859545
2011,PER_1000_LIVE_BIRTHS,F,KZALM,R,5.811884711184913
2011,PER_1000_LIVE_BIRTHS,F,KZATY,R,11.541632316570487
2011,PER_1000_LIVE_BIRTHS,F,KZZAP,R,8.261359369132558
2011,PER_1000_LIVE_BIRTHS,F,KZZHA,R,7.482754589033087
2011,PER_1000_LIVE_BIRTHS,F,KZKAR,R,6.279434850863423
2011,PER_1000_LIVE_BIRTHS,F,KZKUS,R,6.642311524410495
2011,PER_1000_LIVE_BIRTHS,F,KZKZY,R,8.735282947208509
2011,PER_1000_LIVE_BIRTHS,F,KZMAN,R,10.14832162373146
2011,PER_1000_LIVE_BIRTHS,F,KZONT,R,5.705040871934605
2011,PER_1000_LIVE_BIRTHS,F,KZPAV,R,11.799410029498524
2011,PER_1000_LIVE_BIRTHS,F,KZSEV,R,5.50148116800677
2011,PER_1000_LIVE_BIRTHS,F,KZVOS,R,10.567177054129827
2012,PER_1000_LIVE_BIRTHS,_T,,,9.025247079256886
2012,PER_1000_LIVE_BIRTHS,_T,KZAKM,,6.921187765126144
2012,PER_1000_LIVE_BIRTHS,_T,KZAKT,,8.72523733743072
2012,PER_1000_LIVE_BIRTHS,_T,KZALM,,7.509333333333333
2012,PER_1000_LIVE_BIRTHS,_T,KZATY,,11.548825869369947
2012,PER_1000_LIVE_BIRTHS,_T,KZZAP,,7.082494969818914
2012,PER_1000_LIVE_BIRTHS,_T,KZZHA,,8.721339147559432
2012,PER_1000_LIVE_BIRTHS,_T,KZKAR,,6.895707524073772
2012,PER_1000_LIVE_BIRTHS,_T,KZKUS,,9.688000610267755
2012,PER_1000_LIVE_BIRTHS,_T,KZKZY,,13.006923837784372
2012,PER_1000_LIVE_BIRTHS,_T,KZMAN,,9.080188679245282
2012,PER_1000_LIVE_BIRTHS,_T,KZONT,,9.575650132960462
2012,PER_1000_LIVE_BIRTHS,_T,KZPAV,,6.527820951196768
2012,PER_1000_LIVE_BIRTHS,_T,KZSEV,,7.10927645912166
2012,PER_1000_LIVE_BIRTHS,_T,KZVOS,,12.65768655120804
2012,PER_1000_LIVE_BIRTHS,_T,KZNS,,6.987617530699276
2012,PER_1000_LIVE_BIRTHS,_T,KZALA,,9.76227736791117
2012,PER_1000_LIVE_BIRTHS,_T,,U,9.5173417414504
2012,PER_1000_LIVE_BIRTHS,_T,KZAKM,U,8.475793707800603
2012,PER_1000_LIVE_BIRTHS,_T,KZAKT,U,10.819560402112797
2012,PER_1000_LIVE_BIRTHS,_T,KZALM,U,8.548469823901522
2012,PER_1000_LIVE_BIRTHS,_T,KZATY,U,12.257026123560728
2012,PER_1000_LIVE_BIRTHS,_T,KZZAP,U,5.979291235234068
2012,PER_1000_LIVE_BIRTHS,_T,KZZHA,U,8.970156977747111
2012,PER_1000_LIVE_BIRTHS,_T,KZKAR,U,7.2783987522745
2012,PER_1000_LIVE_BIRTHS,_T,KZKUS,U,10.655964572377526
2012,PER_1000_LIVE_BIRTHS,_T,KZKZY,U,12.38919149845135
2012,PER_1000_LIVE_BIRTHS,_T,KZMAN,U,7.942417473318442
2012,PER_1000_LIVE_BIRTHS,_T,KZONT,U,11.06305628682462
2012,PER_1000_LIVE_BIRTHS,_T,KZPAV,U,6.693896074427048
2012,PER_1000_LIVE_BIRTHS,_T,KZSEV,U,7.6608784473953015
2012,PER_1000_LIVE_BIRTHS,_T,KZVOS,U,13.537906137184116
2012,PER_1000_LIVE_BIRTHS,_T,KZNS,U,6.987617530699276
2012,PER_1000_LIVE_BIRTHS,_T,KZALA,U,9.76227736791117
2012,PER_1000_LIVE_BIRTHS,_T,,R,8.44556950452278
2012,PER_1000_LIVE_BIRTHS,_T,KZAKM,R,5.250154416306362
2012,PER_1000_LIVE_BIRTHS,_T,KZAKT,R,4.934464148033924
2012,PER_1000_LIVE_BIRTHS,_T,KZALM,R,7.163771782698922
2012,PER_1000_LIVE_BIRTHS,_T,KZATY,R,10.787055533359968
2012,PER_1000_LIVE_BIRTHS,_T,KZZAP,R,8.441091954022989
2012,PER_1000_LIVE_BIRTHS,_T,KZZHA,R,8.550053437833986
2012,PER_1000_LIVE_BIRTHS,_T,KZKAR,R,5.4997155319552435
2012,PER_1000_LIVE_BIRTHS,_T,KZKUS,R,8.499065102838687
2012,PER_1000_LIVE_BIRTHS,_T,KZKZY,R,13.539651837524179
2012,PER_1000_LIVE_BIRTHS,_T,KZMAN,R,10.11008762075938
2012,PER_1000_LIVE_BIRTHS,_T,KZONT,R,8.590815712477433
2012,PER_1000_LIVE_BIRTHS,_T,KZPAV,R,6.166748889985199
2012,PER_1000_LIVE_BIRTHS,_T,KZSEV,R,6.659729448491155
2012,PER_1000_LIVE_BIRTHS,_T,KZVOS,R,11.245963701146866
2012,PER_1000_LIVE_BIRTHS,M,,,10.101061736094426
2012,PER_1000_LIVE_BIRTHS,M,KZAKM,,6.472491909385114
2012,PER_1000_LIVE_BIRTHS,M,KZAKT,,9.094754653130288
2012,PER_1000_LIVE_BIRTHS,M,KZALM,,9.143528227497692
2012,PER_1000_LIVE_BIRTHS,M,KZATY,,11.541839166980303
2012,PER_1000_LIVE_BIRTHS,M,KZZAP,,9.16860916860917
2012,PER_1000_LIVE_BIRTHS,M,KZZHA,,10.084265782566652
2012,PER_1000_LIVE_BIRTHS,M,KZKAR,,7.5307173999207295
2012,PER_1000_LIVE_BIRTHS,M,KZKUS,,11.897590361445783
2012,PER_1000_LIVE_BIRTHS,M,KZKZY,,14.04041362299592
2012,PER_1000_LIVE_BIRTHS,M,KZMAN,,9.469915694652963
2012,PER_1000_LIVE_BIRTHS,M,KZONT,,10.638812321678998
2012,PER_1000_LIVE_BIRTHS,M,KZPAV,,8.15833207433147
2012,PER_1000_LIVE_BIRTHS,M,KZSEV,,8.292245629762439
2012,PER_1000_LIVE_BIRTHS,M,KZVOS,,13.94254997480262
2012,PER_1000_LIVE_BIRTHS,M,KZNS,,8.117045796171961
2012,PER_1000_LIVE_BIRTHS,M,KZALA,,10.747259088286208
2012,PER_1000_LIVE_BIRTHS,M,,U,10.562647754137116
2012,PER_1000_LIVE_BIRTHS,M,KZAKM,U,8.016032064128256
2012,PER_1000_LIVE_BIRTHS,M,KZAKT,U,10.962041884816752
2012,PER_1000_LIVE_BIRTHS,M,KZALM,U,9.764309764309763
2012,PER_1000_LIVE_BIRTHS,M,KZATY,U,13.116346854505709
2012,PER_1000_LIVE_BIRTHS,M,KZZAP,U,7.896221094190638
2012,PER_1000_LIVE_BIRTHS,M,KZZHA,U,8.771929824561402
2012,PER_1000_LIVE_BIRTHS,M,KZKAR,U,8.384685321749672
2012,PER_1000_LIVE_BIRTHS,M,KZKUS,U,14.309301045679693
2012,PER_1000_LIVE_BIRTHS,M,KZKZY,U,13.187718936740161
2012,PER_1000_LIVE_BIRTHS,M,KZMAN,U,8.011653313911145
2012,PER_1000_LIVE_BIRTHS,M,KZONT,U,12.642071354768127
2012,PER_1000_LIVE_BIRTHS,M,KZPAV,U,8.8339222614841
2012,PER_1000_LIVE_BIRTHS,M,KZSEV,U,7.299270072992701
2012,PER_1000_LIVE_BIRTHS,M,KZVOS,U,14.43355119825708
2012,PER_1000_LIVE_BIRTHS,M,KZNS,U,8.117045796171961
2012,PER_1000_LIVE_BIRTHS,M,KZALA,U,10.747259088286208
2012,PER_1000_LIVE_BIRTHS,M,,R,9.557931748133477
2012,PER_1000_LIVE_BIRTHS,M,KZAKM,R,4.841149773071104
2012,PER_1000_LIVE_BIRTHS,M,KZAKT,R,5.681818181818182
2012,PER_1000_LIVE_BIRTHS,M,KZALM,R,8.937548877220424
2012,PER_1000_LIVE_BIRTHS,M,KZATY,R,9.859885832900883
2012,PER_1000_LIVE_BIRTHS,M,KZZAP,R,10.730356524749048
2012,PER_1000_LIVE_BIRTHS,M,KZZHA,R,10.964912280701753
2012,PER_1000_LIVE_BIRTHS,M,KZKAR,R,4.418262150220913
2012,PER_1000_LIVE_BIRTHS,M,KZKUS,R,8.982035928143713
2012,PER_1000_LIVE_BIRTHS,M,KZKZY,R,14.767932489451477
2012,PER_1000_LIVE_BIRTHS,M,KZMAN,R,10.79295154185022
2012,PER_1000_LIVE_BIRTHS,M,KZONT,R,9.315398514354548
2012,PER_1000_LIVE_BIRTHS,M,KZPAV,R,6.695361071257771
2012,PER_1000_LIVE_BIRTHS,M,KZSEV,R,9.140008309098464
2012,PER_1000_LIVE_BIRTHS,M,KZVOS,R,13.1521262604121
2012,PER_1000_LIVE_BIRTHS,F,,,7.890907130922224
2012,PER_1000_LIVE_BIRTHS,F,KZAKM,,7.380629612893508
2012,PER_1000_LIVE_BIRTHS,F,KZAKT,,8.32667959393179
2012,PER_1000_LIVE_BIRTHS,F,KZALM,,5.817739764685451
2012,PER_1000_LIVE_BIRTHS,F,KZATY,,11.556139198949442
2012,PER_1000_LIVE_BIRTHS,F,KZZAP,,4.841402337228715
2012,PER_1000_LIVE_BIRTHS,F,KZZHA,,7.307637197306204
2012,PER_1000_LIVE_BIRTHS,F,KZKAR,,6.222147481711931
2012,PER_1000_LIVE_BIRTHS,F,KZKUS,,7.420003091667955
2012,PER_1000_LIVE_BIRTHS,F,KZKZY,,11.881392705858044
2012,PER_1000_LIVE_BIRTHS,F,KZMAN,,8.673653776653415
2012,PER_1000_LIVE_BIRTHS,F,KZONT,,8.440670091117937
2012,PER_1000_LIVE_BIRTHS,F,KZPAV,,4.800768122899664
2012,PER_1000_LIVE_BIRTHS,F,KZSEV,,5.869922517022775
2012,PER_1000_LIVE_BIRTHS,F,KZVOS,,11.325028312570781
2012,PER_1000_LIVE_BIRTHS,F,KZNS,,5.799240826655419
2012,PER_1000_LIVE_BIRTHS,F,KZALA,,8.709727146600894
2012,PER_1000_LIVE_BIRTHS,F,,U,8.41633466135458
2012,PER_1000_LIVE_BIRTHS,F,KZAKM,U,8.938869665513264
2012,PER_1000_LIVE_BIRTHS,F,KZAKT,U,10.66477070742979
2012,PER_1000_LIVE_BIRTHS,F,KZALM,U,7.29419937478291
2012,PER_1000_LIVE_BIRTHS,F,KZATY,U,11.363636363636363
2012,PER_1000_LIVE_BIRTHS,F,KZZAP,U,3.926306251887647
2012,PER_1000_LIVE_BIRTHS,F,KZZHA,U,9.16955017301038
2012,PER_1000_LIVE_BIRTHS,F,KZKAR,U,6.105398457583547
2012,PER_1000_LIVE_BIRTHS,F,KZKUS,U,6.9599109131403125
2012,PER_1000_LIVE_BIRTHS,F,KZKZY,U,11.529933481152993
2012,PER_1000_LIVE_BIRTHS,F,KZMAN,U,7.870017771007871
2012,PER_1000_LIVE_BIRTHS,F,KZONT,U,9.38207699773536
2012,PER_1000_LIVE_BIRTHS,F,KZPAV,U,4.433037797480168
2012,PER_1000_LIVE_BIRTHS,F,KZSEV,U,8.060182697474476
2012,PER_1000_LIVE_BIRTHS,F,KZVOS,U,12.606232294617563
2012,PER_1000_LIVE_BIRTHS,F,KZNS,U,5.799240826655419
2012,PER_1000_LIVE_BIRTHS,F,KZALA,U,8.709727146600894
2012,PER_1000_LIVE_BIRTHS,F,,R,7.271232233055327
2012,PER_1000_LIVE_BIRTHS,F,KZAKM,R,5.676442762535478
2012,PER_1000_LIVE_BIRTHS,F,KZAKT,R,4.138809296402419
2012,PER_1000_LIVE_BIRTHS,F,KZALM,R,5.32561505065123
2012,PER_1000_LIVE_BIRTHS,F,KZATY,R,11.76470588235294
2012,PER_1000_LIVE_BIRTHS,F,KZZAP,R,5.9723777528928705
2012,PER_1000_LIVE_BIRTHS,F,KZZHA,R,5.99168500855955
2012,PER_1000_LIVE_BIRTHS,F,KZKAR,R,6.64841611263199
2012,PER_1000_LIVE_BIRTHS,F,KZKUS,R,7.994438651372959
2012,PER_1000_LIVE_BIRTHS,F,KZKZY,R,12.188044109112013
2012,PER_1000_LIVE_BIRTHS,F,KZMAN,R,9.399358092618064
2012,PER_1000_LIVE_BIRTHS,F,KZONT,R,7.8158550201838
2012,PER_1000_LIVE_BIRTHS,F,KZPAV,R,5.603667855323485
2012,PER_1000_LIVE_BIRTHS,F,KZSEV,R,4.170141784820684
2012,PER_1000_LIVE_BIRTHS,F,KZVOS,R,9.278117221090746
2013,PER_1000_LIVE_BIRTHS,_T,,,7.134815212675853
2013,PER_1000_LIVE_BIRTHS,_T,KZAKM,,8.088978766430738
2013,PER_1000_LIVE_BIRTHS,_T,KZAKT,,7.463880151410141
2013,PER_1000_LIVE_BIRTHS,_T,KZALM,,5.611139762764311
2013,PER_1000_LIVE_BIRTHS,_T,KZATY,,5.726735138499844
2013,PER_1000_LIVE_BIRTHS,_T,KZZAP,,5.34465141869056
2013,PER_1000_LIVE_BIRTHS,_T,KZZHA,,9.278814527576776
2013,PER_1000_LIVE_BIRTHS,_T,KZKAR,,6.320907617504052
2013,PER_1000_LIVE_BIRTHS,_T,KZKUS,,6.677411927239235
2013,PER_1000_LIVE_BIRTHS,_T,KZKZY,,8.590017281691573
2013,PER_1000_LIVE_BIRTHS,_T,KZMAN,,6.331186551686497
2013,PER_1000_LIVE_BIRTHS,_T,KZONT,,7.953254341827625
2013,PER_1000_LIVE_BIRTHS,_T,KZPAV,,4.349484929416253
2013,PER_1000_LIVE_BIRTHS,_T,KZSEV,,5.957247985048475
2013,PER_1000_LIVE_BIRTHS,_T,KZVOS,,9.331872946330778
2013,PER_1000_LIVE_BIRTHS,_T,KZNS,,5.343441724515894
2013,PER_1000_LIVE_BIRTHS,_T,KZALA,,7.908901175350591
2013,PER_1000_LIVE_BIRTHS,_T,,U,7.622395323402568
2013,PER_1000_LIVE_BIRTHS,_T,KZAKM,U,9.506833036244801
2013,PER_1000_LIVE_BIRTHS,_T,KZAKT,U,7.5243313977263435
2013,PER_1000_LIVE_BIRTHS,_T,KZALM,U,6.848743005094797
2013,PER_1000_LIVE_BIRTHS,_T,KZATY,U,6.306852637962401
2013,PER_1000_LIVE_BIRTHS,_T,KZZAP,U,5.428571428571429
2013,PER_1000_LIVE_BIRTHS,_T,KZZHA,U,13.869005010737295
2013,PER_1000_LIVE_BIRTHS,_T,KZKAR,U,6.272949816401469
2013,PER_1000_LIVE_BIRTHS,_T,KZKUS,U,6.8861038424459435
2013,PER_1000_LIVE_BIRTHS,_T,KZKZY,U,8.97308075772682
2013,PER_1000_LIVE_BIRTHS,_T,KZMAN,U,6.055066834228264
2013,PER_1000_LIVE_BIRTHS,_T,KZONT,U,8.910037364672819
2013,PER_1000_LIVE_BIRTHS,_T,KZPAV,U,4.02729611813402
2013,PER_1000_LIVE_BIRTHS,_T,KZSEV,U,7.274616783580151
2013,PER_1000_LIVE_BIRTHS,_T,KZVOS,U,9.23754707596106
2013,PER_1000_LIVE_BIRTHS,_T,KZNS,U,5.343441724515894
2013,PER_1000_LIVE_BIRTHS,_T,KZALA,U,7.908901175350591
2013,PER_1000_LIVE_BIRTHS,_T,,R,6.560860838913157
2013,PER_1000_LIVE_BIRTHS,_T,KZAKM,R,6.530612244897959
2013,PER_1000_LIVE_BIRTHS,_T,KZAKT,R,7.350689127105666
2013,PER_1000_LIVE_BIRTHS,_T,KZALM,R,5.205194235932278
2013,PER_1000_LIVE_BIRTHS,_T,KZATY,R,5.115089514066496
2013,PER_1000_LIVE_BIRTHS,_T,KZZAP,R,5.242005940940066
2013,PER_1000_LIVE_BIRTHS,_T,KZZHA,R,6.381656971819054
2013,PER_1000_LIVE_BIRTHS,_T,KZKAR,R,6.506309148264984
2013,PER_1000_LIVE_BIRTHS,_T,KZKUS,R,6.414701803051317
2013,PER_1000_LIVE_BIRTHS,_T,KZKZY,R,8.265239034469804
2013,PER_1000_LIVE_BIRTHS,_T,KZMAN,R,6.583760058522311
2013,PER_1000_LIVE_BIRTHS,_T,KZONT,R,7.339073390733907
2013,PER_1000_LIVE_BIRTHS,_T,KZPAV,R,5.040806529044647
2013,PER_1000_LIVE_BIRTHS,_T,KZSEV,R,4.881154499151104
2013,PER_1000_LIVE_BIRTHS,_T,KZVOS,R,9.483546617915906
2013,PER_1000_LIVE_BIRTHS,M,,,8.083516329603379
2013,PER_1000_LIVE_BIRTHS,M,KZAKM,,9.809840024147299
2013,PER_1000_LIVE_BIRTHS,M,KZAKT,,8.558465663023304
2013,PER_1000_LIVE_BIRTHS,M,KZALM,,6.965975437890074
2013,PER_1000_LIVE_BIRTHS,M,KZATY,,5.827364331674153
2013,PER_1000_LIVE_BIRTHS,M,KZZAP,,5.9790732436472345
2013,PER_1000_LIVE_BIRTHS,M,KZZHA,,9.325251448744421
2013,PER_1000_LIVE_BIRTHS,M,KZKAR,,6.949928921181488
2013,PER_1000_LIVE_BIRTHS,M,KZKUS,,7.618763071407231
2013,PER_1000_LIVE_BIRTHS,M,KZKZY,,9.393346379647749
2013,PER_1000_LIVE_BIRTHS,M,KZMAN,,7.49024158666526
2013,PER_1000_LIVE_BIRTHS,M,KZONT,,9.041328323839535
2013,PER_1000_LIVE_BIRTHS,M,KZPAV,,5.5523085914669785
2013,PER_1000_LIVE_BIRTHS,M,KZSEV,,6.503700381251401
2013,PER_1000_LIVE_BIRTHS,M,KZVOS,,10.62473438164046
2013,PER_1000_LIVE_BIRTHS,M,KZNS,,5.708765150184437
2013,PER_1000_LIVE_BIRTHS,M,KZALA,,9.323843416370106
2013,PER_1000_LIVE_BIRTHS,M,,U,8.490016369639406
2013,PER_1000_LIVE_BIRTHS,M,KZAKM,U,10.93210586881473
2013,PER_1000_LIVE_BIRTHS,M,KZAKT,U,8.410028562361155
2013,PER_1000_LIVE_BIRTHS,M,KZALM,U,8.6011035378124
2013,PER_1000_LIVE_BIRTHS,M,KZATY,U,6.399620763214032
2013,PER_1000_LIVE_BIRTHS,M,KZZAP,U,6.202804746494067
2013,PER_1000_LIVE_BIRTHS,M,KZZHA,U,14.042995839112345
2013,PER_1000_LIVE_BIRTHS,M,KZKAR,U,6.252481143310838
2013,PER_1000_LIVE_BIRTHS,M,KZKUS,U,8.986928104575163
2013,PER_1000_LIVE_BIRTHS,M,KZKZY,U,8.624407072013799
2013,PER_1000_LIVE_BIRTHS,M,KZMAN,U,6.610841780520053
2013,PER_1000_LIVE_BIRTHS,M,KZONT,U,10.130335412934707
2013,PER_1000_LIVE_BIRTHS,M,KZPAV,U,5.170185264971995
2013,PER_1000_LIVE_BIRTHS,M,KZSEV,U,8.995502248875562
2013,PER_1000_LIVE_BIRTHS,M,KZVOS,U,10.273972602739725
2013,PER_1000_LIVE_BIRTHS,M,KZNS,U,5.708765150184437
2013,PER_1000_LIVE_BIRTHS,M,KZALA,U,9.323843416370106
2013,PER_1000_LIVE_BIRTHS,M,,R,7.604645588651865
2013,PER_1000_LIVE_BIRTHS,M,KZAKM,R,8.571428571428571
2013,PER_1000_LIVE_BIRTHS,M,KZAKT,R,8.8339222614841
2013,PER_1000_LIVE_BIRTHS,M,KZALM,R,6.4263910458951425
2013,PER_1000_LIVE_BIRTHS,M,KZATY,R,5.226480836236934
2013,PER_1000_LIVE_BIRTHS,M,KZZAP,R,5.700871898054997
2013,PER_1000_LIVE_BIRTHS,M,KZZHA,R,6.381828015143321
2013,PER_1000_LIVE_BIRTHS,M,KZKAR,R,9.667440061871616
2013,PER_1000_LIVE_BIRTHS,M,KZKUS,R,5.956320317670417
2013,PER_1000_LIVE_BIRTHS,M,KZKZY,R,10.032246506628448
2013,PER_1000_LIVE_BIRTHS,M,KZMAN,R,8.297915401740537
2013,PER_1000_LIVE_BIRTHS,M,KZONT,R,8.337987712439162
2013,PER_1000_LIVE_BIRTHS,M,KZPAV,R,6.357856494096277
2013,PER_1000_LIVE_BIRTHS,M,KZSEV,R,4.475183075671278
2013,PER_1000_LIVE_BIRTHS,M,KZVOS,R,11.198208286674133
2013,PER_1000_LIVE_BIRTHS,F,,,6.122459873067048
2013,PER_1000_LIVE_BIRTHS,F,KZAKM,,6.259027443428021
2013,PER_1000_LIVE_BIRTHS,F,KZAKT,,6.292085219119109
2013,PER_1000_LIVE_BIRTHS,F,KZALM,,4.187817258883249
2013,PER_1000_LIVE_BIRTHS,F,KZATY,,5.620848237097598
2013,PER_1000_LIVE_BIRTHS,F,KZZAP,,4.641140394496934
2013,PER_1000_LIVE_BIRTHS,F,KZZHA,,9.228550829127615
2013,PER_1000_LIVE_BIRTHS,F,KZKAR,,5.658179397570311
2013,PER_1000_LIVE_BIRTHS,F,KZKUS,,5.682715074980268
2013,PER_1000_LIVE_BIRTHS,F,KZKZY,,7.721599323037867
2013,PER_1000_LIVE_BIRTHS,F,KZMAN,,5.088770779147349
2013,PER_1000_LIVE_BIRTHS,F,KZONT,,6.797466398887687
2013,PER_1000_LIVE_BIRTHS,F,KZPAV,,3.034659000159719
2013,PER_1000_LIVE_BIRTHS,F,KZSEV,,5.363237445148708
2013,PER_1000_LIVE_BIRTHS,F,KZVOS,,7.956600361663654
2013,PER_1000_LIVE_BIRTHS,F,KZNS,,4.947668886774501
2013,PER_1000_LIVE_BIRTHS,F,KZALA,,6.409773018626047
2013,PER_1000_LIVE_BIRTHS,F,,U,6.695899502251718
2013,PER_1000_LIVE_BIRTHS,F,KZAKM,U,7.985257985257985
2013,PER_1000_LIVE_BIRTHS,F,KZAKT,U,6.582278481012658
2013,PER_1000_LIVE_BIRTHS,F,KZALM,U,4.990535191877474
2013,PER_1000_LIVE_BIRTHS,F,KZATY,U,6.209637357178341
2013,PER_1000_LIVE_BIRTHS,F,KZZAP,U,4.556500607533414
2013,PER_1000_LIVE_BIRTHS,F,KZZHA,U,13.683431952662723
2013,PER_1000_LIVE_BIRTHS,F,KZKAR,U,6.29458665547629
2013,PER_1000_LIVE_BIRTHS,F,KZKUS,U,4.7366954583449425
2013,PER_1000_LIVE_BIRTHS,F,KZKZY,U,9.341535657325132
2013,PER_1000_LIVE_BIRTHS,F,KZMAN,U,5.456702253855279
2013,PER_1000_LIVE_BIRTHS,F,KZONT,U,7.603808516265539
2013,PER_1000_LIVE_BIRTHS,F,KZPAV,U,2.7926460321154294
2013,PER_1000_LIVE_BIRTHS,F,KZSEV,U,5.411255411255411
2013,PER_1000_LIVE_BIRTHS,F,KZVOS,U,8.120478369998523
2013,PER_1000_LIVE_BIRTHS,F,KZNS,U,4.947668886774501
2013,PER_1000_LIVE_BIRTHS,F,KZALA,U,6.409773018626047
2013,PER_1000_LIVE_BIRTHS,F,,R,5.44797704647624
2013,PER_1000_LIVE_BIRTHS,F,KZAKM,R,4.369747899159663
2013,PER_1000_LIVE_BIRTHS,F,KZAKT,R,5.74345883854499
2013,PER_1000_LIVE_BIRTHS,F,KZALM,R,3.9261876717707107
2013,PER_1000_LIVE_BIRTHS,F,KZATY,R,4.997369805365597
2013,PER_1000_LIVE_BIRTHS,F,KZZAP,R,4.742794600510763
2013,PER_1000_LIVE_BIRTHS,F,KZZHA,R,6.38147010163082
2013,PER_1000_LIVE_BIRTHS,F,KZKAR,R,3.218020917135961
2013,PER_1000_LIVE_BIRTHS,F,KZKUS,R,6.919155134741442
2013,PER_1000_LIVE_BIRTHS,F,KZKZY,R,6.317867719644619
2013,PER_1000_LIVE_BIRTHS,F,KZMAN,R,4.753673292999135
2013,PER_1000_LIVE_BIRTHS,F,KZONT,R,6.283208231424475
2013,PER_1000_LIVE_BIRTHS,F,KZPAV,R,3.5641547861507132
2013,PER_1000_LIVE_BIRTHS,F,KZSEV,R,5.323868677905945
2013,PER_1000_LIVE_BIRTHS,F,KZVOS,R,7.697690692792162
2014,PER_1000_LIVE_BIRTHS,_T,,,5.885166625345284
2014,PER_1000_LIVE_BIRTHS,_T,KZAKM,,5.623681949543076
2014,PER_1000_LIVE_BIRTHS,_T,KZAKT,,5.75796178343949
2014,PER_1000_LIVE_BIRTHS,_T,KZALM,,5.197609099814086
2014,PER_1000_LIVE_BIRTHS,_T,KZATY,,4.637256696564768
2014,PER_1000_LIVE_BIRTHS,_T,KZZAP,,5.598159509202453
2014,PER_1000_LIVE_BIRTHS,_T,KZZHA,,6.4568473006321625
2014,PER_1000_LIVE_BIRTHS,_T,KZKAR,,5.5392766828563405
2014,PER_1000_LIVE_BIRTHS,_T,KZKUS,,7.4433910522604405
2014,PER_1000_LIVE_BIRTHS,_T,KZKZY,,6.9751449061793895
2014,PER_1000_LIVE_BIRTHS,_T,KZMAN,,4.817258351659859
2014,PER_1000_LIVE_BIRTHS,_T,KZONT,,6.550458044133253
2014,PER_1000_LIVE_BIRTHS,_T,KZPAV,,4.524192929990032
2014,PER_1000_LIVE_BIRTHS,_T,KZSEV,,5.111976630963973
2014,PER_1000_LIVE_BIRTHS,_T,KZVOS,,7.755205260052263
2014,PER_1000_LIVE_BIRTHS,_T,KZNS,,4.0279046590814716
2014,PER_1000_LIVE_BIRTHS,_T,KZALA,,6.0326233486114855
2014,PER_1000_LIVE_BIRTHS,_T,,U,6.368340506505222
2014,PER_1000_LIVE_BIRTHS,_T,KZAKM,U,5.473372781065089
2014,PER_1000_LIVE_BIRTHS,_T,KZAKT,U,6.695212144803425
2014,PER_1000_LIVE_BIRTHS,_T,KZALM,U,4.832448704745306
2014,PER_1000_LIVE_BIRTHS,_T,KZATY,U,5.03190967108493
2014,PER_1000_LIVE_BIRTHS,_T,KZZAP,U,6.686046511627907
2014,PER_1000_LIVE_BIRTHS,_T,KZZHA,U,10.763038151907596
2014,PER_1000_LIVE_BIRTHS,_T,KZKAR,U,5.155420773313116
2014,PER_1000_LIVE_BIRTHS,_T,KZKUS,U,7.6109936575052854
2014,PER_1000_LIVE_BIRTHS,_T,KZKZY,U,8.181045473863152
2014,PER_1000_LIVE_BIRTHS,_T,KZMAN,U,5.539865305235716
2014,PER_1000_LIVE_BIRTHS,_T,KZONT,U,7.488232777064613
2014,PER_1000_LIVE_BIRTHS,_T,KZPAV,U,4.231625835189309
2014,PER_1000_LIVE_BIRTHS,_T,KZSEV,U,4.641567818463125
2014,PER_1000_LIVE_BIRTHS,_T,KZVOS,U,8.814485821660403
2014,PER_1000_LIVE_BIRTHS,_T,KZNS,U,4.0279046590814716
2014,PER_1000_LIVE_BIRTHS,_T,KZALA,U,6.0326233486114855
2014,PER_1000_LIVE_BIRTHS,_T,,R,5.275146185576357
2014,PER_1000_LIVE_BIRTHS,_T,KZAKM,R,5.7918252523581
2014,PER_1000_LIVE_BIRTHS,_T,KZAKT,R,3.982300884955752
2014,PER_1000_LIVE_BIRTHS,_T,KZALM,R,5.3208556149732615
2014,PER_1000_LIVE_BIRTHS,_T,KZATY,R,4.247057395947094
2014,PER_1000_LIVE_BIRTHS,_T,KZZAP,R,4.383116883116883
2014,PER_1000_LIVE_BIRTHS,_T,KZZHA,R,3.7459373106373604
2014,PER_1000_LIVE_BIRTHS,_T,KZKAR,R,7.02028081123245
2014,PER_1000_LIVE_BIRTHS,_T,KZKUS,R,7.233592095977418
2014,PER_1000_LIVE_BIRTHS,_T,KZKZY,R,5.938242280285036
2014,PER_1000_LIVE_BIRTHS,_T,KZMAN,R,4.144763445208249
2014,PER_1000_LIVE_BIRTHS,_T,KZONT,R,5.764011931728979
2014,PER_1000_LIVE_BIRTHS,_T,KZPAV,R,5.171140113272593
2014,PER_1000_LIVE_BIRTHS,_T,KZSEV,R,5.532503457814661
2014,PER_1000_LIVE_BIRTHS,_T,KZVOS,R,6.049939500604994
2014,PER_1000_LIVE_BIRTHS,M,,,6.512568284764479
2014,PER_1000_LIVE_BIRTHS,M,KZAKM,,7.0186145865120535
2014,PER_1000_LIVE_BIRTHS,M,KZAKT,,6.332813717848792
2014,PER_1000_LIVE_BIRTHS,M,KZALM,,5.491530667491686
2014,PER_1000_LIVE_BIRTHS,M,KZATY,,4.7125353440150795
2014,PER_1000_LIVE_BIRTHS,M,KZZAP,,6.096654275092937
2014,PER_1000_LIVE_BIRTHS,M,KZZHA,,6.818934127772261
2014,PER_1000_LIVE_BIRTHS,M,KZKAR,,6.869096869877449
2014,PER_1000_LIVE_BIRTHS,M,KZKUS,,7.507277462846638
2014,PER_1000_LIVE_BIRTHS,M,KZKZY,,7.180469123982767
2014,PER_1000_LIVE_BIRTHS,M,KZMAN,,5.983772819472617
2014,PER_1000_LIVE_BIRTHS,M,KZONT,,7.439347990902198
2014,PER_1000_LIVE_BIRTHS,M,KZPAV,,4.179728317659353
2014,PER_1000_LIVE_BIRTHS,M,KZSEV,,6.162597771983883
2014,PER_1000_LIVE_BIRTHS,M,KZVOS,,8.42397971701971
2014,PER_1000_LIVE_BIRTHS,M,KZNS,,4.366106080206986
2014,PER_1000_LIVE_BIRTHS,M,KZALA,,6.9489544096635925
2014,PER_1000_LIVE_BIRTHS,M,,U,6.956763713520471
2014,PER_1000_LIVE_BIRTHS,M,KZAKM,U,7.778738115816767
2014,PER_1000_LIVE_BIRTHS,M,KZAKT,U,7.252812314979278
2014,PER_1000_LIVE_BIRTHS,M,KZALM,U,4.158324349299246
2014,PER_1000_LIVE_BIRTHS,M,KZATY,U,5.421970768505422
2014,PER_1000_LIVE_BIRTHS,M,KZZAP,U,6.495340299350466
2014,PER_1000_LIVE_BIRTHS,M,KZZHA,U,11.285909712722297
2014,PER_1000_LIVE_BIRTHS,M,KZKAR,U,6.0855908912446015
2014,PER_1000_LIVE_BIRTHS,M,KZKUS,U,7.685973099094153
2014,PER_1000_LIVE_BIRTHS,M,KZKZY,U,8.816895632561
2014,PER_1000_LIVE_BIRTHS,M,KZMAN,U,7.432575918454024
2014,PER_1000_LIVE_BIRTHS,M,KZONT,U,8.21365843578882
2014,PER_1000_LIVE_BIRTHS,M,KZPAV,U,3.4714688652636148
2014,PER_1000_LIVE_BIRTHS,M,KZSEV,U,5.3921568627450975
2014,PER_1000_LIVE_BIRTHS,M,KZVOS,U,9.389671361502348
2014,PER_1000_LIVE_BIRTHS,M,KZNS,U,4.366106080206986
2014,PER_1000_LIVE_BIRTHS,M,KZALA,U,6.9489544096635925
2014,PER_1000_LIVE_BIRTHS,M,,R,5.949757602468048
2014,PER_1000_LIVE_BIRTHS,M,KZAKM,R,6.162828413882583
2014,PER_1000_LIVE_BIRTHS,M,KZAKT,R,4.561003420752566
2014,PER_1000_LIVE_BIRTHS,M,KZALM,R,5.938548928479215
2014,PER_1000_LIVE_BIRTHS,M,KZATY,R,4.0037682524729155
2014,PER_1000_LIVE_BIRTHS,M,KZZAP,R,5.653266331658291
2014,PER_1000_LIVE_BIRTHS,M,KZZHA,R,3.996975261963919
2014,PER_1000_LIVE_BIRTHS,M,KZKAR,R,9.912314144109796
2014,PER_1000_LIVE_BIRTHS,M,KZKUS,R,7.281553398058253
2014,PER_1000_LIVE_BIRTHS,M,KZKZY,R,5.747126436781609
2014,PER_1000_LIVE_BIRTHS,M,KZMAN,R,4.659289458357601
2014,PER_1000_LIVE_BIRTHS,M,KZONT,R,6.783369803063457
2014,PER_1000_LIVE_BIRTHS,M,KZPAV,R,5.741626794258373
2014,PER_1000_LIVE_BIRTHS,M,KZSEV,R,6.883891693437357
2014,PER_1000_LIVE_BIRTHS,M,KZVOS,R,6.9153394803017605
2014,PER_1000_LIVE_BIRTHS,F,,,5.218208966019643
2014,PER_1000_LIVE_BIRTHS,F,KZAKM,,4.160665706513042
2014,PER_1000_LIVE_BIRTHS,F,KZAKT,,5.127657301570345
2014,PER_1000_LIVE_BIRTHS,F,KZALM,,4.883095385888682
2014,PER_1000_LIVE_BIRTHS,F,KZATY,,4.556385267687634
2014,PER_1000_LIVE_BIRTHS,F,KZZAP,,5.067300079176564
2014,PER_1000_LIVE_BIRTHS,F,KZZHA,,6.079027355623101
2014,PER_1000_LIVE_BIRTHS,F,KZKAR,,4.131548504379442
2014,PER_1000_LIVE_BIRTHS,F,KZKUS,,7.376523412443874
2014,PER_1000_LIVE_BIRTHS,F,KZKZY,,6.7588015736911125
2014,PER_1000_LIVE_BIRTHS,F,KZMAN,,3.5722017752760338
2014,PER_1000_LIVE_BIRTHS,F,KZONT,,5.607100651228282
2014,PER_1000_LIVE_BIRTHS,F,KZPAV,,4.8880479344055505
2014,PER_1000_LIVE_BIRTHS,F,KZSEV,,4.003002251688766
2014,PER_1000_LIVE_BIRTHS,F,KZVOS,,7.044090790503522
2014,PER_1000_LIVE_BIRTHS,F,KZNS,,3.670821239542428
2014,PER_1000_LIVE_BIRTHS,F,KZALA,,5.044136191677175
2014,PER_1000_LIVE_BIRTHS,F,,U,5.740783677254812
2014,PER_1000_LIVE_BIRTHS,F,KZAKM,U,3.0404378230465183
2014,PER_1000_LIVE_BIRTHS,F,KZAKT,U,6.076531450156019
2014,PER_1000_LIVE_BIRTHS,F,KZALM,U,5.5464926590538335
2014,PER_1000_LIVE_BIRTHS,F,KZATY,U,4.608294930875576
2014,PER_1000_LIVE_BIRTHS,F,KZZAP,U,6.888289907157832
2014,PER_1000_LIVE_BIRTHS,F,KZZHA,U,10.21505376344086
2014,PER_1000_LIVE_BIRTHS,F,KZKAR,U,4.167969157028238
2014,PER_1000_LIVE_BIRTHS,F,KZKUS,U,7.531865585168019
2014,PER_1000_LIVE_BIRTHS,F,KZKZY,U,7.497243660418963
2014,PER_1000_LIVE_BIRTHS,F,KZMAN,U,3.55792750722704
2014,PER_1000_LIVE_BIRTHS,F,KZONT,U,6.709548630364866
2014,PER_1000_LIVE_BIRTHS,F,KZPAV,U,5.033173186913749
2014,PER_1000_LIVE_BIRTHS,F,KZSEV,U,3.808487486398259
2014,PER_1000_LIVE_BIRTHS,F,KZVOS,U,8.217270194986073
2014,PER_1000_LIVE_BIRTHS,F,KZNS,U,3.670821239542428
2014,PER_1000_LIVE_BIRTHS,F,KZALA,U,5.044136191677175
2014,PER_1000_LIVE_BIRTHS,F,,R,4.560936916759985
2014,PER_1000_LIVE_BIRTHS,F,KZAKM,R,5.405405405405405
2014,PER_1000_LIVE_BIRTHS,F,KZAKT,R,3.361858190709046
2014,PER_1000_LIVE_BIRTHS,F,KZALM,R,4.657610202384253
2014,PER_1000_LIVE_BIRTHS,F,KZATY,R,4.505632040050063
2014,PER_1000_LIVE_BIRTHS,F,KZZAP,R,3.0241935483870965
2014,PER_1000_LIVE_BIRTHS,F,KZZHA,R,3.4847122302158273
2014,PER_1000_LIVE_BIRTHS,F,KZKAR,R,3.992015968063872
2014,PER_1000_LIVE_BIRTHS,F,KZKUS,R,7.183908045977011
2014,PER_1000_LIVE_BIRTHS,F,KZKZY,R,6.136110078095946
2014,PER_1000_LIVE_BIRTHS,F,KZMAN,R,3.585741404766927
2014,PER_1000_LIVE_BIRTHS,F,KZONT,R,4.692459861066385
2014,PER_1000_LIVE_BIRTHS,F,KZPAV,R,4.5662100456621
2014,PER_1000_LIVE_BIRTHS,F,KZSEV,R,4.168596572487263
2014,PER_1000_LIVE_BIRTHS,F,KZVOS,R,5.093771706413522
2015,PER_1000_LIVE_BIRTHS,_T,,,5.61
2015,PER_1000_LIVE_BIRTHS,_T,KZABY,,7.07
2015,PER_1000_LIVE_BIRTHS,_T,KZAKM,,4.26
2015,PER_1000_LIVE_BIRTHS,_T,KZAKT,,6.06
2015,PER_1000_LIVE_BIRTHS,_T,KZALM,,5.05
2015,PER_1000_LIVE_BIRTHS,_T,KZATY,,4.75
2015,PER_1000_LIVE_BIRTHS,_T,KZZAP,,5.01
2015,PER_1000_LIVE_BIRTHS,_T,KZZHA,,6.44
2015,PER_1000_LIVE_BIRTHS,_T,KZZHS,,5.09
2015,PER_1000_LIVE_BIRTHS,_T,KZKAR,,5.10
2015,PER_1000_LIVE_BIRTHS,_T,KZKUS,,6.89
2015,PER_1000_LIVE_BIRTHS,_T,KZKZY,,6.15
2015,PER_1000_LIVE_BIRTHS,_T,KZMAN,,4.61
2015,PER_1000_LIVE_BIRTHS,_T,KZPAV,,4.38
2015,PER_1000_LIVE_BIRTHS,_T,KZSEV,,3.44
2015,PER_1000_LIVE_BIRTHS,_T,KZYUZ,,6.27
2015,PER_1000_LIVE_BIRTHS,_T,KZULU,,5.31
2015,PER_1000_LIVE_BIRTHS,_T,KZVOS,,5.62
2015,PER_1000_LIVE_BIRTHS,_T,KZNS,,4.51
2015,PER_1000_LIVE_BIRTHS,_T,KZALA,,6.29
2015,PER_1000_LIVE_BIRTHS,_T,KZSHY,,6.61
2015,PER_1000_LIVE_BIRTHS,_T,,U,6.23
2015,PER_1000_LIVE_BIRTHS,_T,KZABY,U,8.05
2015,PER_1000_LIVE_BIRTHS,_T,KZAKM,U,5.62
2015,PER_1000_LIVE_BIRTHS,_T,KZAKT,U,6.40
2015,PER_1000_LIVE_BIRTHS,_T,KZALM,U,5.07
2015,PER_1000_LIVE_BIRTHS,_T,KZATY,U,4.70
2015,PER_1000_LIVE_BIRTHS,_T,KZZAP,U,6.44
2015,PER_1000_LIVE_BIRTHS,_T,KZZHA,U,10.49
2015,PER_1000_LIVE_BIRTHS,_T,KZZHS,U,5.84
2015,PER_1000_LIVE_BIRTHS,_T,KZKAR,U,5.29
2015,PER_1000_LIVE_BIRTHS,_T,KZKUS,U,7.89
2015,PER_1000_LIVE_BIRTHS,_T,KZKZY,U,8.23
2015,PER_1000_LIVE_BIRTHS,_T,KZMAN,U,4.54
2015,PER_1000_LIVE_BIRTHS,_T,KZPAV,U,4.58
2015,PER_1000_LIVE_BIRTHS,_T,KZSEV,U,4.12
2015,PER_1000_LIVE_BIRTHS,_T,KZYUZ,U,7.07
2015,PER_1000_LIVE_BIRTHS,_T,KZULU,U,6.27
2015,PER_1000_LIVE_BIRTHS,_T,KZVOS,U,7.00
2015,PER_1000_LIVE_BIRTHS,_T,KZNS,U,4.51
2015,PER_1000_LIVE_BIRTHS,_T,KZALA,U,6.29
2015,PER_1000_LIVE_BIRTHS,_T,KZSHY,U,6.61
2015,PER_1000_LIVE_BIRTHS,_T,,R,4.78
2015,PER_1000_LIVE_BIRTHS,_T,KZABY,R,5.59
2015,PER_1000_LIVE_BIRTHS,_T,KZAKM,R,2.61
2015,PER_1000_LIVE_BIRTHS,_T,KZAKT,R,5.11
2015,PER_1000_LIVE_BIRTHS,_T,KZALM,R,5.05
2015,PER_1000_LIVE_BIRTHS,_T,KZATY,R,4.81
2015,PER_1000_LIVE_BIRTHS,_T,KZZAP,R,3.34
2015,PER_1000_LIVE_BIRTHS,_T,KZZHA,R,3.75
2015,PER_1000_LIVE_BIRTHS,_T,KZZHS,R,4.50
2015,PER_1000_LIVE_BIRTHS,_T,KZKAR,R,4,39
2015,PER_1000_LIVE_BIRTHS,_T,KZKUS,R,5.43
2015,PER_1000_LIVE_BIRTHS,_T,KZKZY,R,4.31
2015,PER_1000_LIVE_BIRTHS,_T,KZMAN,R,4.66
2015,PER_1000_LIVE_BIRTHS,_T,KZPAV,R,3.93
2015,PER_1000_LIVE_BIRTHS,_T,KZSEV,R,2.83
2015,PER_1000_LIVE_BIRTHS,_T,KZYUZ,R,6.02
2015,PER_1000_LIVE_BIRTHS,_T,KZULU,R,1.14
2015,PER_1000_LIVE_BIRTHS,_T,KZVOS,R,2.91
2015,PER_1000_LIVE_BIRTHS,M,,,6.42
2015,PER_1000_LIVE_BIRTHS,M,KZABY,,7.54
2015,PER_1000_LIVE_BIRTHS,M,KZAKM,,4.29
2015,PER_1000_LIVE_BIRTHS,M,KZAKT,,6.93
2015,PER_1000_LIVE_BIRTHS,M,KZALM,,6.52
2015,PER_1000_LIVE_BIRTHS,M,KZATY,,5.44
2015,PER_1000_LIVE_BIRTHS,M,KZZAP,,5.38
2015,PER_1000_LIVE_BIRTHS,M,KZZHA,,7.02
2015,PER_1000_LIVE_BIRTHS,M,KZZHS,,5.89
2015,PER_1000_LIVE_BIRTHS,M,KZKAR,,6.47
2015,PER_1000_LIVE_BIRTHS,M,KZKUS,,7.88
2015,PER_1000_LIVE_BIRTHS,M,KZKZY,,6.56
2015,PER_1000_LIVE_BIRTHS,M,KZMAN,,5.89
2015,PER_1000_LIVE_BIRTHS,M,KZPAV,,4.92
2015,PER_1000_LIVE_BIRTHS,M,KZSEV,,3.29
2015,PER_1000_LIVE_BIRTHS,M,KZYUZ,,7.37
2015,PER_1000_LIVE_BIRTHS,M,KZULU,,5.87
2015,PER_1000_LIVE_BIRTHS,M,KZVOS,,6.41
2015,PER_1000_LIVE_BIRTHS,M,KZNS,,5.11
2015,PER_1000_LIVE_BIRTHS,M,KZALA,,6.85
2015,PER_1000_LIVE_BIRTHS,M,KZSHY,,7.38
2015,PER_1000_LIVE_BIRTHS,M,,U,6.95
2015,PER_1000_LIVE_BIRTHS,M,KZABY,U,7.45
2015,PER_1000_LIVE_BIRTHS,M,KZAKM,U,4.72
2015,PER_1000_LIVE_BIRTHS,M,KZAKT,U,6.67
2015,PER_1000_LIVE_BIRTHS,M,KZALM,U,6.55
2015,PER_1000_LIVE_BIRTHS,M,KZATY,U,5.71
2015,PER_1000_LIVE_BIRTHS,M,KZZAP,U,6.41
2015,PER_1000_LIVE_BIRTHS,M,KZZHA,U,11.65
2015,PER_1000_LIVE_BIRTHS,M,KZZHS,U,6.24
2015,PER_1000_LIVE_BIRTHS,M,KZKAR,U,6.58
2015,PER_1000_LIVE_BIRTHS,M,KZKUS,U,9.33
2015,PER_1000_LIVE_BIRTHS,M,KZKZY,U,9.58
2015,PER_1000_LIVE_BIRTHS,M,KZMAN,U,4.72
2015,PER_1000_LIVE_BIRTHS,M,KZPAV,U,5.02
2015,PER_1000_LIVE_BIRTHS,M,KZSEV,U,3.96
2015,PER_1000_LIVE_BIRTHS,M,KZYUZ,U,8.70
2015,PER_1000_LIVE_BIRTHS,M,KZULU,U,6.73
2015,PER_1000_LIVE_BIRTHS,M,KZVOS,U,8,61
2015,PER_1000_LIVE_BIRTHS,M,KZNS,U,5.11
2015,PER_1000_LIVE_BIRTHS,M,KZALA,U,6.85
2015,PER_1000_LIVE_BIRTHS,M,KZSHY,U,7.38
2015,PER_1000_LIVE_BIRTHS,M,,R,5.70
2015,PER_1000_LIVE_BIRTHS,M,KZABY,R,7.68
2015,PER_1000_LIVE_BIRTHS,M,KZAKM,R,3.75
2015,PER_1000_LIVE_BIRTHS,M,KZAKT,R,7.64
2015,PER_1000_LIVE_BIRTHS,M,KZALM,R,6.51
2015,PER_1000_LIVE_BIRTHS,M,KZATY,R,5.10
2015,PER_1000_LIVE_BIRTHS,M,KZZAP,R,4.19
2015,PER_1000_LIVE_BIRTHS,M,KZZHA,R,3.89
2015,PER_1000_LIVE_BIRTHS,M,KZZHS,R,5.61
2015,PER_1000_LIVE_BIRTHS,M,KZKAR,R,6.05
2015,PER_1000_LIVE_BIRTHS,M,KZKUS,R,5.70
2015,PER_1000_LIVE_BIRTHS,M,KZKZY,R,3.88
2015,PER_1000_LIVE_BIRTHS,M,KZMAN,R,6.75
2015,PER_1000_LIVE_BIRTHS,M,KZPAV,R,4.66
2015,PER_1000_LIVE_BIRTHS,M,KZSEV,R,2.69
2015,PER_1000_LIVE_BIRTHS,M,KZYUZ,R,6.95
2015,PER_1000_LIVE_BIRTHS,M,KZULU,R,2.21
2015,PER_1000_LIVE_BIRTHS,M,KZVOS,R,2.06
2015,PER_1000_LIVE_BIRTHS,F,,,4.76
2015,PER_1000_LIVE_BIRTHS,F,KZABY,,6.58
2015,PER_1000_LIVE_BIRTHS,F,KZAKM,,4.23
2015,PER_1000_LIVE_BIRTHS,F,KZAKT,,5.11
2015,PER_1000_LIVE_BIRTHS,F,KZALM,,3.50
2015,PER_1000_LIVE_BIRTHS,F,KZATY,,4.02
2015,PER_1000_LIVE_BIRTHS,F,KZZAP,,4.61
2015,PER_1000_LIVE_BIRTHS,F,KZZHA,,5.82
2015,PER_1000_LIVE_BIRTHS,F,KZZHS,,4.25
2015,PER_1000_LIVE_BIRTHS,F,KZKAR,,3,65
2015,PER_1000_LIVE_BIRTHS,F,KZKUS,,5.83
2015,PER_1000_LIVE_BIRTHS,F,KZKZY,,5.71
2015,PER_1000_LIVE_BIRTHS,F,KZMAN,,3.23
2015,PER_1000_LIVE_BIRTHS,F,KZPAV,,3.83
2015,PER_1000_LIVE_BIRTHS,F,KZSEV,,3.61
2015,PER_1000_LIVE_BIRTHS,F,KZYUZ,,5.12
2015,PER_1000_LIVE_BIRTHS,F,KZULU,,4,74
2015,PER_1000_LIVE_BIRTHS,F,KZVOS,,4.78
2015,PER_1000_LIVE_BIRTHS,F,KZNS,,3.90
2015,PER_1000_LIVE_BIRTHS,F,KZALA,,5.68
2015,PER_1000_LIVE_BIRTHS,F,KZSHY,,5.79
2015,PER_1000_LIVE_BIRTHS,F,,U,5.46
2015,PER_1000_LIVE_BIRTHS,F,KZABY,U,8.67
2015,PER_1000_LIVE_BIRTHS,F,KZAKM,U,6.59
2015,PER_1000_LIVE_BIRTHS,F,KZAKT,U,6.09
2015,PER_1000_LIVE_BIRTHS,F,KZALM,U,3.50
2015,PER_1000_LIVE_BIRTHS,F,KZATY,U,3.67
2015,PER_1000_LIVE_BIRTHS,F,KZZAP,U,6.48
2015,PER_1000_LIVE_BIRTHS,F,KZZHA,U,9.23
2015,PER_1000_LIVE_BIRTHS,F,KZZHS,U,5.41
2015,PER_1000_LIVE_BIRTHS,F,KZKAR,U,3.93
2015,PER_1000_LIVE_BIRTHS,F,KZKUS,U,6.32
2015,PER_1000_LIVE_BIRTHS,F,KZKZY,U,6.77
2015,PER_1000_LIVE_BIRTHS,F,KZMAN,U,4.33
2015,PER_1000_LIVE_BIRTHS,F,KZPAV,U,4.12
2015,PER_1000_LIVE_BIRTHS,F,KZSEV,U,4.29
2015,PER_1000_LIVE_BIRTHS,F,KZYUZ,U,5.35
2015,PER_1000_LIVE_BIRTHS,F,KZULU,U,5.80
2015,PER_1000_LIVE_BIRTHS,F,KZVOS,U,5.29
2015,PER_1000_LIVE_BIRTHS,F,KZNS,U,3.90
2015,PER_1000_LIVE_BIRTHS,F,KZALA,U,5.,68
2015,PER_1000_LIVE_BIRTHS,F,KZSHY,U,5.79
2015,PER_1000_LIVE_BIRTHS,F,,R,3.80
2015,PER_1000_LIVE_BIRTHS,F,KZABY,R,3.46
2015,PER_1000_LIVE_BIRTHS,F,KZAKM,R,1.43
2015,PER_1000_LIVE_BIRTHS,F,KZAKT,R,2.37
2015,PER_1000_LIVE_BIRTHS,F,KZALM,R,3.50
2015,PER_1000_LIVE_BIRTHS,F,KZATY,R,4.49
2015,PER_1000_LIVE_BIRTHS,F,KZZAP,R,2.42
2015,PER_1000_LIVE_BIRTHS,F,KZZHA,R,3.60
2015,PER_1000_LIVE_BIRTHS,F,KZZHS,R,S,33
2015,PER_1000_LIVE_BIRTHS,F,KZKAR,R,2.57
2015,PER_1000_LIVE_BIRTHS,F,KZKUS,R,5.14
2015,PER_1000_LIVE_BIRTHS,F,KZKZY,R,4.77
2015,PER_1000_LIVE_BIRTHS,F,KZMAN,R,2.42
2015,PER_1000_LIVE_BIRTHS,F,KZPAV,R,3.17
2015,PER_1000_LIVE_BIRTHS,F,KZSEV,R,2.97
2015,PER_1000_LIVE_BIRTHS,F,KZYUZ,R,5.05
2015,PER_1000_LIVE_BIRTHS,F,KZULU,R,0.00
2015,PER_1000_LIVE_BIRTHS,F,KZVOS,R,3.80
2016,PER_1000_LIVE_BIRTHS,_T,,,5.17
2016,PER_1000_LIVE_BIRTHS,_T,KZABY,,6.10
2016,PER_1000_LIVE_BIRTHS,_T,KZAKM,,3.92
2016,PER_1000_LIVE_BIRTHS,_T,KZAKT,,5.56
2016,PER_1000_LIVE_BIRTHS,_T,KZALM,,4.67
2016,PER_1000_LIVE_BIRTHS,_T,KZATY,,4.90
2016,PER_1000_LIVE_BIRTHS,_T,KZZAP,,5.16
2016,PER_1000_LIVE_BIRTHS,_T,KZZHA,,4.65
2016,PER_1000_LIVE_BIRTHS,_T,KZZHS,,4.54
2016,PER_1000_LIVE_BIRTHS,_T,KZKAR,,5,19
2016,PER_1000_LIVE_BIRTHS,_T,KZKUS,,5.37
2016,PER_1000_LIVE_BIRTHS,_T,KZKZY,,6.13
2016,PER_1000_LIVE_BIRTHS,_T,KZMAN,,5.65
2016,PER_1000_LIVE_BIRTHS,_T,KZPAV,,4.36
2016,PER_1000_LIVE_BIRTHS,_T,KZSEV,,5.33
2016,PER_1000_LIVE_BIRTHS,_T,KZYUZ,,6.49
2016,PER_1000_LIVE_BIRTHS,_T,KZULU,,4.91
2016,PER_1000_LIVE_BIRTHS,_T,KZVOS,,5.54
2016,PER_1000_LIVE_BIRTHS,_T,KZNS,,3.63
2016,PER_1000_LIVE_BIRTHS,_T,KZALA,,5.23
2016,PER_1000_LIVE_BIRTHS,_T,KZSHY,,4.68
2016,PER_1000_LIVE_BIRTHS,_T,,U,5.29
2016,PER_1000_LIVE_BIRTHS,_T,KZABY,U,7.13
2016,PER_1000_LIVE_BIRTHS,_T,KZAKM,U,4.47
2016,PER_1000_LIVE_BIRTHS,_T,KZAKT,U,5.85
2016,PER_1000_LIVE_BIRTHS,_T,KZALM,U,4.40
2016,PER_1000_LIVE_BIRTHS,_T,KZATY,U,4.32
2016,PER_1000_LIVE_BIRTHS,_T,KZZAP,U,5.25
2016,PER_1000_LIVE_BIRTHS,_T,KZZHA,U,7.25
2016,PER_1000_LIVE_BIRTHS,_T,KZZHS,U,6.36
2016,PER_1000_LIVE_BIRTHS,_T,KZKAR,U,5.36
2016,PER_1000_LIVE_BIRTHS,_T,KZKUS,U,4.98
2016,PER_1000_LIVE_BIRTHS,_T,KZKZY,U,8.55
2016,PER_1000_LIVE_BIRTHS,_T,KZMAN,U,5.70
2016,PER_1000_LIVE_BIRTHS,_T,KZPAV,U,4.20
2016,PER_1000_LIVE_BIRTHS,_T,KZSEV,U,4.22
2016,PER_1000_LIVE_BIRTHS,_T,KZYUZ,U,6.53
2016,PER_1000_LIVE_BIRTHS,_T,KZULU,U,5.27
2016,PER_1000_LIVE_BIRTHS,_T,KZVOS,U,4.96
2016,PER_1000_LIVE_BIRTHS,_T,KZNS,U,3.63
2016,PER_1000_LIVE_BIRTHS,_T,KZALA,U,5.23
2016,PER_1000_LIVE_BIRTHS,_T,KZSHY,U,4.68
2016,PER_1000_LIVE_BIRTHS,_T,,R,5.01
2016,PER_1000_LIVE_BIRTHS,_T,KZABY,R,4.42
2016,PER_1000_LIVE_BIRTHS,_T,KZAKM,R,3.24
2016,PER_1000_LIVE_BIRTHS,_T,KZAKT,R,4.74
2016,PER_1000_LIVE_BIRTHS,_T,KZALM,R,4.73
2016,PER_1000_LIVE_BIRTHS,_T,KZATY,R,5.76
2016,PER_1000_LIVE_BIRTHS,_T,KZZAP,R,5.04
2016,PER_1000_LIVE_BIRTHS,_T,KZZHA,R,2.91
2016,PER_1000_LIVE_BIRTHS,_T,KZZHS,R,3.05
2016,PER_1000_LIVE_BIRTHS,_T,KZKAR,R,4.47
2016,PER_1000_LIVE_BIRTHS,_T,KZKUS,R,5.96
2016,PER_1000_LIVE_BIRTHS,_T,KZKZY,R,3.89
2016,PER_1000_LIVE_BIRTHS,_T,KZMAN,R,5.62
2016,PER_1000_LIVE_BIRTHS,_T,KZPAV,R,4.72
2016,PER_1000_LIVE_BIRTHS,_T,KZSEV,R,6.40
2016,PER_1000_LIVE_BIRTHS,_T,KZYUZ,R,6.47
2016,PER_1000_LIVE_BIRTHS,_T,KZULU,R,3.38
2016,PER_1000_LIVE_BIRTHS,_T,KZVOS,R,6.67
2016,PER_1000_LIVE_BIRTHS,M,,,5.91
2016,PER_1000_LIVE_BIRTHS,M,KZAB7,08Y,,
2016,PER_1000_LIVE_BIRTHS,M,KZAKM,,3.87
2016,PER_1000_LIVE_BIRTHS,M,KZAKT,,6.48
2016,PER_1000_LIVE_BIRTHS,M,KZALM,,5.18
2016,PER_1000_LIVE_BIRTHS,M,KZATY,,4.87
2016,PER_1000_LIVE_BIRTHS,M,KZZAP,,6.78
2016,PER_1000_LIVE_BIRTHS,M,KZZHA,,5.57
2016,PER_1000_LIVE_BIRTHS,M,KZZHS,,5.25
2016,PER_1000_LIVE_BIRTHS,M,KZKAR,,6.34
2016,PER_1000_LIVE_BIRTHS,M,KZKUS,,5.32
2016,PER_1000_LIVE_BIRTHS,M,KZKZY,,6.75
2016,PER_1000_LIVE_BIRTHS,M,KZMAN,,6.64
2016,PER_1000_LIVE_BIRTHS,M,KZPAV,,4.42
2016,PER_1000_LIVE_BIRTHS,M,KZSEV,,6.33
2016,PER_1000_LIVE_BIRTHS,M,KZYUZ,,7.54
2016,PER_1000_LIVE_BIRTHS,M,KZULU,,4.68
2016,PER_1000_LIVE_BIRTHS,M,KZVOS,,7.31
2016,PER_1000_LIVE_BIRTHS,M,KZNS,,4.05
2016,PER_1000_LIVE_BIRTHS,M,KZALA,,5.68
2016,PER_1000_LIVE_BIRTHS,M,KZSHY,,5.58
2016,PER_1000_LIVE_BIRTHS,M,,U,6,.3
2016,PER_1000_LIVE_BIRTHS,M,KZABY,U,8.32
2016,PER_1000_LIVE_BIRTHS,M,KZAKM,U,4.19
2016,PER_1000_LIVE_BIRTHS,M,KZAKT,U,6.97
2016,PER_1000_LIVE_BIRTHS,M,KZALM,U,5.70
2016,PER_1000_LIVE_BIRTHS,M,KZATY,U,4.06
2016,PER_1000_LIVE_BIRTHS,M,KZZAP,U,6.66
2016,PER_1000_LIVE_BIRTHS,M,KZZHA,U,8.83
2016,PER_1000_LIVE_BIRTHS,M,KZZHS,U,7.83
2016,PER_1000_LIVE_BIRTHS,M,KZKAR,U,6.43
2016,PER_1000_LIVE_BIRTHS,M,KZKUS,U,4.71
2016,PER_1000_LIVE_BIRTHS,M,KZKZY,U,9.87
2016,PER_1000_LIVE_BIRTHS,M,KZMAN,U,7.57
2016,PER_1000_LIVE_BIRTHS,M,KZPAV,U,3.89
2016,PER_1000_LIVE_BIRTHS,M,KZSEV,U,4.62
2016,PER_1000_LIVE_BIRTHS,M,KZYUZ,U,6.81
2016,PER_1000_LIVE_BIRTHS,M,KZULU,U,5.75
2016,PER_1000_LIVE_BIRTHS,M,KZVOS,U,6.08
2016,PER_1000_LIVE_BIRTHS,M,KZNS,U,4.05
2016,PER_1000_LIVE_BIRTHS,M,KZALA,U,5.68
2016,PER_1000_LIVE_BIRTHS,M,KZSHY,U,5.58
2016,PER_1000_LIVE_BIRTHS,M,,R,5.74
2016,PER_1000_LIVE_BIRTHS,M,KZABY,R,5.08
2016,PER_1000_LIVE_BIRTHS,M,KZAKM,R,3.47
2016,PER_1000_LIVE_BIRTHS,M,KZAKT,R,5.03
2016,PER_1000_LIVE_BIRTHS,M,KZALM,R,5.08
2016,PER_1000_LIVE_BIRTHS,M,KZATY,R,6.09
2016,PER_1000_LIVE_BIRTHS,M,KZZAP,R,6.93
2016,PER_1000_LIVE_BIRTHS,M,KZZHA,R,3.37
2016,PER_1000_LIVE_BIRTHS,M,KZZHS,R,3.16
2016,PER_1000_LIVE_BIRTHS,M,KZKAR,R,5.99
2016,PER_1000_LIVE_BIRTHS,M,KZKUS,R,6.23
2016,PER_1000_LIVE_BIRTHS,M,KZKZY,R,3.84
2016,PER_1000_LIVE_BIRTHS,M,KZMAN,R,5.92
2016,PER_1000_LIVE_BIRTHS,M,KZPAV,R,5.68
2016,PER_1000_LIVE_BIRTHS,M,KZSEV,R,8.00
2016,PER_1000_LIVE_BIRTHS,M,KZYUZ,R,7.76
2016,PER_1000_LIVE_BIRTHS,M,KZULU,R,0.00
2016,PER_1000_LIVE_BIRTHS,M,KZVOS,R,9.67
2016,PER_1000_LIVE_BIRTHS,F,,,4.39
2016,PER_1000_LIVE_BIRTHS,F,KZABY,,5.04
2016,PER_1000_LIVE_BIRTHS,F,KZAKM,,3.97
2016,PER_1000_LIVE_BIRTHS,F,KZAKT,,4.59
2016,PER_1000_LIVE_BIRTHS,F,KZALM,,4.12
2016,PER_1000_LIVE_BIRTHS,F,KZATY,,4.93
2016,PER_1000_LIVE_BIRTHS,F,KZZAP,,3.36
2016,PER_1000_LIVE_BIRTHS,F,KZZHA,,3.70
2016,PER_1000_LIVE_BIRTHS,F,KZZHS,,3.77
2016,PER_1000_LIVE_BIRTHS,F,KZKAR,,3.96
2016,PER_1000_LIVE_BIRTHS,F,KZKUS,,5.42
2016,PER_1000_LIVE_BIRTHS,F,KZKZY,,5.44
2016,PER_1000_LIVE_BIRTHS,F,KZMAN,,4.59
2016,PER_1000_LIVE_BIRTHS,F,KZPAV,,4.29
2016,PER_1000_LIVE_BIRTHS,F,KZSEV,,4.27
2016,PER_1000_LIVE_BIRTHS,F,KZYUZ,,5.37
2016,PER_1000_LIVE_BIRTHS,F,KZULU,,5.14
2016,PER_1000_LIVE_BIRTHS,F,KZVOS,,3.62
2016,PER_1000_LIVE_BIRTHS,F,KZNS,,3.17
2016,PER_1000_LIVE_BIRTHS,F,KZALA,,4.75
2016,PER_1000_LIVE_BIRTHS,F,KZSHY,,3.70
2016,PER_1000_LIVE_BIRTHS,F,,U,4.50
2016,PER_1000_LIVE_BIRTHS,F,KZABY,U,5.86
2016,PER_1000_LIVE_BIRTHS,F,KZAKM,U,4.76
2016,PER_1000_LIVE_BIRTHS,F,KZAKT,U,4.65
2016,PER_1000_LIVE_BIRTHS,F,KZALM,U,2.96
2016,PER_1000_LIVE_BIRTHS,F,KZATY,U,4.60
2016,PER_1000_LIVE_BIRTHS,F,KZZAP,U,3.68
2016,PER_1000_LIVE_BIRTHS,F,KZZHA,U,5.59
2016,PER_1000_LIVE_BIRTHS,F,KZZHS,U,4,80
2016,PER_1000_LIVE_BIRTHS,F,KZKAR,U,4.24
2016,PER_1000_LIVE_BIRTHS,F,KZKUS,U,5.27
2016,PER_1000_LIVE_BIRTHS,F,KZKZY,U,7.08
2016,PER_1000_LIVE_BIRTHS,F,KZMAN,U,3.73
2016,PER_1000_LIVE_BIRTHS,F,KZPAV,U,4.54
2016,PER_1000_LIVE_BIRTHS,F,KZSEV,U,3.80
2016,PER_1000_LIVE_BIRTHS,F,KZYUZ,U,6.24
2016,PER_1000_LIVE_BIRTHS,F,KZULU,U,4.78
2016,PER_1000_LIVE_BIRTHS,F,KZVOS,U,3.75
2016,PER_1000_LIVE_BIRTHS,F,KZNS,U,3.17
2016,PER_1000_LIVE_BIRTHS,F,KZALA,U,4.75
2016,PER_1000_LIVE_BIRTHS,F,KZSHY,U,3.70
2016,PER_1000_LIVE_BIRTHS,F,,R,4.23
2016,PER_1000_LIVE_BIRTHS,F,KZABY,R,3.69
2016,PER_1000_LIVE_BIRTHS,F,KZAKM,R,2.98
2016,PER_1000_LIVE_BIRTHS,F,KZAKT,R,4.43
2016,PER_1000_LIVE_BIRTHS,F,KZALM,R,4.34
2016,PER_1000_LIVE_BIRTHS,F,KZATY,R,5.42
2016,PER_1000_LIVE_BIRTHS,F,KZZAP,R,2.93
2016,PER_1000_LIVE_BIRTHS,F,KZZHA,R,2.43
2016,PER_1000_LIVE_BIRTHS,F,KZZHS,R,2.94
2016,PER_1000_LIVE_BIRTHS,F,KZKAR,R,2.78
2016,PER_1000_LIVE_BIRTHS,F,KZKUS,R,5.65
2016,PER_1000_LIVE_BIRTHS,F,KZKZY,R,3.95
2016,PER_1000_LIVE_BIRTHS,F,KZMAN,R,5.30
2016,PER_1000_LIVE_BIRTHS,F,KZPAV,R,3.73
2016,PER_1000_LIVE_BIRTHS,F,KZSEV,R,4.72
2016,PER_1000_LIVE_BIRTHS,F,KZYUZ,R,5.09
2016,PER_1000_LIVE_BIRTHS,F,KZULU,R,6.67
2016,PER_1000_LIVE_BIRTHS,F,KZVOS,R,.36
2017,PER_1000_LIVE_BIRTHS,_T,,,4.63
2017,PER_1000_LIVE_BIRTHS,_T,KZABY,,3.95
2017,PER_1000_LIVE_BIRTHS,_T,KZAKM,,3.82
2017,PER_1000_LIVE_BIRTHS,_T,KZAKT,,4.39
2017,PER_1000_LIVE_BIRTHS,_T,KZALM,,4.77
2017,PER_1000_LIVE_BIRTHS,_T,KZATY,,4.31
2017,PER_1000_LIVE_BIRTHS,_T,KZZAP,,4.98
2017,PER_1000_LIVE_BIRTHS,_T,KZZHA,,4.08
2017,PER_1000_LIVE_BIRTHS,_T,KZZHS,,4.59
2017,PER_1000_LIVE_BIRTHS,_T,KZKAR,,5.02
2017,PER_1000_LIVE_BIRTHS,_T,KZKUS,,7.07
2017,PER_1000_LIVE_BIRTHS,_T,KZKZY,,4.00
2017,PER_1000_LIVE_BIRTHS,_T,KZMAN,,4.80
2017,PER_1000_LIVE_BIRTHS,_T,KZPAV,,4.82
2017,PER_1000_LIVE_BIRTHS,_T,KZSEV,,5.41
2017,PER_1000_LIVE_BIRTHS,_T,KZYUZ,,5.18
2017,PER_1000_LIVE_BIRTHS,_T,KZULU,,3.91
2017,PER_1000_LIVE_BIRTHS,_T,KZVOS,,5.21
2017,PER_1000_LIVE_BIRTHS,_T,KZNS,,3.46
2017,PER_1000_LIVE_BIRTHS,_T,KZALA,,4.42
2017,PER_1000_LIVE_BIRTHS,_T,KZSHY,,4.82
2017,PER_1000_LIVE_BIRTHS,_T,,U,4.49
2017,PER_1000_LIVE_BIRTHS,_T,KZABY,U,3.55
2017,PER_1000_LIVE_BIRTHS,_T,KZAKM,U,3.49
2017,PER_1000_LIVE_BIRTHS,_T,KZAKT,U,3.73
2017,PER_1000_LIVE_BIRTHS,_T,KZALM,U,3.64
2017,PER_1000_LIVE_BIRTHS,_T,KZATY,U,4.18
2017,PER_1000_LIVE_BIRTHS,_T,KZZAP,U,5.55
2017,PER_1000_LIVE_BIRTHS,_T,KZZHA,U,5.61
2017,PER_1000_LIVE_BIRTHS,_T,KZZHS,U,4.59
2017,PER_1000_LIVE_BIRTHS,_T,KZKAR,U,5.16
2017,PER_1000_LIVE_BIRTHS,_T,KZKUS,U,6.42
2017,PER_1000_LIVE_BIRTHS,_T,KZKZY,U,4.09
2017,PER_1000_LIVE_BIRTHS,_T,KZMAN,U,3.72
2017,PER_1000_LIVE_BIRTHS,_T,KZPAV,U,5.49
2017,PER_1000_LIVE_BIRTHS,_T,KZSEV,U,5.05
2017,PER_1000_LIVE_BIRTHS,_T,KZYUZ,U,5.43
2017,PER_1000_LIVE_BIRTHS,_T,KZULU,U,3.87
2017,PER_1000_LIVE_BIRTHS,_T,KZVOS,U,4.79
2017,PER_1000_LIVE_BIRTHS,_T,KZNS,U,3.46
2017,PER_1000_LIVE_BIRTHS,_T,KZALA,U,4.42
2017,PER_1000_LIVE_BIRTHS,_T,KZSHY,U,4.82
2017,PER_1000_LIVE_BIRTHS,_T,,R,4.82
2017,PER_1000_LIVE_BIRTHS,_T,KZABY,R,4.60
2017,PER_1000_LIVE_BIRTHS,_T,KZAKM,R,4.24
2017,PER_1000_LIVE_BIRTHS,_T,KZAKT,R,6.45
2017,PER_1000_LIVE_BIRTHS,_T,KZALM,R,5.00
2017,PER_1000_LIVE_BIRTHS,_T,KZATY,R,4.50
2017,PER_1000_LIVE_BIRTHS,_T,KZZAP,R,4.20
2017,PER_1000_LIVE_BIRTHS,_T,KZZHA,R,3.01
2017,PER_1000_LIVE_BIRTHS,_T,KZZHS,R,4.59
2017,PER_1000_LIVE_BIRTHS,_T,KZKAR,R,4.45
2017,PER_1000_LIVE_BIRTHS,_T,KZKUS,R,8.08
2017,PER_1000_LIVE_BIRTHS,_T,KZKZY,R,3.92
2017,PER_1000_LIVE_BIRTHS,_T,KZMAN,R,5.76
2017,PER_1000_LIVE_BIRTHS,_T,KZPAV,R,3.29
2017,PER_1000_LIVE_BIRTHS,_T,KZSEV,R,5.74
2017,PER_1000_LIVE_BIRTHS,_T,KZYUZ,R,5.09
2017,PER_1000_LIVE_BIRTHS,_T,KZULU,R,4.10
2017,PER_1000_LIVE_BIRTHS,_T,KZVOS,R,6.03
2017,PER_1000_LIVE_BIRTHS,M,,,5.17
2017,PER_1000_LIVE_BIRTHS,M,KZABY,,4.60
2017,PER_1000_LIVE_BIRTHS,M,KZAKM,,3.62
2017,PER_1000_LIVE_BIRTHS,M,KZAKT,,3.95
2017,PER_1000_LIVE_BIRTHS,M,KZALM,,5.32
2017,PER_1000_LIVE_BIRTHS,M,KZATY,,4.24
2017,PER_1000_LIVE_BIRTHS,M,KZZAP,,5.43
2017,PER_1000_LIVE_BIRTHS,M,KZZHA,,5.05
2017,PER_1000_LIVE_BIRTHS,M,KZZHS,,5.46
2017,PER_1000_LIVE_BIRTHS,M,KZKAR,,5.72
2017,PER_1000_LIVE_BIRTHS,M,KZKUS,,9.15
2017,PER_1000_LIVE_BIRTHS,M,KZKZY,,4.27
2017,PER_1000_LIVE_BIRTHS,M,KZMAN,,5.56
2017,PER_1000_LIVE_BIRTHS,M,KZPAV,,5.28
2017,PER_1000_LIVE_BIRTHS,M,KZSEV,,5.89
2017,PER_1000_LIVE_BIRTHS,M,KZYUZ,,6.30
2017,PER_1000_LIVE_BIRTHS,M,KZULU,,5.55
2017,PER_1000_LIVE_BIRTHS,M,KZVOS,,5.96
2017,PER_1000_LIVE_BIRTHS,M,KZNS,,3.53
2017,PER_1000_LIVE_BIRTHS,M,KZALA,,4.76
2017,PER_1000_LIVE_BIRTHS,M,KZSHY,,4.80
2017,PER_1000_LIVE_BIRTHS,M,,U,4.77
2017,PER_1000_LIVE_BIRTHS,M,KZABY,U,4.40
2017,PER_1000_LIVE_BIRTHS,M,KZAKM,U,3.08
2017,PER_1000_LIVE_BIRTHS,M,KZAKT,U,3.19
2017,PER_1000_LIVE_BIRTHS,M,KZALM,U,3.01
2017,PER_1000_LIVE_BIRTHS,M,KZATY,U,3.83
2017,PER_1000_LIVE_BIRTHS,M,KZZAP,U,4.99
2017,PER_1000_LIVE_BIRTHS,M,KZZHA,U,6.66
2017,PER_1000_LIVE_BIRTHS,M,KZZHS,U,5.91
2017,PER_1000_LIVE_BIRTHS,M,KZKAR,U,6.08
2017,PER_1000_LIVE_BIRTHS,M,KZKUS,U,7.30
2017,PER_1000_LIVE_BIRTHS,M,KZKZY,U,4.52
2017,PER_1000_LIVE_BIRTHS,M,KZMAN,U,4.05
2017,PER_1000_LIVE_BIRTHS,M,KZPAV,U,5.68
2017,PER_1000_LIVE_BIRTHS,M,KZSEV,U,4,49
2017,PER_1000_LIVE_BIRTHS,M,KZYUZ,U,6.34
2017,PER_1000_LIVE_BIRTHS,M,KZULU,U,4.88
2017,PER_1000_LIVE_BIRTHS,M,KZVOS,U,5.48
2017,PER_1000_LIVE_BIRTHS,M,KZNS,U,3.53
2017,PER_1000_LIVE_BIRTHS,M,KZALA,U,4.76
2017,PER_1000_LIVE_BIRTHS,M,KZSHY,U,4.0
2017,PER_1000_LIVE_BIRTHS,M,,R,5.75
2017,PER_1000_LIVE_BIRTHS,M,KZABY,R,4.93
2017,PER_1000_LIVE_BIRTHS,M,KZAKM,R,4.31
2017,PER_1000_LIVE_BIRTHS,M,KZAKT,R,6.37
2017,PER_1000_LIVE_BIRTHS,M,KZALM,R,5.78
2017,PER_1000_LIVE_BIRTHS,M,KZATY,R,4.81
2017,PER_1000_LIVE_BIRTHS,M,KZZAP,R,6.03
2017,PER_1000_LIVE_BIRTHS,M,KZZHA,R,3.95
2017,PER_1000_LIVE_BIRTHS,M,KZZHS,R,5.10
2017,PER_1000_LIVE_BIRTHS,M,KZKAR,R,4.29
2017,PER_1000_LIVE_BIRTHS,M,KZKUS,R,11.97
2017,PER_1000_LIVE_BIRTHS,M,KZKZY,R,4.06
2017,PER_1000_LIVE_BIRTHS,M,KZMAN,R,6.89
2017,PER_1000_LIVE_BIRTHS,M,KZPAV,R,4.32
2017,PER_1000_LIVE_BIRTHS,M,KZSEV,R,7.18
2017,PER_1000_LIVE_BIRTHS,M,KZYUZ,R,6.29
2017,PER_1000_LIVE_BIRTHS,M,KZULU,R,8.03
2017,PER_1000_LIVE_BIRTHS,M,KZVOS,R,6.89
2017,PER_1000_LIVE_BIRTHS,F,,,4.04
2017,PER_1000_LIVE_BIRTHS,F,KZABY,,3.26
2017,PER_1000_LIVE_BIRTHS,F,KZAKM,,4.04
2017,PER_1000_LIVE_BIRTHS,F,KZAKT,,4.86
2017,PER_1000_LIVE_BIRTHS,F,KZALM,,4.19
2017,PER_1000_LIVE_BIRTHS,F,KZATY,,4.39
2017,PER_1000_LIVE_BIRTHS,F,KZZAP,,4.49
2017,PER_1000_LIVE_BIRTHS,F,KZZHA,,3.04
2017,PER_1000_LIVE_BIRTHS,F,KZZHS,,3.66
2017,PER_1000_LIVE_BIRTHS,F,KZKAR,,4.28
2017,PER_1000_LIVE_BIRTHS,F,KZKUS,,4.80
2017,PER_1000_LIVE_BIRTHS,F,KZKZY,,3.71
2017,PER_1000_LIVE_BIRTHS,F,KZMAN,,3.97
2017,PER_1000_LIVE_BIRTHS,F,KZPAV,,4.33
2017,PER_1000_LIVE_BIRTHS,F,KZSEV,,4.92
2017,PER_1000_LIVE_BIRTHS,F,KZYUZ,,3.99
2017,PER_1000_LIVE_BIRTHS,F,KZULU,,2.22
2017,PER_1000_LIVE_BIRTHS,F,KZVOS,,4.42
2017,PER_1000_LIVE_BIRTHS,F,KZNS,,3.39
2017,PER_1000_LIVE_BIRTHS,F,KZALA,,4.04
2017,PER_1000_LIVE_BIRTHS,F,KZSHY,,4.83
2017,PER_1000_LIVE_BIRTHS,F,,U,4.20
2017,PER_1000_LIVE_BIRTHS,F,KZABY,U,2.65
2017,PER_1000_LIVE_BIRTHS,F,KZAKM,U,3.94
2017,PER_1000_LIVE_BIRTHS,F,KZAKT,U,4.31
2017,PER_1000_LIVE_BIRTHS,F,KZALM,U,4.32
2017,PER_1000_LIVE_BIRTHS,F,KZATY,U,4,55
2017,PER_1000_LIVE_BIRTHS,F,KZZAP,U,6.15
2017,PER_1000_LIVE_BIRTHS,F,KZZHA,U,4.51
2017,PER_1000_LIVE_BIRTHS,F,KZZHS,U,3.22
2017,PER_1000_LIVE_BIRTHS,F,KZKAR,U,4.20
2017,PER_1000_LIVE_BIRTHS,F,KZKUS,U,5.48
2017,PER_1000_LIVE_BIRTHS,F,KZKZY,U,3.65
2017,PER_1000_LIVE_BIRTHS,F,KZMAN,U,3.37
2017,PER_1000_LIVE_BIRTHS,F,KZPAV,U,5.27
2017,PER_1000_LIVE_BIRTHS,F,KZSEV,U,5.62
2017,PER_1000_LIVE_BIRTHS,F,KZYUZ,U,4.45
2017,PER_1000_LIVE_BIRTHS,F,KZULU,U,2.81
2017,PER_1000_LIVE_BIRTHS,F,KZVOS,U,4.06
2017,PER_1000_LIVE_BIRTHS,F,KZNS,U,3.39
2017,PER_1000_LIVE_BIRTHS,F,KZALA,U,4.04
2017,PER_1000_LIVE_BIRTHS,F,KZSHY,U,4.83
2017,PER_1000_LIVE_BIRTHS,F,,R,3.82
2017,PER_1000_LIVE_BIRTHS,F,KZABY,R,4.25
2017,PER_1000_LIVE_BIRTHS,F,KZAKM,R,4.17
2017,PER_1000_LIVE_BIRTHS,F,KZAKT,R,6.53
2017,PER_1000_LIVE_BIRTHS,F,KZALM,R,4.16
2017,PER_1000_LIVE_BIRTHS,F,KZATY,R,4.17
2017,PER_1000_LIVE_BIRTHS,F,KZZAP,R,2.26
2017,PER_1000_LIVE_BIRTHS,F,KZZHA,R,,2.00
2017,PER_1000_LIVE_BIRTHS,F,KZZHS,R,4.03
2017,PER_1000_LIVE_BIRTHS,F,KZKAR,R,4.62
2017,PER_1000_LIVE_BIRTHS,F,KZKUS,R,3.71
2017,PER_1000_LIVE_BIRTHS,F,KZKZY,R,3.78
2017,PER_1000_LIVE_BIRTHS,F,KZMAN,R,4.52
2017,PER_1000_LIVE_BIRTHS,F,KZPAV,R,2.23
2017,PER_1000_LIVE_BIRTHS,F,KZSEV,R,4.25
2017,PER_1000_LIVE_BIRTHS,F,KZYUZ,R,3.83
2017,PER_1000_LIVE_BIRTHS,F,KZULU,R,0.00
2017,PER_1000_LIVE_BIRTHS,F,KZVOS,R,5.12
2018,PER_1000_LIVE_BIRTHS,_T,,,4.57
2018,PER_1000_LIVE_BIRTHS,_T,KZABY,,4.18
2018,PER_1000_LIVE_BIRTHS,_T,KZAKM,,3.30
2018,PER_1000_LIVE_BIRTHS,_T,KZAKT,,5.25
2018,PER_1000_LIVE_BIRTHS,_T,KZALM,,4.39
2018,PER_1000_LIVE_BIRTHS,_T,KZATY,,6.05
2018,PER_1000_LIVE_BIRTHS,_T,KZZAP,,3.90
2018,PER_1000_LIVE_BIRTHS,_T,KZZHA,,3.32
2018,PER_1000_LIVE_BIRTHS,_T,KZZHS,,3.58
2018,PER_1000_LIVE_BIRTHS,_T,KZKAR,,4.92
2018,PER_1000_LIVE_BIRTHS,_T,KZKUS,,6.28
2018,PER_1000_LIVE_BIRTHS,_T,KZKZY,,4.85
2018,PER_1000_LIVE_BIRTHS,_T,KZMAN,,5.43
2018,PER_1000_LIVE_BIRTHS,_T,KZPAV,,3.63
2018,PER_1000_LIVE_BIRTHS,_T,KZSEV,,6.12
2018,PER_1000_LIVE_BIRTHS,_T,KZYUZ,,4.14
2018,PER_1000_LIVE_BIRTHS,_T,KZULU,,4.53
2018,PER_1000_LIVE_BIRTHS,_T,KZVOS,,5.76
2018,PER_1000_LIVE_BIRTHS,_T,KZNS,,3.46
2018,PER_1000_LIVE_BIRTHS,_T,KZALA,,5.66
2018,PER_1000_LIVE_BIRTHS,_T,KZSHY,,4.71
2018,PER_1000_LIVE_BIRTHS,_T,,U,4.88
2018,PER_1000_LIVE_BIRTHS,_T,KZABY,U,5.09
2018,PER_1000_LIVE_BIRTHS,_T,KZAKM,U,4.12
2018,PER_1000_LIVE_BIRTHS,_T,KZAKT,U,5.51
2018,PER_1000_LIVE_BIRTHS,_T,KZALM,U,5.00
2018,PER_1000_LIVE_BIRTHS,_T,KZATY,U,5.72
2018,PER_1000_LIVE_BIRTHS,_T,KZZAP,U,3.68
2018,PER_1000_LIVE_BIRTHS,_T,KZZHA,U,4.02
2018,PER_1000_LIVE_BIRTHS,_T,KZZHS,U,3.19
2018,PER_1000_LIVE_BIRTHS,_T,KZKAR,U,5.57
2018,PER_1000_LIVE_BIRTHS,_T,KZKUS,U,6.25
2018,PER_1000_LIVE_BIRTHS,_T,KZKZY,U,6.25
2018,PER_1000_LIVE_BIRTHS,_T,KZMAN,U,5.70
2018,PER_1000_LIVE_BIRTHS,_T,KZPAV,U,4.21
2018,PER_1000_LIVE_BIRTHS,_T,KZSEV,U,7.01
2018,PER_1000_LIVE_BIRTHS,_T,KZYUZ,U,4.08
2018,PER_1000_LIVE_BIRTHS,_T,KZULU,U,4.05
2018,PER_1000_LIVE_BIRTHS,_T,KZVOS,U,6.19
2018,PER_1000_LIVE_BIRTHS,_T,KZNS,U,3.46
2018,PER_1000_LIVE_BIRTHS,_T,KZALA,U,5.66
2018,PER_1000_LIVE_BIRTHS,_T,KZSHY,U,4.71
2018,PER_1000_LIVE_BIRTHS,_T,,R,4.11
2018,PER_1000_LIVE_BIRTHS,_T,KZABY,R,2.65
2018,PER_1000_LIVE_BIRTHS,_T,KZAKM,R,2.31
2018,PER_1000_LIVE_BIRTHS,_T,KZAKT,R,4.47
2018,PER_1000_LIVE_BIRTHS,_T,KZALM,R,4.27
2018,PER_1000_LIVE_BIRTHS,_T,KZATY,R,6.50
2018,PER_1000_LIVE_BIRTHS,_T,KZZAP,R,4.22
2018,PER_1000_LIVE_BIRTHS,_T,KZZHA,R,2.81
2018,PER_1000_LIVE_BIRTHS,_T,KZZHS,R,3.91
2018,PER_1000_LIVE_BIRTHS,_T,KZKAR,R,2.23
2018,PER_1000_LIVE_BIRTHS,_T,KZKUS,R,6.32
2018,PER_1000_LIVE_BIRTHS,_T,KZKZY,R,3.53
2018,PER_1000_LIVE_BIRTHS,_T,KZMAN,R,5.22
2018,PER_1000_LIVE_BIRTHS,_T,KZPAV,R,2.25
2018,PER_1000_LIVE_BIRTHS,_T,KZSEV,R,5.24
2018,PER_1000_LIVE_BIRTHS,_T,KZYUZ,R,4.16
2018,PER_1000_LIVE_BIRTHS,_T,KZULU,R,6.44
2018,PER_1000_LIVE_BIRTHS,_T,KZVOS,R,4.89
2018,PER_1000_LIVE_BIRTHS,M,,,5.31
2018,PER_1000_LIVE_BIRTHS,M,KZABY,,4.30
2018,PER_1000_LIVE_BIRTHS,M,KZAKM,,3.45
2018,PER_1000_LIVE_BIRTHS,M,KZAKT,,5.76
2018,PER_1000_LIVE_BIRTHS,M,KZALM,,5.02
2018,PER_1000_LIVE_BIRTHS,M,KZATY,,8.06
2018,PER_1000_LIVE_BIRTHS,M,KZZAP,,4.91
2018,PER_1000_LIVE_BIRTHS,M,KZZHA,,4.15
2018,PER_1000_LIVE_BIRTHS,M,KZZHS,,4.29
2018,PER_1000_LIVE_BIRTHS,M,KZKAR,,5.94
2018,PER_1000_LIVE_BIRTHS,M,KZKUS,,7.23
2018,PER_1000_LIVE_BIRTHS,M,KZKZY,,5.95
2018,PER_1000_LIVE_BIRTHS,M,KZMAN,,5.89
2018,PER_1000_LIVE_BIRTHS,M,KZPAV,,3.97
2018,PER_1000_LIVE_BIRTHS,M,KZSEV,,7.28
2018,PER_1000_LIVE_BIRTHS,M,KZYUZ,,4.81
2018,PER_1000_LIVE_BIRTHS,M,KZULU,,5.91
2018,PER_1000_LIVE_BIRTHS,M,KZVOS,,7.59
2018,PER_1000_LIVE_BIRTHS,M,KZNS,,4.14
2018,PER_1000_LIVE_BIRTHS,M,KZALA,,6.07
2018,PER_1000_LIVE_BIRTHS,M,KZSHY,,5.04
2018,PER_1000_LIVE_BIRTHS,M,,U,5.63
2018,PER_1000_LIVE_BIRTHS,M,KZABY,U,5.67
2018,PER_1000_LIVE_BIRTHS,M,KZAKM,U,4.25
2018,PER_1000_LIVE_BIRTHS,M,KZAKT,U,6.89
2018,PER_1000_LIVE_BIRTHS,M,KZALM,U,4.92
2018,PER_1000_LIVE_BIRTHS,M,KZATY,U,6.54
2018,PER_1000_LIVE_BIRTHS,M,KZZAP,U,5.14
2018,PER_1000_LIVE_BIRTHS,M,KZZHA,U,5.24
2018,PER_1000_LIVE_BIRTHS,M,KZZHS,U,3.95
2018,PER_1000_LIVE_BIRTHS,M,KZKAR,U,6.81
2018,PER_1000_LIVE_BIRTHS,M,KZKUS,U,7.44
2018,PER_1000_LIVE_BIRTHS,M,KZKZY,U,7.80
2018,PER_1000_LIVE_BIRTHS,M,KZMAN,U,6.37
2018,PER_1000_LIVE_BIRTHS,M,KZPAV,U,4.26
2018,PER_1000_LIVE_BIRTHS,M,KZSEV,U,7.07
2018,PER_1000_LIVE_BIRTHS,M,KZYUZ,U,4.27
2018,PER_1000_LIVE_BIRTHS,M,KZULU,U,5.27
2018,PER_1000_LIVE_BIRTHS,M,KZVOS,U,8.32
2018,PER_1000_LIVE_BIRTHS,M,KZNS,U,4.14
2018,PER_1000_LIVE_BIRTHS,M,KZALA,U,6.07
2018,PER_1000_LIVE_BIRTHS,M,KZSHY,U,5.04
2018,PER_1000_LIVE_BIRTHS,M,,R,4.84
2018,PER_1000_LIVE_BIRTHS,M,KZABY,R,1.90
2018,PER_1000_LIVE_BIRTHS,M,KZAKM,R,2.45
2018,PER_1000_LIVE_BIRTHS,M,KZAKT,R,2.38
2018,PER_1000_LIVE_BIRTHS,M,KZALM,R,5.04
2018,PER_1000_LIVE_BIRTHS,M,KZATY,R,10.09
2018,PER_1000_LIVE_BIRTHS,M,KZZAP,R,4.59
2018,PER_1000_LIVE_BIRTHS,M,KZZHA,R,3.35
2018,PER_1000_LIVE_BIRTHS,M,KZZHS,R,4.59
2018,PER_1000_LIVE_BIRTHS,M,KZKAR,R,2.21
2018,PER_1000_LIVE_BIRTHS,M,KZKUS,R,6.91
2018,PER_1000_LIVE_BIRTHS,M,KZKZY,R,4.16
2018,PER_1000_LIVE_BIRTHS,M,KZMAN,R,5.52
2018,PER_1000_LIVE_BIRTHS,M,KZPAV,R,3.31
2018,PER_1000_LIVE_BIRTHS,M,KZSEV,R,7.49
2018,PER_1000_LIVE_BIRTHS,M,KZYUZ,R,5.00
2018,PER_1000_LIVE_BIRTHS,M,KZULU,R,8.51
2018,PER_1000_LIVE_BIRTHS,M,KZVOS,R,6.08
2018,PER_1000_LIVE_BIRTHS,F,,,3.78
2018,PER_1000_LIVE_BIRTHS,F,KZABY,,4.05
2018,PER_1000_LIVE_BIRTHS,F,KZAKM,,3.15
2018,PER_1000_LIVE_BIRTHS,F,KZAKT,,4.72
2018,PER_1000_LIVE_BIRTHS,F,KZALM,,3.72
2018,PER_1000_LIVE_BIRTHS,F,KZATY,,3.90
2018,PER_1000_LIVE_BIRTHS,F,KZZAP,,2.84
2018,PER_1000_LIVE_BIRTHS,F,KZZHA,,2.44
2018,PER_1000_LIVE_BIRTHS,F,KZZHS,,2.84
2018,PER_1000_LIVE_BIRTHS,F,KZKAR,,3.79
2018,PER_1000_LIVE_BIRTHS,F,KZKUS,,5.27
2018,PER_1000_LIVE_BIRTHS,F,KZKZY,,3.67
2018,PER_1000_LIVE_BIRTHS,F,KZMAN,,4.93
2018,PER_1000_LIVE_BIRTHS,F,KZPAV,,3.27
2018,PER_1000_LIVE_BIRTHS,F,KZSEV,,4.88
2018,PER_1000_LIVE_BIRTHS,F,KZYUZ,,3.43
2018,PER_1000_LIVE_BIRTHS,F,KZULU,,3.09
2018,PER_1000_LIVE_BIRTHS,F,KZVOS,,3.76
2018,PER_1000_LIVE_BIRTHS,F,KZNS,,2.75
2018,PER_1000_LIVE_BIRTHS,F,KZALA,,5.21
2018,PER_1000_LIVE_BIRTHS,F,KZSHY,,4.34
2018,PER_1000_LIVE_BIRTHS,F,,U,4.08
2018,PER_1000_LIVE_BIRTHS,F,KZABY,U,4.44
2018,PER_1000_LIVE_BIRTHS,F,KZAKM,U,3.99
2018,PER_1000_LIVE_BIRTHS,F,KZAKT,U,4.06
2018,PER_1000_LIVE_BIRTHS,F,KZALM,U,5.08
2018,PER_1000_LIVE_BIRTHS,F,KZATY,U,4.85
2018,PER_1000_LIVE_BIRTHS,F,KZZAP,U,2.15
2018,PER_1000_LIVE_BIRTHS,F,KZZHA,U,2.71
2018,PER_1000_LIVE_BIRTHS,F,KZZHS,U,2.38
2018,PER_1000_LIVE_BIRTHS,F,KZKAR,U,4.18
2018,PER_1000_LIVE_BIRTHS,F,KZKUS,U,5.04
2018,PER_1000_LIVE_BIRTHS,F,KZKZY,U,4.54
2018,PER_1000_LIVE_BIRTHS,F,KZMAN,U,4.97
2018,PER_1000_LIVE_BIRTHS,F,KZPAV,U,4.17
2018,PER_1000_LIVE_BIRTHS,F,KZSEV,U,6.95
2018,PER_1000_LIVE_BIRTHS,F,KZYUZ,U,3.89
2018,PER_1000_LIVE_BIRTHS,F,KZULU,U,2.78
2018,PER_1000_LIVE_BIRTHS,F,KZVOS,U,3.84
2018,PER_1000_LIVE_BIRTHS,F,KZNS,U,2.75
2018,PER_1000_LIVE_BIRTHS,F,KZALA,U,5.21
2018,PER_1000_LIVE_BIRTHS,F,KZSHY,U,4.34
2018,PER_1000_LIVE_BIRTHS,F,,R,3.35
2018,PER_1000_LIVE_BIRTHS,F,KZABY,R,3.41
2018,PER_1000_LIVE_BIRTHS,F,KZAKM,R,2.16
2018,PER_1000_LIVE_BIRTHS,F,KZAKT,R,6.68
2018,PER_1000_LIVE_BIRTHS,F,KZALM,R,3.46
2018,PER_1000_LIVE_BIRTHS,F,KZATY,R,2.60
2018,PER_1000_LIVE_BIRTHS,F,KZZAP,R,3.82
2018,PER_1000_LIVE_BIRTHS,F,KZZHA,R,2.24
2018,PER_1000_LIVE_BIRTHS,F,KZZHS,R,3.21
2018,PER_1000_LIVE_BIRTHS,F,KZKAR,R,2.26
2018,PER_1000_LIVE_BIRTHS,F,KZKUS,R,5.67
2018,PER_1000_LIVE_BIRTHS,F,KZKZY,R,2.88
2018,PER_1000_LIVE_BIRTHS,F,KZMAN,R,4.90
2018,PER_1000_LIVE_BIRTHS,F,KZPAV,R,1.15
2018,PER_1000_LIVE_BIRTHS,F,KZSEV,R,2.85
2018,PER_1000_LIVE_BIRTHS,F,KZYUZ,R,3.27
2018,PER_1000_LIVE_BIRTHS,F,KZULU,R,4.34
2018,PER_1000_LIVE_BIRTHS,F,KZVOS,R,3.59
2019,PER_1000_LIVE_BIRTHS,_T,,,4.80
2019,PER_1000_LIVE_BIRTHS,_T,KZABY,,4.40
2019,PER_1000_LIVE_BIRTHS,_T,KZAKM,,4.41
2019,PER_1000_LIVE_BIRTHS,_T,KZAKT,,5.42
2019,PER_1000_LIVE_BIRTHS,_T,KZALM,,4.15
2019,PER_1000_LIVE_BIRTHS,_T,KZATY,,8.07
2019,PER_1000_LIVE_BIRTHS,_T,KZZAP,,4.72
2019,PER_1000_LIVE_BIRTHS,_T,KZZHA,,4.88
2019,PER_1000_LIVE_BIRTHS,_T,KZZHS,,5.10
2019,PER_1000_LIVE_BIRTHS,_T,KZKAR,,5.55
2019,PER_1000_LIVE_BIRTHS,_T,KZKUS,,6.03
2019,PER_1000_LIVE_BIRTHS,_T,KZKZY,,5.01
2019,PER_1000_LIVE_BIRTHS,_T,KZMAN,,5.58
2019,PER_1000_LIVE_BIRTHS,_T,KZPAV,,3.64
2019,PER_1000_LIVE_BIRTHS,_T,KZSEV,,5.09
2019,PER_1000_LIVE_BIRTHS,_T,KZYUZ,,3.56
2019,PER_1000_LIVE_BIRTHS,_T,KZULU,,4.95
2019,PER_1000_LIVE_BIRTHS,_T,KZVOS,,6.04
2019,PER_1000_LIVE_BIRTHS,_T,KZNS,,3.20
2019,PER_1000_LIVE_BIRTHS,_T,KZALA,,4.61
2019,PER_1000_LIVE_BIRTHS,_T,KZSHY,,5.83
2019,PER_1000_LIVE_BIRTHS,_T,,U,5.23
2019,PER_1000_LIVE_BIRTHS,_T,KZABY,U,4.44
2019,PER_1000_LIVE_BIRTHS,_T,KZAKM,U,4.92
2019,PER_1000_LIVE_BIRTHS,_T,KZAKT,U,5.33
2019,PER_1000_LIVE_BIRTHS,_T,KZALM,U,6.04
2019,PER_1000_LIVE_BIRTHS,_T,KZATY,U,8.32
2019,PER_1000_LIVE_BIRTHS,_T,KZZAP,U,5.06
2019,PER_1000_LIVE_BIRTHS,_T,KZZHA,U,6.53
2019,PER_1000_LIVE_BIRTHS,_T,KZZHS,U,5.69
2019,PER_1000_LIVE_BIRTHS,_T,KZKAR,U,5.97
2019,PER_1000_LIVE_BIRTHS,_T,KZKUS,U,5.78
2019,PER_1000_LIVE_BIRTHS,_T,KZKZY,U,4.79
2019,PER_1000_LIVE_BIRTHS,_T,KZMAN,U,7.27
2019,PER_1000_LIVE_BIRTHS,_T,KZPAV,U,4.42
2019,PER_1000_LIVE_BIRTHS,_T,KZSEV,U,5.90
2019,PER_1000_LIVE_BIRTHS,_T,KZYUZ,U,4.02
2019,PER_1000_LIVE_BIRTHS,_T,KZULU,U,6.08
2019,PER_1000_LIVE_BIRTHS,_T,KZVOS,U,6.64
2019,PER_1000_LIVE_BIRTHS,_T,KZNS,U,3.20
2019,PER_1000_LIVE_BIRTHS,_T,KZALA,U,4.61
2019,PER_1000_LIVE_BIRTHS,_T,KZSHY,U,5.83
2019,PER_1000_LIVE_BIRTHS,_T,,R,4.16
2019,PER_1000_LIVE_BIRTHS,_T,KZABY,R,4.32
2019,PER_1000_LIVE_BIRTHS,_T,KZAKM,R,3.74
2019,PER_1000_LIVE_BIRTHS,_T,KZAKT,R,5.68
2019,PER_1000_LIVE_BIRTHS,_T,KZALM,R,3.80
2019,PER_1000_LIVE_BIRTHS,_T,KZATY,R,7.74
2019,PER_1000_LIVE_BIRTHS,_T,KZZAP,R,4.28
2019,PER_1000_LIVE_BIRTHS,_T,KZZHA,R,3.61
2019,PER_1000_LIVE_BIRTHS,_T,KZZHS,R,4.58
2019,PER_1000_LIVE_BIRTHS,_T,KZKAR,R,3.85
2019,PER_1000_LIVE_BIRTHS,_T,KZKUS,R,6.45
2019,PER_1000_LIVE_BIRTHS,_T,KZKZY,R,5.24
2019,PER_1000_LIVE_BIRTHS,_T,KZMAN,R,4.43
2019,PER_1000_LIVE_BIRTHS,_T,KZPAV,R,1.76
2019,PER_1000_LIVE_BIRTHS,_T,KZSEV,R,4.31
2019,PER_1000_LIVE_BIRTHS,_T,KZYUZ,R,3.38
2019,PER_1000_LIVE_BIRTHS,_T,KZULU,R,0.97
2019,PER_1000_LIVE_BIRTHS,_T,KZVOS,R,4.86
2019,PER_1000_LIVE_BIRTHS,M,,,5.51
2019,PER_1000_LIVE_BIRTHS,M,KZABY,,4.68
2019,PER_1000_LIVE_BIRTHS,M,KZAKM,,4.88
2019,PER_1000_LIVE_BIRTHS,M,KZAKT,,5.39
2019,PER_1000_LIVE_BIRTHS,M,KZALM,,5.11
2019,PER_1000_LIVE_BIRTHS,M,KZATY,,8.92
2019,PER_1000_LIVE_BIRTHS,M,KZZAP,,5.97
2019,PER_1000_LIVE_BIRTHS,M,KZZHA,,5.94
2019,PER_1000_LIVE_BIRTHS,M,KZZHS,,6.27
2019,PER_1000_LIVE_BIRTHS,M,KZKAR,,6.12
2019,PER_1000_LIVE_BIRTHS,M,KZKUS,,8.05
2019,PER_1000_LIVE_BIRTHS,M,KZKZY,,6.01
2019,PER_1000_LIVE_BIRTHS,M,KZMAN,,6.47
2019,PER_1000_LIVE_BIRTHS,M,KZPAV,,3.82
2019,PER_1000_LIVE_BIRTHS,M,KZSEV,,7.04
2019,PER_1000_LIVE_BIRTHS,M,KZYUZ,,3.90
2019,PER_1000_LIVE_BIRTHS,M,KZULU,,4.97
2019,PER_1000_LIVE_BIRTHS,M,KZVOS,,5.88
2019,PER_1000_LIVE_BIRTHS,M,KZNS,,3.47
2019,PER_1000_LIVE_BIRTHS,M,KZALA,,5.56
2019,PER_1000_LIVE_BIRTHS,M,KZSHY,,6.60
2019,PER_1000_LIVE_BIRTHS,M,,U,5.89
2019,PER_1000_LIVE_BIRTHS,M,KZABY,U,5.55
2019,PER_1000_LIVE_BIRTHS,M,KZAKM,U,6.10
2019,PER_1000_LIVE_BIRTHS,M,KZAKT,U,5.30
2019,PER_1000_LIVE_BIRTHS,M,KZALM,U,8.27
2019,PER_1000_LIVE_BIRTHS,M,KZATY,U,8.19
2019,PER_1000_LIVE_BIRTHS,M,KZZAP,U,6.35
2019,PER_1000_LIVE_BIRTHS,M,KZZHA,U,7.05
2019,PER_1000_LIVE_BIRTHS,M,KZZHS,U,5.43
2019,PER_1000_LIVE_BIRTHS,M,KZKAR,U,6.83
2019,PER_1000_LIVE_BIRTHS,M,KZKUS,U,7.99
2019,PER_1000_LIVE_BIRTHS,M,KZKZY,U,4.80
2019,PER_1000_LIVE_BIRTHS,M,KZMAN,U,8.71
2019,PER_1000_LIVE_BIRTHS,M,KZPAV,U,4.48
2019,PER_1000_LIVE_BIRTHS,M,KZSEV,U,8.42
2019,PER_1000_LIVE_BIRTHS,M,KZYUZ,U,4.77
2019,PER_1000_LIVE_BIRTHS,M,KZULU,U,5.83
2019,PER_1000_LIVE_BIRTHS,M,KZVOS,U,5.81
2019,PER_1000_LIVE_BIRTHS,M,KZNS,U,3.47
2019,PER_1000_LIVE_BIRTHS,M,KZALA,U,5.56
2019,PER_1000_LIVE_BIRTHS,M,KZSHY,U,6.60
2019,PER_1000_LIVE_BIRTHS,M,,R,4.94
2019,PER_1000_LIVE_BIRTHS,M,KZABY,R,3.17
2019,PER_1000_LIVE_BIRTHS,M,KZAKM,R,3.27
2019,PER_1000_LIVE_BIRTHS,M,KZAKT,R,5.65
2019,PER_1000_LIVE_BIRTHS,M,KZALM,R,4.51
2019,PER_1000_LIVE_BIRTHS,M,KZATY,R,9.88
2019,PER_1000_LIVE_BIRTHS,M,KZZAP,R,5.46
2019,PER_1000_LIVE_BIRTHS,M,KZZHA,R,5.09
2019,PER_1000_LIVE_BIRTHS,M,KZZHS,R,7.00
2019,PER_1000_LIVE_BIRTHS,M,KZKAR,R,3.20
2019,PER_1000_LIVE_BIRTHS,M,KZKUS,R,8.13
2019,PER_1000_LIVE_BIRTHS,M,KZKZY,R,7.22
2019,PER_1000_LIVE_BIRTHS,M,KZMAN,R,4.95
2019,PER_1000_LIVE_BIRTHS,M,KZPAV,R,2.25
2019,PER_1000_LIVE_BIRTHS,M,KZSEV,R,5.65
2019,PER_1000_LIVE_BIRTHS,M,KZYUZ,R,3.56
2019,PER_1000_LIVE_BIRTHS,M,KZULU,R,1.90
2019,PER_1000_LIVE_BIRTHS,M,KZVOS,R,5.91
2019,PER_1000_LIVE_BIRTHS,F,,,4.04
2019,PER_1000_LIVE_BIRTHS,F,KZABY,,4.09
2019,PER_1000_LIVE_BIRTHS,F,KZAKM,,3.90
2019,PER_1000_LIVE_BIRTHS,F,KZAKT,,5.45
2019,PER_1000_LIVE_BIRTHS,F,KZALM,,3.13
2019,PER_1000_LIVE_BIRTHS,F,KZATY,,7.15
2019,PER_1000_LIVE_BIRTHS,F,KZZAP,,3.36
2019,PER_1000_LIVE_BIRTHS,F,KZZHA,,3.75
2019,PER_1000_LIVE_BIRTHS,F,KZZHS,,3.88
2019,PER_1000_LIVE_BIRTHS,F,KZKAR,,4.92
2019,PER_1000_LIVE_BIRTHS,F,KZKUS,,3.93
2019,PER_1000_LIVE_BIRTHS,F,KZKZY,,3.95
2019,PER_1000_LIVE_BIRTHS,F,KZMAN,,4.63
2019,PER_1000_LIVE_BIRTHS,F,KZPAV,,3.43
2019,PER_1000_LIVE_BIRTHS,F,KZSEV,,3.01
2019,PER_1000_LIVE_BIRTHS,F,KZYUZ,,3.20
2019,PER_1000_LIVE_BIRTHS,F,KZULU,,4.93
2019,PER_1000_LIVE_BIRTHS,F,KZVOS,,6.22
2019,PER_1000_LIVE_BIRTHS,F,KZNS,,2.93
2019,PER_1000_LIVE_BIRTHS,F,KZALA,,3.60
2019,PER_1000_LIVE_BIRTHS,F,KZSHY,,5.00
2019,PER_1000_LIVE_BIRTHS,F,,U,4.52
2019,PER_1000_LIVE_BIRTHS,F,KZABY,U,3.21
2019,PER_1000_LIVE_BIRTHS,F,KZAKM,U,3.63
2019,PER_1000_LIVE_BIRTHS,F,KZAKT,U,5.37
2019,PER_1000_LIVE_BIRTHS,F,KZALM,U,3.51
2019,PER_1000_LIVE_BIRTHS,F,KZATY,U,8.48
2019,PER_1000_LIVE_BIRTHS,F,KZZAP,U,3.64
2019,PER_1000_LIVE_BIRTHS,F,KZZHA,U,5.98
2019,PER_1000_LIVE_BIRTHS,F,KZZHS,U,5.97
2019,PER_1000_LIVE_BIRTHS,F,KZKAR,U,5.02
2019,PER_1000_LIVE_BIRTHS,F,KZKUS,U,3.46
2019,PER_1000_LIVE_BIRTHS,F,KZKZY,U,4.77
2019,PER_1000_LIVE_BIRTHS,F,KZMAN,U,5.74
2019,PER_1000_LIVE_BIRTHS,F,KZPAV,U,4.35
2019,PER_1000_LIVE_BIRTHS,F,KZSEV,U,3.11
2019,PER_1000_LIVE_BIRTHS,F,KZYUZ,U,3.23
2019,PER_1000_LIVE_BIRTHS,F,KZULU,U,6.35
2019,PER_1000_LIVE_BIRTHS,F,KZVOS,U,7.46
2019,PER_1000_LIVE_BIRTHS,F,KZNS,U,2.93
2019,PER_1000_LIVE_BIRTHS,F,KZALA,U,3.60
2019,PER_1000_LIVE_BIRTHS,F,KZSHY,U,5.00
2019,PER_1000_LIVE_BIRTHS,F,,R,3.33
2019,PER_1000_LIVE_BIRTHS,F,KZABY,R,5.62
2019,PER_1000_LIVE_BIRTHS,F,KZAKM,R,4.23
2019,PER_1000_LIVE_BIRTHS,F,KZAKT,R,5.70
2019,PER_1000_LIVE_BIRTHS,F,KZALM,R,3.06
2019,PER_1000_LIVE_BIRTHS,F,KZATY,R,5.41
2019,PER_1000_LIVE_BIRTHS,F,KZZAP,R,2.98
2019,PER_1000_LIVE_BIRTHS,F,KZZHA,R,2.03
2019,PER_1000_LIVE_BIRTHS,F,KZZHS,R,2.03
2019,PER_1000_LIVE_BIRTHS,F,KZKAR,R,4.54
2019,PER_1000_LIVE_BIRTHS,F,KZKUS,R,4.70
2019,PER_1000_LIVE_BIRTHS,F,KZKZY,R,3.16
2019,PER_1000_LIVE_BIRTHS,F,KZMAN,R,3.88
2019,PER_1000_LIVE_BIRTHS,F,KZPAV,R,1.23
2019,PER_1000_LIVE_BIRTHS,F,KZSEV,R,2.93
2019,PER_1000_LIVE_BIRTHS,F,KZYUZ,R,3.20
2019,PER_1000_LIVE_BIRTHS,F,KZULU,R,0.00
2019,PER_1000_LIVE_BIRTHS,F,KZVOS,R,3.67
2020,PER_1000_LIVE_BIRTHS,_T,,,4.78
2020,PER_1000_LIVE_BIRTHS,_T,KZABY,,4.68
2020,PER_1000_LIVE_BIRTHS,_T,KZAKM,,4.00
2020,PER_1000_LIVE_BIRTHS,_T,KZAKT,,5.97
2020,PER_1000_LIVE_BIRTHS,_T,KZALM,,5.12
2020,PER_1000_LIVE_BIRTHS,_T,KZATY,,6.94
2020,PER_1000_LIVE_BIRTHS,_T,KZZAP,,6.65
2020,PER_1000_LIVE_BIRTHS,_T,KZZHA,,3.77
2020,PER_1000_LIVE_BIRTHS,_T,KZZHS,,4.18
2020,PER_1000_LIVE_BIRTHS,_T,KZKAR,,5.00
2020,PER_1000_LIVE_BIRTHS,_T,KZKUS,,6.08
2020,PER_1000_LIVE_BIRTHS,_T,KZKZY,,6.80
2020,PER_1000_LIVE_BIRTHS,_T,KZMAN,,4.97
2020,PER_1000_LIVE_BIRTHS,_T,KZPAV,,3.99
2020,PER_1000_LIVE_BIRTHS,_T,KZSEV,,6.11
2020,PER_1000_LIVE_BIRTHS,_T,KZYUZ,,3.56
2020,PER_1000_LIVE_BIRTHS,_T,KZULU,,5.61
2020,PER_1000_LIVE_BIRTHS,_T,KZVOS,,5.50
2020,PER_1000_LIVE_BIRTHS,_T,KZNS,,2.88
2020,PER_1000_LIVE_BIRTHS,_T,KZALA,,4.81
2020,PER_1000_LIVE_BIRTHS,_T,KZSHY,,4.67
2020,PER_1000_LIVE_BIRTHS,_T,,U,5.39
2020,PER_1000_LIVE_BIRTHS,_T,KZABY,U,4.47
2020,PER_1000_LIVE_BIRTHS,_T,KZAKM,U,3.98
2020,PER_1000_LIVE_BIRTHS,_T,KZAKT,U,5.94
2020,PER_1000_LIVE_BIRTHS,_T,KZALM,U,8.70
2020,PER_1000_LIVE_BIRTHS,_T,KZATY,U,7.89
2020,PER_1000_LIVE_BIRTHS,_T,KZZAP,U,7.37
2020,PER_1000_LIVE_BIRTHS,_T,KZZHA,U,6.03
2020,PER_1000_LIVE_BIRTHS,_T,KZZHS,U,5.32
2020,PER_1000_LIVE_BIRTHS,_T,KZKAR,U,5.60
2020,PER_1000_LIVE_BIRTHS,_T,KZKUS,U,7.08
2020,PER_1000_LIVE_BIRTHS,_T,KZKZY,U,8.19
2020,PER_1000_LIVE_BIRTHS,_T,KZMAN,U,6.72
2020,PER_1000_LIVE_BIRTHS,_T,KZPAV,U,4.09
2020,PER_1000_LIVE_BIRTHS,_T,KZSEV,U,4.84
2020,PER_1000_LIVE_BIRTHS,_T,KZYUZ,U,5.95
2020,PER_1000_LIVE_BIRTHS,_T,KZULU,U,6.63
2020,PER_1000_LIVE_BIRTHS,_T,KZVOS,U,5.51
2020,PER_1000_LIVE_BIRTHS,_T,KZNS,U,2.88
2020,PER_1000_LIVE_BIRTHS,_T,KZALA,U,4.81
2020,PER_1000_LIVE_BIRTHS,_T,KZSHY,U,4.67
2020,PER_1000_LIVE_BIRTHS,_T,,R,3.91
2020,PER_1000_LIVE_BIRTHS,_T,KZABY,R,5.05
2020,PER_1000_LIVE_BIRTHS,_T,KZAKM,R,4.02
2020,PER_1000_LIVE_BIRTHS,_T,KZAKT,R,6.05
2020,PER_1000_LIVE_BIRTHS,_T,KZALM,R,4.50
2020,PER_1000_LIVE_BIRTHS,_T,KZATY,R,5.82
2020,PER_1000_LIVE_BIRTHS,_T,KZZAP,R,5.73
2020,PER_1000_LIVE_BIRTHS,_T,KZZHA,R,1.97
2020,PER_1000_LIVE_BIRTHS,_T,KZZHS,R,3.24
2020,PER_1000_LIVE_BIRTHS,_T,KZKAR,R,2.63
2020,PER_1000_LIVE_BIRTHS,_T,KZKUS,R,4.48
2020,PER_1000_LIVE_BIRTHS,_T,KZKZY,R,5.49
2020,PER_1000_LIVE_BIRTHS,_T,KZMAN,R,3.75
2020,PER_1000_LIVE_BIRTHS,_T,KZPAV,R,3.78
2020,PER_1000_LIVE_BIRTHS,_T,KZSEV,R,7.28
2020,PER_1000_LIVE_BIRTHS,_T,KZYUZ,R,2.72
2020,PER_1000_LIVE_BIRTHS,_T,KZULU,R,1.92
2020,PER_1000_LIVE_BIRTHS,_T,KZVOS,R,5.48
2020,PER_1000_LIVE_BIRTHS,M,,,5.42
2020,PER_1000_LIVE_BIRTHS,M,KZABY,,3.90
2020,PER_1000_LIVE_BIRTHS,M,KZAKM,,4.60
2020,PER_1000_LIVE_BIRTHS,M,KZAKT,,7.35
2020,PER_1000_LIVE_BIRTHS,M,KZALM,,5.89
2020,PER_1000_LIVE_BIRTHS,M,KZATY,,6.36
2020,PER_1000_LIVE_BIRTHS,M,KZZAP,,6.77
2020,PER_1000_LIVE_BIRTHS,M,KZZHA,,4.79
2020,PER_1000_LIVE_BIRTHS,M,KZZHS,,4.82
2020,PER_1000_LIVE_BIRTHS,M,KZKAR,,5.81
2020,PER_1000_LIVE_BIRTHS,M,KZKUS,,8.02
2020,PER_1000_LIVE_BIRTHS,M,KZKZY,,8.50
2020,PER_1000_LIVE_BIRTHS,M,KZMAN,,5.38
2020,PER_1000_LIVE_BIRTHS,M,KZPAV,,5.32
2020,PER_1000_LIVE_BIRTHS,M,KZSEV,,6.70
2020,PER_1000_LIVE_BIRTHS,M,KZYUZ,,3.93
2020,PER_1000_LIVE_BIRTHS,M,KZULU,,5.77
2020,PER_1000_LIVE_BIRTHS,M,KZVOS,,5.48
2020,PER_1000_LIVE_BIRTHS,M,KZNS,,3.58
2020,PER_1000_LIVE_BIRTHS,M,KZALA,,5.62
2020,PER_1000_LIVE_BIRTHS,M,KZSHY,,5.08
2020,PER_1000_LIVE_BIRTHS,M,,U,6.20
2020,PER_1000_LIVE_BIRTHS,M,KZABY,U,3.89
2020,PER_1000_LIVE_BIRTHS,M,KZAKM,U,4.67
 2020,PER_1000_LIVE_BIRTHS,M,KZAKT,U,7.45
2020,PER_1000_LIVE_BIRTHS,M,KZALM,U,8.40
2020,PER_1000_LIVE_BIRTHS,M,KZATY,U,7.51
2020,PER_1000_LIVE_BIRTHS,M,KZZAP,U,7.96
2020,PER_1000_LIVE_BIRTHS,M,KZZHA,U,7.86
2020,PER_1000_LIVE_BIRTHS,M,KZZHS,U,5.87
2020,PER_1000_LIVE_BIRTHS,M,KZKAR,U,6.53
2020,PER_1000_LIVE_BIRTHS,M,KZKUS,U,10.46
2020,PER_1000_LIVE_BIRTHS,M,KZKZY,U,10.59
2020,PER_1000_LIVE_BIRTHS,M,KZMAN,U,7.07
2020,PER_1000_LIVE_BIRTHS,M,KZPAV,U,5.32
2020,PER_1000_LIVE_BIRTHS,M,KZSEV,U,5.75
2020,PER_1000_LIVE_BIRTHS,M,KZYUZ,U,6.54
2020,PER_1000_LIVE_BIRTHS,M,KZULU,U,6.90
2020,PER_1000_LIVE_BIRTHS,M,KZVOS,U,5.50
2020,PER_1000_LIVE_BIRTHS,M,KZNS,U,3.58
2020,PER_1000_LIVE_BIRTHS,M,KZALA,U,5.62
2020,PER_1000_LIVE_BIRTHS,M,KZSHY,U,5.08
2020,PER_1000_LIVE_BIRTHS,M,,R,4.32
2020,PER_1000_LIVE_BIRTHS,M,KZABY,R,3.91
2020,PER_1000_LIVE_BIRTHS,M,KZAKM,R,4.50
2020,PER_1000_LIVE_BIRTHS,M,KZAKT,R,7.06
2020,PER_1000_LIVE_BIRTHS,M,KZALM,R,5.46
2020,PER_1000_LIVE_BIRTHS,M,KZATY,R,4.98
2020,PER_1000_LIVE_BIRTHS,M,KZZAP,R,5.21
2020,PER_1000_LIVE_BIRTHS,M,KZZHA,R,2.38
2020,PER_1000_LIVE_BIRTHS,M,KZZHS,R,3.96
2020,PER_1000_LIVE_BIRTHS,M,KZKAR,R,3.03
2020,PER_1000_LIVE_BIRTHS,M,KZKUS,R,3.98
2020,PER_1000_LIVE_BIRTHS,M,KZKZY,R,6.53
2020,PER_1000_LIVE_BIRTHS,M,KZMAN,R,4.19
2020,PER_1000_LIVE_BIRTHS,M,KZPAV,R,5.33
2020,PER_1000_LIVE_BIRTHS,M,KZSEV,R,7.58
2020,PER_1000_LIVE_BIRTHS,M,KZYUZ,R,2.99
2020,PER_1000_LIVE_BIRTHS,M,KZULU,R,1.84
2020,PER_1000_LIVE_BIRTHS,M,KZVOS,R,5.44
2020,PER_1000_LIVE_BIRTHS,F,,,0.15
2020,PER_1000_LIVE_BIRTHS,F,KZABY,,3.58
2020,PER_1000_LIVE_BIRTHS,F,KZAKM,,7.70
2020,PER_1000_LIVE_BIRTHS,F,KZAKT,,7.79
2020,PER_1000_LIVE_BIRTHS,F,KZALM,,3.56
2020,PER_1000_LIVE_BIRTHS,F,KZATY,,4.92
2020,PER_1000_LIVE_BIRTHS,F,KZZAP,,5.77
2020,PER_1000_LIVE_BIRTHS,F,KZZHA,,1.98
2020,PER_1000_LIVE_BIRTHS,F,KZZHS,,4.64
2020,PER_1000_LIVE_BIRTHS,F,KZKAR,,2.56
2020,PER_1000_LIVE_BIRTHS,F,KZKUS,,9.15
2020,PER_1000_LIVE_BIRTHS,F,KZKZY,,4.48
2020,PER_1000_LIVE_BIRTHS,F,KZMAN,,1.44
2020,PER_1000_LIVE_BIRTHS,F,KZPAV,,3.13
2020,PER_1000_LIVE_BIRTHS,F,KZSEV,,28.24
2020,PER_1000_LIVE_BIRTHS,F,KZYUZ,,0.44
2020,PER_1000_LIVE_BIRTHS,F,KZULU,,12.18
2020,PER_1000_LIVE_BIRTHS,F,KZVOS,,5.71
2020,PER_1000_LIVE_BIRTHS,F,KZNS,,4.72
2020,PER_1000_LIVE_BIRTHS,F,KZALA,,3.81
2020,PER_1000_LIVE_BIRTHS,F,KZSHY,,0.00
2020,PER_1000_LIVE_BIRTHS,F,,U,4.51
2020,PER_1000_LIVE_BIRTHS,F,KZABY,U,5.09
2020,PER_1000_LIVE_BIRTHS,F,KZAKM,U,3.24
2020,PER_1000_LIVE_BIRTHS,F,KZAKT,U,4.32
2020,PER_1000_LIVE_BIRTHS,F,KZALM,U,9.01
2020,PER_1000_LIVE_BIRTHS,F,KZATY,U,8.29
2020,PER_1000_LIVE_BIRTHS,F,KZZAP,U,6.73
2020,PER_1000_LIVE_BIRTHS,F,KZZHA,U,4.12
2020,PER_1000_LIVE_BIRTHS,F,KZZHS,U,4.75
2020,PER_1000_LIVE_BIRTHS,F,KZKAR,U,4.61
2020,PER_1000_LIVE_BIRTHS,F,KZKUS,U,3.45
2020,PER_1000_LIVE_BIRTHS,F,KZKZY,U,5.58
2020,PER_1000_LIVE_BIRTHS,F,KZMAN,U,6.34
2020,PER_1000_LIVE_BIRTHS,F,KZPAV,U,2.80
2020,PER_1000_LIVE_BIRTHS,F,KZSEV,U,3.83
2020,PER_1000_LIVE_BIRTHS,F,KZYUZ,U,5.28
2020,PER_1000_LIVE_BIRTHS,F,KZULU,U,6.36
2020,PER_1000_LIVE_BIRTHS,F,KZVOS,U,5.53
2020,PER_1000_LIVE_BIRTHS,F,KZNS,U,2.12
2020,PER_1000_LIVE_BIRTHS,F,KZALA,U,3.93
2020,PER_1000_LIVE_BIRTHS,F,KZSHY,U,4.23
2020,PER_1000_LIVE_BIRTHS,F,,R,3.48
2020,PER_1000_LIVE_BIRTHS,F,KZABY,R,6.33
2020,PER_1000_LIVE_BIRTHS,F,KZAKM,R,3.48
2020,PER_1000_LIVE_BIRTHS,F,KZAKT,R,4.96
2020,PER_1000_LIVE_BIRTHS,F,KZALM,R,3.48
2020,PER_1000_LIVE_BIRTHS,F,KZATY,R,6.70
2020,PER_1000_LIVE_BIRTHS,F,KZZAP,R,6.28
2020,PER_1000_LIVE_BIRTHS,F,KZZHA,R,1.53
2020,PER_1000_LIVE_BIRTHS,F,KZZHS,R,2.51
2020,PER_1000_LIVE_BIRTHS,F,KZKAR,R,2.20
2020,PER_1000_LIVE_BIRTHS,F,KZKUS,R,4.99
2020,PER_1000_LIVE_BIRTHS,F,KZKZY,R,4.39
2020,PER_1000_LIVE_BIRTHS,F,KZMAN,R,3.26
2020,PER_1000_LIVE_BIRTHS,F,KZPAV,R,2.19
2020,PER_1000_LIVE_BIRTHS,F,KZSEV,R,6.96
2020,PER_1000_LIVE_BIRTHS,F,KZYUZ,R,2.43
2020,PER_1000_LIVE_BIRTHS,F,KZULU,R,2.02
2020,PER_1000_LIVE_BIRTHS,F,KZVOS,R,5.52
2021,PER_1000_LIVE_BIRTHS,_T,,,5.06
2021,PER_1000_LIVE_BIRTHS,_T,KZABY,,5.17
2021,PER_1000_LIVE_BIRTHS,_T,KZAKM,,3.35
2021,PER_1000_LIVE_BIRTHS,_T,KZAKT,,6.77
2021,PER_1000_LIVE_BIRTHS,_T,KZALM,,4.87
2021,PER_1000_LIVE_BIRTHS,_T,KZATY,,5.54
2021,PER_1000_LIVE_BIRTHS,_T,KZZAP,,5.41
2021,PER_1000_LIVE_BIRTHS,_T,KZZHA,,3.87
2021,PER_1000_LIVE_BIRTHS,_T,KZZHS,,5.41
2021,PER_1000_LIVE_BIRTHS,_T,KZKAR,,5.29
2021,PER_1000_LIVE_BIRTHS,_T,KZKUS,,7.16
2021,PER_1000_LIVE_BIRTHS,_T,KZKZY,,5.91
2021,PER_1000_LIVE_BIRTHS,_T,KZMAN,,5.61
2021,PER_1000_LIVE_BIRTHS,_T,KZPAV,,4.20
2021,PER_1000_LIVE_BIRTHS,_T,KZSEV,,6.01
2021,PER_1000_LIVE_BIRTHS,_T,KZYUZ,,3.65
2021,PER_1000_LIVE_BIRTHS,_T,KZULU,,5.95
2021,PER_1000_LIVE_BIRTHS,_T,KZVOS,,4.49
2021,PER_1000_LIVE_BIRTHS,_T,KZNS,,4.02
2021,PER_1000_LIVE_BIRTHS,_T,KZALA,,6.03
2021,PER_1000_LIVE_BIRTHS,_T,KZSHY,,6.22
2021,PER_1000_LIVE_BIRTHS,_T,,U,6.38
2021,PER_1000_LIVE_BIRTHS,_T,KZABY,U,6.27
2021,PER_1000_LIVE_BIRTHS,_T,KZAKM,U,4.97
2021,PER_1000_LIVE_BIRTHS,_T,KZAKT,U,7.04
2021,PER_1000_LIVE_BIRTHS,_T,KZALM,U,9.11
2021,PER_1000_LIVE_BIRTHS,_T,KZATY,U,5.93
2021,PER_1000_LIVE_BIRTHS,_T,KZZAP,U,7.76
2021,PER_1000_LIVE_BIRTHS,_T,KZZHA,U,7.56
2021,PER_1000_LIVE_BIRTHS,_T,KZZHS,U,6.79
2021,PER_1000_LIVE_BIRTHS,_T,KZKAR,U,6.12
2021,PER_1000_LIVE_BIRTHS,_T,KZKUS,U,9.69
2021,PER_1000_LIVE_BIRTHS,_T,KZKZY,U,9.47
2021,PER_1000_LIVE_BIRTHS,_T,KZMAN,U,8.64
2021,PER_1000_LIVE_BIRTHS,_T,KZPAV,U,4.63
2021,PER_1000_LIVE_BIRTHS,_T,KZSEV,U,8.62
2021,PER_1000_LIVE_BIRTHS,_T,KZYUZ,U,6.24
2021,PER_1000_LIVE_BIRTHS,_T,KZULU,U,7.34
2021,PER_1000_LIVE_BIRTHS,_T,KZVOS,U,4.14
2021,PER_1000_LIVE_BIRTHS,_T,KZNS,U,4.02
2021,PER_1000_LIVE_BIRTHS,_T,KZALA,U,6.03
2021,PER_1000_LIVE_BIRTHS,_T,KZSHY,U,6.22
2021,PER_1000_LIVE_BIRTHS,_T,,R,3.17
2021,PER_1000_LIVE_BIRTHS,_T,KZABY,R,3.23
2021,PER_1000_LIVE_BIRTHS,_T,KZAKM,R,1.25
2021,PER_1000_LIVE_BIRTHS,_T,KZAKT,R,5.99
2021,PER_1000_LIVE_BIRTHS,_T,KZALM,R,4.14
2021,PER_1000_LIVE_BIRTHS,_T,KZATY,R,5.08
2021,PER_1000_LIVE_BIRTHS,_T,KZZAP,R,2.51
2021,PER_1000_LIVE_BIRTHS,_T,KZZHA,R,0.99
2021,PER_1000_LIVE_BIRTHS,_T,KZZHS,R,4.31
2021,PER_1000_LIVE_BIRTHS,_T,KZKAR,R,1.88
2021,PER_1000_LIVE_BIRTHS,_T,KZKUS,R,2.89
2021,PER_1000_LIVE_BIRTHS,_T,KZKZY,R,2.72
2021,PER_1000_LIVE_BIRTHS,_T,KZMAN,R,3.50
2021,PER_1000_LIVE_BIRTHS,_T,KZPAV,R,3.19
2021,PER_1000_LIVE_BIRTHS,_T,KZSEV,R,3.58
2021,PER_1000_LIVE_BIRTHS,_T,KZYUZ,R,2.72
2021,PER_1000_LIVE_BIRTHS,_T,KZULU,R,0.95
2021,PER_1000_LIVE_BIRTHS,_T,KZVOS,R,5.19
2021,PER_1000_LIVE_BIRTHS,M,,,0.12
2021,PER_1000_LIVE_BIRTHS,M,KZABY,,3.70
2021,PER_1000_LIVE_BIRTHS,M,KZAKM,,4.60
2021,PER_1000_LIVE_BIRTHS,M,KZAKT,,12.64
2021,PER_1000_LIVE_BIRTHS,M,KZALM,,2.73
2021,PER_1000_LIVE_BIRTHS,M,KZATY,,5.04
2021,PER_1000_LIVE_BIRTHS,M,KZZAP,,8.88
2021,PER_1000_LIVE_BIRTHS,M,KZZHA,,3.08
2021,PER_1000_LIVE_BIRTHS,M,KZZHS,,6.67
2021,PER_1000_LIVE_BIRTHS,M,KZKAR,,4.44
2021,PER_1000_LIVE_BIRTHS,M,KZKUS,,13.89
2021,PER_1000_LIVE_BIRTHS,M,KZKZY,,5.57
2021,PER_1000_LIVE_BIRTHS,M,KZMAN,,2.26
2021,PER_1000_LIVE_BIRTHS,M,KZPAV,,3.66
2021,PER_1000_LIVE_BIRTHS,M,KZSEV,,38.37
2021,PER_1000_LIVE_BIRTHS,M,KZYUZ,,0.42
2021,PER_1000_LIVE_BIRTHS,M,KZULU,,10.78
2021,PER_1000_LIVE_BIRTHS,M,KZVOS,,11.51
2021,PER_1000_LIVE_BIRTHS,M,KZNS,,8.08
2021,PER_1000_LIVE_BIRTHS,M,KZALA,,6.15
2021,PER_1000_LIVE_BIRTHS,M,KZSHY,,0.00
2021,PER_1000_LIVE_BIRTHS,M,,U,6.66
2021,PER_1000_LIVE_BIRTHS,M,KZABY,U,5.49
2021,PER_1000_LIVE_BIRTHS,M,KZAKM,U,4.99
 2021,PER_1000_LIVE_BIRTHS,M,KZAKT,U,7.26
2021,PER_1000_LIVE_BIRTHS,M,KZALM,U,9.28
2021,PER_1000_LIVE_BIRTHS,M,KZATY,U,6.40
2021,PER_1000_LIVE_BIRTHS,M,KZZAP,U,9.63
2021,PER_1000_LIVE_BIRTHS,M,KZZHA,U,8.07
2021,PER_1000_LIVE_BIRTHS,M,KZZHS,U,6.96
2021,PER_1000_LIVE_BIRTHS,M,KZKAR,U,6.52
2021,PER_1000_LIVE_BIRTHS,M,KZKUS,U,10.74
2021,PER_1000_LIVE_BIRTHS,M,KZKZY,U,9.79
2021,PER_1000_LIVE_BIRTHS,M,KZMAN,U,7.89
2021,PER_1000_LIVE_BIRTHS,M,KZPAV,U,4.72
2021,PER_1000_LIVE_BIRTHS,M,KZSEV,U,10.33
2021,PER_1000_LIVE_BIRTHS,M,KZYUZ,U,5.92
2021,PER_1000_LIVE_BIRTHS,M,KZULU,U,6.63
2021,PER_1000_LIVE_BIRTHS,M,KZVOS,U,4.49
2021,PER_1000_LIVE_BIRTHS,M,KZNS,U,4.01
2021,PER_1000_LIVE_BIRTHS,M,KZALA,U,6.71
2021,PER_1000_LIVE_BIRTHS,M,KZSHY,U,6.59
2021,PER_1000_LIVE_BIRTHS,M,,R,3.52
2021,PER_1000_LIVE_BIRTHS,M,KZABY,R,2.73
2021,PER_1000_LIVE_BIRTHS,M,KZAKM,R,1.37
2021,PER_1000_LIVE_BIRTHS,M,KZAKT,R,7.92
2021,PER_1000_LIVE_BIRTHS,M,KZALM,R,4.30
2021,PER_1000_LIVE_BIRTHS,M,KZATY,R,5.04
2021,PER_1000_LIVE_BIRTHS,M,KZZAP,R,3.07
2021,PER_1000_LIVE_BIRTHS,M,KZZHA,R,1.02
2021,PER_1000_LIVE_BIRTHS,M,KZZHS,R,4.72
2021,PER_1000_LIVE_BIRTHS,M,KZKAR,R,2.08
2021,PER_1000_LIVE_BIRTHS,M,KZKUS,R,2.79
2021,PER_1000_LIVE_BIRTHS,M,KZKZY,R,3.44
2021,PER_1000_LIVE_BIRTHS,M,KZMAN,R,4.14
2021,PER_1000_LIVE_BIRTHS,M,KZPAV,R,3.93
2021,PER_1000_LIVE_BIRTHS,M,KZSEV,R,2.87
2021,PER_1000_LIVE_BIRTHS,M,KZYUZ,R,3.15
2021,PER_1000_LIVE_BIRTHS,M,KZULU,R,1.84
2021,PER_1000_LIVE_BIRTHS,M,KZVOS,R,5.36
2021,PER_1000_LIVE_BIRTHS,F,,,4.74
2021,PER_1000_LIVE_BIRTHS,F,KZABY,,5.88
2021,PER_1000_LIVE_BIRTHS,F,KZAKM,,3.27
2021,PER_1000_LIVE_BIRTHS,F,KZAKT,,6.08
2021,PER_1000_LIVE_BIRTHS,F,KZALM,,4.70
2021,PER_1000_LIVE_BIRTHS,F,KZATY,,5.28
2021,PER_1000_LIVE_BIRTHS,F,KZZAP,,4.13
2021,PER_1000_LIVE_BIRTHS,F,KZZHA,,3.63
2021,PER_1000_LIVE_BIRTHS,F,KZZHS,,5.08
2021,PER_1000_LIVE_BIRTHS,F,KZKAR,,4.89
2021,PER_1000_LIVE_BIRTHS,F,KZKUS,,6.57
2021,PER_1000_LIVE_BIRTHS,F,KZKZY,,5.32
2021,PER_1000_LIVE_BIRTHS,F,KZMAN,,5.53
2021,PER_1000_LIVE_BIRTHS,F,KZPAV,,3.90
2021,PER_1000_LIVE_BIRTHS,F,KZSEV,,5.48
2021,PER_1000_LIVE_BIRTHS,F,KZYUZ,,3.40
2021,PER_1000_LIVE_BIRTHS,F,KZULU,,6.34
2021,PER_1000_LIVE_BIRTHS,F,KZVOS,,4.18
2021,PER_1000_LIVE_BIRTHS,F,KZNS,,4.02
2021,PER_1000_LIVE_BIRTHS,F,KZALA,,5.31
2021,PER_1000_LIVE_BIRTHS,F,KZSHY,,5.84
2021,PER_1000_LIVE_BIRTHS,F,,U,6.09
2021,PER_1000_LIVE_BIRTHS,F,KZABY,U,7.12
2021,PER_1000_LIVE_BIRTHS,F,KZAKM,U,4.95
2021,PER_1000_LIVE_BIRTHS,F,KZAKT,U,6.81
2021,PER_1000_LIVE_BIRTHS,F,KZALM,U,8.94
2021,PER_1000_LIVE_BIRTHS,F,KZATY,U,5.42
2021,PER_1000_LIVE_BIRTHS,F,KZZAP,U,5.87
2021,PER_1000_LIVE_BIRTHS,F,KZZHA,U,7.03
2021,PER_1000_LIVE_BIRTHS,F,KZZHS,U,6.61
2021,PER_1000_LIVE_BIRTHS,F,KZKAR,U,5.69
2021,PER_1000_LIVE_BIRTHS,F,KZKUS,U,8.62
2021,PER_1000_LIVE_BIRTHS,F,KZKZY,U,9.13
2021,PER_1000_LIVE_BIRTHS,F,KZMAN,U,9.43
2021,PER_1000_LIVE_BIRTHS,F,KZPAV,U,4.53
2021,PER_1000_LIVE_BIRTHS,F,KZSEV,U,6.73
2021,PER_1000_LIVE_BIRTHS,F,KZYUZ,U,6.57
2021,PER_1000_LIVE_BIRTHS,F,KZULU,U,8.10
2021,PER_1000_LIVE_BIRTHS,F,KZVOS,U,3.76
2021,PER_1000_LIVE_BIRTHS,F,KZNS,U,4.02
2021,PER_1000_LIVE_BIRTHS,F,KZALA,U,5.31
2021,PER_1000_LIVE_BIRTHS,F,KZSHY,U,5.84
2021,PER_1000_LIVE_BIRTHS,F,,R,2.81
2021,PER_1000_LIVE_BIRTHS,F,KZABY,R,3.76
2021,PER_1000_LIVE_BIRTHS,F,KZAKM,R,1.12
2021,PER_1000_LIVE_BIRTHS,F,KZAKT,R,3.97
2021,PER_1000_LIVE_BIRTHS,F,KZALM,R,3.96
2021,PER_1000_LIVE_BIRTHS,F,KZATY,R,5.11
2021,PER_1000_LIVE_BIRTHS,F,KZZAP,R,1.93
2021,PER_1000_LIVE_BIRTHS,F,KZZHA,R,0.96
2021,PER_1000_LIVE_BIRTHS,F,KZZHS,R,3.87
2021,PER_1000_LIVE_BIRTHS,F,KZKAR,R,1.66
2021,PER_1000_LIVE_BIRTHS,F,KZKUS,R,3.00
2021,PER_1000_LIVE_BIRTHS,F,KZKZY,R,1.97
2021,PER_1000_LIVE_BIRTHS,F,KZMAN,R,2.82
2021,PER_1000_LIVE_BIRTHS,F,KZPAV,R,2.40
2021,PER_1000_LIVE_BIRTHS,F,KZSEV,R,4.34
2021,PER_1000_LIVE_BIRTHS,F,KZYUZ,R,2.25
2021,PER_1000_LIVE_BIRTHS,F,KZULU,R,0.00
2021,PER_1000_LIVE_BIRTHS,F,KZVOS,R,5.01
2022,PER_1000_LIVE_BIRTHS,_T,,,4.53
2022,PER_1000_LIVE_BIRTHS,_T,KZABY,,2.77
2022,PER_1000_LIVE_BIRTHS,_T,KZAKM,,3.11
2022,PER_1000_LIVE_BIRTHS,_T,KZAKT,,5.34
2022,PER_1000_LIVE_BIRTHS,_T,KZALM,,5.75
2022,PER_1000_LIVE_BIRTHS,_T,KZATY,,4.88
2022,PER_1000_LIVE_BIRTHS,_T,KZZAP,,5.26
2022,PER_1000_LIVE_BIRTHS,_T,KZZHA,,4.04
2022,PER_1000_LIVE_BIRTHS,_T,KZZHS,,5.17
2022,PER_1000_LIVE_BIRTHS,_T,KZKAR,,5.06
2022,PER_1000_LIVE_BIRTHS,_T,KZKUS,,6.37
2022,PER_1000_LIVE_BIRTHS,_T,KZKZY,,5.54
2022,PER_1000_LIVE_BIRTHS,_T,KZMAN,,4.45
2022,PER_1000_LIVE_BIRTHS,_T,KZPAV,,4.60
2022,PER_1000_LIVE_BIRTHS,_T,KZSEV,,6.46
2022,PER_1000_LIVE_BIRTHS,_T,KZYUZ,,4.45
2022,PER_1000_LIVE_BIRTHS,_T,KZULU,,6.54
2022,PER_1000_LIVE_BIRTHS,_T,KZVOS,,4.96
2022,PER_1000_LIVE_BIRTHS,_T,KZNS,,3.23
2022,PER_1000_LIVE_BIRTHS,_T,KZALA,,2.91
2022,PER_1000_LIVE_BIRTHS,_T,KZSHY,,4.41
2022,PER_1000_LIVE_BIRTHS,_T,,U,4.37
2022,PER_1000_LIVE_BIRTHS,_T,KZABY,U,2.44
2022,PER_1000_LIVE_BIRTHS,_T,KZAKM,U,3.76
2022,PER_1000_LIVE_BIRTHS,_T,KZAKT,U,5.09
2022,PER_1000_LIVE_BIRTHS,_T,KZALM,U,5.52
2022,PER_1000_LIVE_BIRTHS,_T,KZATY,U,4.96
2022,PER_1000_LIVE_BIRTHS,_T,KZZAP,U,4.68
2022,PER_1000_LIVE_BIRTHS,_T,KZZHA,U,5.25
2022,PER_1000_LIVE_BIRTHS,_T,KZZHS,U,5.39
2022,PER_1000_LIVE_BIRTHS,_T,KZKAR,U,5.21
2022,PER_1000_LIVE_BIRTHS,_T,KZKUS,U,4.56
2022,PER_1000_LIVE_BIRTHS,_T,KZKZY,U,6.26
2022,PER_1000_LIVE_BIRTHS,_T,KZMAN,U,4.84
2022,PER_1000_LIVE_BIRTHS,_T,KZPAV,U,4.84
2022,PER_1000_LIVE_BIRTHS,_T,KZSEV,U,6.22
2022,PER_1000_LIVE_BIRTHS,_T,KZYUZ,U,4.54
2022,PER_1000_LIVE_BIRTHS,_T,KZULU,U,7.43
2022,PER_1000_LIVE_BIRTHS,_T,KZVOS,U,4.67
2022,PER_1000_LIVE_BIRTHS,_T,KZNS,U,3.23
2022,PER_1000_LIVE_BIRTHS,_T,KZALA,U,2.91
2022,PER_1000_LIVE_BIRTHS,_T,KZSHY,U,4.41
2022,PER_1000_LIVE_BIRTHS,_T,,R,4.77
2022,PER_1000_LIVE_BIRTHS,_T,KZABY,R,3.36
2022,PER_1000_LIVE_BIRTHS,_T,KZAKM,R,2.24
2022,PER_1000_LIVE_BIRTHS,_T,KZAKT,R,6.06
2022,PER_1000_LIVE_BIRTHS,_T,KZALM,R,5.80
2022,PER_1000_LIVE_BIRTHS,_T,KZATY,R,4.69
2022,PER_1000_LIVE_BIRTHS,_T,KZZAP,R,6.01
2022,PER_1000_LIVE_BIRTHS,_T,KZZHA,R,3.14
2022,PER_1000_LIVE_BIRTHS,_T,KZZHS,R,4.99
2022,PER_1000_LIVE_BIRTHS,_T,KZKAR,R,4.45
2022,PER_1000_LIVE_BIRTHS,_T,KZKUS,R,9.55
2022,PER_1000_LIVE_BIRTHS,_T,KZKZY,R,4.85
2022,PER_1000_LIVE_BIRTHS,_T,KZMAN,R,4.14
2022,PER_1000_LIVE_BIRTHS,_T,KZPAV,R,4.03
2022,PER_1000_LIVE_BIRTHS,_T,KZSEV,R,6.70
2022,PER_1000_LIVE_BIRTHS,_T,KZYUZ,R,4.41
2022,PER_1000_LIVE_BIRTHS,_T,KZULU,R,3.15
2022,PER_1000_LIVE_BIRTHS,_T,KZVOS,R,5.56
2022,PER_1000_LIVE_BIRTHS,M,,,5.09
2022,PER_1000_LIVE_BIRTHS,M,KZABY,,2.90
2022,PER_1000_LIVE_BIRTHS,M,KZAKM,,3.56
2022,PER_1000_LIVE_BIRTHS,M,KZAKT,,6.25
2022,PER_1000_LIVE_BIRTHS,M,KZALM,,6.28
2022,PER_1000_LIVE_BIRTHS,M,KZATY,,5.21
2022,PER_1000_LIVE_BIRTHS,M,KZZAP,,6.49
2022,PER_1000_LIVE_BIRTHS,M,KZZHA,,5.37
2022,PER_1000_LIVE_BIRTHS,M,KZZHS,,6.36
2022,PER_1000_LIVE_BIRTHS,M,KZKAR,,6.13
2022,PER_1000_LIVE_BIRTHS,M,KZKUS,,7.58
2022,PER_1000_LIVE_BIRTHS,M,KZKZY,,6.51
2022,PER_1000_LIVE_BIRTHS,M,KZMAN,,4.65
2022,PER_1000_LIVE_BIRTHS,M,KZPAV,,5.79
2022,PER_1000_LIVE_BIRTHS,M,KZSEV,,6.98
2022,PER_1000_LIVE_BIRTHS,M,KZYUZ,,4.90
2022,PER_1000_LIVE_BIRTHS,M,KZULU,,6.71
2022,PER_1000_LIVE_BIRTHS,M,KZVOS,,4.48
2022,PER_1000_LIVE_BIRTHS,M,KZNS,,3.25
2022,PER_1000_LIVE_BIRTHS,M,KZALA,,3.32
2022,PER_1000_LIVE_BIRTHS,M,KZSHY,,4.43
2022,PER_1000_LIVE_BIRTHS,M,,U,4.85
2022,PER_1000_LIVE_BIRTHS,M,KZABY,U,2.26
2022,PER_1000_LIVE_BIRTHS,M,KZAKM,U,3.51
 2022,PER_1000_LIVE_BIRTHS,M,KZAKT,U,6.22
2022,PER_1000_LIVE_BIRTHS,M,KZALM,U,7.01
2022,PER_1000_LIVE_BIRTHS,M,KZATY,U,5.37
2022,PER_1000_LIVE_BIRTHS,M,KZZAP,U,4.69
2022,PER_1000_LIVE_BIRTHS,M,KZZHA,U,6.81
2022,PER_1000_LIVE_BIRTHS,M,KZZHS,U,5.48
2022,PER_1000_LIVE_BIRTHS,M,KZKAR,U,6.52
2022,PER_1000_LIVE_BIRTHS,M,KZKUS,U,4.96
2022,PER_1000_LIVE_BIRTHS,M,KZKZY,U,7.91
2022,PER_1000_LIVE_BIRTHS,M,KZMAN,U,4.46
2022,PER_1000_LIVE_BIRTHS,M,KZPAV,U,5.96
2022,PER_1000_LIVE_BIRTHS,M,KZSEV,U,5.52
2022,PER_1000_LIVE_BIRTHS,M,KZYUZ,U,5.78
2022,PER_1000_LIVE_BIRTHS,M,KZULU,U,7.39
2022,PER_1000_LIVE_BIRTHS,M,KZVOS,U,4.19
2022,PER_1000_LIVE_BIRTHS,M,KZNS,U,3.25
2022,PER_1000_LIVE_BIRTHS,M,KZALA,U,3.32
2022,PER_1000_LIVE_BIRTHS,M,KZSHY,U,4.43
2022,PER_1000_LIVE_BIRTHS,M,,R,5.45
2022,PER_1000_LIVE_BIRTHS,M,KZABY,R,4.06
2022,PER_1000_LIVE_BIRTHS,M,KZAKM,R,3.63
2022,PER_1000_LIVE_BIRTHS,M,KZAKT,R,6.33
2022,PER_1000_LIVE_BIRTHS,M,KZALM,R,6.11
2022,PER_1000_LIVE_BIRTHS,M,KZATY,R,5.01
2022,PER_1000_LIVE_BIRTHS,M,KZZAP,R,8.77
2022,PER_1000_LIVE_BIRTHS,M,KZZHA,R,4.30
2022,PER_1000_LIVE_BIRTHS,M,KZZHS,R,7.10
2022,PER_1000_LIVE_BIRTHS,M,KZKAR,R,4.60
2022,PER_1000_LIVE_BIRTHS,M,KZKUS,R,12.13
2022,PER_1000_LIVE_BIRTHS,M,KZKZY,R,5.20
2022,PER_1000_LIVE_BIRTHS,M,KZMAN,R,4.79
2022,PER_1000_LIVE_BIRTHS,M,KZPAV,R,5.40
2022,PER_1000_LIVE_BIRTHS,M,KZSEV,R,8.33
2022,PER_1000_LIVE_BIRTHS,M,KZYUZ,R,4.58
2022,PER_1000_LIVE_BIRTHS,M,KZULU,R,4.07
2022,PER_1000_LIVE_BIRTHS,M,KZVOS,R,5.10
2022,PER_1000_LIVE_BIRTHS,F,,,3.93
2022,PER_1000_LIVE_BIRTHS,F,KZABY,,2.63
2022,PER_1000_LIVE_BIRTHS,F,KZAKM,,2.65
2022,PER_1000_LIVE_BIRTHS,F,KZAKT,,4.37
2022,PER_1000_LIVE_BIRTHS,F,KZALM,,5.18
2022,PER_1000_LIVE_BIRTHS,F,KZATY,,4.44
2022,PER_1000_LIVE_BIRTHS,F,KZZAP,,3.96
2022,PER_1000_LIVE_BIRTHS,F,KZZHA,,2.63
2022,PER_1000_LIVE_BIRTHS,F,KZZHS,,3.92
2022,PER_1000_LIVE_BIRTHS,F,KZKAR,,3.92
2022,PER_1000_LIVE_BIRTHS,F,KZKUS,,5.05
2022,PER_1000_LIVE_BIRTHS,F,KZKZY,,4.50
2022,PER_1000_LIVE_BIRTHS,F,KZMAN,,4.24
2022,PER_1000_LIVE_BIRTHS,F,KZPAV,,3.31
2022,PER_1000_LIVE_BIRTHS,F,KZSEV,,5.92
2022,PER_1000_LIVE_BIRTHS,F,KZYUZ,,3.98
2022,PER_1000_LIVE_BIRTHS,F,KZULU,,6.36
2022,PER_1000_LIVE_BIRTHS,F,KZVOS,,5.46
2022,PER_1000_LIVE_BIRTHS,F,KZNS,,3.22
2022,PER_1000_LIVE_BIRTHS,F,KZALA,,2.46
2022,PER_1000_LIVE_BIRTHS,F,KZSHY,,4.40
2022,PER_1000_LIVE_BIRTHS,F,,U,3.86
2022,PER_1000_LIVE_BIRTHS,F,KZABY,U,2.63
2022,PER_1000_LIVE_BIRTHS,F,KZAKM,U,4.01
2022,PER_1000_LIVE_BIRTHS,F,KZAKT,U,3.89
2022,PER_1000_LIVE_BIRTHS,F,KZALM,U,3.92
2022,PER_1000_LIVE_BIRTHS,F,KZATY,U,4.53
2022,PER_1000_LIVE_BIRTHS,F,KZZAP,U,4.68
2022,PER_1000_LIVE_BIRTHS,F,KZZHA,U,3.60
2022,PER_1000_LIVE_BIRTHS,F,KZZHS,U,5.30
2022,PER_1000_LIVE_BIRTHS,F,KZKAR,U,3.82
2022,PER_1000_LIVE_BIRTHS,F,KZKUS,U,4.12
2022,PER_1000_LIVE_BIRTHS,F,KZKZY,U,4.51
2022,PER_1000_LIVE_BIRTHS,F,KZMAN,U,5.25
2022,PER_1000_LIVE_BIRTHS,F,KZPAV,U,3.64
2022,PER_1000_LIVE_BIRTHS,F,KZSEV,U,6.91
2022,PER_1000_LIVE_BIRTHS,F,KZYUZ,U,3.26
2022,PER_1000_LIVE_BIRTHS,F,KZULU,U,7.48
2022,PER_1000_LIVE_BIRTHS,F,KZVOS,U,5.19
2022,PER_1000_LIVE_BIRTHS,F,KZNS,U,3.22
2022,PER_1000_LIVE_BIRTHS,F,KZALA,U,2.46
2022,PER_1000_LIVE_BIRTHS,F,KZSHY,U,4.40
2022,PER_1000_LIVE_BIRTHS,F,,R,4.05
2022,PER_1000_LIVE_BIRTHS,F,KZABY,R,2.63
2022,PER_1000_LIVE_BIRTHS,F,KZAKM,R,0.82
2022,PER_1000_LIVE_BIRTHS,F,KZAKT,R,5.77
2022,PER_1000_LIVE_BIRTHS,F,KZALM,R,5.46
2022,PER_1000_LIVE_BIRTHS,F,KZATY,R,4.34
2022,PER_1000_LIVE_BIRTHS,F,KZZAP,R,3.03
2022,PER_1000_LIVE_BIRTHS,F,KZZHA,R,1.89
2022,PER_1000_LIVE_BIRTHS,F,KZZHS,R,2.72
2022,PER_1000_LIVE_BIRTHS,F,KZKAR,R,4.29
2022,PER_1000_LIVE_BIRTHS,F,KZKUS,R,6.70
2022,PER_1000_LIVE_BIRTHS,F,KZKZY,R,4.48
2022,PER_1000_LIVE_BIRTHS,F,KZMAN,R,3.44
2022,PER_1000_LIVE_BIRTHS,F,KZPAV,R,2.57
2022,PER_1000_LIVE_BIRTHS,F,KZSEV,R,4.92
2022,PER_1000_LIVE_BIRTHS,F,KZYUZ,R,4.24
2022,PER_1000_LIVE_BIRTHS,F,KZULU,R,2.17
2022,PER_1000_LIVE_BIRTHS,F,KZVOS,R,6.03
2023,PER_1000_LIVE_BIRTHS,_T,,,4.18
2023,PER_1000_LIVE_BIRTHS,_T,KZABY,,3.73
2023,PER_1000_LIVE_BIRTHS,_T,KZAKM,,3.12
2023,PER_1000_LIVE_BIRTHS,_T,KZAKT,,4.63
2023,PER_1000_LIVE_BIRTHS,_T,KZALM,,5.65
2023,PER_1000_LIVE_BIRTHS,_T,KZATY,,4.96
2023,PER_1000_LIVE_BIRTHS,_T,KZZAP,,4.33
2023,PER_1000_LIVE_BIRTHS,_T,KZZHA,,4.06
2023,PER_1000_LIVE_BIRTHS,_T,KZZHS,,5.25
2023,PER_1000_LIVE_BIRTHS,_T,KZKAR,,3.79
2023,PER_1000_LIVE_BIRTHS,_T,KZKUS,,4.76
2023,PER_1000_LIVE_BIRTHS,_T,KZKZY,,4.70
2023,PER_1000_LIVE_BIRTHS,_T,KZMAN,,3.80
2023,PER_1000_LIVE_BIRTHS,_T,KZPAV,,4.17
2023,PER_1000_LIVE_BIRTHS,_T,KZSEV,,5.76
2023,PER_1000_LIVE_BIRTHS,_T,KZYUZ,,3.62
2023,PER_1000_LIVE_BIRTHS,_T,KZULU,,2.72
2023,PER_1000_LIVE_BIRTHS,_T,KZVOS,,4.82
2023,PER_1000_LIVE_BIRTHS,_T,KZNS,,3.03
2023,PER_1000_LIVE_BIRTHS,_T,KZALA,,3.69
2023,PER_1000_LIVE_BIRTHS,_T,KZSHY,,4.29
2023,PER_1000_LIVE_BIRTHS,_T,,U,4.05
2023,PER_1000_LIVE_BIRTHS,_T,KZABY,U,3.11
2023,PER_1000_LIVE_BIRTHS,_T,KZAKM,U,2.85
2023,PER_1000_LIVE_BIRTHS,_T,KZAKT,U,4.34
2023,PER_1000_LIVE_BIRTHS,_T,KZALM,U,5.55
2023,PER_1000_LIVE_BIRTHS,_T,KZATY,U,4.89
2023,PER_1000_LIVE_BIRTHS,_T,KZZAP,U,4.34
2023,PER_1000_LIVE_BIRTHS,_T,KZZHA,U,5.70
2023,PER_1000_LIVE_BIRTHS,_T,KZZHS,U,4.46
2023,PER_1000_LIVE_BIRTHS,_T,KZKAR,U,3.82
2023,PER_1000_LIVE_BIRTHS,_T,KZKUS,U,3.29
2023,PER_1000_LIVE_BIRTHS,_T,KZKZY,U,5.49
2023,PER_1000_LIVE_BIRTHS,_T,KZMAN,U,3.56
2023,PER_1000_LIVE_BIRTHS,_T,KZPAV,U,4.09
2023,PER_1000_LIVE_BIRTHS,_T,KZSEV,U,5.53
2023,PER_1000_LIVE_BIRTHS,_T,KZYUZ,U,3.85
2023,PER_1000_LIVE_BIRTHS,_T,KZULU,U,2.90
2023,PER_1000_LIVE_BIRTHS,_T,KZVOS,U,5.28
2023,PER_1000_LIVE_BIRTHS,_T,KZNS,U,3.03
2023,PER_1000_LIVE_BIRTHS,_T,KZALA,U,3.69
2023,PER_1000_LIVE_BIRTHS,_T,KZSHY,U,4.29
2023,PER_1000_LIVE_BIRTHS,_T,,R,4.36
2023,PER_1000_LIVE_BIRTHS,_T,KZABY,R,4.86
2023,PER_1000_LIVE_BIRTHS,_T,KZAKM,R,3.49
2023,PER_1000_LIVE_BIRTHS,_T,KZAKT,R,5.48
2023,PER_1000_LIVE_BIRTHS,_T,KZALM,R,5.68
2023,PER_1000_LIVE_BIRTHS,_T,KZATY,R,5.03
2023,PER_1000_LIVE_BIRTHS,_T,KZZAP,R,4.31
2023,PER_1000_LIVE_BIRTHS,_T,KZZHA,R,2.87
2023,PER_1000_LIVE_BIRTHS,_T,KZZHS,R,5.87
2023,PER_1000_LIVE_BIRTHS,_T,KZKAR,R,3.69
2023,PER_1000_LIVE_BIRTHS,_T,KZKUS,R,7.25
2023,PER_1000_LIVE_BIRTHS,_T,KZKZY,R,3.99
2023,PER_1000_LIVE_BIRTHS,_T,KZMAN,R,3.97
2023,PER_1000_LIVE_BIRTHS,_T,KZPAV,R,4.34
2023,PER_1000_LIVE_BIRTHS,_T,KZSEV,R,5.98
2023,PER_1000_LIVE_BIRTHS,_T,KZYUZ,R,3.54
2023,PER_1000_LIVE_BIRTHS,_T,KZULU,R,2.06
2023,PER_1000_LIVE_BIRTHS,_T,KZVOS,R,3.87
2023,PER_1000_LIVE_BIRTHS,M,,,4.67
2023,PER_1000_LIVE_BIRTHS,M,KZABY,,4.06
2023,PER_1000_LIVE_BIRTHS,M,KZAKM,,3.81
2023,PER_1000_LIVE_BIRTHS,M,KZAKT,,5.31
2023,PER_1000_LIVE_BIRTHS,M,KZALM,,6.67
2023,PER_1000_LIVE_BIRTHS,M,KZATY,,5.84
2023,PER_1000_LIVE_BIRTHS,M,KZZAP,,4.19
2023,PER_1000_LIVE_BIRTHS,M,KZZHA,,5.34
2023,PER_1000_LIVE_BIRTHS,M,KZZHS,,5.45
2023,PER_1000_LIVE_BIRTHS,M,KZKAR,,4.15
2023,PER_1000_LIVE_BIRTHS,M,KZKUS,,5.06
2023,PER_1000_LIVE_BIRTHS,M,KZKZY,,4.88
2023,PER_1000_LIVE_BIRTHS,M,KZMAN,,4.48
2023,PER_1000_LIVE_BIRTHS,M,KZPAV,,3.95
2023,PER_1000_LIVE_BIRTHS,M,KZSEV,,6.71
2023,PER_1000_LIVE_BIRTHS,M,KZYUZ,,4.22
2023,PER_1000_LIVE_BIRTHS,M,KZULU,,2.17
2023,PER_1000_LIVE_BIRTHS,M,KZVOS,,4.22
2023,PER_1000_LIVE_BIRTHS,M,KZNS,,3.23
2023,PER_1000_LIVE_BIRTHS,M,KZALA,,4.21
2023,PER_1000_LIVE_BIRTHS,M,KZSHY,,4.51
2023,PER_1000_LIVE_BIRTHS,M,,U,4.43
2023,PER_1000_LIVE_BIRTHS,M,KZABY,U,3.60
2023,PER_1000_LIVE_BIRTHS,M,KZAKM,U,2.91
 2023,PER_1000_LIVE_BIRTHS,M,KZAKT,U,4.48
2023,PER_1000_LIVE_BIRTHS,M,KZALM,U,6.65
2023,PER_1000_LIVE_BIRTHS,M,KZATY,U,6.15
2023,PER_1000_LIVE_BIRTHS,M,KZZAP,U,4.34
2023,PER_1000_LIVE_BIRTHS,M,KZZHA,U,7.52
2023,PER_1000_LIVE_BIRTHS,M,KZZHS,U,4.37
2023,PER_1000_LIVE_BIRTHS,M,KZKAR,U,4.11
2023,PER_1000_LIVE_BIRTHS,M,KZKUS,U,3.53
2023,PER_1000_LIVE_BIRTHS,M,KZKZY,U,6.04
2023,PER_1000_LIVE_BIRTHS,M,KZMAN,U,4.04
2023,PER_1000_LIVE_BIRTHS,M,KZPAV,U,3.69
2023,PER_1000_LIVE_BIRTHS,M,KZSEV,U,5.70
2023,PER_1000_LIVE_BIRTHS,M,KZYUZ,U,4.36
2023,PER_1000_LIVE_BIRTHS,M,KZULU,U,2.83
2023,PER_1000_LIVE_BIRTHS,M,KZVOS,U,4.31
2023,PER_1000_LIVE_BIRTHS,M,KZNS,U,3.23
2023,PER_1000_LIVE_BIRTHS,M,KZALA,U,4.21
2023,PER_1000_LIVE_BIRTHS,M,KZSHY,U,4.51
2023,PER_1000_LIVE_BIRTHS,M,,R,5.04
2023,PER_1000_LIVE_BIRTHS,M,KZABY,R,4.89
2023,PER_1000_LIVE_BIRTHS,M,KZAKM,R,5.11
2023,PER_1000_LIVE_BIRTHS,M,KZAKT,R,7.64
2023,PER_1000_LIVE_BIRTHS,M,KZALM,R,6.67
2023,PER_1000_LIVE_BIRTHS,M,KZATY,R,5.49
2023,PER_1000_LIVE_BIRTHS,M,KZZAP,R,3.99
2023,PER_1000_LIVE_BIRTHS,M,KZZHA,R,3.76
2023,PER_1000_LIVE_BIRTHS,M,KZZHS,R,6.30
2023,PER_1000_LIVE_BIRTHS,M,KZKAR,R,4.28
2023,PER_1000_LIVE_BIRTHS,M,KZKUS,R,7.68
2023,PER_1000_LIVE_BIRTHS,M,KZKZY,R,3.83
2023,PER_1000_LIVE_BIRTHS,M,KZMAN,R,4.79
2023,PER_1000_LIVE_BIRTHS,M,KZPAV,R,4.57
2023,PER_1000_LIVE_BIRTHS,M,KZSEV,R,7.70
2023,PER_1000_LIVE_BIRTHS,M,KZYUZ,R,4.17
2023,PER_1000_LIVE_BIRTHS,M,KZULU,R,0.00
2023,PER_1000_LIVE_BIRTHS,M,KZVOS,R,4.02
2023,PER_1000_LIVE_BIRTHS,F,,,3.65
2023,PER_1000_LIVE_BIRTHS,F,KZABY,,3.36
2023,PER_1000_LIVE_BIRTHS,F,KZAKM,,2.34
2023,PER_1000_LIVE_BIRTHS,F,KZAKT,,3.90
2023,PER_1000_LIVE_BIRTHS,F,KZALM,,4.56
2023,PER_1000_LIVE_BIRTHS,F,KZATY,,4.01
2023,PER_1000_LIVE_BIRTHS,F,KZZAP,,4.48
2023,PER_1000_LIVE_BIRTHS,F,KZZHA,,2.70
2023,PER_1000_LIVE_BIRTHS,F,KZZHS,,5.05
2023,PER_1000_LIVE_BIRTHS,F,KZKAR,,3.42
2023,PER_1000_LIVE_BIRTHS,F,KZKUS,,4.44
2023,PER_1000_LIVE_BIRTHS,F,KZKZY,,4.50
2023,PER_1000_LIVE_BIRTHS,F,KZMAN,,3.08
2023,PER_1000_LIVE_BIRTHS,F,KZPAV,,4.39
2023,PER_1000_LIVE_BIRTHS,F,KZSEV,,4.78
2023,PER_1000_LIVE_BIRTHS,F,KZYUZ,,2.99
2023,PER_1000_LIVE_BIRTHS,F,KZULU,,3.31
2023,PER_1000_LIVE_BIRTHS,F,KZVOS,,5.46
2023,PER_1000_LIVE_BIRTHS,F,KZNS,,2.81
2023,PER_1000_LIVE_BIRTHS,F,KZALA,,3.14
2023,PER_1000_LIVE_BIRTHS,F,KZSHY,,4.05
2023,PER_1000_LIVE_BIRTHS,F,,U,3.65
2023,PER_1000_LIVE_BIRTHS,F,KZABY,U,2.58
2023,PER_1000_LIVE_BIRTHS,F,KZAKM,U,2.77
2023,PER_1000_LIVE_BIRTHS,F,KZAKT,U,4.19
2023,PER_1000_LIVE_BIRTHS,F,KZALM,U,4.34
2023,PER_1000_LIVE_BIRTHS,F,KZATY,U,3.53
2023,PER_1000_LIVE_BIRTHS,F,KZZAP,U,4.34
2023,PER_1000_LIVE_BIRTHS,F,KZZHA,U,3.77
2023,PER_1000_LIVE_BIRTHS,F,KZZHS,U,4.55
2023,PER_1000_LIVE_BIRTHS,F,KZKAR,U,3.50
2023,PER_1000_LIVE_BIRTHS,F,KZKUS,U,3.03
2023,PER_1000_LIVE_BIRTHS,F,KZKZY,U,4.88
2023,PER_1000_LIVE_BIRTHS,F,KZMAN,U,3.06
2023,PER_1000_LIVE_BIRTHS,F,KZPAV,U,4.52
2023,PER_1000_LIVE_BIRTHS,F,KZSEV,U,5.34
2023,PER_1000_LIVE_BIRTHS,F,KZYUZ,U,3.31
2023,PER_1000_LIVE_BIRTHS,F,KZULU,U,2.98
2023,PER_1000_LIVE_BIRTHS,F,KZVOS,U,6.29
2023,PER_1000_LIVE_BIRTHS,F,KZNS,U,2.81
2023,PER_1000_LIVE_BIRTHS,F,KZALA,U,3.14
2023,PER_1000_LIVE_BIRTHS,F,KZSHY,U,4.05
2023,PER_1000_LIVE_BIRTHS,F,,R,3.65
2023,PER_1000_LIVE_BIRTHS,F,KZABY,R,4.83
2023,PER_1000_LIVE_BIRTHS,F,KZAKM,R,1.79
2023,PER_1000_LIVE_BIRTHS,F,KZAKT,R,3.04
2023,PER_1000_LIVE_BIRTHS,F,KZALM,R,4.61
2023,PER_1000_LIVE_BIRTHS,F,KZATY,R,4.54
2023,PER_1000_LIVE_BIRTHS,F,KZZAP,R,4.66
2023,PER_1000_LIVE_BIRTHS,F,KZZHA,R,1.92
2023,PER_1000_LIVE_BIRTHS,F,KZZHS,R,5.43
2023,PER_1000_LIVE_BIRTHS,F,KZKAR,R,3.10
2023,PER_1000_LIVE_BIRTHS,F,KZKUS,R,6.81
2023,PER_1000_LIVE_BIRTHS,F,KZKZY,R,4.15
2023,PER_1000_LIVE_BIRTHS,F,KZMAN,R,3.09
2023,PER_1000_LIVE_BIRTHS,F,KZPAV,R,4.11
2023,PER_1000_LIVE_BIRTHS,F,KZSEV,R,4.25
2023,PER_1000_LIVE_BIRTHS,F,KZYUZ,R,2.88
2023,PER_1000_LIVE_BIRTHS,F,KZULU,R,4.61
2023,PER_1000_LIVE_BIRTHS,F,KZVOS,R,3.69
2024,PER_1000_LIVE_BIRTHS,_T,,,3.37
2024,PER_1000_LIVE_BIRTHS,_T,KZABY,,3.70
2024,PER_1000_LIVE_BIRTHS,_T,KZAKM,,3.19
2024,PER_1000_LIVE_BIRTHS,_T,KZAKT,,5.41
2024,PER_1000_LIVE_BIRTHS,_T,KZALM,,4.14
2024,PER_1000_LIVE_BIRTHS,_T,KZATY,,3.13
2024,PER_1000_LIVE_BIRTHS,_T,KZZAP,,3.43
2024,PER_1000_LIVE_BIRTHS,_T,KZZHA,,3.68
2024,PER_1000_LIVE_BIRTHS,_T,KZZHS,,4.34
2024,PER_1000_LIVE_BIRTHS,_T,KZKAR,,3.19
2024,PER_1000_LIVE_BIRTHS,_T,KZKUS,,4.41
2024,PER_1000_LIVE_BIRTHS,_T,KZKZY,,4.27
2024,PER_1000_LIVE_BIRTHS,_T,KZMAN,,2.95
2024,PER_1000_LIVE_BIRTHS,_T,KZPAV,,2.98
2024,PER_1000_LIVE_BIRTHS,_T,KZSEV,,3.74
2024,PER_1000_LIVE_BIRTHS,_T,KZYUZ,,3.05
2024,PER_1000_LIVE_BIRTHS,_T,KZULU,,3.40
2024,PER_1000_LIVE_BIRTHS,_T,KZVOS,,2.60
2024,PER_1000_LIVE_BIRTHS,_T,KZNS,,2.24
2024,PER_1000_LIVE_BIRTHS,_T,KZALA,,3.06
2024,PER_1000_LIVE_BIRTHS,_T,KZSHY,,2.53
2024,PER_1000_LIVE_BIRTHS,_T,,U,3.24
2024,PER_1000_LIVE_BIRTHS,_T,KZABY,U,3.87
2024,PER_1000_LIVE_BIRTHS,_T,KZAKM,U,3.58
2024,PER_1000_LIVE_BIRTHS,_T,KZAKT,U,5.45
2024,PER_1000_LIVE_BIRTHS,_T,KZALM,U,5.14
2024,PER_1000_LIVE_BIRTHS,_T,KZATY,U,3.75
2024,PER_1000_LIVE_BIRTHS,_T,KZZAP,U,2.89
2024,PER_1000_LIVE_BIRTHS,_T,KZZHA,U,4.37
2024,PER_1000_LIVE_BIRTHS,_T,KZZHS,U,4.59
2024,PER_1000_LIVE_BIRTHS,_T,KZKAR,U,2.99
2024,PER_1000_LIVE_BIRTHS,_T,KZKUS,U,3.69
2024,PER_1000_LIVE_BIRTHS,_T,KZKZY,U,3.51
2024,PER_1000_LIVE_BIRTHS,_T,KZMAN,U,2.77
2024,PER_1000_LIVE_BIRTHS,_T,KZPAV,U,3.67
2024,PER_1000_LIVE_BIRTHS,_T,KZSEV,U,5.01
2024,PER_1000_LIVE_BIRTHS,_T,KZYUZ,U,2.44
2024,PER_1000_LIVE_BIRTHS,_T,KZULU,U,3.43
2024,PER_1000_LIVE_BIRTHS,_T,KZVOS,U,2.28
2024,PER_1000_LIVE_BIRTHS,_T,KZNS,U,2.24
2024,PER_1000_LIVE_BIRTHS,_T,KZALA,U,3.06
2024,PER_1000_LIVE_BIRTHS,_T,KZSHY,U,2.53
2024,PER_1000_LIVE_BIRTHS,_T,,R,3.57
2024,PER_1000_LIVE_BIRTHS,_T,KZABY,R,3.38
2024,PER_1000_LIVE_BIRTHS,_T,KZAKM,R,2.65
2024,PER_1000_LIVE_BIRTHS,_T,KZAKT,R,5.27
2024,PER_1000_LIVE_BIRTHS,_T,KZALM,R,3.93
2024,PER_1000_LIVE_BIRTHS,_T,KZATY,R,2.42
2024,PER_1000_LIVE_BIRTHS,_T,KZZAP,R,4.10
2024,PER_1000_LIVE_BIRTHS,_T,KZZHA,R,3.19
2024,PER_1000_LIVE_BIRTHS,_T,KZZHS,R,4.14
2024,PER_1000_LIVE_BIRTHS,_T,KZKAR,R,3.98
2024,PER_1000_LIVE_BIRTHS,_T,KZKUS,R,5.62
2024,PER_1000_LIVE_BIRTHS,_T,KZKZY,R,4.92
2024,PER_1000_LIVE_BIRTHS,_T,KZMAN,R,3.09
2024,PER_1000_LIVE_BIRTHS,_T,KZPAV,R,1.43
2024,PER_1000_LIVE_BIRTHS,_T,KZSEV,R,2.61
2024,PER_1000_LIVE_BIRTHS,_T,KZYUZ,R,3.26
2024,PER_1000_LIVE_BIRTHS,_T,KZULU,R,3.31
2024,PER_1000_LIVE_BIRTHS,_T,KZVOS,R,3.26
2024,PER_1000_LIVE_BIRTHS,M,,,3.61
2024,PER_1000_LIVE_BIRTHS,M,KZABY,,3.71
2024,PER_1000_LIVE_BIRTHS,M,KZAKM,,3.48
2024,PER_1000_LIVE_BIRTHS,M,KZAKT,,6.08
2024,PER_1000_LIVE_BIRTHS,M,KZALM,,4.77
2024,PER_1000_LIVE_BIRTHS,M,KZATY,,3.36
2024,PER_1000_LIVE_BIRTHS,M,KZZAP,,2.81
2024,PER_1000_LIVE_BIRTHS,M,KZZHA,,3.62
2024,PER_1000_LIVE_BIRTHS,M,KZZHS,,4.61
2024,PER_1000_LIVE_BIRTHS,M,KZKAR,,3.99
2024,PER_1000_LIVE_BIRTHS,M,KZKUS,,4.74
2024,PER_1000_LIVE_BIRTHS,M,KZKZY,,4.34
2024,PER_1000_LIVE_BIRTHS,M,KZMAN,,2.99
2024,PER_1000_LIVE_BIRTHS,M,KZPAV,,3.02
2024,PER_1000_LIVE_BIRTHS,M,KZSEV,,4.20
2024,PER_1000_LIVE_BIRTHS,M,KZYUZ,,3.07
2024,PER_1000_LIVE_BIRTHS,M,KZULU,,3.30
2024,PER_1000_LIVE_BIRTHS,M,KZVOS,,2.26
2024,PER_1000_LIVE_BIRTHS,M,KZNS,,2.32
2024,PER_1000_LIVE_BIRTHS,M,KZALA,,3.54
2024,PER_1000_LIVE_BIRTHS,M,KZSHY,,3.07
2024,PER_1000_LIVE_BIRTHS,M,,U,3.43
2024,PER_1000_LIVE_BIRTHS,M,KZABY,U,3.76
2024,PER_1000_LIVE_BIRTHS,M,KZAKM,U,2.94
 2024,PER_1000_LIVE_BIRTHS,M,KZAKT,U,6.10
2024,PER_1000_LIVE_BIRTHS,M,KZALM,U,6.88
2024,PER_1000_LIVE_BIRTHS,M,KZATY,U,4.18
2024,PER_1000_LIVE_BIRTHS,M,KZZAP,U,2.51
2024,PER_1000_LIVE_BIRTHS,M,KZZHA,U,3.87
2024,PER_1000_LIVE_BIRTHS,M,KZZHS,U,4.32
2024,PER_1000_LIVE_BIRTHS,M,KZKAR,U,3.73
2024,PER_1000_LIVE_BIRTHS,M,KZKUS,U,3.48
2024,PER_1000_LIVE_BIRTHS,M,KZKZY,U,4.29
2024,PER_1000_LIVE_BIRTHS,M,KZMAN,U,1.62
2024,PER_1000_LIVE_BIRTHS,M,KZPAV,U,3.42
2024,PER_1000_LIVE_BIRTHS,M,KZSEV,U,5.68
2024,PER_1000_LIVE_BIRTHS,M,KZYUZ,U,2.36
2024,PER_1000_LIVE_BIRTHS,M,KZULU,U,3.01
2024,PER_1000_LIVE_BIRTHS,M,KZVOS,U,1.69
2024,PER_1000_LIVE_BIRTHS,M,KZNS,U,2.32
2024,PER_1000_LIVE_BIRTHS,M,KZALA,U,3.54
2024,PER_1000_LIVE_BIRTHS,M,KZSHY,U,3.07
2024,PER_1000_LIVE_BIRTHS,M,,R,3.87
2024,PER_1000_LIVE_BIRTHS,M,KZABY,R,3.61
2024,PER_1000_LIVE_BIRTHS,M,KZAKM,R,4.26
2024,PER_1000_LIVE_BIRTHS,M,KZAKT,R,6.04
2024,PER_1000_LIVE_BIRTHS,M,KZALM,R,4.34
2024,PER_1000_LIVE_BIRTHS,M,KZATY,R,2.45
2024,PER_1000_LIVE_BIRTHS,M,KZZAP,R,3.18
2024,PER_1000_LIVE_BIRTHS,M,KZZHA,R,3.45
2024,PER_1000_LIVE_BIRTHS,M,KZZHS,R,4.84
2024,PER_1000_LIVE_BIRTHS,M,KZKAR,R,5.05
2024,PER_1000_LIVE_BIRTHS,M,KZKUS,R,6.79
2024,PER_1000_LIVE_BIRTHS,M,KZKZY,R,4.38
2024,PER_1000_LIVE_BIRTHS,M,KZMAN,R,4.03
2024,PER_1000_LIVE_BIRTHS,M,KZPAV,R,2.12
2024,PER_1000_LIVE_BIRTHS,M,KZSEV,R,2.89
2024,PER_1000_LIVE_BIRTHS,M,KZYUZ,R,3.32
2024,PER_1000_LIVE_BIRTHS,M,KZULU,R,4.34
2024,PER_1000_LIVE_BIRTHS,M,KZVOS,R,3.45
2024,PER_1000_LIVE_BIRTHS,F,,,3.12
2024,PER_1000_LIVE_BIRTHS,F,KZABY,,3.70
2024,PER_1000_LIVE_BIRTHS,F,KZAKM,,2.89
2024,PER_1000_LIVE_BIRTHS,F,KZAKT,,4.69
2024,PER_1000_LIVE_BIRTHS,F,KZALM,,3.46
2024,PER_1000_LIVE_BIRTHS,F,KZATY,,2.88
2024,PER_1000_LIVE_BIRTHS,F,KZZAP,,4.08
2024,PER_1000_LIVE_BIRTHS,F,KZZHA,,3.74
2024,PER_1000_LIVE_BIRTHS,F,KZZHS,,4.06
2024,PER_1000_LIVE_BIRTHS,F,KZKAR,,2.31
2024,PER_1000_LIVE_BIRTHS,F,KZKUS,,4.06
2024,PER_1000_LIVE_BIRTHS,F,KZKZY,,4.19
2024,PER_1000_LIVE_BIRTHS,F,KZMAN,,2.91
2024,PER_1000_LIVE_BIRTHS,F,KZPAV,,2.92
2024,PER_1000_LIVE_BIRTHS,F,KZSEV,,3.24
2024,PER_1000_LIVE_BIRTHS,F,KZYUZ,,3.03
2024,PER_1000_LIVE_BIRTHS,F,KZULU,,3.51
2024,PER_1000_LIVE_BIRTHS,F,KZVOS,,2.97
2024,PER_1000_LIVE_BIRTHS,F,KZNS,,2.17
2024,PER_1000_LIVE_BIRTHS,F,KZALA,,2.54
2024,PER_1000_LIVE_BIRTHS,F,KZSHY,,1.97
2024,PER_1000_LIVE_BIRTHS,F,,U,3.04
2024,PER_1000_LIVE_BIRTHS,F,KZABY,U,3.99
2024,PER_1000_LIVE_BIRTHS,F,KZAKM,U,4.26
2024,PER_1000_LIVE_BIRTHS,F,KZAKT,U,4.77
2024,PER_1000_LIVE_BIRTHS,F,KZALM,U,3.35
2024,PER_1000_LIVE_BIRTHS,F,KZATY,U,3.30
2024,PER_1000_LIVE_BIRTHS,F,KZZAP,U,3.30
2024,PER_1000_LIVE_BIRTHS,F,KZZHA,U,4.89
2024,PER_1000_LIVE_BIRTHS,F,KZZHS,U,4.87
2024,PER_1000_LIVE_BIRTHS,F,KZKAR,U,2.19
2024,PER_1000_LIVE_BIRTHS,F,KZKUS,U,3.90
2024,PER_1000_LIVE_BIRTHS,F,KZKZY,U,2.68
2024,PER_1000_LIVE_BIRTHS,F,KZMAN,U,4.02
2024,PER_1000_LIVE_BIRTHS,F,KZPAV,U,3.93
2024,PER_1000_LIVE_BIRTHS,F,KZSEV,U,4.30
2024,PER_1000_LIVE_BIRTHS,F,KZYUZ,U,2.54
2024,PER_1000_LIVE_BIRTHS,F,KZULU,U,3.88
2024,PER_1000_LIVE_BIRTHS,F,KZVOS,U,2.93
2024,PER_1000_LIVE_BIRTHS,F,KZNS,U,2.17
2024,PER_1000_LIVE_BIRTHS,F,KZALA,U,2.54
2024,PER_1000_LIVE_BIRTHS,F,KZSHY,U,1.97
2024,PER_1000_LIVE_BIRTHS,F,,R,3.25
2024,PER_1000_LIVE_BIRTHS,F,KZABY,R,3.15
2024,PER_1000_LIVE_BIRTHS,F,KZAKM,R,0.98
2024,PER_1000_LIVE_BIRTHS,F,KZAKT,R,4.47
2024,PER_1000_LIVE_BIRTHS,F,KZALM,R,3.49
2024,PER_1000_LIVE_BIRTHS,F,KZATY,R,2.38
2024,PER_1000_LIVE_BIRTHS,F,KZZAP,R,5.08
2024,PER_1000_LIVE_BIRTHS,F,KZZHA,R,2.92
2024,PER_1000_LIVE_BIRTHS,F,KZZHS,R,3.38
2024,PER_1000_LIVE_BIRTHS,F,KZKAR,R,2.80
2024,PER_1000_LIVE_BIRTHS,F,KZKUS,R,4.34
2024,PER_1000_LIVE_BIRTHS,F,KZKZY,R,5.52
2024,PER_1000_LIVE_BIRTHS,F,KZMAN,R,2.07
2024,PER_1000_LIVE_BIRTHS,F,KZPAV,R,0.72
2024,PER_1000_LIVE_BIRTHS,F,KZSEV,R,2.30
2024,PER_1000_LIVE_BIRTHS,F,KZYUZ,R,3.20
2024,PER_1000_LIVE_BIRTHS,F,KZULU,R,2.25
2024,PER_1000_LIVE_BIRTHS,F,KZVOS,R,3.04
