Year,UNIT_MEASURE,SEX,URBANISATION,REF_AREA,Value
2010,PER_1000_LIVE_BIRTHS,_T,,,19.62
2010,PER_1000_LIVE_BIRTHS,_T,,KZABY,22.27
2010,PER_1000_LIVE_BIRTHS,_T,,KZAKM,16.98
2010,PER_1000_LIVE_BIRTHS,_T,,KZAKT,19.56
2010,PER_1000_LIVE_BIRTHS,_T,,KZALM,16.06
2010,PER_1000_LIVE_BIRTHS,_T,,KZATY,19.78
2010,PER_1000_LIVE_BIRTHS,_T,,KZZAP,17.17
2010,PER_1000_LIVE_BIRTHS,_T,,KZZHA,20.5
2010,PER_1000_LIVE_BIRTHS,_T,, KZZHS,16.61
2010,PER_1000_LIVE_BIRTHS,_T,,KZKAR,16.67
2010,PER_1000_LIVE_BIRTHS,_T,,KZKUS,16.51
2010,PER_1000_LIVE_BIRTHS,_T,,KZKZY,26.52
2010,PER_1000_LIVE_BIRTHS,_T,,KZMAN,21.98
2010,PER_1000_LIVE_BIRTHS,_T,,KZPAV,15.03
2010,PER_1000_LIVE_BIRTHS,_T,,KZSEV,16.4
2010,PER_1000_LIVE_BIRTHS,_T,,KZYUZ,24.39
2010,PER_1000_LIVE_BIRTHS,_T,,KZULU,19.96
2010,PER_1000_LIVE_BIRTHS,_T,,KZVOS,22.21
2010,PER_1000_LIVE_BIRTHS,_T,,KZNS,12.68
2010,PER_1000_LIVE_BIRTHS,_T,,KZALA,18.70
2010,PER_1000_LIVE_BIRTHS,_T,, KZSHY,19.57
2010,PER_1000_LIVE_BIRTHS,_T,U,,19.11
2010,PER_1000_LIVE_BIRTHS,_T, U,KZABY,19.71
2010,PER_1000_LIVE_BIRTHS,_T,U,KZAKM,16.55
2010,PER_1000_LIVE_BIRTHS,_T,U,KZAKT,19.25
2010,PER_1000_LIVE_BIRTHS,_T,U,KZALM,17.57
2010,PER_1000_LIVE_BIRTHS,_T,U,KZATY,18.94
2010,PER_1000_LIVE_BIRTHS,_T,U,KZZAP,14.81
2010,PER_1000_LIVE_BIRTHS,_T,U,KZZHA,21.62
2010,PER_1000_LIVE_BIRTHS,_T, U, KZZHS,19.90
2010,PER_1000_LIVE_BIRTHS,_T,U,KZKAR,16.11
2010,PER_1000_LIVE_BIRTHS,_T,U,KZKUS,15.27
2010,PER_1000_LIVE_BIRTHS,_T,U,KZKZY,25.36
2010,PER_1000_LIVE_BIRTHS,_T,U,KZMAN,22.43
2010,PER_1000_LIVE_BIRTHS,_T,U,KZPAV,14.18
2010,PER_1000_LIVE_BIRTHS,_T,U,KZSEV,14.71
2010,PER_1000_LIVE_BIRTHS,_T,U,KZYUZ,30.33
2010,PER_1000_LIVE_BIRTHS,_T,U,KZULU,21.29
2010,PER_1000_LIVE_BIRTHS,_T,U,KZVOS,22.76
2010,PER_1000_LIVE_BIRTHS,_T,U,KZNS,12.68
2010,PER_1000_LIVE_BIRTHS,_T,U,KZALA,18.70
2010,PER_1000_LIVE_BIRTHS,_T,U, KZSHY,19.57
2010,PER_1000_LIVE_BIRTHS,_T,R,,20.23
2010,PER_1000_LIVE_BIRTHS,_T, R,KZABY,25.18
2010,PER_1000_LIVE_BIRTHS,_T,R,KZAKM,17.49
2010,PER_1000_LIVE_BIRTHS,_T,R,KZAKT,20.23
2010,PER_1000_LIVE_BIRTHS,_T,R,KZALM,15.74
2010,PER_1000_LIVE_BIRTHS,_T,R,KZATY,20.92
2010,PER_1000_LIVE_BIRTHS,_T,R,KZZAP,19.83
2010,PER_1000_LIVE_BIRTHS,_T,R,KZZHA,19.82
2010,PER_1000_LIVE_BIRTHS,_T, R, KZZHS,14.28
2010,PER_1000_LIVE_BIRTHS,_T,R,KZKAR,18.66
2010,PER_1000_LIVE_BIRTHS,_T,R,KZKUS,17.96
2010,PER_1000_LIVE_BIRTHS,_T,R,KZKZY,27.45
2010,PER_1000_LIVE_BIRTHS,_T,R,KZMAN,21.54
2010,PER_1000_LIVE_BIRTHS,_T,R,KZPAV,16.75
2010,PER_1000_LIVE_BIRTHS,_T,R,KZSEV,17.67
2010,PER_1000_LIVE_BIRTHS,_T,R,KZYUZ,22.68
2010,PER_1000_LIVE_BIRTHS,_T,R,KZULU,15.49
2010,PER_1000_LIVE_BIRTHS,_T,R,KZVOS,21.44
2010,PER_1000_LIVE_BIRTHS,M,,,21.81
2010,PER_1000_LIVE_BIRTHS,M, ,KZABY,25.29
2010,PER_1000_LIVE_BIRTHS,M,,KZAKM,19.91
2010,PER_1000_LIVE_BIRTHS,M,,KZAKT,22.42
2010,PER_1000_LIVE_BIRTHS,M,,KZALM,17.54
2010,PER_1000_LIVE_BIRTHS,M,,KZATY,20.66
2010,PER_1000_LIVE_BIRTHS,M,,KZZAP,17.91
2010,PER_1000_LIVE_BIRTHS,M,,KZZHA,23.26
2010,PER_1000_LIVE_BIRTHS,M, , KZZHS,17.71
2010,PER_1000_LIVE_BIRTHS,M,,KZKAR,18.83
2010,PER_1000_LIVE_BIRTHS,M,,KZKUS,19.6
2010,PER_1000_LIVE_BIRTHS,M,,KZKZY,28.14
2010,PER_1000_LIVE_BIRTHS,M,,KZMAN,21.6
2010,PER_1000_LIVE_BIRTHS,M,,KZPAV,16.75
2010,PER_1000_LIVE_BIRTHS,M,,KZSEV,17.48
2010,PER_1000_LIVE_BIRTHS,M,,KZYUZ,27.70
2010,PER_1000_LIVE_BIRTHS,M,,KZULU,22.44
2010,PER_1000_LIVE_BIRTHS,M,,KZVOS,23.95
2010,PER_1000_LIVE_BIRTHS,M,,KZNS,14.49
2010,PER_1000_LIVE_BIRTHS,M,,KZALA,21.47
2010,PER_1000_LIVE_BIRTHS,M,, KZSHY,22.35
2010,PER_1000_LIVE_BIRTHS,M,U,,21.34
2010,PER_1000_LIVE_BIRTHS,M,U ,KZABY,20.60
2010,PER_1000_LIVE_BIRTHS,M,U,KZAKM,19.57
2010,PER_1000_LIVE_BIRTHS,M,U,KZAKT,22.28
2010,PER_1000_LIVE_BIRTHS,M,U,KZALM,21.82
2010,PER_1000_LIVE_BIRTHS,M,U,KZATY,18.49
2010,PER_1000_LIVE_BIRTHS,M,U,KZZAP,11.50
2010,PER_1000_LIVE_BIRTHS,M,U,KZZHA,22.86
2010,PER_1000_LIVE_BIRTHS,M,U , KZZHS,22.37
2010,PER_1000_LIVE_BIRTHS,M,U,KZKAR,19.58
2010,PER_1000_LIVE_BIRTHS,M,U,KZKUS,16.78
2010,PER_1000_LIVE_BIRTHS,M,U,KZKZY,28.69
2010,PER_1000_LIVE_BIRTHS,M,U,KZMAN,21.84
2010,PER_1000_LIVE_BIRTHS,M,U,KZPAV,15.25
2010,PER_1000_LIVE_BIRTHS,M,U,KZSEV,15.81
2010,PER_1000_LIVE_BIRTHS,M,U,KZYUZ,35.83
2010,PER_1000_LIVE_BIRTHS,M,U,KZULU,24.54
2010,PER_1000_LIVE_BIRTHS,M,U,KZVOS,24.57
2010,PER_1000_LIVE_BIRTHS,M,U,KZNS,14.49
2010,PER_1000_LIVE_BIRTHS,M,U,KZALA,21.74
2010,PER_1000_LIVE_BIRTHS,M,U,KZSHY,22.35
2010,PER_1000_LIVE_BIRTHS,M,R,,22.37
2010,PER_1000_LIVE_BIRTHS,M,R ,KZABY,30.43
2010,PER_1000_LIVE_BIRTHS,M,R,KZAKM,20.30
2010,PER_1000_LIVE_BIRTHS,M,R,KZAKT,22.73
2010,PER_1000_LIVE_BIRTHS,M,R,KZALM,16.65
2010,PER_1000_LIVE_BIRTHS,M,R,KZATY,23.67
2010,PER_1000_LIVE_BIRTHS,M,R,KZZAP,24.97
2010,PER_1000_LIVE_BIRTHS,M,R,KZZHA,23.51
2010,PER_1000_LIVE_BIRTHS,M,R ,KZZHS,14.48
2010,PER_1000_LIVE_BIRTHS,M,R,KZKAR,16.23
2010,PER_1000_LIVE_BIRTHS,M,R,KZKUS,22.97
2010,PER_1000_LIVE_BIRTHS,M,R,KZKZY,27.69
2010,PER_1000_LIVE_BIRTHS,M,R,KZMAN,21.37
2010,PER_1000_LIVE_BIRTHS,M,R,KZPAV,19.79
2010,PER_1000_LIVE_BIRTHS,M,R,KZSEV,18.72
2010,PER_1000_LIVE_BIRTHS,M,R,KZYUZ,25.35
2010,PER_1000_LIVE_BIRTHS,M,R,KZULU,15.36
2010,PER_1000_LIVE_BIRTHS,M,R,KZVOS,23.09
2010,PER_1000_LIVE_BIRTHS,F,,,17.30
2010,PER_1000_LIVE_BIRTHS,F,,KZAKM,13.86
2010,PER_1000_LIVE_BIRTHS,F,,KZAKT,16.57
2010,PER_1000_LIVE_BIRTHS,F,,KZALM,14.47
2010,PER_1000_LIVE_BIRTHS,F,,KZATY,18.84
2010,PER_1000_LIVE_BIRTHS,F,,KZZAP,16.38
2010,PER_1000_LIVE_BIRTHS,F,,KZZHA,17.54
2010,PER_1000_LIVE_BIRTHS,F,,KZZHS,15.46
2010,PER_1000_LIVE_BIRTHS,F,,KZKAR,14.40
2010,PER_1000_LIVE_BIRTHS,F,,KZKUS,13.15
2010,PER_1000_LIVE_BIRTHS,F,,KZKZY,24.78
2010,PER_1000_LIVE_BIRTHS,F,,KZMAN,22.39
2010,PER_1000_LIVE_BIRTHS,F,,KZPAV,13.24
2010,PER_1000_LIVE_BIRTHS,F,,KZSEV,15.26
2010,PER_1000_LIVE_BIRTHS,M,R,KZYUZ,20.90
2010,PER_1000_LIVE_BIRTHS,M,R,KZULU,17.45
2010,PER_1000_LIVE_BIRTHS,F,,KZVOS,20.36
2010,PER_1000_LIVE_BIRTHS,F,,KZNS,10.75
2010,PER_1000_LIVE_BIRTHS,F,,KZALA,15.73
2010,PER_1000_LIVE_BIRTHS,F,,KZSHY,16.65
2010,PER_1000_LIVE_BIRTHS,F,U,,16.75
2010,PER_1000_LIVE_BIRTHS,F,U ,KZABY,18.82
2010,PER_1000_LIVE_BIRTHS,F,U,KZAKM,13.30
2010,PER_1000_LIVE_BIRTHS,F,U,KZAKT,16.09
2010,PER_1000_LIVE_BIRTHS,F,U,KZALM,13.00
2010,PER_1000_LIVE_BIRTHS,F,U,KZATY,19.43
2010,PER_1000_LIVE_BIRTHS,F,U,KZZAP,18.23
2010,PER_1000_LIVE_BIRTHS,F,U,KZZHA,20.27
2010,PER_1000_LIVE_BIRTHS,F, U,KZZHS,17.39
2010,PER_1000_LIVE_BIRTHS,F,U,KZKAR,12.48
2010,PER_1000_LIVE_BIRTHS,F,U,KZKUS,13.62
2010,PER_1000_LIVE_BIRTHS,F,U,KZKZY,21.82
2010,PER_1000_LIVE_BIRTHS,F,U,KZMAN,23.09
2010,PER_1000_LIVE_BIRTHS,F,U,KZPAV,13.07
2010,PER_1000_LIVE_BIRTHS,F,U,KZSEV,13.56
2010,PER_1000_LIVE_BIRTHS, F,U,KZYUZ,24.46
2010,PER_1000_LIVE_BIRTHS, F,U,KZULU,17.99
2010,PER_1000_LIVE_BIRTHS,F,U,KZVOS,20.85
2010,PER_1000_LIVE_BIRTHS,F,U,KZNS,10.75
2010,PER_1000_LIVE_BIRTHS,F,U,KZALA,15.73
2010,PER_1000_LIVE_BIRTHS,F,U,KZSHY,16.65
2010,PER_1000_LIVE_BIRTHS,F,R,,17.95
2010,PER_1000_LIVE_BIRTHS,F, R,KZABY,19.61
2010,PER_1000_LIVE_BIRTHS,F,R,KZAKM,14.50
2010,PER_1000_LIVE_BIRTHS,F,R,KZAKT,17.59
2010,PER_1000_LIVE_BIRTHS,F,R,KZALM,14.77
2010,PER_1000_LIVE_BIRTHS,F,R,KZATY,18.02
2010,PER_1000_LIVE_BIRTHS,F,R,KZZAP,14.21
2010,PER_1000_LIVE_BIRTHS,F,R,KZZHA,15.92
2010,PER_1000_LIVE_BIRTHS,F,R,KZZHS,14.08
2010,PER_1000_LIVE_BIRTHS,F,R,KZKAR,21.25
2010,PER_1000_LIVE_BIRTHS,F,R,KZKUS,12.61
2010,PER_1000_LIVE_BIRTHS,F,R,KZKZY,27.2
2010,PER_1000_LIVE_BIRTHS,F,R,KZMAN,21.71
2010,PER_1000_LIVE_BIRTHS,F,R,KZPAV,13.59
2010,PER_1000_LIVE_BIRTHS,F,R,KZSEV,16.55
2010,PER_1000_LIVE_BIRTHS,F,R,KZYUZ,19.89
2010,PER_1000_LIVE_BIRTHS,F,R,KZULU,15.63
2010,PER_1000_LIVE_BIRTHS,F,R,KZVOS,19.67
2011,PER_1000_LIVE_BIRTHS,_T,,,18.03
2011,PER_1000_LIVE_BIRTHS,_T,,KZABY,20.19
2011,PER_1000_LIVE_BIRTHS,_T,,KZAKM,18.3
2011,PER_1000_LIVE_BIRTHS,_T,,KZAKT,14.22
2011,PER_1000_LIVE_BIRTHS,_T,,KZALM,14.09
2011,PER_1000_LIVE_BIRTHS,_T,,KZATY,19.39
2011,PER_1000_LIVE_BIRTHS,_T,,KZZAP,14.54
2011,PER_1000_LIVE_BIRTHS,_T,,KZZHA,19
2011,PER_1000_LIVE_BIRTHS,_T,,KZZHS,17.30
2011,PER_1000_LIVE_BIRTHS,_T,,KZKAR,13.28
2011,PER_1000_LIVE_BIRTHS,_T,,KZKUS,16.24
2011,PER_1000_LIVE_BIRTHS,_T,,KZKZY,23.66
2011,PER_1000_LIVE_BIRTHS,_T,,KZMAN,20.28
2011,PER_1000_LIVE_BIRTHS,_T,,KZPAV,15.49
2011,PER_1000_LIVE_BIRTHS,_T,,KZSEV,15.0
2011,PER_1000_LIVE_BIRTHS,_T,,KZYUZ,21.01
2011,PER_1000_LIVE_BIRTHS,_T,,KZULU,14.62
2011,PER_1000_LIVE_BIRTHS,_T,,KZVOS,22.37
2011,PER_1000_LIVE_BIRTHS,_T,,KZNS,12.87
2011,PER_1000_LIVE_BIRTHS,_T,,KZALA,19.17
2011,PER_1000_LIVE_BIRTHS,_T,,KZSHY,19.88
2011,PER_1000_LIVE_BIRTHS,_T,U,,17.86
2011,PER_1000_LIVE_BIRTHS,_T,U,KZABY,17.13
2011,PER_1000_LIVE_BIRTHS,_T,U,KZAKM,20.10
2011,PER_1000_LIVE_BIRTHS,_T,U,KZAKT,13.54
2011,PER_1000_LIVE_BIRTHS,_T,U,KZALM,15.62
2011,PER_1000_LIVE_BIRTHS,_T,U,KZATY,18.27
2011,PER_1000_LIVE_BIRTHS,_T,U,KZZAP,12.64
2011,PER_1000_LIVE_BIRTHS,_T,U,KZZHA,20.75
2010,PER_1000_LIVE_BIRTHS,_T,U,KZZHS,16.29
2011,PER_1000_LIVE_BIRTHS,_T,U,KZKAR,12.16
2011,PER_1000_LIVE_BIRTHS,_T,U,KZKUS,14.48
2011,PER_1000_LIVE_BIRTHS,_T,U,KZKZY,21.65
2011,PER_1000_LIVE_BIRTHS,_T,U,KZMAN,19.97
2011,PER_1000_LIVE_BIRTHS,_T,U,KZPAV,14.1
2011,PER_1000_LIVE_BIRTHS,_T,U,KZSEV,14.16
2011,PER_1000_LIVE_BIRTHS,_T,U,KZYUZ,30.12
2011,PER_1000_LIVE_BIRTHS,_T,U,KZULU,13.94
2011,PER_1000_LIVE_BIRTHS,_T,U,KZVOS,22.62
2011,PER_1000_LIVE_BIRTHS,_T,U,KZNS,12.87
2011,PER_1000_LIVE_BIRTHS,_T,U,KZALA,19.17
2011,PER_1000_LIVE_BIRTHS,_T,U,KZSHY,19.88
2011,PER_1000_LIVE_BIRTHS,_T,R,,18.23
2011,PER_1000_LIVE_BIRTHS,_T,R,KZABY,24.11
2011,PER_1000_LIVE_BIRTHS,_T,R,KZAKM,16.30
2011,PER_1000_LIVE_BIRTHS,_T,R,KZAKT,15.81
2011,PER_1000_LIVE_BIRTHS,_T,R,KZALM,13.78
2011,PER_1000_LIVE_BIRTHS,_T,R,KZATY,20.78
2011,PER_1000_LIVE_BIRTHS,_T,R,KZZAP,16.77
2011,PER_1000_LIVE_BIRTHS,_T,R,KZZHA,17.90
2011,PER_1000_LIVE_BIRTHS,_T,R,KZZHS,18.01
2011,PER_1000_LIVE_BIRTHS,_T,R,KZKAR,17.27
2011,PER_1000_LIVE_BIRTHS,_T,R,KZKUS,18.42
2011,PER_1000_LIVE_BIRTHS,_T,R,KZKZY,25.36
2011,PER_1000_LIVE_BIRTHS,_T,R,KZMAN,20.58
2011,PER_1000_LIVE_BIRTHS,_T,R,KZPAV,18.31
2011,PER_1000_LIVE_BIRTHS,_T,R,KZSEV,15.66
2011,PER_1000_LIVE_BIRTHS,_T,R,KZYUZ,18.33
2011,PER_1000_LIVE_BIRTHS,_T,R,KZULU,17.52
2011,PER_1000_LIVE_BIRTHS,_T,R,KZVOS,21.97
2011,PER_1000_LIVE_BIRTHS,M,,,20.07
2011,PER_1000_LIVE_BIRTHS,M,,KZABY,23.53
2011,PER_1000_LIVE_BIRTHS,M,,KZAKM,20.89
2011,PER_1000_LIVE_BIRTHS,M,,KZAKT,16.72
2011,PER_1000_LIVE_BIRTHS,M,,KZALM,16.21
2011,PER_1000_LIVE_BIRTHS,M,,KZATY,21.68
2011,PER_1000_LIVE_BIRTHS,M,,KZZAP,15.11
2011,PER_1000_LIVE_BIRTHS,M,,KZZHA,20.55
2010,PER_1000_LIVE_BIRTHS,M,,KZZHS,19.91
2011,PER_1000_LIVE_BIRTHS,M,,KZKAR,16.1
2011,PER_1000_LIVE_BIRTHS,M,,KZKUS,18.69
2011,PER_1000_LIVE_BIRTHS,M,,KZKZY,26.77
2011,PER_1000_LIVE_BIRTHS,M,,KZMAN,21.58
2011,PER_1000_LIVE_BIRTHS,M,,KZPAV,16.26
2011,PER_1000_LIVE_BIRTHS,M,,KZSEV,18.25
2011,PER_1000_LIVE_BIRTHS,M,,KZYUZ,22.87
2011,PER_1000_LIVE_BIRTHS,M,,KZULU,16.02
2011,PER_1000_LIVE_BIRTHS,M,,KZVOS,25.68
2011,PER_1000_LIVE_BIRTHS,M,,KZNS,13.22
2011,PER_1000_LIVE_BIRTHS,M,,KZALA,20.97
2011,PER_1000_LIVE_BIRTHS,M,,KZSHY,21.78
2011,PER_1000_LIVE_BIRTHS,M,U,,20.09
2011,PER_1000_LIVE_BIRTHS, M,U,KZABY,19.83
2011,PER_1000_LIVE_BIRTHS,M,U,KZAKM,23.12
2011,PER_1000_LIVE_BIRTHS,M,U,KZAKT,15.97
2011,PER_1000_LIVE_BIRTHS,M,U,KZALM,16.06
2011,PER_1000_LIVE_BIRTHS,M,U,KZATY,22.26
2011,PER_1000_LIVE_BIRTHS,M,U,KZZAP,12.29
2011,PER_1000_LIVE_BIRTHS,M,U,KZZHA,23.15
2011,PER_1000_LIVE_BIRTHS,M,U,KZZHS,20.74
2011,PER_1000_LIVE_BIRTHS,M,U,KZKAR,15.32
2011,PER_1000_LIVE_BIRTHS,M,U,KZKUS,16.33
2011,PER_1000_LIVE_BIRTHS,M,U,KZKZY,22.65
2011,PER_1000_LIVE_BIRTHS,M,U,KZMAN,22.35
2011,PER_1000_LIVE_BIRTHS,M,U,KZPAV,16.53
2011,PER_1000_LIVE_BIRTHS,M,U,KZSEV,18.51
2011,PER_1000_LIVE_BIRTHS,M,U,KZYUZ,33.90
2011,PER_1000_LIVE_BIRTHS,M,U,KZULU,15.33
2011,PER_1000_LIVE_BIRTHS,M,U,KZVOS,25.98
2011,PER_1000_LIVE_BIRTHS,M,U,KZNS,13.22
2011,PER_1000_LIVE_BIRTHS,M,U,KZALA,20.97
2011,PER_1000_LIVE_BIRTHS,M,U,KZSHY,21.78
2011,PER_1000_LIVE_BIRTHS,M,R,,20.05
2011,PER_1000_LIVE_BIRTHS,M,R,KZABY,28.25
2011,PER_1000_LIVE_BIRTHS,M,R,KZAKM,18.30
2011,PER_1000_LIVE_BIRTHS,M,R,KZAKT,18.51
2011,PER_1000_LIVE_BIRTHS,M,R,KZALM,16.24
2011,PER_1000_LIVE_BIRTHS,M,R,KZATY,20.97
2011,PER_1000_LIVE_BIRTHS,M,R,KZZAP,18.47
2011,PER_1000_LIVE_BIRTHS,M,R,KZZHA,18.91
2011,PER_1000_LIVE_BIRTHS,M,R,KZZHS,19.34
2011,PER_1000_LIVE_BIRTHS,M,R,KZKAR,18.87
2011,PER_1000_LIVE_BIRTHS,M,R,KZKUS,21.67
2011,PER_1000_LIVE_BIRTHS,M,R,KZKZY,30.27
2011,PER_1000_LIVE_BIRTHS,M,R,KZMAN,20.84
2011,PER_1000_LIVE_BIRTHS,M,R,KZPAV,15.73
2011,PER_1000_LIVE_BIRTHS,M,R,KZSEV,18.04
2011,PER_1000_LIVE_BIRTHS,M,R,KZYUZ,19.62
2011,PER_1000_LIVE_BIRTHS,M,R,KZULU,18.83
2011,PER_1000_LIVE_BIRTHS,M,R,KZVOS,25.21
2011,PER_1000_LIVE_BIRTHS,F,,,15.85
2011,PER_1000_LIVE_BIRTHS,F,,KZABY,16.61
2011,PER_1000_LIVE_BIRTHS,F,,KZAKM,15.48
2011,PER_1000_LIVE_BIRTHS,F,,KZAKT,11.58
2011,PER_1000_LIVE_BIRTHS,F,,KZALM,11.90
2011,PER_1000_LIVE_BIRTHS,F,,KZATY,16.96
2011,PER_1000_LIVE_BIRTHS,F,,KZZAP,13.93
2011,PER_1000_LIVE_BIRTHS,F,,KZZHA,17.36
2011,PER_1000_LIVE_BIRTHS,F,,KZZHS,14.45
2011,PER_1000_LIVE_BIRTHS,F,,KZKAR,10.35
2011,PER_1000_LIVE_BIRTHS,F,,KZKUS,13.71
2011,PER_1000_LIVE_BIRTHS,F,,KZKZY,20.34
2011,PER_1000_LIVE_BIRTHS,F,,KZMAN,18.88
2011,PER_1000_LIVE_BIRTHS,F,,KZPAV,14.67
2011,PER_1000_LIVE_BIRTHS,F,,KZSEV,11.5
2011,PER_1000_LIVE_BIRTHS,F,,KZYUZ,19.02
2011,PER_1000_LIVE_BIRTHS,F,,KZULU,13.17
2011,PER_1000_LIVE_BIRTHS,F,,KZVOS,18.86
2011,PER_1000_LIVE_BIRTHS,F,,KZNS,12.51
2011,PER_1000_LIVE_BIRTHS,F,,KZALA,17.20
2011,PER_1000_LIVE_BIRTHS,F,,KZSHY,17.91
2011,PER_1000_LIVE_BIRTHS,F,U,,15.47
2011,PER_1000_LIVE_BIRTHS,F,U,KZABY,14.27
2011,PER_1000_LIVE_BIRTHS,F,U,KZAKM,16.66
2011,PER_1000_LIVE_BIRTHS,F,U,KZAKT,10.90
2011,PER_1000_LIVE_BIRTHS,F,U,KZALM,15.15
2011,PER_1000_LIVE_BIRTHS,F,U,KZATY,14.15
2011,PER_1000_LIVE_BIRTHS,F,U,KZZAP,13.02
2011,PER_1000_LIVE_BIRTHS,F,U,KZZHA,18.19
2011,PER_1000_LIVE_BIRTHS,F,U,KZZHS,11.55
2011,PER_1000_LIVE_BIRTHS,F,U,KZKAR,8.86
2011,PER_1000_LIVE_BIRTHS,F,U,KZKUS,12.53
2011,PER_1000_LIVE_BIRTHS,F,U,KZKZY,20.59
2011,PER_1000_LIVE_BIRTHS,F,U,KZMAN,17.48
2011,PER_1000_LIVE_BIRTHS,F,U,KZPAV,11.56
2011,PER_1000_LIVE_BIRTHS,F,U,KZSEV,9.37
2011,PER_1000_LIVE_BIRTHS,F,U,KZYUZ,26.07
2011,PER_1000_LIVE_BIRTHS,F,U,KZULU,12.51
2011,PER_1000_LIVE_BIRTHS,F,U,KZVOS,19.02
2011,PER_1000_LIVE_BIRTHS,F,U,KZNS,12.51
2011,PER_1000_LIVE_BIRTHS,F,U,KZALA,17.20
2011,PER_1000_LIVE_BIRTHS,F,U,KZSHY,17.91
2011,PER_1000_LIVE_BIRTHS,F,R,,16.31
2011,PER_1000_LIVE_BIRTHS,F,R,KZABY,19.64
2011,PER_1000_LIVE_BIRTHS,F,R,KZAKM,14.23
2011,PER_1000_LIVE_BIRTHS,F,R,KZAKT,13.07
2011,PER_1000_LIVE_BIRTHS,F,R,KZALM,11.24
2011,PER_1000_LIVE_BIRTHS,F,R,KZATY,20.57
2011,PER_1000_LIVE_BIRTHS,F,R,KZZAP,14.98
2011,PER_1000_LIVE_BIRTHS,F,R,KZZHA,16.84
2011,PER_1000_LIVE_BIRTHS,F,R,KZZHS,16.53
2011,PER_1000_LIVE_BIRTHS,F,R,KZKAR,15.62
2011,PER_1000_LIVE_BIRTHS,F,R,KZKUS,15.15
2011,PER_1000_LIVE_BIRTHS,F,R,KZKZY,20.13
2011,PER_1000_LIVE_BIRTHS,F,R,KZMAN,20.30
2011,PER_1000_LIVE_BIRTHS,F,R,KZPAV,21.14
2011,PER_1000_LIVE_BIRTHS,F,R,KZSEV,13.14
2011,PER_1000_LIVE_BIRTHS,F,R,KZYUZ,16.96
2011,PER_1000_LIVE_BIRTHS,F,R,KZULU,16.09
2011,PER_1000_LIVE_BIRTHS,F,R,KZVOS,18.61
2012,PER_1000_LIVE_BIRTHS,_T,,,16.43
2012,PER_1000_LIVE_BIRTHS,_T,,KZABY,18.76
2012,PER_1000_LIVE_BIRTHS,_T,,KZAKM,13.91
2012,PER_1000_LIVE_BIRTHS,_T,,KZAKT,16.35
2012,PER_1000_LIVE_BIRTHS,_T,,KZALM,14.93
2012,PER_1000_LIVE_BIRTHS,_T,,KZATY,19.12
2012,PER_1000_LIVE_BIRTHS,_T,,KZZAP,11.99
2012,PER_1000_LIVE_BIRTHS,_T,,KZZHA,17.16
2012,PER_1000_LIVE_BIRTHS, _T,,KZZHS,14.54
2012,PER_1000_LIVE_BIRTHS,_T,,KZKAR,13.40
2012,PER_1000_LIVE_BIRTHS,_T,,KZKUS,17.01
2012,PER_1000_LIVE_BIRTHS,_T,,KZKZY,24.38
2012,PER_1000_LIVE_BIRTHS,_T,,KZMAN,16.39
2012,PER_1000_LIVE_BIRTHS,_T,,KZPAV,10.88
2012,PER_1000_LIVE_BIRTHS,_T,,KZSEV,13.07
2012,PER_1000_LIVE_BIRTHS,_T,,KZYUZ,19.82
2012,PER_1000_LIVE_BIRTHS,_T,,KZULU,19.23
2012,PER_1000_LIVE_BIRTHS,_T,,KZVOS,17.84
2012,PER_1000_LIVE_BIRTHS,_T,,KZNS,13.25
2012,PER_1000_LIVE_BIRTHS,_T,,KZALA,13.98
2012,PER_1000_LIVE_BIRTHS,_T,,KZSHY,15.33
2012,PER_1000_LIVE_BIRTHS,_T,U,,15.62
2012,PER_1000_LIVE_BIRTHS,_T,U,KZABY,19.46
2012,PER_1000_LIVE_BIRTHS,_T,U,KZAKM,15.63
2012,PER_1000_LIVE_BIRTHS,_T,U,KZAKT,16.70
2012,PER_1000_LIVE_BIRTHS,_T,U,KZALM,14.12
2012,PER_1000_LIVE_BIRTHS,_T,U,KZATY,18.73
2012,PER_1000_LIVE_BIRTHS,_T,U,KZZAP,8.83
2012,PER_1000_LIVE_BIRTHS,_T,U,KZZHA,15.61
2012,PER_1000_LIVE_BIRTHS,_T,U,KZZHS,13.95
2012,PER_1000_LIVE_BIRTHS,_T,U,KZKAR,13.36
2012,PER_1000_LIVE_BIRTHS,_T,U,KZKUS,15.10
2012,PER_1000_LIVE_BIRTHS,_T,U,KZKZY,21.36
2012,PER_1000_LIVE_BIRTHS,_T,U,KZMAN,15.26
2012,PER_1000_LIVE_BIRTHS,_T,U,KZPAV,10.10
2012,PER_1000_LIVE_BIRTHS,_T,U,KZSEV,13.00
2012,PER_1000_LIVE_BIRTHS,_T,U,KZYUZ,24.74
2012,PER_1000_LIVE_BIRTHS,_T,U,KZULU,18.58
2012,PER_1000_LIVE_BIRTHS,_T,U,KZVOS,16.91
2012,PER_1000_LIVE_BIRTHS,_T,U,KZNS,13.25
2012,PER_1000_LIVE_BIRTHS,_T,U,KZALA,13.98
2012,PER_1000_LIVE_BIRTHS,_T,U,KZSHY,15.33
2012,PER_1000_LIVE_BIRTHS,_T,R,,17.47
2012,PER_1000_LIVE_BIRTHS,_T,R,KZABY,17.76
2012,PER_1000_LIVE_BIRTHS,_T,R,KZAKM,12.03
2012,PER_1000_LIVE_BIRTHS,_T,R,KZAKT,15.53
2012,PER_1000_LIVE_BIRTHS,_T,R,KZALM,15.10
2012,PER_1000_LIVE_BIRTHS,_T,R,KZATY,19.63
2012,PER_1000_LIVE_BIRTHS,_T,R,KZZAP,15.81
2012,PER_1000_LIVE_BIRTHS,_T,R,KZZHA,18.23
2012,PER_1000_LIVE_BIRTHS,_T,R,KZZHS,14.96
2012,PER_1000_LIVE_BIRTHS,_T,R,KZKAR,13.52
2012,PER_1000_LIVE_BIRTHS,_T,R,KZKUS,19.67
2012,PER_1000_LIVE_BIRTHS,_T,R,KZKZY,26.99
2012,PER_1000_LIVE_BIRTHS,_T,R,KZMAN,17.41
2012,PER_1000_LIVE_BIRTHS,_T,R,KZPAV,12.58
2012,PER_1000_LIVE_BIRTHS,_T,R,KZSEV,13.13
2012,PER_1000_LIVE_BIRTHS,_T,U,KZYUZ,18.33
2012,PER_1000_LIVE_BIRTHS,_T,U,KZULU,22.0
2012,PER_1000_LIVE_BIRTHS,_T,R,KZVOS,19.54
2012,PER_1000_LIVE_BIRTHS,M,,,18.28
2012,PER_1000_LIVE_BIRTHS,M,,KZABY,18.81
2012,PER_1000_LIVE_BIRTHS,M,,KZAKM,15.0
2012,PER_1000_LIVE_BIRTHS,M,,KZAKT,16.92
2012,PER_1000_LIVE_BIRTHS,M,,KZALM,17.95
2012,PER_1000_LIVE_BIRTHS,M,,KZATY,19.82
2012,PER_1000_LIVE_BIRTHS,M,,KZZAP,15.23
2012,PER_1000_LIVE_BIRTHS,M,,KZZHA,19.75
2012,PER_1000_LIVE_BIRTHS,M,,KZZHS,17.14
2012,PER_1000_LIVE_BIRTHS,M,,KZKAR,15.12
2012,PER_1000_LIVE_BIRTHS,M,,KZKUS,20.03
2012,PER_1000_LIVE_BIRTHS,M,,KZKZY,27.51
2012,PER_1000_LIVE_BIRTHS,M,,KZMAN,17.32
2012,PER_1000_LIVE_BIRTHS,M,,KZPAV,12.08
2012,PER_1000_LIVE_BIRTHS,M,,KZSEV,14.57
2012,PER_1000_LIVE_BIRTHS,M,,KZYUZ,21.65
2012,PER_1000_LIVE_BIRTHS,M,,KZULU,20.58
2012,PER_1000_LIVE_BIRTHS,M,,KZVOS,21.33
2012,PER_1000_LIVE_BIRTHS,M,,KZNS,14.33
2012,PER_1000_LIVE_BIRTHS,M,,KZALA,15.15
2012,PER_1000_LIVE_BIRTHS,M,,KZSHY,16.71
2012,PER_1000_LIVE_BIRTHS,M,U,,17.17
2012,PER_1000_LIVE_BIRTHS,M,U,KZABY,19.50
2012,PER_1000_LIVE_BIRTHS,M,U,KZAKM,17.82
2012,PER_1000_LIVE_BIRTHS,M,U,KZAKT,17.07
2012,PER_1000_LIVE_BIRTHS,M,U,KZALM,16.12
2012,PER_1000_LIVE_BIRTHS,M,U,KZATY,19.82
2012,PER_1000_LIVE_BIRTHS,M,U,KZZAP,11.94
2012,PER_1000_LIVE_BIRTHS,M,U,KZZHA,16.51
2012,PER_1000_LIVE_BIRTHS,M,U,KZZHS,15.93
2012,PER_1000_LIVE_BIRTHS,M,U,KZKAR,15.24
2012,PER_1000_LIVE_BIRTHS,M,U,KZKUS,17.48
2012,PER_1000_LIVE_BIRTHS,M,U,KZKZY,24.73
2012,PER_1000_LIVE_BIRTHS,M,U,KZMAN,14.80
2012,PER_1000_LIVE_BIRTHS,M,U,KZPAV,11.7
2012,PER_1000_LIVE_BIRTHS,M,U,KZSEV,12.64
2012,PER_1000_LIVE_BIRTHS, M,U,KZYUZ,28.03
2012,PER_1000_LIVE_BIRTHS, M,U,KZULU,20.89
2012,PER_1000_LIVE_BIRTHS,M,U,KZVOS,19.65
2012,PER_1000_LIVE_BIRTHS,M,U,KZNS,14.33
2012,PER_1000_LIVE_BIRTHS,M,U,KZALA,15.15
2012,PER_1000_LIVE_BIRTHS,M,U,KZSHY,16.71
2012,PER_1000_LIVE_BIRTHS,M,R,,19.68
2012,PER_1000_LIVE_BIRTHS,M,R,KZABY,17.83
2012,PER_1000_LIVE_BIRTHS,M,R,KZAKM,11.94
2012,PER_1000_LIVE_BIRTHS,M,R,KZAKT,16.55
2012,PER_1000_LIVE_BIRTHS,M,R,KZALM,18.33
2012,PER_1000_LIVE_BIRTHS,M,R,KZATY,19.83
2012,PER_1000_LIVE_BIRTHS,M,R,KZZAP,19.19
2012,PER_1000_LIVE_BIRTHS,M,R,KZZHA,21.93
2012,PER_1000_LIVE_BIRTHS,M,R,KZZHS,18.03
2012,PER_1000_LIVE_BIRTHS,M,R,KZKAR,15.46
2012,PER_1000_LIVE_BIRTHS,M,R,KZKUS,23.50
2012,PER_1000_LIVE_BIRTHS,M,R,KZKZY,29.89
2012,PER_1000_LIVE_BIRTHS,M,R,KZMAN,19.60
2012,PER_1000_LIVE_BIRTHS,M,R,KZPAV,12.91
2012,PER_1000_LIVE_BIRTHS,M,R,KZSEV,16.22
2012,PER_1000_LIVE_BIRTHS,M,R,KZYUZ,19.71
2012,PER_1000_LIVE_BIRTHS,M,R,KZULU,19.31
2012,PER_1000_LIVE_BIRTHS,M,R,KZVOS,24.41
2012,PER_1000_LIVE_BIRTHS,F,,,14.49
2012,PER_1000_LIVE_BIRTHS,F,,KZABY,18.70
2012,PER_1000_LIVE_BIRTHS,F,,KZAKM,12.80
2012,PER_1000_LIVE_BIRTHS,F,,KZAKT,15.74
2012,PER_1000_LIVE_BIRTHS,F,,KZALM,11.78
2012,PER_1000_LIVE_BIRTHS,F,,KZATY,18.38
2012,PER_1000_LIVE_BIRTHS,F,,KZZAP,8.51
2012,PER_1000_LIVE_BIRTHS,F,,KZZHA,14.47
2012,PER_1000_LIVE_BIRTHS, F,,KZZHS,11.89
2012,PER_1000_LIVE_BIRTHS,F,,KZKAR,11.57
2012,PER_1000_LIVE_BIRTHS,F,,KZKUS,13.91
2012,PER_1000_LIVE_BIRTHS,F,,KZKZY,20.97
2012,PER_1000_LIVE_BIRTHS,F,,KZMAN,15.42
2012,PER_1000_LIVE_BIRTHS,F,,KZPAV,9.6
2012,PER_1000_LIVE_BIRTHS,F,,KZSEV,11.51
2012,PER_1000_LIVE_BIRTHS,F,,KZYUZ,17.85
2012,PER_1000_LIVE_BIRTHS,F,,KZULU,17.81
2012,PER_1000_LIVE_BIRTHS,F,,KZVOS,14.23
2012,PER_1000_LIVE_BIRTHS,F,,KZNS,12.12
2012,PER_1000_LIVE_BIRTHS,F,,KZALA,12.72
2012,PER_1000_LIVE_BIRTHS,F,,KZSHY,13.89
2012,PER_1000_LIVE_BIRTHS,F,U,,13.99
2012,PER_1000_LIVE_BIRTHS,F,U,KZABY,19.41
2012,PER_1000_LIVE_BIRTHS,F,U,KZAKM,13.41
2012,PER_1000_LIVE_BIRTHS,F,U,KZAKT,16.29
2012,PER_1000_LIVE_BIRTHS,F,U,KZALM,12.11
2012,PER_1000_LIVE_BIRTHS,F,U,KZATY,17.60
2012,PER_1000_LIVE_BIRTHS,F,U,KZZAP,5.49
2012,PER_1000_LIVE_BIRTHS,F,U,KZZHA,14.71
2012,PER_1000_LIVE_BIRTHS, F,U,KZZHS,11.88
2012,PER_1000_LIVE_BIRTHS,F,U,KZKAR,11.37
2012,PER_1000_LIVE_BIRTHS,F,U,KZKUS,12.68
2012,PER_1000_LIVE_BIRTHS,F,U,KZKZY,17.74
2012,PER_1000_LIVE_BIRTHS,F,U,KZMAN,15.73
2012,PER_1000_LIVE_BIRTHS,F,U,KZPAV,8.4
2012,PER_1000_LIVE_BIRTHS,F,U,KZSEV,13.40
2012,PER_1000_LIVE_BIRTHS,F,U,KZYUZ,21.19
2012,PER_1000_LIVE_BIRTHS,F,U,KZULU,16.14
2012,PER_1000_LIVE_BIRTHS,F,U,KZVOS,14.07
2012,PER_1000_LIVE_BIRTHS,F,U,KZNS,12.12
2012,PER_1000_LIVE_BIRTHS,F,U,KZALA,12.72
2012,PER_1000_LIVE_BIRTHS,F,U,KZSHY,13.89
2012,PER_1000_LIVE_BIRTHS,F,R,,15.13
2012,PER_1000_LIVE_BIRTHS,F,R,KZABY,17.68
2012,PER_1000_LIVE_BIRTHS,F,R,KZAKM,12.11
2012,PER_1000_LIVE_BIRTHS,F,R,KZAKT,14.42
2012,PER_1000_LIVE_BIRTHS,F,R,KZALM,11.71
2012,PER_1000_LIVE_BIRTHS,F,R,KZATY,19.42
2012,PER_1000_LIVE_BIRTHS,F,R,KZZAP,12.18
2012,PER_1000_LIVE_BIRTHS,F,R,KZZHA,14.31
2012,PER_1000_LIVE_BIRTHS,F,R,KZZHS,11.90
2012,PER_1000_LIVE_BIRTHS,F,R,KZKAR,12.30
2012,PER_1000_LIVE_BIRTHS,F,R,KZKUS,15.65
2012,PER_1000_LIVE_BIRTHS,F,R,KZKZY,23.80
2012,PER_1000_LIVE_BIRTHS,F,R,KZMAN,15.13
2012,PER_1000_LIVE_BIRTHS,F,R,KZPAV,12.23
2012,PER_1000_LIVE_BIRTHS,F,R,KZSEV,10.03
2012,PER_1000_LIVE_BIRTHS,F,R,KZYUZ,16.84
2012,PER_1000_LIVE_BIRTHS,F,R,KZULU,24.83
2012,PER_1000_LIVE_BIRTHS,F,R,KZVOS,14.53
2013,PER_1000_LIVE_BIRTHS,_T,,,14.25
2013,PER_1000_LIVE_BIRTHS,_T,,KZABY,16.37
2013,PER_1000_LIVE_BIRTHS,_T,,KZAKM,14.78
2013,PER_1000_LIVE_BIRTHS,_T,,KZAKT,13.54
2013,PER_1000_LIVE_BIRTHS,_T,,KZALM,12.29
2013,PER_1000_LIVE_BIRTHS,_T,,KZATY,11.89
2013,PER_1000_LIVE_BIRTHS,_T,,KZZAP,9.82
2013,PER_1000_LIVE_BIRTHS,_T,,KZZHA,16.65
2013,PER_1000_LIVE_BIRTHS,_T,,KZZHS,12.74
2013,PER_1000_LIVE_BIRTHS,_T,,KZKAR,11.06
2013,PER_1000_LIVE_BIRTHS,_T,,KZKUS,14.2
2013,PER_1000_LIVE_BIRTHS,_T,,KZKZY,19.82
2013,PER_1000_LIVE_BIRTHS,_T,,KZMAN,12.17
2013,PER_1000_LIVE_BIRTHS,_T,,KZPAV,10.45
2013,PER_1000_LIVE_BIRTHS,_T,,KZSEV,13.78
2013,PER_1000_LIVE_BIRTHS,_T,,KZYUZ,18.41
2013,PER_1000_LIVE_BIRTHS,_T,,KZULU,13.73
2013,PER_1000_LIVE_BIRTHS,_T,,KZVOS,15.07
2013,PER_1000_LIVE_BIRTHS,_T,,KZNS,11.6
2013,PER_1000_LIVE_BIRTHS,_T,,KZALA,11.72
2013,PER_1000_LIVE_BIRTHS,_T,,KZSHY,15.15
2013,PER_1000_LIVE_BIRTHS,_T,U,,13.61
2013,PER_1000_LIVE_BIRTHS,_T,U,KZABY,14.56
2013,PER_1000_LIVE_BIRTHS,_T,U,KZAKM,15.91
2013,PER_1000_LIVE_BIRTHS,_T,U,KZAKT,13.06
2013,PER_1000_LIVE_BIRTHS,_T,U,KZALM,12.28
2013,PER_1000_LIVE_BIRTHS,_T,U,KZATY,11.94
2013,PER_1000_LIVE_BIRTHS,_T,U,KZZAP,9.36
2013,PER_1000_LIVE_BIRTHS,_T,U,KZZHA,21.21
2013,PER_1000_LIVE_BIRTHS,_T,U,KZZHS,13.19
2013,PER_1000_LIVE_BIRTHS,_T,U,KZKAR,10.56
2013,PER_1000_LIVE_BIRTHS,_T,U,KZKUS,12.72
2013,PER_1000_LIVE_BIRTHS,_T,U,KZKZY,17.5
2013,PER_1000_LIVE_BIRTHS,_T,U,KZMAN,10.96
2013,PER_1000_LIVE_BIRTHS,_T,U,KZPAV,9.96
2013,PER_1000_LIVE_BIRTHS,_T,U,KZSEV,13.75
2013,PER_1000_LIVE_BIRTHS,_T,U,KZYUZ,20.37
2013,PER_1000_LIVE_BIRTHS,_T,U,KZULU,12.32
2013,PER_1000_LIVE_BIRTHS,_T,U,KZVOS,14.63
2013,PER_1000_LIVE_BIRTHS,_T,U,KZNS,11.6
2013,PER_1000_LIVE_BIRTHS,_T,U,KZALA,11.72
2013,PER_1000_LIVE_BIRTHS,_T,U,KZSHY,15.15
2013,PER_1000_LIVE_BIRTHS,_T,R,,15.07
2013,PER_1000_LIVE_BIRTHS,_T,R,KZABY,14.56
2013,PER_1000_LIVE_BIRTHS,_T,R,KZAKM,15.91
2013,PER_1000_LIVE_BIRTHS,_T,R,KZAKT,13.06
2013,PER_1000_LIVE_BIRTHS,_T,R,KZALM,12.28
2013,PER_1000_LIVE_BIRTHS,_T,R,KZATY,11.94
2013,PER_1000_LIVE_BIRTHS,_T,R,KZZAP,9.36
2013,PER_1000_LIVE_BIRTHS,_T,R,KZZHA,21.21
2013,PER_1000_LIVE_BIRTHS,_T,R,KZZHS,13.19
2013,PER_1000_LIVE_BIRTHS,_T,R,KZKAR,12.95
2013,PER_1000_LIVE_BIRTHS,_T,R,KZKUS,16.33
2013,PER_1000_LIVE_BIRTHS,_T,R,KZKZY,21.79
2013,PER_1000_LIVE_BIRTHS,_T,R,KZMAN,13.27
2013,PER_1000_LIVE_BIRTHS,_T,R,KZPAV,11.52
2013,PER_1000_LIVE_BIRTHS,_T,R,KZSEV,13.81
2013,PER_1000_LIVE_BIRTHS,_T,R,KZYUZ,17.82
2013,PER_1000_LIVE_BIRTHS,_T,R,KZULU,19.96
2013,PER_1000_LIVE_BIRTHS,_T,R,KZVOS,15.81
2013,PER_1000_LIVE_BIRTHS,M,,,15.96
2013,PER_1000_LIVE_BIRTHS,M,,KZABY,18.94
2013,PER_1000_LIVE_BIRTHS,M,,KZAKM,17.35
2013,PER_1000_LIVE_BIRTHS,M,,KZAKT,15.36
2013,PER_1000_LIVE_BIRTHS,M,,KZALM,14.62
2013,PER_1000_LIVE_BIRTHS,M,,KZATY,12.63
2013,PER_1000_LIVE_BIRTHS,M,,KZZAP,11.81
2013,PER_1000_LIVE_BIRTHS,M,,KZZHA,17.32
2013,PER_1000_LIVE_BIRTHS,M,,KZZHS,14.71
2013,PER_1000_LIVE_BIRTHS,M,,KZKAR,11.88
2013,PER_1000_LIVE_BIRTHS,M,,KZKUS,17.03
2013,PER_1000_LIVE_BIRTHS,M,,KZKZY,20.94
2013,PER_1000_LIVE_BIRTHS,M,,KZMAN,13.5
2013,PER_1000_LIVE_BIRTHS,M,,KZPAV,12.13
2013,PER_1000_LIVE_BIRTHS,M,,KZSEV,13.9
2013,PER_1000_LIVE_BIRTHS,M,,KZYUZ,20.78
2013,PER_1000_LIVE_BIRTHS,M,,KZULU,15.76
2013,PER_1000_LIVE_BIRTHS,M,,KZVOS,17.65
2013,PER_1000_LIVE_BIRTHS,M,,KZNS,12.56
2013,PER_1000_LIVE_BIRTHS,M,,KZALA,13.99
2013,PER_1000_LIVE_BIRTHS,M,,KZSHY,16.11
2013,PER_1000_LIVE_BIRTHS,M,U,,14.95
2013,PER_1000_LIVE_BIRTHS,M,U,KZABY,16.75
2013,PER_1000_LIVE_BIRTHS,M,U,KZAKM,16.93
2013,PER_1000_LIVE_BIRTHS,M,U,KZAKT,14.23
2013,PER_1000_LIVE_BIRTHS,M,U,KZALM,14.33
2013,PER_1000_LIVE_BIRTHS,M,U,KZATY,12.29
2013,PER_1000_LIVE_BIRTHS,M,U,KZZAP,10.88
2013,PER_1000_LIVE_BIRTHS,M,U,KZZHA,20.8
2013,PER_1000_LIVE_BIRTHS,M,U,KZZHS,16.3
2013,PER_1000_LIVE_BIRTHS,M,U,KZKAR,10.3
2013,PER_1000_LIVE_BIRTHS,M,U,KZKUS,16.63
2013,PER_1000_LIVE_BIRTHS,M,U,KZKZY,16.17
2013,PER_1000_LIVE_BIRTHS,M,U,KZMAN,11.68
2013,PER_1000_LIVE_BIRTHS,M,U,KZPAV,10.56
2013,PER_1000_LIVE_BIRTHS,M,U,KZSEV,15.47
2013,PER_1000_LIVE_BIRTHS,M,U,KZYUZ,24.07
2013,PER_1000_LIVE_BIRTHS,M,U,KZULU,13.87
2013,PER_1000_LIVE_BIRTHS,M,U,KZVOS,17.12
2013,PER_1000_LIVE_BIRTHS,M,U,KZNS,12.56
2013,PER_1000_LIVE_BIRTHS,M,U,KZALA,13.99
2013,PER_1000_LIVE_BIRTHS,M,U,KZSHY,16.11
2013,PER_1000_LIVE_BIRTHS,M,R,,17.26
2013,PER_1000_LIVE_BIRTHS,M,R,KZABY,22.27
2013,PER_1000_LIVE_BIRTHS,M,R,KZAKM,17.83
2013,PER_1000_LIVE_BIRTHS,M,R,KZAKT,18.25
2013,PER_1000_LIVE_BIRTHS,M,R,KZALM,14.68
2013,PER_1000_LIVE_BIRTHS,M,R,KZATY,13.06
2013,PER_1000_LIVE_BIRTHS,M,R,KZZAP,12.95
2013,PER_1000_LIVE_BIRTHS,M,R,KZZHA,15.14
2013,PER_1000_LIVE_BIRTHS,M,R,KZZHS,13.48
2013,PER_1000_LIVE_BIRTHS,M,R,KZKAR,17.83
2013,PER_1000_LIVE_BIRTHS,M,R,KZKUS,17.59
2013,PER_1000_LIVE_BIRTHS,M,R,KZKZY,24.9
2013,PER_1000_LIVE_BIRTHS,M,R,KZMAN,15.18
2013,PER_1000_LIVE_BIRTHS,M,R,KZPAV,15.44
2013,PER_1000_LIVE_BIRTHS,M,R,KZSEV,12.63
2013,PER_1000_LIVE_BIRTHS,M,R,KZYUZ,19.78
2013,PER_1000_LIVE_BIRTHS,M,R,KZULU,24.12
2013,PER_1000_LIVE_BIRTHS,M,R,KZVOS,18.59
2013,PER_1000_LIVE_BIRTHS,F,,,12.42
2013,PER_1000_LIVE_BIRTHS,F,,KZABY,13.59
2013,PER_1000_LIVE_BIRTHS,F,,KZAKM,12.04
2013,PER_1000_LIVE_BIRTHS,F,,KZAKT,11.59
2013,PER_1000_LIVE_BIRTHS,F,,KZALM,9.84
2013,PER_1000_LIVE_BIRTHS,F,,KZATY,11.11
2013,PER_1000_LIVE_BIRTHS,F,,KZZAP,7.62
2013,PER_1000_LIVE_BIRTHS,F,,KZZHA,15.93
2013,PER_1000_LIVE_BIRTHS,F,,KZZHS,10.67
2013,PER_1000_LIVE_BIRTHS,F,,KZKAR,10.19
2013,PER_1000_LIVE_BIRTHS,F,,KZKUS,11.21
2013,PER_1000_LIVE_BIRTHS,F,,KZKZY,18.62
2013,PER_1000_LIVE_BIRTHS,F,,KZMAN,10.74
2013,PER_1000_LIVE_BIRTHS,F,,KZPAV,8.62
2013,PER_1000_LIVE_BIRTHS,F,,KZSEV,13.65
2013,PER_1000_LIVE_BIRTHS,F,,KZYUZ,15.91
2013,PER_1000_LIVE_BIRTHS,F,,KZULU,11.64
2013,PER_1000_LIVE_BIRTHS,F,,KZVOS,12.36
2013,PER_1000_LIVE_BIRTHS,F,,KZNS,10.56
2013,PER_1000_LIVE_BIRTHS,F,,KZALA,9.3
2013,PER_1000_LIVE_BIRTHS,F,,KZSHY,14.12
2013,PER_1000_LIVE_BIRTHS,F,U,,12.17
2013,PER_1000_LIVE_BIRTHS,F,U,KZABY,12.15
2013,PER_1000_LIVE_BIRTHS,F,U,KZAKM,14.81
2013,PER_1000_LIVE_BIRTHS,F,U,KZAKT,11.81
2013,PER_1000_LIVE_BIRTHS,F,U,KZALM,10.11
2013,PER_1000_LIVE_BIRTHS,F,U,KZATY,11.57
2013,PER_1000_LIVE_BIRTHS,F,U,KZZAP,7.65
2013,PER_1000_LIVE_BIRTHS,F,U,KZZHA,21.63
2013,PER_1000_LIVE_BIRTHS,F,U,KZZHS,9.89
2013,PER_1000_LIVE_BIRTHS,F,U,KZKAR,10.83
2013,PER_1000_LIVE_BIRTHS,F,U,KZKUS,8.7
2013,PER_1000_LIVE_BIRTHS,F,U,KZKZY,18.91
2013,PER_1000_LIVE_BIRTHS,F,U,KZMAN,10.19
2013,PER_1000_LIVE_BIRTHS,F,U,KZPAV,9.31
2013,PER_1000_LIVE_BIRTHS,F,U,KZSEV,11.89
2013,PER_1000_LIVE_BIRTHS,F,U,KZYUZ,16.4
2013,PER_1000_LIVE_BIRTHS,F,U,KZULU,10.72
2013,PER_1000_LIVE_BIRTHS,F,U,KZVOS,12
2013,PER_1000_LIVE_BIRTHS,F,U,KZNS,10.56
2013,PER_1000_LIVE_BIRTHS,F,U,KZALA,9.3
2013,PER_1000_LIVE_BIRTHS,F,U,KZSHY,14.12
2013,PER_1000_LIVE_BIRTHS,F,R,,12.74
2013,PER_1000_LIVE_BIRTHS,F,R,KZABY,15.71
2013,PER_1000_LIVE_BIRTHS,F,R,KZAKM,8.89
2013,PER_1000_LIVE_BIRTHS,F,R,KZAKT,11.03
2013,PER_1000_LIVE_BIRTHS,F,R,KZALM,9.79
2013,PER_1000_LIVE_BIRTHS,F,R,KZATY,10.53
2013,PER_1000_LIVE_BIRTHS,F,R,KZZAP,7.59
2013,PER_1000_LIVE_BIRTHS,F,R,KZZHA,12.29
2013,PER_1000_LIVE_BIRTHS,F,R,KZZHS,11.26
2013,PER_1000_LIVE_BIRTHS,F,R,KZKAR,7.84
2013,PER_1000_LIVE_BIRTHS,F,R,KZKUS,14.95
2013,PER_1000_LIVE_BIRTHS,F,R,KZKZY,18.36
2013,PER_1000_LIVE_BIRTHS,F,R,KZMAN,11.24
2013,PER_1000_LIVE_BIRTHS,F,R,KZPAV,7.12
2013,PER_1000_LIVE_BIRTHS,F,R,KZSEV,15.1
2013,PER_1000_LIVE_BIRTHS,F,R,KZYUZ,15.76
2013,PER_1000_LIVE_BIRTHS,F,R,KZULU,15.7
2013,PER_1000_LIVE_BIRTHS,F,R,KZVOS,12.98
2014,PER_1000_LIVE_BIRTHS,_T,,,12.4
2014,PER_1000_LIVE_BIRTHS,_T,,KZABY,12.95
2014,PER_1000_LIVE_BIRTHS,_T,,KZAKM,12.02
2014,PER_1000_LIVE_BIRTHS,_T,,KZAKT,11.77
2014,PER_1000_LIVE_BIRTHS,_T,,KZALM,11.23
2014,PER_1000_LIVE_BIRTHS,_T,,KZATY,11.78
2014,PER_1000_LIVE_BIRTHS,_T,,KZZAP,10.89
2014,PER_1000_LIVE_BIRTHS,_T,,KZZHA,13.29
2014,PER_1000_LIVE_BIRTHS,_T,,KZZHS,11.62
2014,PER_1000_LIVE_BIRTHS,_T,,KZKAR,10.76
2014,PER_1000_LIVE_BIRTHS,_T,,KZKUS,14.18
2014,PER_1000_LIVE_BIRTHS,_T,,KZKZY,17.14
2014,PER_1000_LIVE_BIRTHS,_T,,KZMAN,11.52
2014,PER_1000_LIVE_BIRTHS,_T,,KZPAV,9.89
2014,PER_1000_LIVE_BIRTHS,_T,,KZSEV,10.83
2014,PER_1000_LIVE_BIRTHS,_T,,KZYUZ,14.91
2014,PER_1000_LIVE_BIRTHS,_T,,KZULU,11.55
2014,PER_1000_LIVE_BIRTHS,_T,,KZVOS,13.57
2014,PER_1000_LIVE_BIRTHS,_T,,KZNS,8.35
2014,PER_1000_LIVE_BIRTHS,_T,,KZALA,9.46
2014,PER_1000_LIVE_BIRTHS,_T,,KZSHY,15.51
2014,PER_1000_LIVE_BIRTHS,_T,U,,11.98
2014,PER_1000_LIVE_BIRTHS,_T,U,KZABY,14.15
2014,PER_1000_LIVE_BIRTHS,_T,U,KZAKM,11.42
2014,PER_1000_LIVE_BIRTHS,_T,U,KZAKT,12.11
2014,PER_1000_LIVE_BIRTHS,_T,U,KZALM,10.28
2014,PER_1000_LIVE_BIRTHS,_T,U,KZATY,10.64
2014,PER_1000_LIVE_BIRTHS,_T,U,KZZAP,10.76
2014,PER_1000_LIVE_BIRTHS,_T,U,KZZHA,17.59
2014,PER_1000_LIVE_BIRTHS,_T,U,KZZHS,10.46
2014,PER_1000_LIVE_BIRTHS,_T,U,KZKAR,9.98
2014,PER_1000_LIVE_BIRTHS,_T,U,KZKUS,14
2014,PER_1000_LIVE_BIRTHS,_T,U,KZKZY,17.21
2014,PER_1000_LIVE_BIRTHS,_T,U,KZMAN,11.73
2014,PER_1000_LIVE_BIRTHS,_T,U,KZPAV,8.8
2014,PER_1000_LIVE_BIRTHS,_T,U,KZSEV,9.02
2014,PER_1000_LIVE_BIRTHS,_T,U,KZYUZ,16.16
2014,PER_1000_LIVE_BIRTHS,_T,U,KZULU,10.36
2014,PER_1000_LIVE_BIRTHS,_T,U,KZVOS,12
2014,PER_1000_LIVE_BIRTHS,_T,U,KZNS,8.35
2014,PER_1000_LIVE_BIRTHS,_T,U,KZALA,9.46
2014,PER_1000_LIVE_BIRTHS,_T,U,KZSHY,15.51
2014,PER_1000_LIVE_BIRTHS,_T,R,,12.96
2014,PER_1000_LIVE_BIRTHS,_T,R,KZABY,14.15
2014,PER_1000_LIVE_BIRTHS,_T,R,KZAKM,11.42
2014,PER_1000_LIVE_BIRTHS,_T,R,KZAKT,12.11
2014,PER_1000_LIVE_BIRTHS,_T,R,KZALM,10.28
2014,PER_1000_LIVE_BIRTHS,_T,R,KZATY,10.64
2014,PER_1000_LIVE_BIRTHS,_T,R,KZZAP,10.76
2014,PER_1000_LIVE_BIRTHS,_T,R,KZZHA,17.59
2014,PER_1000_LIVE_BIRTHS,_T,R,KZZHS,10.46
2014,PER_1000_LIVE_BIRTHS,_T,R,KZKAR,13.64
2014,PER_1000_LIVE_BIRTHS,_T,R,KZKUS,14.44
2014,PER_1000_LIVE_BIRTHS,_T,R,KZKZY,17.08
2014,PER_1000_LIVE_BIRTHS,_T,R,KZMAN,11.32
2014,PER_1000_LIVE_BIRTHS,_T,R,KZPAV,12.31
2014,PER_1000_LIVE_BIRTHS,_T,R,KZSEV,12.45
2014,PER_1000_LIVE_BIRTHS,_T,R,KZYUZ,14.52
2014,PER_1000_LIVE_BIRTHS,_T,R,KZULU,17.08
2014,PER_1000_LIVE_BIRTHS,_T,R,KZVOS,16.29
2014,PER_1000_LIVE_BIRTHS,M,,,13.6
2014,PER_1000_LIVE_BIRTHS,M,,KZABY,14.57
2014,PER_1000_LIVE_BIRTHS,M,,KZAKM,13.72
2014,PER_1000_LIVE_BIRTHS,M,,KZAKT,12.08
2014,PER_1000_LIVE_BIRTHS,M,,KZALM,11.91
2014,PER_1000_LIVE_BIRTHS,M,,KZATY,12.61
2014,PER_1000_LIVE_BIRTHS,M,,KZZAP,12.04
2014,PER_1000_LIVE_BIRTHS,M,,KZZHA,14.04
2014,PER_1000_LIVE_BIRTHS,M,,KZZHS,13.23
2014,PER_1000_LIVE_BIRTHS,M,,KZKAR,12.25
2014,PER_1000_LIVE_BIRTHS,M,,KZKUS,15.01
2014,PER_1000_LIVE_BIRTHS,M,,KZKZY,18.48
2014,PER_1000_LIVE_BIRTHS,M,,KZMAN,13.59
2014,PER_1000_LIVE_BIRTHS,M,,KZPAV,10.15
2014,PER_1000_LIVE_BIRTHS,M,,KZSEV,11.85
2014,PER_1000_LIVE_BIRTHS,M,,KZYUZ,16.56
2014,PER_1000_LIVE_BIRTHS,M,,KZULU,15.03
2014,PER_1000_LIVE_BIRTHS,M,,KZVOS,13.29
2014,PER_1000_LIVE_BIRTHS,M,,KZNS,9.54
2014,PER_1000_LIVE_BIRTHS,M,,KZALA,10.65
2014,PER_1000_LIVE_BIRTHS,M,,KZSHY,17.2
2014,PER_1000_LIVE_BIRTHS,M,U,,12.11
2014,PER_1000_LIVE_BIRTHS,M,U,KZABY,16.86
2014,PER_1000_LIVE_BIRTHS,M,U,KZAKM,12.69
2014,PER_1000_LIVE_BIRTHS,M,U,KZAKT,11.94
2014,PER_1000_LIVE_BIRTHS,M,U,KZALM,8.89
2014,PER_1000_LIVE_BIRTHS,M,U,KZATY,11.16
2014,PER_1000_LIVE_BIRTHS,M,U,KZZAP,11.01
2014,PER_1000_LIVE_BIRTHS,M,U,KZZHA,18.3
2014,PER_1000_LIVE_BIRTHS,M,U,KZZHS,10.37
2014,PER_1000_LIVE_BIRTHS,M,U,KZKAR,11.19
2014,PER_1000_LIVE_BIRTHS,M,U,KZKUS,13.82
2014,PER_1000_LIVE_BIRTHS,M,U,KZKZY,18.45
2014,PER_1000_LIVE_BIRTHS,M,U,KZMAN,14.01
2014,PER_1000_LIVE_BIRTHS,M,U,KZPAV,8.03
2014,PER_1000_LIVE_BIRTHS,M,U,KZSEV,8.82
2014,PER_1000_LIVE_BIRTHS,M,U,KZYUZ,19.17
2014,PER_1000_LIVE_BIRTHS,M,U,KZULU,13.61
2014,PER_1000_LIVE_BIRTHS,M,U,KZVOS,11.43
2014,PER_1000_LIVE_BIRTHS,M,U,KZNS,9.54
2014,PER_1000_LIVE_BIRTHS,M,U,KZALA,10.65
2014,PER_1000_LIVE_BIRTHS,M,U,KZSHY,17.2
2014,PER_1000_LIVE_BIRTHS,M,R,,14.39
2014,PER_1000_LIVE_BIRTHS,M,R,KZABY,11.21
2014,PER_1000_LIVE_BIRTHS,M,R,KZAKM,14.94
2014,PER_1000_LIVE_BIRTHS,M,R,KZAKT,12.46
2014,PER_1000_LIVE_BIRTHS,M,R,KZALM,12.51
2014,PER_1000_LIVE_BIRTHS,M,R,KZATY,14.52
2014,PER_1000_LIVE_BIRTHS,M,R,KZZAP,13.19
2014,PER_1000_LIVE_BIRTHS,M,R,KZZHA,11.34
2014,PER_1000_LIVE_BIRTHS,M,R,KZZHS,15.38
2014,PER_1000_LIVE_BIRTHS,M,R,KZKAR,16.26
2014,PER_1000_LIVE_BIRTHS,M,R,KZKUS,16.72
2014,PER_1000_LIVE_BIRTHS,M,R,KZKZY,18.5
2014,PER_1000_LIVE_BIRTHS,M,R,KZMAN,13.2
2014,PER_1000_LIVE_BIRTHS,M,R,KZPAV,14.83
2014,PER_1000_LIVE_BIRTHS,M,R,KZSEV,14.69
2014,PER_1000_LIVE_BIRTHS,M,R,KZYUZ,15.72
2014,PER_1000_LIVE_BIRTHS,M,R,KZULU,21.19
2014,PER_1000_LIVE_BIRTHS,M,R,KZVOS,16.42
2014,PER_1000_LIVE_BIRTHS,F,,,11.13
2014,PER_1000_LIVE_BIRTHS,F,,KZABY,11.23
2014,PER_1000_LIVE_BIRTHS,F,,KZAKM,10.24
2014,PER_1000_LIVE_BIRTHS,F,,KZAKT,11.43
2014,PER_1000_LIVE_BIRTHS,F,,KZALM,10.5
2014,PER_1000_LIVE_BIRTHS,F,,KZATY,10.88
2014,PER_1000_LIVE_BIRTHS,F,,KZZAP,9.66
2014,PER_1000_LIVE_BIRTHS,F,,KZZHA,12.5
2014,PER_1000_LIVE_BIRTHS,F,,KZZHS,9.9
2014,PER_1000_LIVE_BIRTHS,F,,KZKAR,9.18
2014,PER_1000_LIVE_BIRTHS,F,,KZKUS,13.31
2014,PER_1000_LIVE_BIRTHS,F,,KZKZY,15.74
2014,PER_1000_LIVE_BIRTHS,F,,KZMAN,9.31
2014,PER_1000_LIVE_BIRTHS,F,,KZPAV,9.62
2014,PER_1000_LIVE_BIRTHS,F,,KZSEV,9.76
2014,PER_1000_LIVE_BIRTHS,F,,KZYUZ,13.16
2014,PER_1000_LIVE_BIRTHS,F,,KZULU,7.9
2014,PER_1000_LIVE_BIRTHS,F,,KZVOS,13.86
2014,PER_1000_LIVE_BIRTHS,F,,KZNS,7.8
2014,PER_1000_LIVE_BIRTHS,F,,KZALA,8.19
2014,PER_1000_LIVE_BIRTHS,F,,KZSHY,13.7
2014,PER_1000_LIVE_BIRTHS,F,U,,10.9
2014,PER_1000_LIVE_BIRTHS,F,U,KZABY,11.31
2014,PER_1000_LIVE_BIRTHS,F,U,KZAKM,10.1
2014,PER_1000_LIVE_BIRTHS,F,U,KZAKT,12.31
2014,PER_1000_LIVE_BIRTHS,F,U,KZALM,11.73
2014,PER_1000_LIVE_BIRTHS,F,U,KZATY,10.09
2014,PER_1000_LIVE_BIRTHS,F,U,KZZAP,10.48
2014,PER_1000_LIVE_BIRTHS,F,U,KZZHA,16.85
2014,PER_1000_LIVE_BIRTHS,F,U,KZZHS,10.55
2014,PER_1000_LIVE_BIRTHS,F,U,KZKAR,8.69
2014,PER_1000_LIVE_BIRTHS,F,U,KZKUS,14.19
2014,PER_1000_LIVE_BIRTHS,F,U,KZKZY,15.88
2014,PER_1000_LIVE_BIRTHS,F,U,KZMAN,9.34
2014,PER_1000_LIVE_BIRTHS,F,U,KZPAV,9.61
2014,PER_1000_LIVE_BIRTHS,F,U,KZSEV,9.24
2014,PER_1000_LIVE_BIRTHS,F,U,KZYUZ,12.88
2014,PER_1000_LIVE_BIRTHS,F,U,KZULU,7.0
2014,PER_1000_LIVE_BIRTHS,F,U,KZVOS,12.59
2014,PER_1000_LIVE_BIRTHS,F,U,KZNS,7.08
2014,PER_1000_LIVE_BIRTHS,F,U,KZALA,8.19
2014,PER_1000_LIVE_BIRTHS,F,U,KZSHY,13.7
2014,PER_1000_LIVE_BIRTHS,F,R,,11.43
2014,PER_1000_LIVE_BIRTHS,F,R,KZABY,11.1
2014,PER_1000_LIVE_BIRTHS,F,R,KZAKM,10.4
2014,PER_1000_LIVE_BIRTHS,F,R,KZAKT,9.17
2014,PER_1000_LIVE_BIRTHS,F,R,KZALM,10.24
2014,PER_1000_LIVE_BIRTHS,F,R,KZATY,11.92
2014,PER_1000_LIVE_BIRTHS,F,R,KZZAP,8.74
2014,PER_1000_LIVE_BIRTHS,F,R,KZZHA,9.78
2014,PER_1000_LIVE_BIRTHS,F ,R,KZZHS,9.41
2014,PER_1000_LIVE_BIRTHS,F,R,KZKAR,10.96
2014,PER_1000_LIVE_BIRTHS,F,R,KZKUS,12.06
2014,PER_1000_LIVE_BIRTHS,F,R,KZKZY,15.62
2014,PER_1000_LIVE_BIRTHS,F,R,KZMAN,9.28
2014,PER_1000_LIVE_BIRTHS,F,R,KZPAV,9.64
2014,PER_1000_LIVE_BIRTHS,F,R,KZSEV,10.19
2014,PER_1000_LIVE_BIRTHS,F,R,KZYUZ,13.25
2014,PER_1000_LIVE_BIRTHS,F,R,KZULU,12.32
2014,PER_1000_LIVE_BIRTHS,F,R,KZVOS,16.15
2015,PER_1000_LIVE_BIRTHS,_T,,,12.11
2015,PER_1000_LIVE_BIRTHS,_T,,KZABY,13.38
2015,PER_1000_LIVE_BIRTHS,_T,,KZAKM,10.18
2015,PER_1000_LIVE_BIRTHS,_T,,KZAKT,12.26
2015,PER_1000_LIVE_BIRTHS,_T,,KZALM,10.73
2015,PER_1000_LIVE_BIRTHS,_T,,KZATY,9.62
2015,PER_1000_LIVE_BIRTHS,_T,,KZZAP,10.79
2015,PER_1000_LIVE_BIRTHS,_T,,KZZHA,13.9
2015,PER_1000_LIVE_BIRTHS,_T,,KZZHS,11.22
2015,PER_1000_LIVE_BIRTHS,_T,,KZKAR,10.71
2015,PER_1000_LIVE_BIRTHS,_T,,KZKUS,12.84
2015,PER_1000_LIVE_BIRTHS,_T,,KZKZY,15.25
2015,PER_1000_LIVE_BIRTHS,_T,,KZMAN,12.43
2015,PER_1000_LIVE_BIRTHS,_T,,KZPAV,9.08
2015,PER_1000_LIVE_BIRTHS,_T,,KZSEV,10.21
2015,PER_1000_LIVE_BIRTHS,_T,,KZYUZ,15.56
2015,PER_1000_LIVE_BIRTHS,_T,,KZULU,13.18
2015,PER_1000_LIVE_BIRTHS,_T,,KZVOS,10.89
2015,PER_1000_LIVE_BIRTHS,_T,,KZNS,8.95
2015,PER_1000_LIVE_BIRTHS,_T,,KZALA,10.46
2015,PER_1000_LIVE_BIRTHS,_T,,KZSHY,13.02
2015,PER_1000_LIVE_BIRTHS,_T,U,,11.83
2015,PER_1000_LIVE_BIRTHS,_T,U,KZABY,13.56
2015,PER_1000_LIVE_BIRTHS,_T,U,KZAKM,10.67
2015,PER_1000_LIVE_BIRTHS,_T,U,KZAKT,12.31
2015,PER_1000_LIVE_BIRTHS,_T,U,KZALM,11.5
2015,PER_1000_LIVE_BIRTHS,_T,U,KZATY,8.55
2015,PER_1000_LIVE_BIRTHS,_T,U,KZZAP,11.46
2015,PER_1000_LIVE_BIRTHS,_T,U,KZZHA,18.26
2015,PER_1000_LIVE_BIRTHS,_T,U,KZZHS,11.09
2015,PER_1000_LIVE_BIRTHS,_T,U,KZKAR,10
2015,PER_1000_LIVE_BIRTHS,_T,U,KZKUS,13.8
2015,PER_1000_LIVE_BIRTHS,_T,U,KZKZY,16.79
2015,PER_1000_LIVE_BIRTHS,_T,U,KZMAN,10.3
2015,PER_1000_LIVE_BIRTHS,_T,U,KZPAV,8.83
2015,PER_1000_LIVE_BIRTHS,_T,U,KZSEV,9.78
2015,PER_1000_LIVE_BIRTHS,_T,U,KZYUZ,16.67
2015,PER_1000_LIVE_BIRTHS,_T,U,KZULU,13.84
2015,PER_1000_LIVE_BIRTHS,_T,U,KZVOS,10.1
2015,PER_1000_LIVE_BIRTHS,_T,U,KZNS,8.95
2015,PER_1000_LIVE_BIRTHS,_T,U,KZALA,10.46
2015,PER_1000_LIVE_BIRTHS,_T,U,KZSHY,13.02
2015,PER_1000_LIVE_BIRTHS,_T,R,,12.48
2015,PER_1000_LIVE_BIRTHS,_T,R,KZABY,13.56
2015,PER_1000_LIVE_BIRTHS,_T,R,KZAKM,10.67
2015,PER_1000_LIVE_BIRTHS,_T,R,KZAKT,12.31
2015,PER_1000_LIVE_BIRTHS,_T,R,KZALM,11.5
2015,PER_1000_LIVE_BIRTHS,_T,R,KZATY,8.55
2015,PER_1000_LIVE_BIRTHS,_T,R,KZZAP,11.46
2015,PER_1000_LIVE_BIRTHS,_T,R,KZZHA,18.26
2015,PER_1000_LIVE_BIRTHS,_T,R,KZZHS,11.09
2015,PER_1000_LIVE_BIRTHS,_T,R,KZKAR,13.42
2015,PER_1000_LIVE_BIRTHS,_T,R,KZKUS,11.43
2015,PER_1000_LIVE_BIRTHS,_T,R,KZKZY,13.88
2015,PER_1000_LIVE_BIRTHS,_T,R,KZMAN,13.99
2015,PER_1000_LIVE_BIRTHS,_T,R,KZPAV,9.68
2015,PER_1000_LIVE_BIRTHS,_T,R,KZSEV,10.6
2015,PER_1000_LIVE_BIRTHS,_T,R,KZYUZ,15.21
2015,PER_1000_LIVE_BIRTHS,_T,R,KZULU,10.27
2015,PER_1000_LIVE_BIRTHS,_T,R,KZVOS,12.44
2015,PER_1000_LIVE_BIRTHS,M,,,13.44
2015,PER_1000_LIVE_BIRTHS,M,,KZABY,14.08
2015,PER_1000_LIVE_BIRTHS,M,,KZAKM,10.72
2015,PER_1000_LIVE_BIRTHS,M,,KZAKT,13.76
2015,PER_1000_LIVE_BIRTHS,M,,KZALM,12.52
2015,PER_1000_LIVE_BIRTHS,M,,KZATY,9.34
2015,PER_1000_LIVE_BIRTHS,M,,KZZAP,11.06
2015,PER_1000_LIVE_BIRTHS,M,,KZZHA,15.34
2015,PER_1000_LIVE_BIRTHS,M,,KZZHS,12.9
2015,PER_1000_LIVE_BIRTHS,M,,KZKAR,12.84
2015,PER_1000_LIVE_BIRTHS,M,,KZKUS,13.95
2015,PER_1000_LIVE_BIRTHS,M,,KZKZY,16.75
2015,PER_1000_LIVE_BIRTHS,M,,KZMAN,14.79
2015,PER_1000_LIVE_BIRTHS,M,,KZPAV,10.3
2015,PER_1000_LIVE_BIRTHS,M,,KZSEV,10.36
2015,PER_1000_LIVE_BIRTHS,M,,KZYUZ,17.27
2015,PER_1000_LIVE_BIRTHS,M,,KZULU,13.42
2015,PER_1000_LIVE_BIRTHS,M,,KZVOS,12.48
2015,PER_1000_LIVE_BIRTHS,M,,KZNS,10.06
2015,PER_1000_LIVE_BIRTHS,M,,KZALA,11.48
2015,PER_1000_LIVE_BIRTHS,M,,KZSHY,14.44
2015,PER_1000_LIVE_BIRTHS,M,U,,13.07
2015,PER_1000_LIVE_BIRTHS,M,U,KZABY,12.98
2015,PER_1000_LIVE_BIRTHS,M,U,KZAKM,10.84
2015,PER_1000_LIVE_BIRTHS,M,U,KZAKT,13.09
2015,PER_1000_LIVE_BIRTHS,M,U,KZALM,13.43
2015,PER_1000_LIVE_BIRTHS,M,U,KZATY,9.93
2015,PER_1000_LIVE_BIRTHS,M,U,KZZAP,11.15
2015,PER_1000_LIVE_BIRTHS,M,U,KZZHA,20.43
2015,PER_1000_LIVE_BIRTHS,M,U,KZZHS,12.21
2015,PER_1000_LIVE_BIRTHS,M,U,KZKAR,12.41
2015,PER_1000_LIVE_BIRTHS,M,U,KZKUS,15.63
2015,PER_1000_LIVE_BIRTHS,M,U,KZKZY,19.36
2015,PER_1000_LIVE_BIRTHS,M,U,KZMAN,10.87
2015,PER_1000_LIVE_BIRTHS,M,U,KZPAV,9.39
2015,PER_1000_LIVE_BIRTHS,M,U,KZSEV,10.39
2015,PER_1000_LIVE_BIRTHS,M,U,KZYUZ,18.25
2015,PER_1000_LIVE_BIRTHS,M,U,KZULU,13.98
2015,PER_1000_LIVE_BIRTHS,M,U,KZVOS,11.74
2015,PER_1000_LIVE_BIRTHS,M,U,KZNS,10.06
2015,PER_1000_LIVE_BIRTHS,M,U,KZALA,11.48
2015,PER_1000_LIVE_BIRTHS,M,U,KZSHY,14.44
2015,PER_1000_LIVE_BIRTHS,M,R,,13.95
2015,PER_1000_LIVE_BIRTHS,M,R,KZABY,15.79
2015,PER_1000_LIVE_BIRTHS,M,R,KZAKM,10.57
2015,PER_1000_LIVE_BIRTHS,M,R,KZAKT,15.64
2015,PER_1000_LIVE_BIRTHS,M,R,KZALM,12.32
2015,PER_1000_LIVE_BIRTHS,M,R,KZATY,8.59
2015,PER_1000_LIVE_BIRTHS,M,R,KZZAP,10.96
2015,PER_1000_LIVE_BIRTHS,M,R,KZZHA,11.9
2015,PER_1000_LIVE_BIRTHS, M,R,KZZHS,13.46
2015,PER_1000_LIVE_BIRTHS,M,R,KZKAR,14.43
2015,PER_1000_LIVE_BIRTHS,M,R,KZKUS,11.41
2015,PER_1000_LIVE_BIRTHS,M,R,KZKZY,14.42
2015,PER_1000_LIVE_BIRTHS,M,R,KZMAN,17.66
2015,PER_1000_LIVE_BIRTHS,M,R,KZPAV,12.44
2015,PER_1000_LIVE_BIRTHS,M,R,KZSEV,10.32
2015,PER_1000_LIVE_BIRTHS,M,R,KZYUZ,16.96
2015,PER_1000_LIVE_BIRTHS,M,R,KZULU,11.06
2015,PER_1000_LIVE_BIRTHS,M,R,KZVOS,13.93
2015,PER_1000_LIVE_BIRTHS,F,,,10.69
2015,PER_1000_LIVE_BIRTHS,F,,KZABY,12.65
2015,PER_1000_LIVE_BIRTHS,F,,KZAKM,9.6
2015,PER_1000_LIVE_BIRTHS,F,,KZAKT,10.64
2015,PER_1000_LIVE_BIRTHS,F,,KZALM,8.85
2015,PER_1000_LIVE_BIRTHS,F,,KZATY,9.91
2015,PER_1000_LIVE_BIRTHS,F,,KZZAP,10.5
2015,PER_1000_LIVE_BIRTHS,F,,KZZHA,12.37
2015,PER_1000_LIVE_BIRTHS,F,,KZZHS,9.43
2015,PER_1000_LIVE_BIRTHS,F,,KZKAR,8.45
2015,PER_1000_LIVE_BIRTHS,F,,KZKUS,11.66
2015,PER_1000_LIVE_BIRTHS,F,,KZKZY,13.63
2015,PER_1000_LIVE_BIRTHS,F,,KZMAN,9.89
2015,PER_1000_LIVE_BIRTHS,F,,KZPAV,7.82
2015,PER_1000_LIVE_BIRTHS,F,,KZSEV,10.04
2015,PER_1000_LIVE_BIRTHS,F,,KZYUZ,13.76
2015,PER_1000_LIVE_BIRTHS,F,,KZULU,12.93
2015,PER_1000_LIVE_BIRTHS,F,,KZVOS,9.2
2015,PER_1000_LIVE_BIRTHS,F,,KZNS,7.8
2015,PER_1000_LIVE_BIRTHS,F,,KZALA,9.36
2015,PER_1000_LIVE_BIRTHS,F,,KZSHY,11.49
2015,PER_1000_LIVE_BIRTHS,F,U,,10.52
2015,PER_1000_LIVE_BIRTHS,F,U,KZABY,14.16
2015,PER_1000_LIVE_BIRTHS,F,U,KZAKM,10.49
2015,PER_1000_LIVE_BIRTHS,F,U,KZAKT,11.48
2015,PER_1000_LIVE_BIRTHS,F,U,KZALM,9.44
2015,PER_1000_LIVE_BIRTHS,F,U,KZATY,7.13
2015,PER_1000_LIVE_BIRTHS,F,U,KZZAP,11.79
2015,PER_1000_LIVE_BIRTHS,F,U,KZZHA,15.88
2015,PER_1000_LIVE_BIRTHS,F,U,KZZHS,9.91
2015,PER_1000_LIVE_BIRTHS,F,U,KZKAR,7.46
2015,PER_1000_LIVE_BIRTHS,F,U,KZKUS,11.81
2015,PER_1000_LIVE_BIRTHS,F,U,KZKZY,14.0
2015,PER_1000_LIVE_BIRTHS,F,U,KZMAN,9.69
2015,PER_1000_LIVE_BIRTHS,F,U,KZONT,12.63
2015,PER_1000_LIVE_BIRTHS,F,U,KZPAV,8.23
2015,PER_1000_LIVE_BIRTHS,F,U,KZSEV,9.13
2015,PER_1000_LIVE_BIRTHS,F,U,KZYUZ,15
2015,PER_1000_LIVE_BIRTHS,F,U,KZULU,13.71
2015,PER_1000_LIVE_BIRTHS,F,U,KZVOS,8.35
2015,PER_1000_LIVE_BIRTHS,F,U,KZNS,7.8
2015,PER_1000_LIVE_BIRTHS,F,U,KZALA,9.36
2015,PER_1000_LIVE_BIRTHS,F,U,KZSHY,11.49
2015,PER_1000_LIVE_BIRTHS,F,R,,10.92
2015,PER_1000_LIVE_BIRTHS,F,R,KZABY,10.39
2015,PER_1000_LIVE_BIRTHS,F,R,KZAKM,8.55
2015,PER_1000_LIVE_BIRTHS,F,R,KZAKT,8.29
2015,PER_1000_LIVE_BIRTHS,F,R,KZALM,8.72
2015,PER_1000_LIVE_BIRTHS,F,R,KZATY,13.78
2015,PER_1000_LIVE_BIRTHS,F,R,KZZAP,8.99
2015,PER_1000_LIVE_BIRTHS,F,R,KZZHA,10.08
2015,PER_1000_LIVE_BIRTHS,F,R,KZZHS,9.04
2015,PER_1000_LIVE_BIRTHS,F,R,KZKAR,12.32
2015,PER_1000_LIVE_BIRTHS,F,R,KZKUS,11.46
2015,PER_1000_LIVE_BIRTHS,F,R,KZKZY,13.31
2015,PER_1000_LIVE_BIRTHS,F,R,KZMAN,10.04
2015,PER_1000_LIVE_BIRTHS,F,R,KZPAV,6.87
2015,PER_1000_LIVE_BIRTHS,F,R,KZSEV,10.9
2015,PER_1000_LIVE_BIRTHS,F,R,KZYUZ,13.36
2015,PER_1000_LIVE_BIRTHS,F,R,KZULU,9.43
2015,PER_1000_LIVE_BIRTHS,F,R,KZVOS,10.87
2016,PER_1000_LIVE_BIRTHS,_T,,,10.92
2016,PER_1000_LIVE_BIRTHS,_T,,KZABY,11.7
2016,PER_1000_LIVE_BIRTHS,_T,,KZAKM,9.68
2016,PER_1000_LIVE_BIRTHS,_T,,KZAKT,10.37
2016,PER_1000_LIVE_BIRTHS,_T,,KZALM,9.32
2016,PER_1000_LIVE_BIRTHS,_T,,KZATY,11.05
2016,PER_1000_LIVE_BIRTHS,_T,,KZZAP,9.56
2016,PER_1000_LIVE_BIRTHS,_T,,KZZHA,11.63
2016,PER_1000_LIVE_BIRTHS,_T,,KZZHS,11.02
2016,PER_1000_LIVE_BIRTHS,_T,,KZKAR,9.96
2016,PER_1000_LIVE_BIRTHS,_T,,KZKUS,11.39
2016,PER_1000_LIVE_BIRTHS,_T,,KZKZY,13.65
2016,PER_1000_LIVE_BIRTHS,_T,,KZMAN,11.71
2016,PER_1000_LIVE_BIRTHS,_T,,KZPAV,9.27
2016,PER_1000_LIVE_BIRTHS,_T,,KZSEV,8.7
2016,PER_1000_LIVE_BIRTHS,_T,,KZYUZ,15.11
2016,PER_1000_LIVE_BIRTHS,_T,,KZULU,10.03
2016,PER_1000_LIVE_BIRTHS,_T,,KZVOS,11.54
2016,PER_1000_LIVE_BIRTHS,_T,,KZNS,7.93
2016,PER_1000_LIVE_BIRTHS,_T,,KZALA,8.76
2016,PER_1000_LIVE_BIRTHS,_T,,KZSHY,9.48
2016,PER_1000_LIVE_BIRTHS,_T,U,,10.17
2016,PER_1000_LIVE_BIRTHS,_T,U,KZABY,11.57
2016,PER_1000_LIVE_BIRTHS,_T,U,KZAKM,8.79
2016,PER_1000_LIVE_BIRTHS,_T,U,KZAKT,9.66
2016,PER_1000_LIVE_BIRTHS,_T,U,KZALM,7.57
2016,PER_1000_LIVE_BIRTHS,_T,U,KZATY,10.34
2016,PER_1000_LIVE_BIRTHS,_T,U,KZZAP,9.42
2016,PER_1000_LIVE_BIRTHS,_T,U,KZZHA,13.43
2016,PER_1000_LIVE_BIRTHS,_T,U,KZZHS,13.45
2016,PER_1000_LIVE_BIRTHS,_T,U,KZKAR,9.63
2016,PER_1000_LIVE_BIRTHS,_T,U,KZKUS,10.5
2016,PER_1000_LIVE_BIRTHS,_T,U,KZKZY,16.01
2016,PER_1000_LIVE_BIRTHS,_T,U,KZMAN,10.71
2016,PER_1000_LIVE_BIRTHS,_T,U,KZPAV,8.74
2016,PER_1000_LIVE_BIRTHS,_T,U,KZSEV,6.6
2016,PER_1000_LIVE_BIRTHS,_T,U,KZYUZ,15.22
2016,PER_1000_LIVE_BIRTHS,_T,U,KZULU,10.01
2016,PER_1000_LIVE_BIRTHS,_T,U,KZVOS,9.51
2016,PER_1000_LIVE_BIRTHS,_T,U,KZNS,7.93
2016,PER_1000_LIVE_BIRTHS,_T,U,KZALA,8.76
2016,PER_1000_LIVE_BIRTHS,_T,U,KZSHY,9.48
2016,PER_1000_LIVE_BIRTHS,_T,R,,11.98
2016,PER_1000_LIVE_BIRTHS,_T,R,KZABY,11.57
2016,PER_1000_LIVE_BIRTHS,_T,R,KZAKM,8.79
2016,PER_1000_LIVE_BIRTHS,_T,R,KZAKT,9.66
2016,PER_1000_LIVE_BIRTHS,_T,R,KZALM,7.57
2016,PER_1000_LIVE_BIRTHS,_T,R,KZATY,10.34
2016,PER_1000_LIVE_BIRTHS,_T,R,KZZAP,9.42
2016,PER_1000_LIVE_BIRTHS,_T,R,KZZHA,13.43
2016,PER_1000_LIVE_BIRTHS,_T,R,KZZHS,13.45
2016,PER_1000_LIVE_BIRTHS,_T,R,KZKAR,11.31
2016,PER_1000_LIVE_BIRTHS,_T,R,KZKUS,12.74
2016,PER_1000_LIVE_BIRTHS,_T,R,KZKZY,11.48
2016,PER_1000_LIVE_BIRTHS,_T,R,KZMAN,12.5
2016,PER_1000_LIVE_BIRTHS,_T,R,KZPAV,10.5
2016,PER_1000_LIVE_BIRTHS,_T,R,KZSEV,10.75
2016,PER_1000_LIVE_BIRTHS,_T,R,KZYUZ,15.07
2016,PER_1000_LIVE_BIRTHS,_T,R,KZULU,10.14
2016,PER_1000_LIVE_BIRTHS,_T,R,KZVOS,15.47
2016,PER_1000_LIVE_BIRTHS,M,,,12.23
2016,PER_1000_LIVE_BIRTHS,M,,KZABY,12.72
2016,PER_1000_LIVE_BIRTHS,M,,KZAKM,10.37
2016,PER_1000_LIVE_BIRTHS,M,,KZAKT,12.37
2016,PER_1000_LIVE_BIRTHS,M,,KZALM,10.26
2016,PER_1000_LIVE_BIRTHS,M,,KZATY,11.01
2016,PER_1000_LIVE_BIRTHS,M,,KZZAP,11.11
2016,PER_1000_LIVE_BIRTHS,M,,KZZHA,12.87
2016,PER_1000_LIVE_BIRTHS,M,,KZZHS,12.49
2016,PER_1000_LIVE_BIRTHS,M,,KZKAR,11.98
2016,PER_1000_LIVE_BIRTHS,M,,KZKUS,11.74
2016,PER_1000_LIVE_BIRTHS,M,,KZKZY,14.9
2016,PER_1000_LIVE_BIRTHS,M,,KZMAN,12.7
2016,PER_1000_LIVE_BIRTHS,M,,KZPAV,10.36
2016,PER_1000_LIVE_BIRTHS,M,,KZSEV,10.88
2016,PER_1000_LIVE_BIRTHS,M,,KZYUZ,17.56
2016,PER_1000_LIVE_BIRTHS,M,,KZULU,8.93
2016,PER_1000_LIVE_BIRTHS,M,,KZVOS,13.05
2016,PER_1000_LIVE_BIRTHS,M,,KZNS,8.25
2016,PER_1000_LIVE_BIRTHS,M,,KZALA,10.09
2016,PER_1000_LIVE_BIRTHS, M,,KZSHY,10.94
2016,PER_1000_LIVE_BIRTHS,M,U,,11.55
2016,PER_1000_LIVE_BIRTHS,M,U,KZABY,12.99
2016,PER_1000_LIVE_BIRTHS,M,U,KZAKM,10.05
2016,PER_1000_LIVE_BIRTHS,M,U,KZAKT,11.83
2016,PER_1000_LIVE_BIRTHS,M,U,KZALM,8.39
2016,PER_1000_LIVE_BIRTHS,M,U,KZATY,9.66
2016,PER_1000_LIVE_BIRTHS,M,U,KZZAP,11.02
2016,PER_1000_LIVE_BIRTHS,M,U,KZZHA,16.45
2016,PER_1000_LIVE_BIRTHS,M,U,KZZHS,16.49
2016,PER_1000_LIVE_BIRTHS,M,U,KZKAR,11.72
2016,PER_1000_LIVE_BIRTHS,M,U,KZKUS,10.47
2016,PER_1000_LIVE_BIRTHS,M,U,KZKZY,18.3
2016,PER_1000_LIVE_BIRTHS,M,U,KZMAN,12.92
2016,PER_1000_LIVE_BIRTHS,M,U,KZPAV,9.3
2016,PER_1000_LIVE_BIRTHS,M,U,KZSEV,7.18
2016,PER_1000_LIVE_BIRTHS,M,U,KZYUZ,17.39
2016,PER_1000_LIVE_BIRTHS,M,U,KZULU,9.4
2016,PER_1000_LIVE_BIRTHS,M,U,KZVOS,11.1
2016,PER_1000_LIVE_BIRTHS,M,U,KZNS,8.25
2016,PER_1000_LIVE_BIRTHS,M,U,KZALA,10.09
2016,PER_1000_LIVE_BIRTHS,M,U,KZSHY,10.94
2016,PER_1000_LIVE_BIRTHS,M,R,,13.17
2016,PER_1000_LIVE_BIRTHS,M,R,KZABY,12.27
2016,PER_1000_LIVE_BIRTHS,M,R,KZAKM,10.77
2016,PER_1000_LIVE_BIRTHS,M,R,KZAKT,13.93
2016,PER_1000_LIVE_BIRTHS,M,R,KZALM,10.62
2016,PER_1000_LIVE_BIRTHS,M,R,KZATY,13.04
2016,PER_1000_LIVE_BIRTHS,M,R,KZZAP,11.22
2016,PER_1000_LIVE_BIRTHS,M,R,KZZHA,10.47
2016,PER_1000_LIVE_BIRTHS,M,R,KZZHS,9.26
2016,PER_1000_LIVE_BIRTHS,M,R,KZKAR,12.98
2016,PER_1000_LIVE_BIRTHS,M,R,KZKUS,13.62
2016,PER_1000_LIVE_BIRTHS,M,R,KZKZY,11.72
2016,PER_1000_LIVE_BIRTHS,M,R,KZMAN,12.53
2016,PER_1000_LIVE_BIRTHS,M,R,KZPAV,12.91
2016,PER_1000_LIVE_BIRTHS,M,R,KZSEV,14.49
2016,PER_1000_LIVE_BIRTHS,M,R,KZYUZ,17.61
2016,PER_1000_LIVE_BIRTHS,M,R,KZULU,6.85
2016,PER_1000_LIVE_BIRTHS,M,R,KZVOS,16.79
2016,PER_1000_LIVE_BIRTHS,F,,,9.53
2016,PER_1000_LIVE_BIRTHS,F,,KZABY,10.61
2016,PER_1000_LIVE_BIRTHS,F,,KZAKM,8.93
2016,PER_1000_LIVE_BIRTHS,F,,KZAKT,8.24
2016,PER_1000_LIVE_BIRTHS,F,,KZALM,8.3
2016,PER_1000_LIVE_BIRTHS,F,,KZATY,11.1
2016,PER_1000_LIVE_BIRTHS,F,,KZZAP,7.83
2016,PER_1000_LIVE_BIRTHS,F,,KZZHA,10.53
2016,PER_1000_LIVE_BIRTHS,F,,KZZHS,9.43
2016,PER_1000_LIVE_BIRTHS,F,,KZKAR,7.81
2016,PER_1000_LIVE_BIRTHS,F,,KZKUS,11.01
2016,PER_1000_LIVE_BIRTHS,F,,KZKZY,12.29
2016,PER_1000_LIVE_BIRTHS,F,,KZMAN,10.65
2016,PER_1000_LIVE_BIRTHS,F,,KZPAV,8.09
2016,PER_1000_LIVE_BIRTHS,F,,KZSEV,6.41
2016,PER_1000_LIVE_BIRTHS,F,,KZYUZ,12.5
2016,PER_1000_LIVE_BIRTHS,F,,KZULU,11.14
2016,PER_1000_LIVE_BIRTHS,F,,KZVOS,9.9
2016,PER_1000_LIVE_BIRTHS,F,,KZNS,7.6
2016,PER_1000_LIVE_BIRTHS,F,,KZALA,7.35
2016,PER_1000_LIVE_BIRTHS,F,,KZSHY,7.9
2016,PER_1000_LIVE_BIRTHS,F,U,,8.69
2016,PER_1000_LIVE_BIRTHS,F,U,KZABY,10.04
2016,PER_1000_LIVE_BIRTHS,F,U,KZAKM,7.44
2016,PER_1000_LIVE_BIRTHS,F,U,KZAKT,7.32
2016,PER_1000_LIVE_BIRTHS,F,U,KZALM,6.66
2016,PER_1000_LIVE_BIRTHS,F,U,KZATY,11.08
2016,PER_1000_LIVE_BIRTHS,F,U,KZZAP,7.65
2016,PER_1000_LIVE_BIRTHS,F,U,KZZHA,10.29
2016,PER_1000_LIVE_BIRTHS, F,U,KZZHS,10.19
2016,PER_1000_LIVE_BIRTHS,F,U,KZKAR,7.42
2016,PER_1000_LIVE_BIRTHS,F,U,KZKUS,10.54
2016,PER_1000_LIVE_BIRTHS,F,U,KZKZY,13.48
2016,PER_1000_LIVE_BIRTHS,F,U,KZMAN,8.39
2016,PER_1000_LIVE_BIRTHS,F,U,KZPAV,8.13
2016,PER_1000_LIVE_BIRTHS,F,U,KZSEV,5.98
2016,PER_1000_LIVE_BIRTHS,F,U,KZYUZ,12.94
2016,PER_1000_LIVE_BIRTHS,F,U,KZULU,10.62
2016,PER_1000_LIVE_BIRTHS,F,U,KZVOS,7.78
2016,PER_1000_LIVE_BIRTHS,F,U,KZNS,7.6
2016,PER_1000_LIVE_BIRTHS,F,U,KZALA,7.35
2016,PER_1000_LIVE_BIRTHS,F,U,KZSHY,7.9
2016,PER_1000_LIVE_BIRTHS,F,R,,10.7
2016,PER_1000_LIVE_BIRTHS,F,R,KZABY,11.54
2016,PER_1000_LIVE_BIRTHS,F,R,KZAKM,10.8
2016,PER_1000_LIVE_BIRTHS,F,R,KZAKT,10.88
2016,PER_1000_LIVE_BIRTHS,F,R,KZALM,8.61
2016,PER_1000_LIVE_BIRTHS,F,R,KZATY,11.13
2016,PER_1000_LIVE_BIRTHS,F,R,KZZAP,8.06
2016,PER_1000_LIVE_BIRTHS,F,R,KZZHA,10.69
2016,PER_1000_LIVE_BIRTHS,F,R,KZZHS,8.81
2016,PER_1000_LIVE_BIRTHS,F,R,KZKAR,9.45
2016,PER_1000_LIVE_BIRTHS,F,R,KZKUS,11.74
2016,PER_1000_LIVE_BIRTHS,F,R,KZKZY,11.21
2016,PER_1000_LIVE_BIRTHS,F,R,KZMAN,12.48
2016,PER_1000_LIVE_BIRTHS,F,R,KZPAV,8.0
2016,PER_1000_LIVE_BIRTHS,F,R,KZSEV,6.82
2016,PER_1000_LIVE_BIRTHS,F,R,KZYUZ,12.36
2016,PER_1000_LIVE_BIRTHS,F,R,KZULU,13.33
2016,PER_1000_LIVE_BIRTHS,F,R,KZVOS,14.01
2017,PER_1000_LIVE_BIRTHS,_T,,,10.28
2017,PER_1000_LIVE_BIRTHS,_T,,KZABY,8.43
2017,PER_1000_LIVE_BIRTHS,_T,,KZAKM,10.16
2017,PER_1000_LIVE_BIRTHS,_T,,KZAKT,9.4
2017,PER_1000_LIVE_BIRTHS,_T,,KZALM,10.73
2017,PER_1000_LIVE_BIRTHS,_T,,KZATY,9.48
2017,PER_1000_LIVE_BIRTHS,_T,,KZZAP,8.71
2017,PER_1000_LIVE_BIRTHS,_T,,KZZHA,10.98
2017,PER_1000_LIVE_BIRTHS,_T,,KZZHS,10.03
2017,PER_1000_LIVE_BIRTHS,_T,,KZKAR,10.14
2017,PER_1000_LIVE_BIRTHS,_T,,KZKUS,12.35
2017,PER_1000_LIVE_BIRTHS,_T,,KZKZY,11.49
2017,PER_1000_LIVE_BIRTHS,_T,,KZMAN,9.8
2017,PER_1000_LIVE_BIRTHS,_T,,KZPAV,9.89
2017,PER_1000_LIVE_BIRTHS,_T,,KZSEV,11.23
2016,PER_1000_LIVE_BIRTHS,_T,,KZYUZ,12.98
2016,PER_1000_LIVE_BIRTHS,_T,,KZULU,10.44
2017,PER_1000_LIVE_BIRTHS,_T,,KZVOS,10.15
2017,PER_1000_LIVE_BIRTHS,_T,,KZNS,7.07
2017,PER_1000_LIVE_BIRTHS,_T,,KZALA,8.61
2017,PER_1000_LIVE_BIRTHS,_T,,KZSHY,10.49
2017,PER_1000_LIVE_BIRTHS,_T,U,,9.38
2017,PER_1000_LIVE_BIRTHS,_T,U,KZABY,7.39
2017,PER_1000_LIVE_BIRTHS,_T,U,KZAKM,9.01
2017,PER_1000_LIVE_BIRTHS,_T,U,KZAKT,8.08
2017,PER_1000_LIVE_BIRTHS,_T,U,KZALM,8.83
2017,PER_1000_LIVE_BIRTHS,_T,U,KZATY,9.2
2017,PER_1000_LIVE_BIRTHS,_T,U,KZZAP,8.8
2017,PER_1000_LIVE_BIRTHS,_T,U,KZZHA,11.77
2017,PER_1000_LIVE_BIRTHS,_T,U,KZZHS,10.04
2017,PER_1000_LIVE_BIRTHS,_T,U,KZKAR,10.31
2017,PER_1000_LIVE_BIRTHS,_T,U,KZKUS,10.46
2017,PER_1000_LIVE_BIRTHS,_T,U,KZKZY,11.07
2017,PER_1000_LIVE_BIRTHS,_T,U,KZMAN,7.33
2017,PER_1000_LIVE_BIRTHS,_T,U,KZPAV,10.26
2017,PER_1000_LIVE_BIRTHS,_T,U,KZSEV,11.23
2017,PER_1000_LIVE_BIRTHS,_T,U,KZYUZ,12.49
2017,PER_1000_LIVE_BIRTHS,_T,U,KZULU,11.32
2017,PER_1000_LIVE_BIRTHS,_T,U,KZVOS,8.45
2017,PER_1000_LIVE_BIRTHS,_T,U,KZNS,7.07
2017,PER_1000_LIVE_BIRTHS,_T,U,KZALA,8.61
2017,PER_1000_LIVE_BIRTHS,_T,U,KZSHY,10.49
2017,PER_1000_LIVE_BIRTHS,_T,R,,11.59
2017,PER_1000_LIVE_BIRTHS,_T,R,KZABY,7.39
2017,PER_1000_LIVE_BIRTHS,_T,R,KZAKM,9.01
2017,PER_1000_LIVE_BIRTHS,_T,R,KZAKT,8.08
2017,PER_1000_LIVE_BIRTHS,_T,R,KZALM,8.83
2017,PER_1000_LIVE_BIRTHS,_T,R,KZATY,9.2
2017,PER_1000_LIVE_BIRTHS,_T,R,KZZAP,8.8
2017,PER_1000_LIVE_BIRTHS,_T,R,KZZHA,11.77
2017,PER_1000_LIVE_BIRTHS, _T,R,KZZHS,10.04
2017,PER_1000_LIVE_BIRTHS,_T,R,KZKAR,9.45
2017,PER_1000_LIVE_BIRTHS,_T,R,KZKUS,15.29
2017,PER_1000_LIVE_BIRTHS,_T,R,KZKZY,11.87
2017,PER_1000_LIVE_BIRTHS,_T,R,KZMAN,12.01
2017,PER_1000_LIVE_BIRTHS,_T,R,KZPAV,9.06
2017,PER_1000_LIVE_BIRTHS,_T,R,KZSEV,11.22
2017,PER_1000_LIVE_BIRTHS,_T,R,KZYUZ,13.15
2017,PER_1000_LIVE_BIRTHS,_T,R,KZULU,7.17
2017,PER_1000_LIVE_BIRTHS,_T,R,KZVOS,13.44
2017,PER_1000_LIVE_BIRTHS,M,,,11.26
2017,PER_1000_LIVE_BIRTHS,M,,KZABY,9.54
2017,PER_1000_LIVE_BIRTHS,M,,KZAKM,10.69
2017,PER_1000_LIVE_BIRTHS,M,,KZAKT,9
2017,PER_1000_LIVE_BIRTHS,M,,KZALM,12.13
2017,PER_1000_LIVE_BIRTHS,M,,KZATY,9.19
2017,PER_1000_LIVE_BIRTHS,M,,KZZAP,9.05
2017,PER_1000_LIVE_BIRTHS,M,,KZZHA,12.52
2017,PER_1000_LIVE_BIRTHS,M,,KZZHS,10.8
2017,PER_1000_LIVE_BIRTHS,M,,KZKAR,11
2017,PER_1000_LIVE_BIRTHS,M,,KZKUS,14.38
2017,PER_1000_LIVE_BIRTHS,M,,KZKZY,12.92
2017,PER_1000_LIVE_BIRTHS,M,,KZMAN,11.03
2017,PER_1000_LIVE_BIRTHS,M,,KZPAV,11.36
2017,PER_1000_LIVE_BIRTHS,M,,KZSEV,10.98
2017,PER_1000_LIVE_BIRTHS,M,,KZYUZ,15.19
2017,PER_1000_LIVE_BIRTHS,M,,KZULU,12.39
2017,PER_1000_LIVE_BIRTHS,M,,KZVOS,10.84
2017,PER_1000_LIVE_BIRTHS,M,,KZNS,7.8
2017,PER_1000_LIVE_BIRTHS,M,,KZALA,9.03
2017,PER_1000_LIVE_BIRTHS,M,,KZSHY,10.42
2017,PER_1000_LIVE_BIRTHS,M,U,,9.97
2017,PER_1000_LIVE_BIRTHS,M,U,KZABY,8.8
2017,PER_1000_LIVE_BIRTHS,M,U,KZAKM,8.11
2017,PER_1000_LIVE_BIRTHS,M,U,KZAKT,7.84
2017,PER_1000_LIVE_BIRTHS,M,U,KZALM,9.02
2017,PER_1000_LIVE_BIRTHS,M,U,KZATY,8.27
2017,PER_1000_LIVE_BIRTHS,M,U,KZZAP,8.14
2017,PER_1000_LIVE_BIRTHS,M,U,KZZHA,14.05
2017,PER_1000_LIVE_BIRTHS,M,U,KZZHS,12.65
2017,PER_1000_LIVE_BIRTHS,M,U,KZKAR,11.62
2017,PER_1000_LIVE_BIRTHS,M,U,KZKUS,11.09
2017,PER_1000_LIVE_BIRTHS,M,U,KZKZY,11.83
2017,PER_1000_LIVE_BIRTHS,M,U,KZMAN,8.31
2017,PER_1000_LIVE_BIRTHS,M,U,KZPAV,11.6
2017,PER_1000_LIVE_BIRTHS,M,U,KZSEV,9.54
2017,PER_1000_LIVE_BIRTHS,M,,KZYUZ,13.84
2017,PER_1000_LIVE_BIRTHS,M,,KZULU,12.48
2017,PER_1000_LIVE_BIRTHS,M,U,KZVOS,9.87
2017,PER_1000_LIVE_BIRTHS,M,U,KZNS,7.8
2017,PER_1000_LIVE_BIRTHS,M,U,KZALA,9.03
2017,PER_1000_LIVE_BIRTHS,M,U,KZSHY,10.42
2017,PER_1000_LIVE_BIRTHS,M,R,,13.12
2017,PER_1000_LIVE_BIRTHS,M,R,KZABY,10.76
2017,PER_1000_LIVE_BIRTHS,M,R,KZAKM,14.01
2017,PER_1000_LIVE_BIRTHS,M,R,KZAKT,12.74
2017,PER_1000_LIVE_BIRTHS,M,R,KZALM,12.75
2017,PER_1000_LIVE_BIRTHS,M,R,KZATY,10.47
2017,PER_1000_LIVE_BIRTHS,M,R,KZZAP,10.28
2017,PER_1000_LIVE_BIRTHS,M,R,KZZHA,11.48
2017,PER_1000_LIVE_BIRTHS,M,R,KZZHS,9.27
2017,PER_1000_LIVE_BIRTHS,M,R,KZKAR,8.57
2017,PER_1000_LIVE_BIRTHS,M,R,KZKUS,19.4
2017,PER_1000_LIVE_BIRTHS,M,R,KZKZY,13.91
2017,PER_1000_LIVE_BIRTHS,M,R,KZMAN,13.41
2017,PER_1000_LIVE_BIRTHS,M,R,KZPAV,10.8
2017,PER_1000_LIVE_BIRTHS,M,R,KZSEV,12.3
2017,PER_1000_LIVE_BIRTHS,M,R,KZYUZ,15.64
2017,PER_1000_LIVE_BIRTHS,M,R,KZULU,12.05
2017,PER_1000_LIVE_BIRTHS,M,R,KZVOS,12.71
2017,PER_1000_LIVE_BIRTHS,F,,,9.23
2017,PER_1000_LIVE_BIRTHS, F,,KZABY,7.25
2017,PER_1000_LIVE_BIRTHS,F,,KZAKM,9.59
2017,PER_1000_LIVE_BIRTHS,F,,KZAKT,9.83
2017,PER_1000_LIVE_BIRTHS,F,,KZALM,9.21
2017,PER_1000_LIVE_BIRTHS,F,,KZATY,9.79
2017,PER_1000_LIVE_BIRTHS,F,,KZZAP,8.34
2017,PER_1000_LIVE_BIRTHS,F,,KZZHA,9.35
2017,PER_1000_LIVE_BIRTHS,F,,KZZHS,9.21
2017,PER_1000_LIVE_BIRTHS,F,,KZKAR,9.24
2017,PER_1000_LIVE_BIRTHS,F,,KZKUS,10.14
2017,PER_1000_LIVE_BIRTHS,F,,KZKZY,9.94
2017,PER_1000_LIVE_BIRTHS,F,,KZMAN,8.48
2017,PER_1000_LIVE_BIRTHS,F,,KZPAV,8.31
2017,PER_1000_LIVE_BIRTHS,F,,KZSEV,11.48
2017,PER_1000_LIVE_BIRTHS,F,,KZYUZ,10.64
2017,PER_1000_LIVE_BIRTHS,F,,KZULU,8.42
2017,PER_1000_LIVE_BIRTHS,F,,KZVOS,9.41
2017,PER_1000_LIVE_BIRTHS,F,,KZNS,6.27
2017,PER_1000_LIVE_BIRTHS,F,,KZALA,8.15
2017,PER_1000_LIVE_BIRTHS,F,,KZSHY,10.55
2017,PER_1000_LIVE_BIRTHS,F,U,,8.74
2017,PER_1000_LIVE_BIRTHS,F,U,KZABY,5.89
2017,PER_1000_LIVE_BIRTHS,F,U,KZAKM,9.99
2017,PER_1000_LIVE_BIRTHS,F,U,KZAKT,8.33
2017,PER_1000_LIVE_BIRTHS,F,U,KZALM,8.64
2017,PER_1000_LIVE_BIRTHS,F,U,KZATY,10.19
2017,PER_1000_LIVE_BIRTHS,F,U,KZZAP,9.51
2017,PER_1000_LIVE_BIRTHS,F,U,KZZHA,9.39
2017,PER_1000_LIVE_BIRTHS,F,U,KZZHS,7.32
2017,PER_1000_LIVE_BIRTHS,F,U,KZKAR,8.96
2017,PER_1000_LIVE_BIRTHS,F,U,KZKUS,9.8
2017,PER_1000_LIVE_BIRTHS,F,U,KZKZY,10.26
2017,PER_1000_LIVE_BIRTHS,F,U,KZMAN,6.29
2017,PER_1000_LIVE_BIRTHS,F,U,KZPAV,8.78
2017,PER_1000_LIVE_BIRTHS,F,U,KZSEV,12.93
2017,PER_1000_LIVE_BIRTHS,F,U,KZYUZ,11.06
2017,PER_1000_LIVE_BIRTHS,F,U,KZULU,10.12
2017,PER_1000_LIVE_BIRTHS,F,U,KZVOS,6.96
2017,PER_1000_LIVE_BIRTHS,F,U,KZNS,6.27
2017,PER_1000_LIVE_BIRTHS,F,U,KZALA,8.15
2017,PER_1000_LIVE_BIRTHS,F,U,KZSHY,10.55
2017,PER_1000_LIVE_BIRTHS,F,R,,9.94
2017,PER_1000_LIVE_BIRTHS,F,R,KZABY,9.43
2017,PER_1000_LIVE_BIRTHS,F,R,KZAKM,9.09
2017,PER_1000_LIVE_BIRTHS,F,R,KZAKT,14.37
2017,PER_1000_LIVE_BIRTHS,F,R,KZALM,9.33
2017,PER_1000_LIVE_BIRTHS,F,R,KZATY,9.24
2017,PER_1000_LIVE_BIRTHS,F,R,KZZAP,6.77
2017,PER_1000_LIVE_BIRTHS,F,R,KZZHA,9.32
2017,PER_1000_LIVE_BIRTHS,F,R,KZZHS,10.84
2017,PER_1000_LIVE_BIRTHS,F,R,KZKAR,10.39
2017,PER_1000_LIVE_BIRTHS,F,R,KZKUS,10.68
2017,PER_1000_LIVE_BIRTHS,F,R,KZKZY,9.65
2017,PER_1000_LIVE_BIRTHS,F,R,KZMAN,10.47
2017,PER_1000_LIVE_BIRTHS,F,R,KZPAV,7.25
2017,PER_1000_LIVE_BIRTHS,F,R,KZSEV,10.1
2017,PER_1000_LIVE_BIRTHS,F,R,KZYUZ,10.5
2017,PER_1000_LIVE_BIRTHS,F,R,KZULU,2.09
2017,PER_1000_LIVE_BIRTHS,F,R,KZVOS,14.22
2018,PER_1000_LIVE_BIRTHS,_T,,,10
2018,PER_1000_LIVE_BIRTHS,_T,,KZABY,8.28
2018,PER_1000_LIVE_BIRTHS,_T,,KZAKM,7.33
2018,PER_1000_LIVE_BIRTHS,_T,,KZAKT,10.91
2018,PER_1000_LIVE_BIRTHS,_T,,KZALM,9.46
2018,PER_1000_LIVE_BIRTHS,_T,,KZATY,12.8
2018,PER_1000_LIVE_BIRTHS,_T,,KZZAP,7.58
2018,PER_1000_LIVE_BIRTHS,_T,,KZZHA,9.6
2018,PER_1000_LIVE_BIRTHS,_T,,KZZHS,8.81
2018,PER_1000_LIVE_BIRTHS,_T,,KZKAR,8.85
2018,PER_1000_LIVE_BIRTHS,_T,,KZKUS,11.61
2018,PER_1000_LIVE_BIRTHS,_T,,KZKZY,12.35
2018,PER_1000_LIVE_BIRTHS,_T,,KZMAN,11.62
2018,PER_1000_LIVE_BIRTHS,_T,,KZPAV,7.42
2018,PER_1000_LIVE_BIRTHS,_T,,KZSEV,13.07
2018,PER_1000_LIVE_BIRTHS,_T,,KZYUZ,11.45
2018,PER_1000_LIVE_BIRTHS,_T,,KZULU,9.93
2018,PER_1000_LIVE_BIRTHS,_T,,KZVOS,10.39
2018,PER_1000_LIVE_BIRTHS,_T,,KZNS,7.44
2018,PER_1000_LIVE_BIRTHS,_T,,KZALA,9.72
2018,PER_1000_LIVE_BIRTHS,_T,,KZSHY,10.15
2018,PER_1000_LIVE_BIRTHS,_T,U,,9.5
2018,PER_1000_LIVE_BIRTHS,_T,U,KZABY,8.05
2018,PER_1000_LIVE_BIRTHS,_T,U,KZAKM,7.36
2018,PER_1000_LIVE_BIRTHS,_T,U,KZAKT,10.55
2018,PER_1000_LIVE_BIRTHS,_T,U,KZALM,9.46
2018,PER_1000_LIVE_BIRTHS,_T,U,KZATY,11.64
2018,PER_1000_LIVE_BIRTHS,_T,U,KZZAP,7.35
2018,PER_1000_LIVE_BIRTHS,_T,U,KZZHA,9.43
2018,PER_1000_LIVE_BIRTHS,_T,U,KZZHS,7.24
2018,PER_1000_LIVE_BIRTHS,_T,U,KZKAR,9.17
2018,PER_1000_LIVE_BIRTHS,_T,U,KZKUS,11.25
2018,PER_1000_LIVE_BIRTHS,_T,U,KZKZY,13.26
2018,PER_1000_LIVE_BIRTHS,_T,U,KZMAN,10.48
2018,PER_1000_LIVE_BIRTHS,_T,U,KZPAV,8.19
2018,PER_1000_LIVE_BIRTHS,_T,U,KZSEV,12.07
2018,PER_1000_LIVE_BIRTHS,_T,U,KZYUZ,10.13
2018,PER_1000_LIVE_BIRTHS,_T,U,KZULU,9.19
2018,PER_1000_LIVE_BIRTHS,_T,U,KZVOS,9.42
2018,PER_1000_LIVE_BIRTHS,_T,U,KZNS,7.44
2018,PER_1000_LIVE_BIRTHS,_T,U,KZALA,9.72
2018,PER_1000_LIVE_BIRTHS,_T,U,KZSHY,10.15
2018,PER_1000_LIVE_BIRTHS,_T,R,,10.74
2018,PER_1000_LIVE_BIRTHS,_T,R,KZABY,8.05
2018,PER_1000_LIVE_BIRTHS,_T,R,KZAKM,7.36
2018,PER_1000_LIVE_BIRTHS,_T,R,KZAKT,10.55
2018,PER_1000_LIVE_BIRTHS,_T,R,KZALM,9.46
2018,PER_1000_LIVE_BIRTHS,_T,R,KZATY,11.64
2018,PER_1000_LIVE_BIRTHS,_T,R,KZZAP,7.35
2018,PER_1000_LIVE_BIRTHS,_T,R,KZZHA,9.43
2018,PER_1000_LIVE_BIRTHS,_T,R,KZZHS,7.24
2018,PER_1000_LIVE_BIRTHS,_T,R,KZKAR,7.54
2018,PER_1000_LIVE_BIRTHS,_T,R,KZKUS,12.19
2018,PER_1000_LIVE_BIRTHS,_T,R,KZKZY,11.5
2018,PER_1000_LIVE_BIRTHS,_T,R,KZMAN,12.51
2018,PER_1000_LIVE_BIRTHS,_T,R,KZPAV,5.63
2018,PER_1000_LIVE_BIRTHS,_T,R,KZSEV,14.07
2018,PER_1000_LIVE_BIRTHS,_T,R,KZYUZ,11.92
2018,PER_1000_LIVE_BIRTHS,_T,R,KZULU,12.89
2018,PER_1000_LIVE_BIRTHS,_T,R,KZVOS,12.36
2018,PER_1000_LIVE_BIRTHS,M,,,11.53
2018,PER_1000_LIVE_BIRTHS,M,,KZABY,7.92
2018,PER_1000_LIVE_BIRTHS,M,,KZAKM,7.83
2018,PER_1000_LIVE_BIRTHS,M,,KZAKT,12.41
2018,PER_1000_LIVE_BIRTHS,M,,KZALM,10.87
2018,PER_1000_LIVE_BIRTHS,M,,KZATY,14.98
2018,PER_1000_LIVE_BIRTHS,M,,KZZAP,9.22
2018,PER_1000_LIVE_BIRTHS,M,,KZZHA,10.6
2018,PER_1000_LIVE_BIRTHS,M,,KZZHS,9.5
2018,PER_1000_LIVE_BIRTHS,M,,KZKAR,10.41
2018,PER_1000_LIVE_BIRTHS,M,,KZKUS,13.96
2018,PER_1000_LIVE_BIRTHS,M,,KZKZY,14.21
2018,PER_1000_LIVE_BIRTHS,M,,KZMAN,12.27
2018,PER_1000_LIVE_BIRTHS,M,,KZPAV,8.44
2018,PER_1000_LIVE_BIRTHS,M,,KZSEV,16.18
2018,PER_1000_LIVE_BIRTHS,M,,KZYUZ,13.71
2018,PER_1000_LIVE_BIRTHS,M,,KZULU,13.09
2018,PER_1000_LIVE_BIRTHS,M,,KZVOS,11.2
2018,PER_1000_LIVE_BIRTHS,M,,KZNS,9.14
2018,PER_1000_LIVE_BIRTHS,M,,KZALA,11.03
2018,PER_1000_LIVE_BIRTHS,M,,KZSHY,12.07
2018,PER_1000_LIVE_BIRTHS,M,U,,11.06
2018,PER_1000_LIVE_BIRTHS,M,U,KZABY,7.83
2018,PER_1000_LIVE_BIRTHS,M,U,KZAKM,7.37
2018,PER_1000_LIVE_BIRTHS,M,U,KZAKT,12.46
2018,PER_1000_LIVE_BIRTHS,M,U,KZALM,10.9
2018,PER_1000_LIVE_BIRTHS,M,U,KZATY,12.28
2018,PER_1000_LIVE_BIRTHS,M,U,KZZAP,9.25
2018,PER_1000_LIVE_BIRTHS,M,U,KZZHA,10.99
2018,PER_1000_LIVE_BIRTHS,M,U,KZZHS,7.9
2018,PER_1000_LIVE_BIRTHS,M,U,KZKAR,10.79
2018,PER_1000_LIVE_BIRTHS,M,U,KZKUS,14.05
2018,PER_1000_LIVE_BIRTHS,M,U,KZKZY,15.61
2018,PER_1000_LIVE_BIRTHS,M,U,KZMAN,10.99
2018,PER_1000_LIVE_BIRTHS,M,U,KZPAV,8.99
2018,PER_1000_LIVE_BIRTHS,M,U,KZSEV,14.69
2018,PER_1000_LIVE_BIRTHS,M,U,KZYUZ,12.53
2018,PER_1000_LIVE_BIRTHS,M,U,KZULU,12.64
2018,PER_1000_LIVE_BIRTHS,M,U,KZVOS,11.01
2018,PER_1000_LIVE_BIRTHS,M,U,KZNS,9.14
2018,PER_1000_LIVE_BIRTHS,M,U,KZALA,11.03
2018,PER_1000_LIVE_BIRTHS,M,U,KZSHY,12.07
2018,PER_1000_LIVE_BIRTHS,M,R,,12.24
2018,PER_1000_LIVE_BIRTHS,M,R,KZABY,8.07
2018,PER_1000_LIVE_BIRTHS,M,R,KZAKM,8.41
2018,PER_1000_LIVE_BIRTHS,M,R,KZAKT,12.28
2018,PER_1000_LIVE_BIRTHS,M,R,KZALM,10.86
2018,PER_1000_LIVE_BIRTHS,M,R,KZATY,18.58
2018,PER_1000_LIVE_BIRTHS,M,R,KZZAP,9.18
2018,PER_1000_LIVE_BIRTHS,M,R,KZZHA,10.31
2018,PER_1000_LIVE_BIRTHS,M,R,KZZHS,10.87
2018,PER_1000_LIVE_BIRTHS,M,R,KZKAR,8.82
2018,PER_1000_LIVE_BIRTHS,M,R,KZKUS,13.83
2018,PER_1000_LIVE_BIRTHS,M,R,KZKZY,12.86
2018,PER_1000_LIVE_BIRTHS,M,R,KZMAN,13.27
2018,PER_1000_LIVE_BIRTHS,M,R,KZPAV,7.17
2018,PER_1000_LIVE_BIRTHS,M,R,KZSEV,17.65
2018,PER_1000_LIVE_BIRTHS,M,R,KZYUZ,14.12
2018,PER_1000_LIVE_BIRTHS,M,R,KZULU,14.89
2018,PER_1000_LIVE_BIRTHS,M,R,KZVOS,11.6
2018,PER_1000_LIVE_BIRTHS,F,,,8.37
2018,PER_1000_LIVE_BIRTHS,F,,KZABY,8.66
2018,PER_1000_LIVE_BIRTHS,F,,KZAKM,6.79
2018,PER_1000_LIVE_BIRTHS,F,,KZAKT,9.33
2018,PER_1000_LIVE_BIRTHS,F,,KZALM,7.97
2018,PER_1000_LIVE_BIRTHS,F,,KZATY,10.47
2018,PER_1000_LIVE_BIRTHS,F,,KZZAP,5.83
2018,PER_1000_LIVE_BIRTHS,F,,KZZHA,8.53
2018,PER_1000_LIVE_BIRTHS,F,,KZZHS,8.1
2018,PER_1000_LIVE_BIRTHS,F,,KZKAR,7.12
2018,PER_1000_LIVE_BIRTHS,F,,KZKUS,9.14
2018,PER_1000_LIVE_BIRTHS,F,,KZKZY,10.35
2018,PER_1000_LIVE_BIRTHS,F,,KZMAN,10.91
2018,PER_1000_LIVE_BIRTHS,F,,KZPAV,6.36
2018,PER_1000_LIVE_BIRTHS,F,,KZSEV,9.76
2018,PER_1000_LIVE_BIRTHS,F,,KZYUZ,9.05
2018,PER_1000_LIVE_BIRTHS,F,,KZULU,6.63
2018,PER_1000_LIVE_BIRTHS,F,,KZVOS,9.5
2018,PER_1000_LIVE_BIRTHS,F,,KZNS,5.64
2018,PER_1000_LIVE_BIRTHS,F,,KZALA,8.32
2018,PER_1000_LIVE_BIRTHS,F,,KZSHY,8.06
2018,PER_1000_LIVE_BIRTHS,F,U,,7.84
2018,PER_1000_LIVE_BIRTHS,F,U,KZABY,8.29
2018,PER_1000_LIVE_BIRTHS,F,U,KZAKM,7.36
2018,PER_1000_LIVE_BIRTHS,F,U,KZAKT,8.54
2018,PER_1000_LIVE_BIRTHS,F,U,KZALM,7.98
2018,PER_1000_LIVE_BIRTHS,F,U,KZATY,10.95
2018,PER_1000_LIVE_BIRTHS,F,U,KZZAP,5.37
2018,PER_1000_LIVE_BIRTHS,F,U,KZZHA,7.76
2018,PER_1000_LIVE_BIRTHS,F,U,KZZHS,6.55
2018,PER_1000_LIVE_BIRTHS,F,U,KZKAR,7,35
2018,PER_1000_LIVE_BIRTHS,F,U,KZKUS,8,4
2018,PER_1000_LIVE_BIRTHS,F,U,KZKZY,10.66
2018,PER_1000_LIVE_BIRTHS,F,U,KZMAN,9,94
2018,PER_1000_LIVE_BIRTHS,F,U,KZPAV,7.35
2018,PER_1000_LIVE_BIRTHS,F,U,KZSEV,9.27
2018,PER_1000_LIVE_BIRTHS,F,U,KZYUZ,7.63
2018,PER_1000_LIVE_BIRTHS,F,U,KZULU,5.55
2018,PER_1000_LIVE_BIRTHS,F,U,KZVOS,7.68
2018,PER_1000_LIVE_BIRTHS,F,U,KZNS,5.64
2018,PER_1000_LIVE_BIRTHS,F,U,KZALA,8.32
2018,PER_1000_LIVE_BIRTHS,F,U,KZSHY,8.06
2018,PER_1000_LIVE_BIRTHS,F,R,,9.16
2018,PER_1000_LIVE_BIRTHS,F,R,KZABY,9.26
2018,PER_1000_LIVE_BIRTHS,F,R,KZAKM,6.12
2018,PER_1000_LIVE_BIRTHS,F,R,KZAKT,11.69
2018,PER_1000_LIVE_BIRTHS,F,R,KZALM,7.97
2018,PER_1000_LIVE_BIRTHS,F,R,KZATY,9.81
2018,PER_1000_LIVE_BIRTHS,F,R,KZZAP,6.49
2018,PER_1000_LIVE_BIRTHS,F,R,KZZHA,9.1
2018,PER_1000_LIVE_BIRTHS,F,R,KZZHS,9.4
2018,PER_1000_LIVE_BIRTHS,F,R,KZKAR,6.23
2018,PER_1000_LIVE_BIRTHS,F,R,KZKUS,10.4
2018,PER_1000_LIVE_BIRTHS,F,R,KZKZY,10.08
2018,PER_1000_LIVE_BIRTHS,F,R,KZMAN,11.68
2018,PER_1000_LIVE_BIRTHS,F,R,KZPAV,4.03
2018,PER_1000_LIVE_BIRTHS,F,R,KZSEV,10.25
2018,PER_1000_LIVE_BIRTHS,F,R,KZYUZ,9.56
2018,PER_1000_LIVE_BIRTHS,F,U,KZULU,10.85
2018,PER_1000_LIVE_BIRTHS,F,R,KZVOS,13.17
2019,PER_1000_LIVE_BIRTHS,_T,,,10.52
2019,PER_1000_LIVE_BIRTHS,_T,,KZABY,9.23
2019,PER_1000_LIVE_BIRTHS,_T,,KZAKM,8.48
2019,PER_1000_LIVE_BIRTHS,_T,,KZAKT,10.3
2019,PER_1000_LIVE_BIRTHS,_T,,KZALM,9,24
2019,PER_1000_LIVE_BIRTHS,_T,,KZATY,12.9
2019,PER_1000_LIVE_BIRTHS,_T,,KZZAP,8.61
2019,PER_1000_LIVE_BIRTHS,_T,,KZZHA,11.47
2019,PER_1000_LIVE_BIRTHS,_T,,KZZHS,10,99
2019,PER_1000_LIVE_BIRTHS,_T,,KZKAR,10.51
2019,PER_1000_LIVE_BIRTHS,_T,,KZKUS,11.71
2019,PER_1000_LIVE_BIRTHS,_T,,KZKZY,12,97
2019,PER_1000_LIVE_BIRTHS,_T,,KZMAN,11.21
2019,PER_1000_LIVE_BIRTHS,_T,,KZPAV,8.14
2019,PER_1000_LIVE_BIRTHS,_T,,KZSEV,11.64
2019,PER_1000_LIVE_BIRTHS,_T,,KZYUZ,11.67
2018,PER_1000_LIVE_BIRTHS,_T,,KZULU,11.19
2019,PER_1000_LIVE_BIRTHS,_T,,KZVOS,11.03
2019,PER_1000_LIVE_BIRTHS,_T,,KZNS,7.676
2019,PER_1000_LIVE_BIRTHS,_T,,KZALA,9.42
2019,PER_1000_LIVE_BIRTHS,_T,,KZSHY,11.58
2019,PER_1000_LIVE_BIRTHS,_T,U,,10.39
2019,PER_1000_LIVE_BIRTHS,_T,U,KZABY,8.88
2019,PER_1000_LIVE_BIRTHS,_T,U,KZAKM,8.25
2019,PER_1000_LIVE_BIRTHS,_T,U,KZAKT,9.69
2019,PER_1000_LIVE_BIRTHS,_T,U,KZALM,10.98
2019,PER_1000_LIVE_BIRTHS,_T,U,KZATY,13.11
2019,PER_1000_LIVE_BIRTHS,_T,U,KZZAP,9.18
2019,PER_1000_LIVE_BIRTHS,_T,U,KZZHA,12.73
2019,PER_1000_LIVE_BIRTHS,_T,U,KZZHS,12.08
2019,PER_1000_LIVE_BIRTHS,_T,U,KZKAR,10.32
2019,PER_1000_LIVE_BIRTHS,_T,U,KZKUS,9.44
2019,PER_1000_LIVE_BIRTHS,_T,U,KZKZY,12.8
2019,PER_1000_LIVE_BIRTHS,_T,U,KZMAN,13.2
2019,PER_1000_LIVE_BIRTHS,_T,U,KZPAV,8.35
2019,PER_1000_LIVE_BIRTHS,_T,U,KZSEV,10.91
2019,PER_1000_LIVE_BIRTHS,_T,U,KZYUZ,10.71
2019,PER_1000_LIVE_BIRTHS,_T,U,KZULU,13.54
2019,PER_1000_LIVE_BIRTHS,_T,U,KZVOS,11.83
2019,PER_1000_LIVE_BIRTHS,_T,U,KZNS,7.76
2019,PER_1000_LIVE_BIRTHS,_T,U,KZALA,9.42
2019,PER_1000_LIVE_BIRTHS,_T,U,KZSHY,11.58
2019,PER_1000_LIVE_BIRTHS,_T,R,,10.72
2019,PER_1000_LIVE_BIRTHS,_T,R,KZABY,8.88
2019,PER_1000_LIVE_BIRTHS,_T,R,KZAKM,8.25
2019,PER_1000_LIVE_BIRTHS,_T,R,KZAKT,9.69
2019,PER_1000_LIVE_BIRTHS,_T,R,KZALM,10.98
2019,PER_1000_LIVE_BIRTHS,_T,R,KZATY,13.11
2019,PER_1000_LIVE_BIRTHS,_T,R,KZZAP,9.18
2019,PER_1000_LIVE_BIRTHS,_T,R,KZZHA,12.73
2019,PER_1000_LIVE_BIRTHS,_T,R,KZZHS,12.08
2019,PER_1000_LIVE_BIRTHS,_T,R,KZKAR,11.28
2019,PER_1000_LIVE_BIRTHS,_T,R,KZKUS,15.43
2019,PER_1000_LIVE_BIRTHS,_T,R,KZKZY,13.15
2019,PER_1000_LIVE_BIRTHS,_T,R,KZMAN,9.85
2019,PER_1000_LIVE_BIRTHS,_T,R,KZPAV,7.63
2019,PER_1000_LIVE_BIRTHS,_T,R,KZSEV,12.36
2019,PER_1000_LIVE_BIRTHS,_T,R,KZYUZ,12.04
2019,PER_1000_LIVE_BIRTHS,_T,R,KZULU,2.92
2019,PER_1000_LIVE_BIRTHS,_T,R,KZVOS,9.44
2019,PER_1000_LIVE_BIRTHS,M,,,11.85
2019,PER_1000_LIVE_BIRTHS,M,,KZABY,9.18
2019,PER_1000_LIVE_BIRTHS,M,,KZAKM,8.66
2019,PER_1000_LIVE_BIRTHS,M,,KZAKT,10.02
2019,PER_1000_LIVE_BIRTHS,M,,KZALM,10.93
2019,PER_1000_LIVE_BIRTHS,M,,KZATY,14.0
2019,PER_1000_LIVE_BIRTHS,M,,KZZAP,10.34
2019,PER_1000_LIVE_BIRTHS,M,,KZZHA,13.25
2019,PER_1000_LIVE_BIRTHS,M,,KZZHS,13.68
2019,PER_1000_LIVE_BIRTHS,M,,KZKAR,11.62
2019,PER_1000_LIVE_BIRTHS,M,,KZKUS,15.92
2019,PER_1000_LIVE_BIRTHS,M,,KZKZY,15.32
2019,PER_1000_LIVE_BIRTHS,M,,KZMAN,12
2019,PER_1000_LIVE_BIRTHS,M,,KZPAV,8.64
2019,PER_1000_LIVE_BIRTHS,M,,KZSEV,13.79
2019,PER_1000_LIVE_BIRTHS,M,,KZYUZ,12.8
2019,PER_1000_LIVE_BIRTHS,M,,KZULU,14.09
2019,PER_1000_LIVE_BIRTHS,M,,KZVOS,11.21
2019,PER_1000_LIVE_BIRTHS,M,,KZNS,8.02
2019,PER_1000_LIVE_BIRTHS,M,,KZALA,10.83
2019,PER_1000_LIVE_BIRTHS,M,,KZSHY,13.82
2019,PER_1000_LIVE_BIRTHS,M,U,,11.66
2019,PER_1000_LIVE_BIRTHS,M,U,KZABY,9.79
2019,PER_1000_LIVE_BIRTHS,M,U,KZAKM,9.99
2019,PER_1000_LIVE_BIRTHS,M,U,KZAKT,8.96
2019,PER_1000_LIVE_BIRTHS,M,U,KZALM,13.79
2019,PER_1000_LIVE_BIRTHS,M,U,KZATY,12.78
2019,PER_1000_LIVE_BIRTHS,M,U,KZZAP,10.92
2019,PER_1000_LIVE_BIRTHS,M,U,KZZHA,15.08
2019,PER_1000_LIVE_BIRTHS,M,U,KZZHS,13.31
2019,PER_1000_LIVE_BIRTHS,M,U,KZKAR,11.33
2019,PER_1000_LIVE_BIRTHS,M,U,KZKUS,12.68
2019,PER_1000_LIVE_BIRTHS,M,U,KZKZY,14.21
2019,PER_1000_LIVE_BIRTHS,M,U,KZMAN,14.83
2019,PER_1000_LIVE_BIRTHS,M,U,KZPAV,8.97
2019,PER_1000_LIVE_BIRTHS,M,U,KZSEV,13.47
2019,PER_1000_LIVE_BIRTHS,M,U,KZYUZ,12.55
2019,PER_1000_LIVE_BIRTHS,M,U,KZULU,16.44
2019,PER_1000_LIVE_BIRTHS,M,U,KZVOS,11.45
2019,PER_1000_LIVE_BIRTHS,M,U,KZNS,8.02
2019,PER_1000_LIVE_BIRTHS,M,U,KZALA,10.83
2019,PER_1000_LIVE_BIRTHS,M,U,KZSHY,13.82
2019,PER_1000_LIVE_BIRTHS,M,R,,12.13
2019,PER_1000_LIVE_BIRTHS,M,R,KZABY,8.15
2019,PER_1000_LIVE_BIRTHS,M,R,KZAKM,6.91
2019,PER_1000_LIVE_BIRTHS,M,R,KZAKT,13.19
2019,PER_1000_LIVE_BIRTHS,M,R,KZALM,10.39
2019,PER_1000_LIVE_BIRTHS,M,R,KZATY,15.6
2019,PER_1000_LIVE_BIRTHS,M,R,KZZAP,9.56
2019,PER_1000_LIVE_BIRTHS,M,R,KZZHA,11.83
2019,PER_1000_LIVE_BIRTHS,M,R,KZZHS,14.01
2019,PER_1000_LIVE_BIRTHS,M,R,KZKAR,12.81
2019,PER_1000_LIVE_BIRTHS,M,R,KZKUS,21.23
2019,PER_1000_LIVE_BIRTHS,M,R,KZKZY,16.44
2019,PER_1000_LIVE_BIRTHS,M,R,KZMAN,10.07
2019,PER_1000_LIVE_BIRTHS,M,R,KZPAV,7.87
2019,PER_1000_LIVE_BIRTHS,M,R,KZSEV,14.12
2019,PER_1000_LIVE_BIRTHS,M,R,KZYUZ,12.89
2019,PER_1000_LIVE_BIRTHS,M,R,KZULU,5.69
2019,PER_1000_LIVE_BIRTHS,M,R,KZVOS,10.75
2019,PER_1000_LIVE_BIRTHS,F,,,9.1
2019,PER_1000_LIVE_BIRTHS,F,,KZABY,9.29
2019,PER_1000_LIVE_BIRTHS,F,,KZAKM,8.3
2019,PER_1000_LIVE_BIRTHS,F,,KZAKT,8.3
2019,PER_1000_LIVE_BIRTHS,F,,KZALM,7.43
2019,PER_1000_LIVE_BIRTHS,F,,KZATY,11.71
2019,PER_1000_LIVE_BIRTHS,F,,KZZAP,6.71
2019,PER_1000_LIVE_BIRTHS,F,,KZZHA,9.57
2019,PER_1000_LIVE_BIRTHS,F,,KZZHS,8.17
2019,PER_1000_LIVE_BIRTHS,F,,KZKAR,9.28
2019,PER_1000_LIVE_BIRTHS,F,,KZKUS,7.32
2019,PER_1000_LIVE_BIRTHS,F,,KZKZY,10.47
2019,PER_1000_LIVE_BIRTHS,F,,KZMAN,10.37
2019,PER_1000_LIVE_BIRTHS,F,,KZPAV,7.59
2019,PER_1000_LIVE_BIRTHS,F,,KZSEV,9.35
2019,PER_1000_LIVE_BIRTHS,F,,KZYUZ,10.47
2019,PER_1000_LIVE_BIRTHS,F,,KZULU,8.06
2019,PER_1000_LIVE_BIRTHS,F,,KZVOS,10.83
2019,PER_1000_LIVE_BIRTHS,F,,KZNS,7.5
2019,PER_1000_LIVE_BIRTHS,F,,KZALA,7.93
2019,PER_1000_LIVE_BIRTHS,F,,KZSHY,9.2
2019,PER_1000_LIVE_BIRTHS,F,U,,9.02
2019,PER_1000_LIVE_BIRTHS,F,U,KZABY,7.88
2019,PER_1000_LIVE_BIRTHS,F,U,KZAKM,6.35
2019,PER_1000_LIVE_BIRTHS,F,U,KZAKT,10.47
2019,PER_1000_LIVE_BIRTHS,F,U,KZALM,7.81
2019,PER_1000_LIVE_BIRTHS,F,U,KZATY,13.48
2019,PER_1000_LIVE_BIRTHS,F,U,KZZAP,7.27
2019,PER_1000_LIVE_BIRTHS,F,U,KZZHA,10.2
2019,PER_1000_LIVE_BIRTHS,F,U,KZZHS,10.8
2019,PER_1000_LIVE_BIRTHS,F,U,KZKAR,9.18
2019,PER_1000_LIVE_BIRTHS,F,U,KZKUS,6.05
2019,PER_1000_LIVE_BIRTHS,F,U,KZKZY,11.27
2019,PER_1000_LIVE_BIRTHS,F,U,KZMAN,11.47
2019,PER_1000_LIVE_BIRTHS,F,U,KZPAV,7.68
2019,PER_1000_LIVE_BIRTHS,F,U,KZSEV,8.08
2019,PER_1000_LIVE_BIRTHS,F,U,KZYUZ,8.74
2019,PER_1000_LIVE_BIRTHS,F,U,KZULU,10.39
2019,PER_1000_LIVE_BIRTHS,F,U,KZVOS,10.24
2019,PER_1000_LIVE_BIRTHS,F,U,KZNS,7.5
2019,PER_1000_LIVE_BIRTHS,F,U,KZALA,7.93
2019,PER_1000_LIVE_BIRTHS,F,U,KZSHY,9.2
2019,PER_1000_LIVE_BIRTHS,F,R,,9.21
2019,PER_1000_LIVE_BIRTHS,F,R,KZABY,11.76
2019,PER_1000_LIVE_BIRTHS,F,R,KZAKM,10.78
2019,PER_1000_LIVE_BIRTHS,F,R,KZAKT,10.99
2019,PER_1000_LIVE_BIRTHS,F,R,KZALM,7.36
2019,PER_1000_LIVE_BIRTHS,F,R,KZATY,9.39
2019,PER_1000_LIVE_BIRTHS,F,R,KZZAP,5.96
2019,PER_1000_LIVE_BIRTHS,F,R,KZZHA,9.08
2019,PER_1000_LIVE_BIRTHS,F,R,KZZHS,5.83
2019,PER_1000_LIVE_BIRTHS,F,R,KZKAR,9.65
2019,PER_1000_LIVE_BIRTHS,F,R,KZKUS,9.4
2019,PER_1000_LIVE_BIRTHS,F,R,KZKZY,9.69
2019,PER_1000_LIVE_BIRTHS,F,R,KZMAN,9.62
2019,PER_1000_LIVE_BIRTHS,F,R,KZPAV,7.37
2019,PER_1000_LIVE_BIRTHS,F,R,KZSEV,10.53
2019,PER_1000_LIVE_BIRTHS,F,R,KZYUZ,11.13
2019,PER_1000_LIVE_BIRTHS,F,R,KZULU,
2019,PER_1000_LIVE_BIRTHS,F,R,KZVOS,7.94
2020,PER_1000_LIVE_BIRTHS,_T,,,9.28
2020,PER_1000_LIVE_BIRTHS,_T,,KZABY,7.92
2020,PER_1000_LIVE_BIRTHS,_T,,KZAKM,8.56
2020,PER_1000_LIVE_BIRTHS,_T,,KZAKT,9.44
2020,PER_1000_LIVE_BIRTHS,_T,,KZALM,9.14
2020,PER_1000_LIVE_BIRTHS,_T,,KZATY,10.22
2020,PER_1000_LIVE_BIRTHS,_T,,KZZAP,10.9
2020,PER_1000_LIVE_BIRTHS,_T,,KZZHA,8.61
2020,PER_1000_LIVE_BIRTHS,_T,,KZZHS,8,98
2020,PER_1000_LIVE_BIRTHS,_T,,KZKAR,9.19
2020,PER_1000_LIVE_BIRTHS,_T,,KZKUS,12.51
2020,PER_1000_LIVE_BIRTHS,_T,,KZKZY,13.41
2020,PER_1000_LIVE_BIRTHS,_T,,KZMAN,9.39
2020,PER_1000_LIVE_BIRTHS,_T,,KZPAV,7.05
2020,PER_1000_LIVE_BIRTHS,_T,,KZSEV,10.47
2020,PER_1000_LIVE_BIRTHS,_T,,KZYUZ,9.1
2020,PER_1000_LIVE_BIRTHS,_T,,KZULU,12.27
2020,PER_1000_LIVE_BIRTHS,_T,,KZVOS,9.23
2020,PER_1000_LIVE_BIRTHS,_T,,KZNS,6.23
2020,PER_1000_LIVE_BIRTHS,_T,,KZALA,8.86
2020,PER_1000_LIVE_BIRTHS,_T,,KZSHY,9.46
2020,PER_1000_LIVE_BIRTHS,_T,U,,9.75
2020,PER_1000_LIVE_BIRTHS,_T,U,KZABY,7.58
2020,PER_1000_LIVE_BIRTHS,_T,U,KZAKM,8.53
2020,PER_1000_LIVE_BIRTHS,_T,U,KZAKT,9.41
2020,PER_1000_LIVE_BIRTHS,_T,U,KZALM,14.2
2020,PER_1000_LIVE_BIRTHS,_T,U,KZATY,9.94
2020,PER_1000_LIVE_BIRTHS,_T,U,KZZAP,12.15
2020,PER_1000_LIVE_BIRTHS,_T,U,KZZHA,10.83
2020,PER_1000_LIVE_BIRTHS,_T,U,KZZHS,9.83
2020,PER_1000_LIVE_BIRTHS,_T,U,KZKAR,9.52
2020,PER_1000_LIVE_BIRTHS,_T,U,KZKUS,13.32
2020,PER_1000_LIVE_BIRTHS,_T,U,KZKZY,14.01
2020,PER_1000_LIVE_BIRTHS,_T,U,KZMAN,12.55
2020,PER_1000_LIVE_BIRTHS,_T,U,KZPAV,7.06
2020,PER_1000_LIVE_BIRTHS,_T,U,KZSEV,10.56
2020,PER_1000_LIVE_BIRTHS,_T,U,KZYUZ,11.95
2020,PER_1000_LIVE_BIRTHS,_T,U,KZULU,12.73
2020,PER_1000_LIVE_BIRTHS,_T,U,KZVOS,9.05
2020,PER_1000_LIVE_BIRTHS,_T,U,KZNS,6.23
2020,PER_1000_LIVE_BIRTHS,_T,U,KZALA,8.86
2020,PER_1000_LIVE_BIRTHS,_T,U,KZSHY,9.46
2020,PER_1000_LIVE_BIRTHS,_T,R,,8.62
2020,PER_1000_LIVE_BIRTHS,_T,R,KZABY,7.58
2020,PER_1000_LIVE_BIRTHS,_T,R,KZAKM,8.53
2020,PER_1000_LIVE_BIRTHS,_T,R,KZAKT,9.41
2020,PER_1000_LIVE_BIRTHS,_T,R,KZALM,14.2
2020,PER_1000_LIVE_BIRTHS,_T,R,KZATY,9.94
2020,PER_1000_LIVE_BIRTHS,_T,R,KZZAP,12.15
2020,PER_1000_LIVE_BIRTHS,_T,R,KZZHA,10.83
2020,PER_1000_LIVE_BIRTHS,_T,R,KZZHS,9.83
2020,PER_1000_LIVE_BIRTHS,_T,R,KZKAR,17.9
2020,PER_1000_LIVE_BIRTHS,_T,R,KZKUS,11.2
2020,PER_1000_LIVE_BIRTHS,_T,R,KZKZY,12.85
2020,PER_1000_LIVE_BIRTHS,_T,R,KZMAN,7.18
2020,PER_1000_LIVE_BIRTHS,_T,R,KZPAV,7.03
2020,PER_1000_LIVE_BIRTHS,_T,R,KZSEV,10.36
2020,PER_1000_LIVE_BIRTHS,_T,R,KZYUZ,8.09
2020,PER_1000_LIVE_BIRTHS,_T,R,KZULU,10.59
2020,PER_1000_LIVE_BIRTHS,_T,R,KZVOS,9.58
2020,PER_1000_LIVE_BIRTHS,M,,,10.36
2020,PER_1000_LIVE_BIRTHS,M,,KZABY,7.47
2020,PER_1000_LIVE_BIRTHS,M,,KZAKM,9.19
2020,PER_1000_LIVE_BIRTHS,M,,KZAKT,11.34
2020,PER_1000_LIVE_BIRTHS,M,,KZALM,10.35
2020,PER_1000_LIVE_BIRTHS,M,,KZATY,9.49
2020,PER_1000_LIVE_BIRTHS,M,,KZZAP,11.14
2020,PER_1000_LIVE_BIRTHS,M,,KZZHA,9.72
2020,PER_1000_LIVE_BIRTHS,M,,KZZHS,10.6
2020,PER_1000_LIVE_BIRTHS,M,,KZKAR,9.75
2020,PER_1000_LIVE_BIRTHS,M,,KZKUS,14.2
2020,PER_1000_LIVE_BIRTHS,M,,KZKZY,16.47
2020,PER_1000_LIVE_BIRTHS,M,,KZMAN,10.22
2020,PER_1000_LIVE_BIRTHS,M,,KZPAV,8.82
2020,PER_1000_LIVE_BIRTHS,M,,KZSEV,11.44
2020,PER_1000_LIVE_BIRTHS,M,,KZYUZ,10.12
2020,PER_1000_LIVE_BIRTHS,M,,KZULU,12.36
2020,PER_1000_LIVE_BIRTHS,M,,KZVOS,9.32
2020,PER_1000_LIVE_BIRTHS,M,,KZNS,7.03
2020,PER_1000_LIVE_BIRTHS,M,,KZALA,10.21
2020,PER_1000_LIVE_BIRTHS,M,,KZSHY,10.89
2020,PER_1000_LIVE_BIRTHS,M,U,,10.96
2020,PER_1000_LIVE_BIRTHS,M,U,KZABY,6.75
2020,PER_1000_LIVE_BIRTHS,M,U,KZAKM,9.35
2020,PER_1000_LIVE_BIRTHS,M,U,KZAKT,11.48
2020,PER_1000_LIVE_BIRTHS,M,U,KZALM,16.79
2020,PER_1000_LIVE_BIRTHS,M,U,KZATY,9.69
2020,PER_1000_LIVE_BIRTHS,M,U,KZZAP,12.69
2020,PER_1000_LIVE_BIRTHS,M,U,KZZHA,12.84
2020,PER_1000_LIVE_BIRTHS,M,U,KZZHS,10.94
2020,PER_1000_LIVE_BIRTHS,M,U,KZKAR,9.92
2020,PER_1000_LIVE_BIRTHS,M,U,KZKUS,15.83
2020,PER_1000_LIVE_BIRTHS,M,U,KZKZY,18.62
2020,PER_1000_LIVE_BIRTHS,M,U,KZMAN,12.64
2020,PER_1000_LIVE_BIRTHS,M,U,KZPAV,8.95
2020,PER_1000_LIVE_BIRTHS,M,U,KZSEV,10.93
2020,PER_1000_LIVE_BIRTHS,M,U,KZYUZ,13.09
2020,PER_1000_LIVE_BIRTHS,M,U,KZULU,13.27
2020,PER_1000_LIVE_BIRTHS,M,U,KZVOS,8.25
2020,PER_1000_LIVE_BIRTHS,M,U,KZNS,7.03
2020,PER_1000_LIVE_BIRTHS,M,U,KZALA,10.21
2020,PER_1000_LIVE_BIRTHS,M,U,KZSHY,10.89
2020,PER_1000_LIVE_BIRTHS,M,R,,9.51
2020,PER_1000_LIVE_BIRTHS,M,R,KZABY,8.69
2020,PER_1000_LIVE_BIRTHS,M,R,KZAKM,9
2020,PER_1000_LIVE_BIRTHS,M,R,KZAKT,10.95
2020,PER_1000_LIVE_BIRTHS,M,R,KZALM,9.25
2020,PER_1000_LIVE_BIRTHS,M,R,KZATY,9.26
2020,PER_1000_LIVE_BIRTHS,M,R,KZZAP,9.12
2020,PER_1000_LIVE_BIRTHS,M,R,KZZHA,7.26
2020,PER_1000_LIVE_BIRTHS,M,R,KZZHS,10.33
2020,PER_1000_LIVE_BIRTHS,M,R,KZKAR,9.08
2020,PER_1000_LIVE_BIRTHS,M,R,KZKUS,11.5
2020,PER_1000_LIVE_BIRTHS,M,R,KZKZY,14.44
2020,PER_1000_LIVE_BIRTHS,M,R,KZMAN,8.53
2020,PER_1000_LIVE_BIRTHS,M,R,KZPAV,8.53
2020,PER_1000_LIVE_BIRTHS,M,R,KZSEV,11.92
2020,PER_1000_LIVE_BIRTHS,M,R,KZYUZ,9.05
2020,PER_1000_LIVE_BIRTHS,M,R,KZULU,9.19
2020,PER_1000_LIVE_BIRTHS,M,R,KZVOS,11.42
2020,PER_1000_LIVE_BIRTHS,F,,,8.13
2020,PER_1000_LIVE_BIRTHS,F,,KZABY,8.41
2020,PER_1000_LIVE_BIRTHS,F,,KZAKM,7.86
2020,PER_1000_LIVE_BIRTHS,F,,KZAKT,7.41
2020,PER_1000_LIVE_BIRTHS,F,,KZALM,7.87
2020,PER_1000_LIVE_BIRTHS,F,,KZATY,10.99
2020,PER_1000_LIVE_BIRTHS,F,,KZZAP,10.63
2020,PER_1000_LIVE_BIRTHS,F,,KZZHA,7.42
2020,PER_1000_LIVE_BIRTHS,F,,KZZHS,7.28
2020,PER_1000_LIVE_BIRTHS,F,,KZKAR,8.58
2020,PER_1000_LIVE_BIRTHS,F,,KZKUS,10.73
2020,PER_1000_LIVE_BIRTHS,F,,KZKZY,10.11
2020,PER_1000_LIVE_BIRTHS,F,,KZMAN,8.47
2020,PER_1000_LIVE_BIRTHS,F,,KZPAV,5.21
2020,PER_1000_LIVE_BIRTHS,F,,KZSEV,9.41
2020,PER_1000_LIVE_BIRTHS,F,,KZYUZ,8
2020,PER_1000_LIVE_BIRTHS, F,,KZULU,12.18
2020,PER_1000_LIVE_BIRTHS,F,,KZVOS,9.14
2020,PER_1000_LIVE_BIRTHS,F,,KZNS,5.36
2020,PER_1000_LIVE_BIRTHS,F,,KZALA,7.39
2020,PER_1000_LIVE_BIRTHS,F,,KZSHY,7.94
2020,PER_1000_LIVE_BIRTHS,F,U,,8.44
2020,PER_1000_LIVE_BIRTHS,F,U,KZABY,8.48
2020,PER_1000_LIVE_BIRTHS,F,U,KZAKM,7.66
2020,PER_1000_LIVE_BIRTHS,F,U,KZAKT,7.2
2020,PER_1000_LIVE_BIRTHS,F,U,KZALM,11.54
2020,PER_1000_LIVE_BIRTHS,F,U,KZATY,10.21
2020,PER_1000_LIVE_BIRTHS,F,U,KZZAP,11.57
2020,PER_1000_LIVE_BIRTHS,F,U,KZZHA,8.71
2020,PER_1000_LIVE_BIRTHS,F,U,KZZHS,8.66
2020,PER_1000_LIVE_BIRTHS,F,U,KZKAR,9.08
2020,PER_1000_LIVE_BIRTHS,F,U,KZKUS,10.63
2020,PER_1000_LIVE_BIRTHS,F,U,KZKZY,8.97
2020,PER_1000_LIVE_BIRTHS,F,U,KZMAN,12.44
2020,PER_1000_LIVE_BIRTHS,F,U,KZPAV,5.08
2020,PER_1000_LIVE_BIRTHS,F,U,KZSEV,10.2
2020,PER_1000_LIVE_BIRTHS,F,U,KZYUZ,10.7
2020,PER_1000_LIVE_BIRTHS,F,U,KZULU,12.2
2020,PER_1000_LIVE_BIRTHS,F,U,KZVOS,9.89
2020,PER_1000_LIVE_BIRTHS,F,U,KZNS,5.36
2020,PER_1000_LIVE_BIRTHS,F,U,KZALA,7.39
2020PER_1000_LIVE_BIRTHS,F,U,KZSHY,7.94
2020,PER_1000_LIVE_BIRTHS,F,R,,7.68
2020,PER_1000_LIVE_BIRTHS,F,R,KZABY,8.28
2020,PER_1000_LIVE_BIRTHS,F,R,KZAKM,8.13
2020,PER_1000_LIVE_BIRTHS,F,R,KZAKT,8.01
2020,PER_1000_LIVE_BIRTHS,F,R,KZALM,7.22
2020,PER_1000_LIVE_BIRTHS,F,R,KZATY,11.91
2020,PER_1000_LIVE_BIRTHS,F,R,KZZAP,9.41
2020,PER_1000_LIVE_BIRTHS,F,R,KZZHA,6.39
2020,PER_1000_LIVE_BIRTHS,F,R,KZZHS,6.15
2020,PER_1000_LIVE_BIRTHS,F,R,KZKAR,6.61
2020,PER_1000_LIVE_BIRTHS,F,R,KZKUS,10.88
2020,PER_1000_LIVE_BIRTHS,F,R,KZKZY,11.16
2020,PER_1000_LIVE_BIRTHS,F,R,KZMAN,5.71
2020,PER_1000_LIVE_BIRTHS,F,R,KZPAV,5.48
2020,PER_1000_LIVE_BIRTHS,F,R,KZSEV,8.7
2020,PER_1000_LIVE_BIRTHS,F,R,KZYUZ,7.06
2020,PER_1000_LIVE_BIRTHS,F,R,KZULU,12.12
2020,PER_1000_LIVE_BIRTHS,F,R,KZVOS,7.72
2021,PER_1000_LIVE_BIRTHS,_T,,,9.9
2021,PER_1000_LIVE_BIRTHS,_T,,KZABY,8.84
2021,PER_1000_LIVE_BIRTHS,_T,,KZAKM,6.62
2021,PER_1000_LIVE_BIRTHS,_T,,KZAKT,11.47
2021,PER_1000_LIVE_BIRTHS,_T,,KZALM,8.45
2021,PER_1000_LIVE_BIRTHS,_T,,KZATY,10.37
2021,PER_1000_LIVE_BIRTHS,_T,,KZZAP,8.57
2021,PER_1000_LIVE_BIRTHS,_T,,KZZHA,8.93
2021,PER_1000_LIVE_BIRTHS,_T,,KZZHS,8.67
2021,PER_1000_LIVE_BIRTHS,_T,,KZKAR,9.32
2021,PER_1000_LIVE_BIRTHS,_T,,KZKUS,12.18
2021,PER_1000_LIVE_BIRTHS,_T,,KZKZY,11.53
2021,PER_1000_LIVE_BIRTHS,_T,,KZMAN,10.72
2021,PER_1000_LIVE_BIRTHS,_T,,KZPAV,8.23
2021,PER_1000_LIVE_BIRTHS,_T,,KZSEV,12.33
2021,PER_1000_LIVE_BIRTHS,_T,,KZYUZ,9.71
2021,PER_1000_LIVE_BIRTHS,_T,,KZULU,11.49
2021,PER_1000_LIVE_BIRTHS,_T,,KZVOS,8.62
2021,PER_1000_LIVE_BIRTHS,_T,,KZNS,8.7
2021,PER_1000_LIVE_BIRTHS,_T,,KZALA,12.22
2021,PER_1000_LIVE_BIRTHS,_T,,KZSHY,10.95
2021,PER_1000_LIVE_BIRTHS,_T,U,,11.84
2021,PER_1000_LIVE_BIRTHS,_T,U,KZABY,10.05
2021,PER_1000_LIVE_BIRTHS,_T,U,KZAKM,9.12
2021,PER_1000_LIVE_BIRTHS,_T,U,KZAKT,11.6
2021,PER_1000_LIVE_BIRTHS,_T,U,KZALM,14.2
2021,PER_1000_LIVE_BIRTHS,_T,U,KZATY,10.45
2021,PER_1000_LIVE_BIRTHS,_T,U,KZZAP,12.08
2021,PER_1000_LIVE_BIRTHS,_T,U,KZZHA,14.74
2021,PER_1000_LIVE_BIRTHS,_T,U,KZZHS,11.09
2021,PER_1000_LIVE_BIRTHS,_T,U,KZKAR,10.54
2021,PER_1000_LIVE_BIRTHS,_T,U,KZKUS,14.96
2021,PER_1000_LIVE_BIRTHS,_T,U,KZKZY,17.7
2021,PER_1000_LIVE_BIRTHS,_T,U,KZMAN,15.2
2021,PER_1000_LIVE_BIRTHS,_T,U,KZPAV,7.43
2021,PER_1000_LIVE_BIRTHS,_T,U,KZSEV,18.52
2021,PER_1000_LIVE_BIRTHS,_T,U,KZYUZ,14.92
2021,PER_1000_LIVE_BIRTHS,_T,U,KZULU,13.9
2021,PER_1000_LIVE_BIRTHS,_T,U,KZVOS,8.28
2021,PER_1000_LIVE_BIRTHS,_T,U,KZNS,8.7
2021,PER_1000_LIVE_BIRTHS,_T,U,KZALA,12.22
2021,PER_1000_LIVE_BIRTHS,_T,U,KZSHY,10.95
2021,PER_1000_LIVE_BIRTHS,_T,R,,7.12
2021,PER_1000_LIVE_BIRTHS,_T,R,KZABY,10.05
2021,PER_1000_LIVE_BIRTHS,_T,R,KZAKM,9.12
2021,PER_1000_LIVE_BIRTHS,_T,R,KZAKT,11.6
2021,PER_1000_LIVE_BIRTHS,_T,R,KZALM,14.02
2021,PER_1000_LIVE_BIRTHS,_T,R,KZATY,10.45
2021,PER_1000_LIVE_BIRTHS,_T,R,KZZAP,12.08
2021,PER_1000_LIVE_BIRTHS,_T,R,KZZHA,14.74
2021,PER_1000_LIVE_BIRTHS,_T,R,KZZHS,11.09
2021,PER_1000_LIVE_BIRTHS,_T,R,KZKAR,4.29
2021,PER_1000_LIVE_BIRTHS,_T,R,KZKUS,7.48
2021,PER_1000_LIVE_BIRTHS,_T,R,KZKZY,6.0
2021,PER_1000_LIVE_BIRTHS,_T,R,KZMAN,7.58
2021,PER_1000_LIVE_BIRTHS,_T,R,KZPAV,10.15
2021,PER_1000_LIVE_BIRTHS,_T,R,KZSEV,6.56
2021,PER_1000_LIVE_BIRTHS,_T,R,KZYUZ,7.84
2021,PER_1000_LIVE_BIRTHS,_T,R,KZULU,2.84
2021,PER_1000_LIVE_BIRTHS,_T,R,KZVOS,9.28
2021,PER_1000_LIVE_BIRTHS,M,,,10.73
2021,PER_1000_LIVE_BIRTHS,M,,KZABY,8.37
2021,PER_1000_LIVE_BIRTHS,M,,KZAKM,7.59
2021,PER_1000_LIVE_BIRTHS,M,,KZAKT,12.4
2021,PER_1000_LIVE_BIRTHS,M,,KZALM,8.95
2021,PER_1000_LIVE_BIRTHS,M,,KZATY,10.3
2021,PER_1000_LIVE_BIRTHS,M,,KZZAP,10.41
2021,PER_1000_LIVE_BIRTHS,M,,KZZHA,10.58
2021,PER_1000_LIVE_BIRTHS,M,,KZZHS,10.01
2021,PER_1000_LIVE_BIRTHS,M,,KZKAR,10.0
2021,PER_1000_LIVE_BIRTHS,M,,KZKUS,12.66
2021,PER_1000_LIVE_BIRTHS,M,,KZKZY,12.44
2021,PER_1000_LIVE_BIRTHS,M,,KZMAN,11.06
2021,PER_1000_LIVE_BIRTHS,M,,KZPAV,8.15
2021,PER_1000_LIVE_BIRTHS,M,,KZSEV,13.28
2021,PER_1000_LIVE_BIRTHS,M,,KZYUZ,10.8
2021,PER_1000_LIVE_BIRTHS,M,,KZULU,12.38
2021,PER_1000_LIVE_BIRTHS,M,,KZVOS,9.21
2021,PER_1000_LIVE_BIRTHS,M,,KZNS,8.94
2021,PER_1000_LIVE_BIRTHS,M,,KZALA,13.22
2021,PER_1000_LIVE_BIRTHS,M,,KZSHY,12.25
2021,PER_1000_LIVE_BIRTHS,M,U,,12.67
2021,PER_1000_LIVE_BIRTHS,M,U,KZABY,8.48
2021,PER_1000_LIVE_BIRTHS,M,U,KZAKM,9.99
2021,PER_1000_LIVE_BIRTHS,M,U,KZAKT,12.05
2021,PER_1000_LIVE_BIRTHS,M,U,KZALM,14.09
2021,PER_1000_LIVE_BIRTHS,M,U,KZATY,10.67
2021,PER_1000_LIVE_BIRTHS,M,U,KZZAP,14.2
2021,PER_1000_LIVE_BIRTHS,M,U,KZZHA,17.17
2021,PER_1000_LIVE_BIRTHS,M,U,KZZHS,13.39
2021,PER_1000_LIVE_BIRTHS,M,U,KZKAR,11.28
2021,PER_1000_LIVE_BIRTHS,M,U,KZKUS,15.55
2021,PER_1000_LIVE_BIRTHS,M,U,KZKZY,18.72
2021,PER_1000_LIVE_BIRTHS,M,U,KZMAN,14.57
2021,PER_1000_LIVE_BIRTHS,M,U,KZPAV,7.08
2021,PER_1000_LIVE_BIRTHS,M,U,KZSEV,20.05
2021,PER_1000_LIVE_BIRTHS,M,U,KZYUZ,16.5
2021,PER_1000_LIVE_BIRTHS,M,U,KZULU,14.78
2021,PER_1000_LIVE_BIRTHS,M,U,KZVOS,8.99
2021,PER_1000_LIVE_BIRTHS,M,U,KZNS,8.94
2021,PER_1000_LIVE_BIRTHS,M,U,KZALA,13.22
2021,PER_1000_LIVE_BIRTHS,M,U,KZSHY,12.25
2021,PER_1000_LIVE_BIRTHS,M,R,,7.94
2021,PER_1000_LIVE_BIRTHS,M,R,KZABY,8.18
2021,PER_1000_LIVE_BIRTHS,M,R,KZAKM,4.46
2021,PER_1000_LIVE_BIRTHS,M,R,KZAKT,13.43
2021,PER_1000_LIVE_BIRTHS,M,R,KZALM,8.08
2021,PER_1000_LIVE_BIRTHS,M,R,KZATY,9.86
2021,PER_1000_LIVE_BIRTHS,M,R,KZZAP,5.83
2021,PER_1000_LIVE_BIRTHS,M,R,KZZHA,5.47
2021,PER_1000_LIVE_BIRTHS,M,R,KZZHS,7.29
2021,PER_1000_LIVE_BIRTHS,M,R,KZKAR,4.68
2021,PER_1000_LIVE_BIRTHS,M,R,KZKUS,7.91
2021,PER_1000_LIVE_BIRTHS,M,R,KZKZY,6.73
2021,PER_1000_LIVE_BIRTHS,M,R,KZMAN,8.57
2021,PER_1000_LIVE_BIRTHS,M,R,KZPAV,10.68
2021,PER_1000_LIVE_BIRTHS,M,R,KZSEV,6.89
2021,PER_1000_LIVE_BIRTHS,M,R,KZYUZ,8.77
2021,PER_1000_LIVE_BIRTHS,M,R,KZULU,3.68
2021,PER_1000_LIVE_BIRTHS,M,R,KZVOS,9.64
2021,PER_1000_LIVE_BIRTHS,F,,,9.02
2021,PER_1000_LIVE_BIRTHS,F,,KZABY,9.34
2021,PER_1000_LIVE_BIRTHS,F,,KZAKM,5.56
2021,PER_1000_LIVE_BIRTHS,F,,KZAKT,10.48
2021,PER_1000_LIVE_BIRTHS,F,,KZALM,7.91
2021,PER_1000_LIVE_BIRTHS,F,,KZATY,10.44
2021,PER_1000_LIVE_BIRTHS,F,,KZZAP,6.69
2021,PER_1000_LIVE_BIRTHS,F,,KZZHA,7.2
2021,PER_1000_LIVE_BIRTHS,F,,KZZHS,7.24
2021,PER_1000_LIVE_BIRTHS,F,,KZKAR,8.59
2021,PER_1000_LIVE_BIRTHS,F,,KZKUS,11.68
2021,PER_1000_LIVE_BIRTHS,F,,KZKZY,10.55
2021,PER_1000_LIVE_BIRTHS,F,,KZMAN,10.36
2021,PER_1000_LIVE_BIRTHS,F,,KZPAV,8.33
2021,PER_1000_LIVE_BIRTHS,F,,KZSEV,11.29
2021,PER_1000_LIVE_BIRTHS,F,,KZYUZ,8.55
2021,PER_1000_LIVE_BIRTHS,F,,KZULU,10.56
2021,PER_1000_LIVE_BIRTHS,F,,KZVOS,7.99
2021,PER_1000_LIVE_BIRTHS,F,,KZNS,8.44
2021,PER_1000_LIVE_BIRTHS,F,,KZALA,11.16
2021,PER_1000_LIVE_BIRTHS,F,,KZSHY,9.57
2021,PER_1000_LIVE_BIRTHS,F,U,,10.96
2021,PER_1000_LIVE_BIRTHS,F,U,KZABY,11.77
2021,PER_1000_LIVE_BIRTHS,F,U,KZAKM,8.15
2021,PER_1000_LIVE_BIRTHS,F,U,KZAKT,11.11
2021,PER_1000_LIVE_BIRTHS,F,U,KZALM,13.94
2021,PER_1000_LIVE_BIRTHS,F,U,KZATY,10.22
2021,PER_1000_LIVE_BIRTHS,F,U,KZZAP,9.95
2021,PER_1000_LIVE_BIRTHS,F,U,KZZHA,12.22
2021,PER_1000_LIVE_BIRTHS,F,U,KZZHS,8.62
2021,PER_1000_LIVE_BIRTHS,F,U,KZKAR,9.75
2021,PER_1000_LIVE_BIRTHS,F,U,KZKUS,14.36
2021,PER_1000_LIVE_BIRTHS,F,U,KZKZY,16.59
2021,PER_1000_LIVE_BIRTHS,F,U,KZMAN,15.86
2021,PER_1000_LIVE_BIRTHS,F,U,KZPAV,7.8
2021,PER_1000_LIVE_BIRTHS,F,U,KZSEV,16.82
2021,PER_1000_LIVE_BIRTHS,F,U,KZYUZ,13.26
2021,PER_1000_LIVE_BIRTHS,F,U,KZULU,12.96
2021,PER_1000_LIVE_BIRTHS,F,U,KZVOS,7.51
2021,PER_1000_LIVE_BIRTHS,F,U,KZNS,8.44
2021,PER_1000_LIVE_BIRTHS,F,U,KZALA,11.16
2021,PER_1000_LIVE_BIRTHS,F,U,KZSHY,9.57
2021,PER_1000_LIVE_BIRTHS,F,R,,6.24
2021,PER_1000_LIVE_BIRTHS,F,R,KZABY,5.17
2021,PER_1000_LIVE_BIRTHS,F,R,KZAKM,2.24
2021,PER_1000_LIVE_BIRTHS,F,R,KZAKT,8.67
2021,PER_1000_LIVE_BIRTHS,F,R,KZALM,6.85
2021,PER_1000_LIVE_BIRTHS,F,R,KZATY,10.71
2021,PER_1000_LIVE_BIRTHS,F,R,KZZAP,2.57
2021,PER_1000_LIVE_BIRTHS,F,R,KZZHA,3.25
2021,PER_1000_LIVE_BIRTHS,F,R,KZZHS,6.15
2021,PER_1000_LIVE_BIRTHS,F,R,KZKAR,3.87
2021,PER_1000_LIVE_BIRTHS,F,R,KZKUS,7.0
2021,PER_1000_LIVE_BIRTHS,F,R,KZKZY,5.25
2021,PER_1000_LIVE_BIRTHS,F,R,KZMAN,6.54
2021,PER_1000_LIVE_BIRTHS,F,R,KZPAV,9.59
2021,PER_1000_LIVE_BIRTHS,F,R,KZSEV,6.2
2021,PER_1000_LIVE_BIRTHS,F,R,KZYUZ,6.84
2021,PER_1000_LIVE_BIRTHS,F,R,KZULU,1.94
2021,PER_1000_LIVE_BIRTHS,F,R,KZVOS,8.9
2022,PER_1000_LIVE_BIRTHS,_T,,,9.88
2022,PER_1000_LIVE_BIRTHS,_T,,KZABY,7.66
2022,PER_1000_LIVE_BIRTHS,_T,,KZAKM,6.92
2022,PER_1000_LIVE_BIRTHS,_T,,KZAKT,10.93
2022,PER_1000_LIVE_BIRTHS,_T,,KZALM,12.04
2022,PER_1000_LIVE_BIRTHS,_T,,KZATY,10.26
2022,PER_1000_LIVE_BIRTHS,_T,,KZZAP,9.73
2022,PER_1000_LIVE_BIRTHS,_T,,KZZHA,9.54
2022,PER_1000_LIVE_BIRTHS,_T,,KZZHS,10.91
2022,PER_1000_LIVE_BIRTHS,_T,,KZKAR,10.05
2022,PER_1000_LIVE_BIRTHS,_T,,KZKUS,12.94
2022,PER_1000_LIVE_BIRTHS,_T,,KZKZY,12.61
2022,PER_1000_LIVE_BIRTHS,_T,,KZMAN,9.78
2022,PER_1000_LIVE_BIRTHS,_T,,KZPAV,9.1
2022,PER_1000_LIVE_BIRTHS,_T,,KZSEV,12.76
2022,PER_1000_LIVE_BIRTHS,_T,,KZYUZ,10.86
2022,PER_1000_LIVE_BIRTHS,_T,,KZULU,11.56
2022,PER_1000_LIVE_BIRTHS,_T,,KZVOS,10.02
2022,PER_1000_LIVE_BIRTHS,_T,,KZNS,7.26
2022,PER_1000_LIVE_BIRTHS,_T,,KZALA,6.45
2022,PER_1000_LIVE_BIRTHS,_T,,KZSHY,9.58
2022,PER_1000_LIVE_BIRTHS,_T,U,,9.18
2022,PER_1000_LIVE_BIRTHS,_T,U,KZABY,6.75
2022,PER_1000_LIVE_BIRTHS,_T,U,KZAKM,8.41
2022,PER_1000_LIVE_BIRTHS,_T,U,KZAKT,9.76
2022,PER_1000_LIVE_BIRTHS,_T,U,KZALM,11.82
2022,PER_1000_LIVE_BIRTHS,_T,U,KZATY,9.81
2022,PER_1000_LIVE_BIRTHS,_T,U,KZZAP,8.66
2022,PER_1000_LIVE_BIRTHS,_T,U,KZZHA,10.76
2022,PER_1000_LIVE_BIRTHS,_T,U,KZZHS,11.09
2022,PER_1000_LIVE_BIRTHS,_T,U,KZKAR,10.27
2022,PER_1000_LIVE_BIRTHS,_T,U,KZKUS,10.78
2022,PER_1000_LIVE_BIRTHS,_T,U,KZKZY,13.62
2022,PER_1000_LIVE_BIRTHS,_T,U,KZMAN,9.47
2022,PER_1000_LIVE_BIRTHS,_T,U,KZPAV,9.42
2022,PER_1000_LIVE_BIRTHS,_T,U,KZSEV,11.74
2022,PER_1000_LIVE_BIRTHS,_T,U,KZYUZ,10.18
2022,PER_1000_LIVE_BIRTHS,_T,U,KZULU,12.38
2022,PER_1000_LIVE_BIRTHS,_T,U,KZVOS,9.19
2022,PER_1000_LIVE_BIRTHS,_T,U,KZNS,7.26
2022,PER_1000_LIVE_BIRTHS,_T,U,KZALA,6.45
2022,PER_1000_LIVE_BIRTHS,_T,U,KZSHY,9.58
2022,PER_1000_LIVE_BIRTHS,_T,R,,10.92
2022,PER_1000_LIVE_BIRTHS,_T,R,KZABY,6.75
2022,PER_1000_LIVE_BIRTHS,_T,R,KZAKM,8.41
2022,PER_1000_LIVE_BIRTHS,_T,R,KZAKT,9.76
2022,PER_1000_LIVE_BIRTHS,_T,R,KZALM,11.82
2022,PER_1000_LIVE_BIRTHS,_T,R,KZATY,9.81
2022,PER_1000_LIVE_BIRTHS,_T,R,KZZAP,8.66
2022,PER_1000_LIVE_BIRTHS,_T,R,KZZHA,10.76
2022,PER_1000_LIVE_BIRTHS,_T,R,KZZHS,11.09
2022,PER_1000_LIVE_BIRTHS,_T,R,KZKAR,9.2
2022,PER_1000_LIVE_BIRTHS,_T,R,KZKUS,16.72
2022,PER_1000_LIVE_BIRTHS,_T,R,KZKZY,11.67
2022,PER_1000_LIVE_BIRTHS,_T,R,KZMAN,10.02
2022,PER_1000_LIVE_BIRTHS,_T,R,KZPAV,8.38
2022,PER_1000_LIVE_BIRTHS,_T,R,KZSEV,13.74
2022,PER_1000_LIVE_BIRTHS,_T,R,KZYUZ,11.1
2022,PER_1000_LIVE_BIRTHS,_T,R,KZULU,8.4
2022,PER_1000_LIVE_BIRTHS,_T,R,KZVOS,11.76
2022,PER_1000_LIVE_BIRTHS,M,,,10.93
2022,PER_1000_LIVE_BIRTHS,M,,KZABY,8.16
2022,PER_1000_LIVE_BIRTHS,M,,KZAKM,6.79
2022,PER_1000_LIVE_BIRTHS,M,,KZAKT,12.19
2022,PER_1000_LIVE_BIRTHS,M,,KZALM,13.39
2022,PER_1000_LIVE_BIRTHS,M,,KZATY,10.75
2022,PER_1000_LIVE_BIRTHS,M,,KZZAP,11.27
2022,PER_1000_LIVE_BIRTHS,M,,KZZHA,11.18
2022,PER_1000_LIVE_BIRTHS,M,,KZZHS,13.83
2022,PER_1000_LIVE_BIRTHS,M,,KZKAR,11.46
2022,PER_1000_LIVE_BIRTHS,M,,KZKUS,15.35
2022,PER_1000_LIVE_BIRTHS,M,,KZKZY,13.2
2022,PER_1000_LIVE_BIRTHS,M,,KZMAN,10.81
2022,PER_1000_LIVE_BIRTHS,M,,KZPAV,10.32
2022,PER_1000_LIVE_BIRTHS,M,,KZSEV,12.96
2022,PER_1000_LIVE_BIRTHS,M,,KZYUZ,12.04
2022,PER_1000_LIVE_BIRTHS,M,,KZULU,12.15
2022,PER_1000_LIVE_BIRTHS,M,,KZVOS,9.98
2022,PER_1000_LIVE_BIRTHS,M,,KZNS,7.32
2022,PER_1000_LIVE_BIRTHS,M,,KZALA,7.34
2022,PER_1000_LIVE_BIRTHS,M,,KZSHY,10.61
2022,PER_1000_LIVE_BIRTHS,M,U,,10.19
2022,PER_1000_LIVE_BIRTHS,M,U,KZABY,7.62
2022,PER_1000_LIVE_BIRTHS,M,U,KZAKM,7.32
2022,PER_1000_LIVE_BIRTHS,M,U,KZAKT,11.48
2022,PER_1000_LIVE_BIRTHS,M,U,KZALM,14.01
2022,PER_1000_LIVE_BIRTHS,M,U,KZATY,10.53
2022,PER_1000_LIVE_BIRTHS,M,U,KZZAP,8.83
2022,PER_1000_LIVE_BIRTHS,M,U,KZZHA,13.45
2022,PER_1000_LIVE_BIRTHS,M,U,KZZHS,12.78
2022,PER_1000_LIVE_BIRTHS,M,U,KZKAR,11.73
2022,PER_1000_LIVE_BIRTHS,M,U,KZKUS,12.84
2022,PER_1000_LIVE_BIRTHS,M,U,KZKZY,16.02
2022,PER_1000_LIVE_BIRTHS,M,U,KZMAN,10.54
2022,PER_1000_LIVE_BIRTHS,M,U,KZPAV,10.89
2022,PER_1000_LIVE_BIRTHS,M,U,KZSEV,11.73
2022,PER_1000_LIVE_BIRTHS,M,U,KZYUZ,11.31
2022,PER_1000_LIVE_BIRTHS,M,U,KZULU,13.19
2022,PER_1000_LIVE_BIRTHS,M,U,KZVOS,8.08
2022,PER_1000_LIVE_BIRTHS,M,U,KZNS,7.32
2022,PER_1000_LIVE_BIRTHS,M,U,KZALA,7.34
2022,PER_1000_LIVE_BIRTHS,M,U,KZSHY,10.61
2022,PER_1000_LIVE_BIRTHS,M,R,,12.03
2022,PER_1000_LIVE_BIRTHS,M,R,KZABY,9.13
2022,PER_1000_LIVE_BIRTHS,M,R,KZAKM,6.06
2022,PER_1000_LIVE_BIRTHS,M,R,KZAKT,14.25
2022,PER_1000_LIVE_BIRTHS,M,R,KZALM,13.25
2022,PER_1000_LIVE_BIRTHS,M,R,KZATY,11.03
2022,PER_1000_LIVE_BIRTHS,M,R,KZZAP,14.39
2022,PER_1000_LIVE_BIRTHS,M,R,KZZHA,9.49
2022,PER_1000_LIVE_BIRTHS,M,R,KZZHS,14.71
2022,PER_1000_LIVE_BIRTHS,M,R,KZKAR,10.35
2022,PER_1000_LIVE_BIRTHS,M,R,KZKUS,19.71
2022,PER_1000_LIVE_BIRTHS,M,R,KZKZY,10.58
2022,PER_1000_LIVE_BIRTHS,M,R,KZMAN,11.02
2022,PER_1000_LIVE_BIRTHS,M,R,KZPAV,9.0
2022,PER_1000_LIVE_BIRTHS,M,R,KZSEV,14.1
2022,PER_1000_LIVE_BIRTHS,M,R,KZYUZ,12.31
2022,PER_1000_LIVE_BIRTHS,M,R,KZULU,8.15
2022,PER_1000_LIVE_BIRTHS,M,R,KZVOS,14.03
2022,PER_1000_LIVE_BIRTHS,F,,,8.76
2022,PER_1000_LIVE_BIRTHS,F,,KZABY,7.14
2022,PER_1000_LIVE_BIRTHS,F,,KZAKM,7.06
2022,PER_1000_LIVE_BIRTHS,F,,KZAKT,9.6
2022,PER_1000_LIVE_BIRTHS,F,,KZALM,10.6
2022,PER_1000_LIVE_BIRTHS,F,,KZATY,9.73
2022,PER_1000_LIVE_BIRTHS,F,,KZZAP,8.08
2022,PER_1000_LIVE_BIRTHS,F,,KZZHA,7.8
2022,PER_1000_LIVE_BIRTHS,F,,KZZHS,7.85
2022,PER_1000_LIVE_BIRTHS,F,,KZKAR,8.57
2022,PER_1000_LIVE_BIRTHS,F,,KZKUS,10.31
2022,PER_1000_LIVE_BIRTHS,F,,KZKZY,11.99
2022,PER_1000_LIVE_BIRTHS,F,,KZMAN,8.66
2022,PER_1000_LIVE_BIRTHS,F,,KZPAV,7.79
2022,PER_1000_LIVE_BIRTHS,F,,KZSEV,12.54
2022,PER_1000_LIVE_BIRTHS,F,,KZYUZ,9.61
2022,PER_1000_LIVE_BIRTHS,F,,KZULU,10.91
2022,PER_1000_LIVE_BIRTHS,F,,KZVOS,10.05
2022,PER_1000_LIVE_BIRTHS,F,,KZNS,7.2
2022,PER_1000_LIVE_BIRTHS,F,,KZALA,5.5
2022,PER_1000_LIVE_BIRTHS,F,,KZSHY,8.48
2022,PER_1000_LIVE_BIRTHS,F,U,,8.11
2022,PER_1000_LIVE_BIRTHS,F,U,KZABY,5.85
2022,PER_1000_LIVE_BIRTHS,F,U,KZAKM,9.56
2022,PER_1000_LIVE_BIRTHS,F,U,KZAKT,7.91
2022,PER_1000_LIVE_BIRTHS,F,U,KZALM,9.47
2022,PER_1000_LIVE_BIRTHS,F,U,KZATY,9.06
2022,PER_1000_LIVE_BIRTHS,F,U,KZZAP,8.48
2022,PER_1000_LIVE_BIRTHS,F,U,KZZHA,7.92
2022,PER_1000_LIVE_BIRTHS,F,U,KZZHS,9.35
2022,PER_1000_LIVE_BIRTHS,F,U,KZKAR,8.72
2022,PER_1000_LIVE_BIRTHS,F,U,KZKUS,8.55
2022,PER_1000_LIVE_BIRTHS,F,U,KZKZY,11.08
2022,PER_1000_LIVE_BIRTHS,F,U,KZMAN,8.31
2022,PER_1000_LIVE_BIRTHS,F,U,KZPAV,7.83
2022,PER_1000_LIVE_BIRTHS,F,U,KZSEV,11.75
2022,PER_1000_LIVE_BIRTHS,F,U,KZYUZ,9.0
2022,PER_1000_LIVE_BIRTHS,F,U,KZULU,11.5
2022,PER_1000_LIVE_BIRTHS,F,U,KZVOS,10.38
2022,PER_1000_LIVE_BIRTHS,F,U,KZNS,7.2
2022,PER_1000_LIVE_BIRTHS,F,U,KZALA,5.5
2022,PER_1000_LIVE_BIRTHS,F,U,KZSHY,8.48
2022,PER_1000_LIVE_BIRTHS,F,R,,9.74
2022,PER_1000_LIVE_BIRTHS,F,R,KZABY,9.48
2022,PER_1000_LIVE_BIRTHS,F,R,KZAKM,3.71
2022,PER_1000_LIVE_BIRTHS,F,R,KZAKT,14.43
2022,PER_1000_LIVE_BIRTHS,F,R,KZALM,10.85
2022,PER_1000_LIVE_BIRTHS,F,R,KZATY,10.57
2022,PER_1000_LIVE_BIRTHS,F,R,KZZAP,7.58
2022,PER_1000_LIVE_BIRTHS,F,R,KZZHA,7.71
2022,PER_1000_LIVE_BIRTHS,F,R,KZZHS,6.53
2022,PER_1000_LIVE_BIRTHS,F,R,KZKAR,7.97
2022,PER_1000_LIVE_BIRTHS,F,R,KZKUS,13.41
2022,PER_1000_LIVE_BIRTHS,F,R,KZKZY,12.86
2022,PER_1000_LIVE_BIRTHS,F,R,KZMAN,8.94
2022,PER_1000_LIVE_BIRTHS,F,R,KZPAV,7.71
2022,PER_1000_LIVE_BIRTHS,F,R,KZSEV,13.35
2022,PER_1000_LIVE_BIRTHS,F,R,KZYUZ,9.83
2022,PER_1000_LIVE_BIRTHS,F,R,KZULU,8.68
2022,PER_1000_LIVE_BIRTHS,F,R,KZVOS,9.38
2023,PER_1000_LIVE_BIRTHS,_T,,,10.03
2023,PER_1000_LIVE_BIRTHS,_T,,KZABY,8.06
2023,PER_1000_LIVE_BIRTHS,_T,,KZAKM,8.53
2023,PER_1000_LIVE_BIRTHS,_T,,KZAKT,11.56
2023,PER_1000_LIVE_BIRTHS,_T,,KZALM,11.25
2023,PER_1000_LIVE_BIRTHS,_T,,KZATY,10.58
2023,PER_1000_LIVE_BIRTHS,_T,,KZZAP,9.74
2023,PER_1000_LIVE_BIRTHS,_T,,KZZHA,10.32
2023,PER_1000_LIVE_BIRTHS,_T,,KZZHS,11.26
2023,PER_1000_LIVE_BIRTHS,_T,,KZKAR,8.14
2023,PER_1000_LIVE_BIRTHS,_T,,KZKUS,10.75
2023,PER_1000_LIVE_BIRTHS,_T,,KZKZY,11.39
2023,PER_1000_LIVE_BIRTHS,_T,,KZMAN,10.92
2023,PER_1000_LIVE_BIRTHS,_T,,KZPAV,9.25
2023,PER_1000_LIVE_BIRTHS,_T,,KZSEV,11.52
2023,PER_1000_LIVE_BIRTHS,_T,,KZYUZ,11.08
2023,PER_1000_LIVE_BIRTHS,_T,,KZULU,9.96
2023,PER_1000_LIVE_BIRTHS,_T,,KZVOS,9.52
2023,PER_1000_LIVE_BIRTHS,_T,,KZNS,7.55
2023,PER_1000_LIVE_BIRTHS,_T,,KZALA,7.75
2023,PER_1000_LIVE_BIRTHS,_T,,KZSHY,10.41
2023,PER_1000_LIVE_BIRTHS,_T,U,,9.35
2023,PER_1000_LIVE_BIRTHS,_T,U,KZABY,7.46
2023,PER_1000_LIVE_BIRTHS,_T,U,KZAKM,9.01
2023,PER_1000_LIVE_BIRTHS,_T,U,KZAKT,10.29
2023,PER_1000_LIVE_BIRTHS,_T,U,KZALM,12.43
2023,PER_1000_LIVE_BIRTHS,_T,U,KZATY,9.89
2023,PER_1000_LIVE_BIRTHS,_T,U,KZZAP,7.94
2023,PER_1000_LIVE_BIRTHS,_T,U,KZZHA,12.03
2023,PER_1000_LIVE_BIRTHS,_T,U,KZZHS,11.15
2023,PER_1000_LIVE_BIRTHS,_T,U,KZKAR,8.17
2023,PER_1000_LIVE_BIRTHS,_T,U,KZKUS,9.53
2023,PER_1000_LIVE_BIRTHS,_T,U,KZKZY,11.51
2023,PER_1000_LIVE_BIRTHS,_T,U,KZMAN,10.23
2023,PER_1000_LIVE_BIRTHS,_T,U,KZPAV,8.47
2023,PER_1000_LIVE_BIRTHS,_T,U,KZSEV,10.32
2023,PER_1000_LIVE_BIRTHS,_T,U,KZYUZ,10.56
2023,PER_1000_LIVE_BIRTHS,_T,U,KZULU,9.58
2023,PER_1000_LIVE_BIRTHS,_T,U,KZVOS,9.36
2023,PER_1000_LIVE_BIRTHS,_T,U,KZNS,7.55
2023,PER_1000_LIVE_BIRTHS,_T,U,KZALA,7.75
2023,PER_1000_LIVE_BIRTHS,_T,U,KZSHY,10.41
2023,PER_1000_LIVE_BIRTHS,_T,R,,11.01
2023,PER_1000_LIVE_BIRTHS,_T,R,KZABY,7.46
2023,PER_1000_LIVE_BIRTHS,_T,R,KZAKM,9.01
2023,PER_1000_LIVE_BIRTHS,_T,R,KZAKT,10.29
2023,PER_1000_LIVE_BIRTHS,_T,R,KZALM,12.43
2023,PER_1000_LIVE_BIRTHS,_T,R,KZATY,9.89
2023,PER_1000_LIVE_BIRTHS,_T,R,KZZAP,7.94
2023,PER_1000_LIVE_BIRTHS,_T,R,KZZHA,12.03
2023,PER_1000_LIVE_BIRTHS,_T,R,KZZHS,11.15
2023,PER_1000_LIVE_BIRTHS,_T,R,KZKAR,7.99
2023,PER_1000_LIVE_BIRTHS,_T,R,KZKUS,12.83
2023,PER_1000_LIVE_BIRTHS,_T,R,KZKZY,11.29
2023,PER_1000_LIVE_BIRTHS,_T,R,KZMAN,11.42
2023,PER_1000_LIVE_BIRTHS,_T,R,KZPAV,11.03
2023,PER_1000_LIVE_BIRTHS,_T,R,KZSEV,12.67
2023,PER_1000_LIVE_BIRTHS,_T,R,KZYUZ,11.26
2023,PER_1000_LIVE_BIRTHS,_T,R,KZULU,11.32
2023,PER_1000_LIVE_BIRTHS,_T,R,KZVOS,9.84
2023,PER_1000_LIVE_BIRTHS,M,,,11.24
2023,PER_1000_LIVE_BIRTHS,M,,KZABY,9.09
2023,PER_1000_LIVE_BIRTHS,M,,KZAKM,10.56
2023,PER_1000_LIVE_BIRTHS,M,,KZAKT,12.82
2023,PER_1000_LIVE_BIRTHS,M,,KZALM,12.99
2023,PER_1000_LIVE_BIRTHS,M,,KZATY,12.15
2023,PER_1000_LIVE_BIRTHS,M,,KZZAP,10.14
2023,PER_1000_LIVE_BIRTHS,M,,KZZHA,12.34
2023,PER_1000_LIVE_BIRTHS,M,,KZZHS,11.35
2023,PER_1000_LIVE_BIRTHS,M,,KZKAR,9.12
2023,PER_1000_LIVE_BIRTHS,M,,KZKUS,11.74
2023,PER_1000_LIVE_BIRTHS,M,,KZKZY,12.25
2023,PER_1000_LIVE_BIRTHS,M,,KZMAN,12.22
2023,PER_1000_LIVE_BIRTHS,M,,KZPAV,10.28
2023,PER_1000_LIVE_BIRTHS,M,,KZSEV,14.12
2023,PER_1000_LIVE_BIRTHS,M,,KZYUZ,12.82
2023,PER_1000_LIVE_BIRTHS,M,,KZULU,8.25
2023,PER_1000_LIVE_BIRTHS,M,,KZVOS,9.55
2023,PER_1000_LIVE_BIRTHS,M,,KZNS,8.43
2023,PER_1000_LIVE_BIRTHS,M,,KZALA,8.42
2023,PER_1000_LIVE_BIRTHS,M,,KZSHY,11.71
2023,PER_1000_LIVE_BIRTHS,M,U,,10.23
2023,PER_1000_LIVE_BIRTHS,M,U,KZABY,9.01
2023,PER_1000_LIVE_BIRTHS,M,U,KZAKM,10.49
2023,PER_1000_LIVE_BIRTHS,M,U,KZAKT,11.27
2023,PER_1000_LIVE_BIRTHS,M,U,KZALM,13.22
2023,PER_1000_LIVE_BIRTHS,M,U,KZATY,11.86
2023,PER_1000_LIVE_BIRTHS,M,U,KZZAP,7.82
2023,PER_1000_LIVE_BIRTHS,M,U,KZZHA,14.33
2023,PER_1000_LIVE_BIRTHS,M,U,KZZHS,10.42
2023,PER_1000_LIVE_BIRTHS,M,U,KZKAR,9.11
2023,PER_1000_LIVE_BIRTHS,M,U,KZKUS,10.9
2023,PER_1000_LIVE_BIRTHS,M,U,KZKZY,12.28
2023,PER_1000_LIVE_BIRTHS,M,U,KZMAN,10.1
2023,PER_1000_LIVE_BIRTHS,M,U,KZPAV,8.79
2023,PER_1000_LIVE_BIRTHS,M,U,KZSEV,11.4
2023,PER_1000_LIVE_BIRTHS,M,U,KZYUZ,11.57
2023,PER_1000_LIVE_BIRTHS,M,U,KZULU,8.5
2023,PER_1000_LIVE_BIRTHS,M,U,KZVOS,8.63
2023,PER_1000_LIVE_BIRTHS,M,U,KZNS,8.43
2023,PER_1000_LIVE_BIRTHS,M,U,KZALA,8.42
2023,PER_1000_LIVE_BIRTHS,M,U,KZSHY,11.71
2023,PER_1000_LIVE_BIRTHS,M,R,,12.72
2023,PER_1000_LIVE_BIRTHS,M,R,KZABY,9.24
2023,PER_1000_LIVE_BIRTHS,M,R,KZAKM,10.65
2023,PER_1000_LIVE_BIRTHS,M,R,KZAKT,17.18
2023,PER_1000_LIVE_BIRTHS,M,R,KZALM,12.95
2023,PER_1000_LIVE_BIRTHS,M,R,KZATY,12.49
2023,PER_1000_LIVE_BIRTHS,M,R,KZZAP,13.05
2023,PER_1000_LIVE_BIRTHS,M,R,KZZHA,10.89
2023,PER_1000_LIVE_BIRTHS,M,R,KZZHS,12.07
2023,PER_1000_LIVE_BIRTHS,M,R,KZKAR,9.16
2023,PER_1000_LIVE_BIRTHS,M,R,KZKUS,13.17
2023,PER_1000_LIVE_BIRTHS,M,R,KZKZY,12.22
2023,PER_1000_LIVE_BIRTHS,M,R,KZMAN,13.73
2023,PER_1000_LIVE_BIRTHS,M,R,KZPAV,13.71
2023,PER_1000_LIVE_BIRTHS,M,R,KZSEV,16.79
2023,PER_1000_LIVE_BIRTHS,M,R,KZYUZ,13.25
2023,PER_1000_LIVE_BIRTHS,M,R,KZULU,7.43
2023,PER_1000_LIVE_BIRTHS,M,R,KZVOS,11.4
2023,PER_1000_LIVE_BIRTHS,F,,,8.72
2023,PER_1000_LIVE_BIRTHS,F,,KZABY,6.93
2023,PER_1000_LIVE_BIRTHS,F,,KZAKM,6.25
2023,PER_1000_LIVE_BIRTHS,F,,KZAKT,10.19
2023,PER_1000_LIVE_BIRTHS,F,,KZALM,9.38
2023,PER_1000_LIVE_BIRTHS,F,,KZATY,8.89
2023,PER_1000_LIVE_BIRTHS,F,,KZZAP,9.31
2023,PER_1000_LIVE_BIRTHS,F,,KZZHA,8.19
2023,PER_1000_LIVE_BIRTHS,F,,KZZHS,11.16
2023,PER_1000_LIVE_BIRTHS,F,,KZKAR,7.09
2023,PER_1000_LIVE_BIRTHS,F,,KZKUS,9.73
2023,PER_1000_LIVE_BIRTHS,F,,KZKZY,10.46
2023,PER_1000_LIVE_BIRTHS,F,,KZMAN,9.54
2023,PER_1000_LIVE_BIRTHS,F,,KZPAV,8.16
2023,PER_1000_LIVE_BIRTHS,F,,KZSEV,8.82
2023,PER_1000_LIVE_BIRTHS,F,,KZYUZ,9.24
2023,PER_1000_LIVE_BIRTHS,F,,KZULU,11.83
2023,PER_1000_LIVE_BIRTHS,F,,KZVOS,9.49
2023,PER_1000_LIVE_BIRTHS,F,,KZNS,6.6
2023,PER_1000_LIVE_BIRTHS,F,,KZALA,7.03
2023,PER_1000_LIVE_BIRTHS,F,,KZSHY,9.03
2023,PER_1000_LIVE_BIRTHS,F,U,,8.41
2023,PER_1000_LIVE_BIRTHS,F,U,KZABY,5.8
2023,PER_1000_LIVE_BIRTHS,F,U,KZAKM,7.26
2023,PER_1000_LIVE_BIRTHS,F,U,KZAKT,9.25
2023,PER_1000_LIVE_BIRTHS,F,U,KZALM,11.59
2023,PER_1000_LIVE_BIRTHS,F,U,KZATY,7.78
2023,PER_1000_LIVE_BIRTHS,F,U,KZZAP,8.06
2023,PER_1000_LIVE_BIRTHS,F,U,KZZHA,9.62
2023,PER_1000_LIVE_BIRTHS,F,U,KZZHS,11.9
2023,PER_1000_LIVE_BIRTHS,F,U,KZKAR,7.16
2023,PER_1000_LIVE_BIRTHS,F,U,KZKUS,8.09
2023,PER_1000_LIVE_BIRTHS,F,U,KZKZY,10.65
2023,PER_1000_LIVE_BIRTHS,F,U,KZMAN,10.37
2023,PER_1000_LIVE_BIRTHS,F,U,KZPAV,8.13
2023,PER_1000_LIVE_BIRTHS,F,U,KZSEV,9.16
2023,PER_1000_LIVE_BIRTHS,F,U,KZYUZ,9.49
2023,PER_1000_LIVE_BIRTHS,F,U,KZULU,10.71
2023,PER_1000_LIVE_BIRTHS,F,U,KZVOS,10.14
2023,PER_1000_LIVE_BIRTHS,F,U,KZNS,6.6
2023,PER_1000_LIVE_BIRTHS,F,U,KZALA,7.03
2023,PER_1000_LIVE_BIRTHS,F,U,KZSHY,9.03
2023,PER_1000_LIVE_BIRTHS,F,R,,9.18
2023,PER_1000_LIVE_BIRTHS,F,R,KZABY,9.06
2023,PER_1000_LIVE_BIRTHS,F,R,KZAKM,4.93
2023,PER_1000_LIVE_BIRTHS,F,R,KZAKT,13.01
2023,PER_1000_LIVE_BIRTHS,F,R,KZALM,9.02
2023,PER_1000_LIVE_BIRTHS,F,R,KZATY,10.14
2023,PER_1000_LIVE_BIRTHS,F,R,KZZAP,10.88
2023,PER_1000_LIVE_BIRTHS,F,R,KZZHA,7.15
2023,PER_1000_LIVE_BIRTHS,F,R,KZZHS,10.59
2023,PER_1000_LIVE_BIRTHS,F,R,KZKAR,6.81
2023,PER_1000_LIVE_BIRTHS,F,R,KZKUS,12.49
2023,PER_1000_LIVE_BIRTHS,F,R,KZKZY,10.29
2023,PER_1000_LIVE_BIRTHS,F,R,KZMAN,8.94
2023,PER_1000_LIVE_BIRTHS,F,R,KZPAV,8.21
2023,PER_1000_LIVE_BIRTHS,F,R,KZSEV,8.5
2023,PER_1000_LIVE_BIRTHS,F,R,KZYUZ,9.15
2023,PER_1000_LIVE_BIRTHS,F,R,KZULU,16.13
2023,PER_1000_LIVE_BIRTHS,F,R,KZVOS,8.12
2024,PER_1000_LIVE_BIRTHS,_T,,,9.3
2024,PER_1000_LIVE_BIRTHS,_T,,KZABY,8.78
2024,PER_1000_LIVE_BIRTHS,_T,,KZAKM,8.58
2024,PER_1000_LIVE_BIRTHS,_T,,KZAKT,12.04
2024,PER_1000_LIVE_BIRTHS,_T,,KZALM,10.47
2024,PER_1000_LIVE_BIRTHS,_T,,KZATY,9.05
2024,PER_1000_LIVE_BIRTHS,_T,,KZZAP,9.19
2024,PER_1000_LIVE_BIRTHS,_T,,KZZHA,10.79
2024,PER_1000_LIVE_BIRTHS,_T,,KZZHS,10.97
2024,PER_1000_LIVE_BIRTHS,_T,,KZKAR,8.65
2024,PER_1000_LIVE_BIRTHS,_T,,KZKUS,11.24
2024,PER_1000_LIVE_BIRTHS,_T,,KZKZY,11.3
2024,PER_1000_LIVE_BIRTHS,_T,,KZMAN,9.21
2024,PER_1000_LIVE_BIRTHS,_T,,KZPAV,9.37
2024,PER_1000_LIVE_BIRTHS,_T,,KZSEV,9.64
2024,PER_1000_LIVE_BIRTHS,_T,,KZYUZ,10.14
2024,PER_1000_LIVE_BIRTHS,_T,,KZULU,11.66
2024,PER_1000_LIVE_BIRTHS,_T,,KZVOS,7.33
2024,PER_1000_LIVE_BIRTHS,_T,,KZNS,6.52
2024,PER_1000_LIVE_BIRTHS,_T,,KZALA,7.42
2024,PER_1000_LIVE_BIRTHS,_T,,KZSHY,7.12
2024,PER_1000_LIVE_BIRTHS,_T,U,,8.56
2024,PER_1000_LIVE_BIRTHS,_T,U,KZABY,8.39
2024,PER_1000_LIVE_BIRTHS,_T,U,KZAKM,8.34
2024,PER_1000_LIVE_BIRTHS,_T,U,KZAKT,11.43
2024,PER_1000_LIVE_BIRTHS,_T,U,KZALM,12.48
2024,PER_1000_LIVE_BIRTHS,_T,U,KZATY,9.12
2024,PER_1000_LIVE_BIRTHS,_T,U,KZZAP,8.68
2024,PER_1000_LIVE_BIRTHS,_T,U,KZZHA,12.01
2024,PER_1000_LIVE_BIRTHS,_T,U,KZZHS,10.28
2024,PER_1000_LIVE_BIRTHS,_T,U,KZKAR,8.33
2024,PER_1000_LIVE_BIRTHS,_T,U,KZKUS,10.72
2024,PER_1000_LIVE_BIRTHS,_T,U,KZKZY,10.66
2024,PER_1000_LIVE_BIRTHS,_T,U,KZMAN,8.06
2024,PER_1000_LIVE_BIRTHS,_T,U,KZPAV,9.72
2024,PER_1000_LIVE_BIRTHS,_T,U,KZSEV,10.85
2024,PER_1000_LIVE_BIRTHS,_T,U,KZYUZ,7.98
2024,PER_1000_LIVE_BIRTHS,_T,U,KZULU,12.77
2024,PER_1000_LIVE_BIRTHS,_T,U,KZVOS,7.03
2024,PER_1000_LIVE_BIRTHS,_T,U,KZNS,6.52
2024,PER_1000_LIVE_BIRTHS,_T,U,KZALA,7.42
2024,PER_1000_LIVE_BIRTHS,_T,U,KZSHY,7.12
2024,PER_1000_LIVE_BIRTHS,_T,R,,10.41
2024,PER_1000_LIVE_BIRTHS,_T,R,KZABY,9.53
2024,PER_1000_LIVE_BIRTHS,_T,R,KZAKM,8.92
2024,PER_1000_LIVE_BIRTHS,_T,R,KZAKT,13.84
2024,PER_1000_LIVE_BIRTHS,_T,R,KZALM,10.05
2024,PER_1000_LIVE_BIRTHS,_T,R,KZATY,8.96
2024,PER_1000_LIVE_BIRTHS,_T,R,KZZAP,9.85
2024,PER_1000_LIVE_BIRTHS,_T,R,KZZHA,9.93
2024,PER_1000_LIVE_BIRTHS,_T,R,KZZHS,11.53
2024,PER_1000_LIVE_BIRTHS,_T,R,KZKAR,9.96
2024,PER_1000_LIVE_BIRTHS,_T,R,KZKUS,12.13
2024,PER_1000_LIVE_BIRTHS,_T,R,KZKZY,11.84
2024,PER_1000_LIVE_BIRTHS,_T,R,KZMAN,10.08
2024,PER_1000_LIVE_BIRTHS,_T,R,KZPAV,8.57
2024,PER_1000_LIVE_BIRTHS,_T,R,KZSEV,8.57
2024,PER_1000_LIVE_BIRTHS,_T,R,KZYUZ,10.9
2024,PER_1000_LIVE_BIRTHS,_T,R,KZULU,7.73
2024,PER_1000_LIVE_BIRTHS,_T,R,KZVOS,7.96
2024,PER_1000_LIVE_BIRTHS,M,,,10.1
2024,PER_1000_LIVE_BIRTHS,M,,KZABY,10.31
2024,PER_1000_LIVE_BIRTHS,M,,KZAKM,9.09
2024,PER_1000_LIVE_BIRTHS,M,,KZAKT,13.58
2024,PER_1000_LIVE_BIRTHS,M,,KZALM,11.66
2024,PER_1000_LIVE_BIRTHS,M,,KZATY,9.44
2024,PER_1000_LIVE_BIRTHS,M,,KZZAP,9.65
2024,PER_1000_LIVE_BIRTHS,M,,KZZHA,11.03
2024,PER_1000_LIVE_BIRTHS,M,,KZZHS,13.03
2024,PER_1000_LIVE_BIRTHS,M,,KZKAR,9.23
2024,PER_1000_LIVE_BIRTHS,M,,KZKUS,12.28
2024,PER_1000_LIVE_BIRTHS,M,,KZKZY,12.3
2024,PER_1000_LIVE_BIRTHS,M,,KZMAN,9.76
2024,PER_1000_LIVE_BIRTHS,M,,KZPAV,9.72
2024,PER_1000_LIVE_BIRTHS,M,,KZSEV,10.32
2024,PER_1000_LIVE_BIRTHS,M,,KZYUZ,10.47
2024,PER_1000_LIVE_BIRTHS,M,,KZULU,12.24
2024,PER_1000_LIVE_BIRTHS,M,,KZVOS,7.47
2024,PER_1000_LIVE_BIRTHS,M,,KZNS,7.63
2024,PER_1000_LIVE_BIRTHS,M,,KZALA,8.42
2024,PER_1000_LIVE_BIRTHS,M,,KZSHY,8.01
2024,PER_1000_LIVE_BIRTHS,M,U,,9.26
2024,PER_1000_LIVE_BIRTHS,M,U,KZABY,9.1
2024,PER_1000_LIVE_BIRTHS,M,U,KZAKM,6.86
2024,PER_1000_LIVE_BIRTHS,M,U,KZAKT,12.48
2024,PER_1000_LIVE_BIRTHS,M,U,KZALM,14.49
2024,PER_1000_LIVE_BIRTHS,M,U,KZATY,10.57
2024,PER_1000_LIVE_BIRTHS,M,U,KZZAP,9.42
2024,PER_1000_LIVE_BIRTHS,M,U,KZZHA,11.02
2024,PER_1000_LIVE_BIRTHS,M,U,KZZHS,12.23
2024,PER_1000_LIVE_BIRTHS,M,U,KZKAR,8.55
2024,PER_1000_LIVE_BIRTHS,M,U,KZKUS,11.83
2024,PER_1000_LIVE_BIRTHS,M,U,KZKZY,12.2
2024,PER_1000_LIVE_BIRTHS,M,U,KZMAN,7.61
2024,PER_1000_LIVE_BIRTHS,M,U,KZPAV,9.64
2024,PER_1000_LIVE_BIRTHS,M,U,KZSEV,12.98
2024,PER_1000_LIVE_BIRTHS,M,U,KZYUZ,8.32
2024,PER_1000_LIVE_BIRTHS,M,U,KZULU,13.23
2024,PER_1000_LIVE_BIRTHS,M,U,KZVOS,6.4
2024,PER_1000_LIVE_BIRTHS,M,U,KZNS,7.63
2024,PER_1000_LIVE_BIRTHS,M,U,KZALA,8.42
2024,PER_1000_LIVE_BIRTHS,M,U,KZSHY,8.01
2024,PER_1000_LIVE_BIRTHS,M,R,,11.36
2024,PER_1000_LIVE_BIRTHS,M,R,KZABY,12.62
2024,PER_1000_LIVE_BIRTHS,M,R,KZAKM,12.3
2024,PER_1000_LIVE_BIRTHS,M,R,KZAKT,16.83
2024,PER_1000_LIVE_BIRTHS,M,R,KZALM,11.07
2024,PER_1000_LIVE_BIRTHS,M,R,KZATY,8.18
2024,PER_1000_LIVE_BIRTHS,M,R,KZZAP,9.95
2024,PER_1000_LIVE_BIRTHS,M,R,KZZHA,11.05
2024,PER_1000_LIVE_BIRTHS,M,R,KZZHS,13.65
2024,PER_1000_LIVE_BIRTHS,M,R,KZKAR,11.99
2024,PER_1000_LIVE_BIRTHS,M,R,KZKUS,13.01
2024,PER_1000_LIVE_BIRTHS,M,R,KZKZY,12.38
2024,PER_1000_LIVE_BIRTHS,M,R,KZMAN,11.38
2024,PER_1000_LIVE_BIRTHS,M,R,KZPAV,9.92
2024,PER_1000_LIVE_BIRTHS,M,R,KZSEV,7.95
2024,PER_1000_LIVE_BIRTHS,M,R,KZYUZ,11.23
2024,PER_1000_LIVE_BIRTHS,M,R,KZULU,8.68
2024,PER_1000_LIVE_BIRTHS,M,R,KZVOS,9.66
2024,PER_1000_LIVE_BIRTHS,F,,,8.45
2024,PER_1000_LIVE_BIRTHS,F,,KZABY,7.18
2024,PER_1000_LIVE_BIRTHS,F,,KZAKM,8.05
2024,PER_1000_LIVE_BIRTHS,F,,KZAKT,10.42
2024,PER_1000_LIVE_BIRTHS,F,,KZALM,9.22
2024,PER_1000_LIVE_BIRTHS,F,,KZATY,8.63
2024,PER_1000_LIVE_BIRTHS,F,,KZZAP,8.71
2024,PER_1000_LIVE_BIRTHS,F,,KZZHA,10.54
2024,PER_1000_LIVE_BIRTHS,F,,KZZHS,8.79
2024,PER_1000_LIVE_BIRTHS,F,,KZKAR,8.02
2024,PER_1000_LIVE_BIRTHS,F,,KZKUS,10.16
2024,PER_1000_LIVE_BIRTHS,F,,KZKZY,10.2
2024,PER_1000_LIVE_BIRTHS,F,,KZMAN,8.62
2024,PER_1000_LIVE_BIRTHS,F,,KZPAV,9.0
2024,PER_1000_LIVE_BIRTHS,F,,KZSEV,8.92
2024,PER_1000_LIVE_BIRTHS,F,,KZYUZ,9.79
2024,PER_1000_LIVE_BIRTHS,F,,KZULU,11.04
2024,PER_1000_LIVE_BIRTHS,F,,KZVOS,7.18
2024,PER_1000_LIVE_BIRTHS,F,,KZNS,5.35
2024,PER_1000_LIVE_BIRTHS,F,,KZALA,6.34
2024,PER_1000_LIVE_BIRTHS,F,,KZSHY,6.18
2024,PER_1000_LIVE_BIRTHS,F,U,,7.81
2024,PER_1000_LIVE_BIRTHS,F,U,KZABY,7.64
2024,PER_1000_LIVE_BIRTHS,F,U,KZAKM,9.95
2024,PER_1000_LIVE_BIRTHS,F,U,KZAKT,10.31
2024,PER_1000_LIVE_BIRTHS,F,U,KZALM,10.41
2024,PER_1000_LIVE_BIRTHS,F,U,KZATY,7.62
2024,PER_1000_LIVE_BIRTHS,F,U,KZZAP,7.91
2024,PER_1000_LIVE_BIRTHS,F,U,KZZHA,13.05
2024,PER_1000_LIVE_BIRTHS,F,U,KZZHS,8.25
2024,PER_1000_LIVE_BIRTHS,F,U,KZKAR,8.09
2024,PER_1000_LIVE_BIRTHS,F,U,KZKUS,9.58
2024,PER_1000_LIVE_BIRTHS,F,U,KZKZY,9.0
2024,PER_1000_LIVE_BIRTHS,F,U,KZMAN,8.54
2024,PER_1000_LIVE_BIRTHS,F,U,KZPAV,9.81
2024,PER_1000_LIVE_BIRTHS,F,U,KZSEV,8.59
2024,PER_1000_LIVE_BIRTHS,F,U,KZYUZ,7.61
2024,PER_1000_LIVE_BIRTHS,F,U,KZULU,12.28
2024,PER_1000_LIVE_BIRTHS,F,U,KZVOS,7.7
2024,PER_1000_LIVE_BIRTHS,F,U,KZNS,5.35
2024,PER_1000_LIVE_BIRTHS,F,U,KZALA,6.34
2024,PER_1000_LIVE_BIRTHS,F,U,KZSHY,6.18
2024,PER_1000_LIVE_BIRTHS,F,R,,9.4
2024,PER_1000_LIVE_BIRTHS,F,R,KZABY,6.3
2024,PER_1000_LIVE_BIRTHS,F,R,KZAKM,5.41
2024,PER_1000_LIVE_BIRTHS,F,R,KZAKT,10.74
2024,PER_1000_LIVE_BIRTHS,F,R,KZALM,8.96
2024,PER_1000_LIVE_BIRTHS,F,R,KZATY,9.82
2024,PER_1000_LIVE_BIRTHS,F,R,KZZAP,9.74
2024,PER_1000_LIVE_BIRTHS,F,R,KZZHA,9.75
2024,PER_1000_LIVE_BIRTHS,F,R,KZZHS,9.23
2024,PER_1000_LIVE_BIRTHS,F,R,KZKAR,7.7
2024,PER_1000_LIVE_BIRTHS,F,R,KZKUS,11.17
2024,PER_1000_LIVE_BIRTHS,F,R,KZKZY,11.24
2024,PER_1000_LIVE_BIRTHS,F,R,KZMAN,8.67
2024,PER_1000_LIVE_BIRTHS,F,R,KZPAV,7.2
2024,PER_1000_LIVE_BIRTHS,F,R,KZSEV,9.22
2024,PER_1000_LIVE_BIRTHS,F,R,KZYUZ,10.55
2024,PER_1000_LIVE_BIRTHS,F,R,KZULU,6.74
2024,PER_1000_LIVE_BIRTHS,F,R,KZVOS,6.08
