Year,UNIT_MEASURE,Value
2010,Percent,13.168897245879881
2011,Percent,21.991983967935877
2012,Percent,27.274929864830398
2013,Percent,17.15395157606213
2014,Percent,21.34875115633673
2015,Percent,18.737889273356398
2016,Percent,13.521250000000002
2017,Percent,18.38984438984439
2018,Percent,21.266485998193318
