Year,UNIT_MEASURE,SERIES,Regions,GeoCode,Value
2010,millions tonnes,Cargo transported by all means of transport,,,538.8
2010,millions tonnes,Pipeline,,,193.9
2010,millions tonnes,Railway,,,267.9
2010,millions tonnes,Automobile,,,71.1
2010,millions tonnes,Air,,,0.03
2010,millions tonnes,Inland water еransport,,,1.1
2010,millions tonnes,nautical,,,4.7
2010,millions tonnes,,Abai,KZABY,16.7
2010,millions tonnes,,Akmola,KZAKM,27.1
2010,millions tonnes,,Aktobe,KZAKT,39.8
2010,millions tonnes,,Almaty,KZALM,13.3
2010,millions tonnes,,Atyrau,KZATY,77.5
2010,millions tonnes,,Batys Kazakhstan,KZZAP,33.5
2010,millions tonnes,,Zhambyl,KZZHA,23.0
2010,millions tonnes,,Zhetisu,KZZHS,10.9
2010,millions tonnes,,Karagandy,KZKAR,49.0
2010,millions tonnes,,Kostanay,KZKUS,23.3
2010,millions tonnes,,Kyzylorda,KZKZY,26.0
2010,millions tonnes,,Mangistau,KZMAN,42.4
2010,millions tonnes,,Pavlodar,KZPAV,34.9
2010,millions tonnes,,Soltustik Kazakhstan,KZSEV,8.4
2010,millions tonnes,,Turkistan,KZYUZ,16.4
2010,millions tonnes,,Ulytau,KZULU,21.1
2010,millions tonnes,,Shygys Kazakhstan,KZVOS,22.5
2010,millions tonnes,,Astana city,KZNS,26.9
2010,millions tonnes,,Almaty city,KZALA,14.4
2010,millions tonnes,,Shymkent city,KZSHY,11.8
2010,mln.people,Passengers transported by all means of transport,,,1333.4
2010,mln.people,Railway transport,,,19.6
2010,mln.people,Automobile,,,1230.8
2010,mln.people,Inland water еransport,,,0.1
2010,mln.people,Air,,,3.4
2010,mln.people,City electric transport,,,79.5
2010,mln.people,,Akmola,KZAKM,47.5
2010,mln.people,,Akmola,KZAKM,28.4
2010,mln.people,,Aktobe,KZAKT,38.7
2010,mln.people,,Almaty,KZALM,18.3
2010,mln.people,,Atyrau,KZATY,31.5
2010,mln.people,,Batys Kazakhstan,KZZAP,64.7
2010,mln.people,,Zhambyl,KZZHA,107.3
2010,mln.people,,Zhetisu,KZZHS,30.8
2010,mln.people,,Karagandy,KZKAR,181.4
2010,mln.people,,Kostanay,KZKUS,37.3
2010,mln.people,,Kyzylorda,KZKZY,18.1
2010,mln.people,,Mangistau,KZMAN,21.6
2010,mln.people,,Pavlodar,KZPAV,108.3
2010,mln.people,,Soltustik Kazakhstan,KZSEV,27.4
2010,mln.people,,Turkistan,KZYUZ,17.4
2010,mln.people,,Ulytau,KZULU,25.2
2010,mln.people,,Shygys Kazakhstan,KZVOS,103.4
2010,mln.people,,Astana city,KZNS,229.8
2010,mln.people,,Almaty city,KZALA,155.0
2010,mln.people,,Shymkent city,KZSHY,41.1
2010,millions tonnes,freight carried by road and urban electric transport,,,71.1
2010,millions tonnes,freight carried by road and urban electric transport,Abai,KZABY,1.0
2010,millions tonnes,freight carried by road and urban electric transport,Akmola,KZAKM,3.9
2010,millions tonnes,freight carried by road and urban electric transport,Aktobe,KZAKT,2.6
2010,millions tonnes,freight carried by road and urban electric transport,Almaty,KZALM,2.2
2010,millions tonnes,freight carried by road and urban electric transport,Atyrau,KZATY,1.0
2010,millions tonnes,freight carried by road and urban electric transport,Batys Kazakhstan,KZZAP,1.4
2010,millions tonnes,freight carried by road and urban electric transport,Zhambyl,KZZHA,0.9
2010,millions tonnes,freight carried by road and urban electric transport,Zhetisu,KZZHS,0.8
2010,millions tonnes,freight carried by road and urban electric transport,Karagandy,KZKAR,18.5
2010,millions tonnes,freight carried by road and urban electric transport,Kostanay,KZKUS,3.6
2010,millions tonnes,freight carried by road and urban electric transport,Kyzylorda,KZKZY,4.5
2010,millions tonnes,freight carried by road and urban electric transport,Mangistau,KZMAN,1.4
2010,millions tonnes,freight carried by road and urban electric transport,Pavlodar,KZPAV,2.9
2010,millions tonnes,freight carried by road and urban electric transport,Soltustik Kazakhstan,KZSEV,2.4
2010,millions tonnes,freight carried by road and urban electric transport,Turkistan,KZYUZ,1.3
2010,millions tonnes,freight carried by road and urban electric transport,Ulytau,KZULU,0.8
2010,millions tonnes,freight carried by road and urban electric transport,Shygys Kazakhstan,KZVOS,15.1
2010,millions tonnes,freight carried by road and urban electric transport,Astana city,KZNS,2.0
2010,millions tonnes,freight carried by road and urban electric transport,Almaty city,KZALA,2.7
2010,millions tonnes,freight carried by road and urban electric transport,Shymkent city,KZSHY,2.0
2010,mln.people,Passengers transported by all means of transport,,,1310.4
2010,mln.people,Passengers transported by all means of transport,Abai,KZABY,46.5
2010,mln.people,Passengers transported by all means of transport,Akmola,KZAKM,26.8
2010,mln.people,Passengers transported by all means of transport,Aktobe,KZAKT,36.7
2010,mln.people,Passengers transported by all means of transport,Almaty,KZALM,17.9
2010,mln.people,Passengers transported by all means of transport,Atyrau,KZATY,30.1
2010,mln.people,Passengers transported by all means of transport,Batys Kazakhstan,KZZAP,64.2
2010,mln.people,Passengers transported by all means of transport,Zhambyl,KZZHA,106.1
2010,mln.people,Passengers transported by all means of transport,Karagandy,KZKAR,179.9
2010,mln.people,Passengers transported by all means of transport,Kostanay,KZKUS,36.0
2010,mln.people,Passengers transported by all means of transport,Kyzylorda,KZKZY,16.9
2010,mln.people,Passengers transported by all means of transport,Mangistau,KZMAN,20.7
2010,mln.people,Passengers transported by all means of transport,Pavlodar,KZPAV,106.6
2010,mln.people,Passengers transported by all means of transport,Soltustik Kazakhstan,KZSEV,27.1
2010,mln.people,Passengers transported by all means of transport,Turkistan,KZYUZ,17.1
2010,mln.people,Passengers transported by all means of transport,Ulytau,KZULU,24.7
2010,mln.people,Passengers transported by all means of transport,Shygys Kazakhstan,KZVOS,102.9
2010,mln.people,Passengers transported by all means of transport,Astana city,KZNS,227.5
2010,mln.people,Passengers transported by all means of transport,Almaty city,KZALA,152.3
2010,mln.people,Passengers transported by all means of transport,Shymkent city,KZSHY,40.3
2010,tons,transported by air,,,28869.7
2010,tons,transported by air,Abai,KZABY,32.5
2010,tons,transported by air,Ulytau,KZULU,9.2
2010,tons,transported by air,Almaty city,KZALA,28091.0
2010,tons,transported by air,Shymkent city,KZSHY,737.0
2010,thousand people,passengers transported by air,,,3379.2
2010,thousand people,passengers transported by air,Abai,KZABY,33.1
2010,thousand people,passengers transported by air,Akmola,KZAKM,1.8
2010,thousand people,passengers transported by air,Aktobe,KZAKT,62.1
2010,thousand people,passengers transported by air,Almaty,KZALM,3.3
2010,thousand people,passengers transported by air,Atyrau,KZATY,310.6
2010,thousand people,passengers transported by air,Karagandy,KZKAR,31.2
2010,thousand people,passengers transported by air,Kostanay,KZKUS,5.2
2010,thousand people,passengers transported by air,Kyzylorda,KZKZY,26.5
2010,thousand people,passengers transported by air,Batys Kazakhstan,KZZAP,23.0
2010,thousand people,passengers transported by air,Zhambyl,KZZHA,16.9
2010,thousand people,passengers transported by air,Zhetisu,KZZHS,19.3
2010,thousand people,passengers transported by air,Mangistau,KZMAN,173.4
2010,thousand people,passengers transported by air,Pavlodar,KZPAV,14.1
2010,thousand people,passengers transported by air,Soltustik Kazakhstan,KZSEV,4.5
2010,thousand people,passengers transported by air,Turkistan,KZYUZ,72.0
2010,thousand people,passengers transported by air,Ulytau,KZULU,9.6
2010,thousand people,passengers transported by air,Shygys Kazakhstan,KZVOS,18.9
2010,thousand people,passengers transported by air,Astana city,KZNS,863.6
2010,thousand people,passengers transported by air,Almaty city,KZALA,1505.3
2010,thousand people,passengers transported by air,Shymkent city,KZSHY,184.9
2010,millions tonnes,performance indicators of pipeline transport,,,194.0
2010,millions tonnes,performance indicators of pipeline transport,Abai,KZABY,2.3
2010,millions tonnes,performance indicators of pipeline transport,Aktobe,KZAKT,11.5
2010,millions tonnes,performance indicators of pipeline transport,Almaty,KZALM,5.0
2010,millions tonnes,performance indicators of pipeline transport,Atyrau,KZATY,60.7
2010,millions tonnes,performance indicators of pipeline transport,Batys Kazakhstan,KZZAP,26.0
2010,millions tonnes,performance indicators of pipeline transport,Zhambyl,KZZHA,4.7
2010,millions tonnes,performance indicators of pipeline transport,Zhetisu,KZZHS,4.5
2010,millions tonnes,performance indicators of pipeline transport,Karagandy,KZKAR,7.9
2010,millions tonnes,performance indicators of pipeline transport,Kostanay,KZKUS,0.9
2010,millions tonnes,performance indicators of pipeline transport,Kyzylorda,KZKZY,6.6
2010,millions tonnes,performance indicators of pipeline transport,Mangistau,KZMAN,25.9
2010,millions tonnes,performance indicators of pipeline transport,Pavlodar,KZPAV,7.9
2010,millions tonnes,performance indicators of pipeline transport,Soltustik Kazakhstan,KZSEV,0.7
2010,millions tonnes,performance indicators of pipeline transport,Turkistan,KZYUZ,11.6
2010,millions tonnes,performance indicators of pipeline transport,Ulytau,KZULU,12.2
2010,millions tonnes,performance indicators of pipeline transport,Astana city,KZNS,4.5
2010,millions tonnes,performance indicators of pipeline transport,Almaty city,KZALA,0.8
2010,millions tonnes,performance indicators of pipeline transport,Shymkent city,KZSHY,0.3
2010,millions tonnes,freight carried by sea transport,,,4.7
2010,millions tonnes,freight carried by sea transport,Mangistau,KZMAN,4.7
2011,millions tonnes,Cargo transported by all means of transport,,,573.0
2011,millions tonnes,Pipeline,,,214.1
2011,millions tonnes,Railway,,,279.7
2011,millions tonnes,Automobile,,,73.6
2011,millions tonnes,Air,,,0.03
2011,millions tonnes,Inland water еransport,,,1.1
2011,millions tonnes,nautical,,,4.6
2011,millions tonnes,,Abai,KZABY,17.8
2011,millions tonnes,,Akmola,KZAKM,27.2
2011,millions tonnes,,Aktobe,KZAKT,41.3
2011,millions tonnes,,Almaty,KZALM,21.8
2011,millions tonnes,,Atyrau,KZATY,75.2
2011,millions tonnes,,Batys Kazakhstan,KZZAP,28.3
2011,millions tonnes,,Zhambyl,KZZHA,34.3
2011,millions tonnes,,Karagandy,KZKAR,45.5
2011,millions tonnes,,Kostanay,KZKUS,24.0
2011,millions tonnes,,Kyzylorda,KZKZY,29.7
2011,millions tonnes,,Mangistau,KZMAN,40.6
2011,millions tonnes,,Pavlodar,KZPAV,33.5
2011,millions tonnes,,Soltustik Kazakhstan,KZSEV,10.4
2011,millions tonnes,,Turkistan,KZYUZ,24.1
2011,millions tonnes,,Ulytau,KZULU,20.8
2011,millions tonnes,,Shygys Kazakhstan,KZVOS,25.2
2011,millions tonnes,,Astana city,KZNS,34.5
2011,millions tonnes,,Almaty city,KZALA,13.7
2011,millions tonnes,,Shymkent city,KZSHY,12.0
2011,mln.people,Passengers transported by all means of transport,,,1386.1
2011,mln.people,Railway transport,,,20.5
2011,mln.people,Automobile,,,1284.4
2011,mln.people,Inland water еransport,,,0.1
2011,mln.people,Air,,,4.1
2011,mln.people,City electric transport,,,77.0
2011,mln.people,,Abai,KZABY,50.4
2011,mln.people,,Akmola,KZAKM,27.6
2011,mln.people,,Aktobe,KZAKT,39.7
2011,mln.people,,Almaty,KZALM,16.8
2011,mln.people,,Atyrau,KZATY,31.7
2011,mln.people,,Batys Kazakhstan,KZZAP,66.8
2011,mln.people,,Zhambyl,KZZHA,111.1
2011,mln.people,,Zhetisu,KZZHS,31.6
2011,mln.people,,Karagandy,KZKAR,173.9
2011,mln.people,,Kostanay,KZKUS,37.9
2011,mln.people,,Kyzylorda,KZKZY,18.4
2011,mln.people,,Mangistau,KZMAN,21.4
2011,mln.people,,Pavlodar,KZPAV,119.0
2011,mln.people,,Soltustik Kazakhstan,KZSEV,25.3
2011,mln.people,,Turkistan,KZYUZ,20.5
2011,mln.people,,Ulytau,KZULU,25.4
2011,mln.people,,Shygys Kazakhstan,KZVOS,104.2
2011,mln.people,,Astana city,KZNS,230.7
2011,mln.people,,Almaty city,KZALA,189.0
2011,mln.people,,Shymkent city,KZSHY,44.5
2011,millions tonnes,freight carried by road and urban electric transport,,,73.6
2011,millions tonnes,freight carried by road and urban electric transport,Abai,KZABY,1.6
2011,millions tonnes,freight carried by road and urban electric transport,Akmola,KZAKM,3.7
2011,millions tonnes,freight carried by road and urban electric transport,Aktobe,KZAKT,3.3
2011,millions tonnes,freight carried by road and urban electric transport,Almaty,KZALM,1.7
2011,millions tonnes,freight carried by road and urban electric transport,Atyrau,KZATY,2.3
2011,millions tonnes,freight carried by road and urban electric transport,Batys Kazakhstan,KZZAP,1.1
2011,millions tonnes,freight carried by road and urban electric transport,Zhambyl,KZZHA,0.7
2011,millions tonnes,freight carried by road and urban electric transport,Zhetisu,KZZHS,0.8
2011,millions tonnes,freight carried by road and urban electric transport,Karagandy,KZKAR,13.8
2011,millions tonnes,freight carried by road and urban electric transport,Kostanay,KZKUS,3.3
2011,millions tonnes,freight carried by road and urban electric transport,Kyzylorda,KZKZY,7.0
2011,millions tonnes,freight carried by road and urban electric transport,Mangistau,KZMAN,1.7
2011,millions tonnes,freight carried by road and urban electric transport,Pavlodar,KZPAV,4.0
2011,millions tonnes,freight carried by road and urban electric transport,Soltustik Kazakhstan,KZSEV,2.4
2011,millions tonnes,freight carried by road and urban electric transport,Turkistan,KZYUZ,1.6
2011,millions tonnes,freight carried by road and urban electric transport,Ulytau,KZULU,0.7
2011,millions tonnes,freight carried by road and urban electric transport,Shygys Kazakhstan,KZVOS,17.7
2011,millions tonnes,freight carried by road and urban electric transport,Astana city,KZNS,2.6
2011,millions tonnes,freight carried by road and urban electric transport,Almaty city,KZALA,1.8
2011,millions tonnes,freight carried by road and urban electric transport,Shymkent city,KZSHY,1.8
2011,mln.people,Passengers transported by all means of transport,,,1361.3
2011,mln.people,Passengers transported by all means of transport,Abai,KZABY,49.4
2011,mln.people,Passengers transported by all means of transport,Akmola,KZAKM,26.0
2011,mln.people,Passengers transported by all means of transport,Aktobe,KZAKT,37.7
2011,mln.people,Passengers transported by all means of transport,Almaty,KZALM,16.4
2011,mln.people,Passengers transported by all means of transport,Atyrau,KZATY,30.1
2011,mln.people,Passengers transported by all means of transport,Batys Kazakhstan,KZZAP,66.3
2011,mln.people,Passengers transported by all means of transport,Zhambyl,KZZHA,109.8
2011,mln.people,Passengers transported by all means of transport,Zhetisu,KZZHS,31.2
2011,mln.people,Passengers transported by all means of transport,Karagandy,KZKAR,172.2
2011,mln.people,Passengers transported by all means of transport,Kostanay,KZKUS,36.5
2011,mln.people,Passengers transported by all means of transport,Kyzylorda,KZKZY,17.2
2011,mln.people,Passengers transported by all means of transport,Mangistau,KZMAN,19.8
2011,mln.people,Passengers transported by all means of transport,Pavlodar,KZPAV,117.5
2011,mln.people,Passengers transported by all means of transport,Soltustik Kazakhstan,KZSEV,24.8
2011,mln.people,Passengers transported by all means of transport,Turkistan,KZYUZ,20.2
2011,mln.people,Passengers transported by all means of transport,Ulytau,KZULU,24.8
2011,mln.people,Passengers transported by all means of transport,Shygys Kazakhstan,KZVOS,103.7
2011,mln.people,Passengers transported by all means of transport,Astana city,KZNS,227.9
2011,mln.people,Passengers transported by all means of transport,Almaty city,KZALA,186.1
2011,mln.people,Passengers transported by all means of transport,Shymkent city,KZSHY,43.6
2011,tons,transported by air,,,31554.9
2011,tons,transported by air,Abai,KZABY,44.0
2011,tons,transported by air,Ulytau,KZULU,6.6
2011,tons,transported by air,Almaty city,KZALA,30921.3
2011,tons,transported by air,Shymkent city,KZSHY,583.0
2011,thousand people,passengers transported by air,,,4131.3
2011,thousand people,passengers transported by air,Abai,KZABY,37.4
2011,thousand people,passengers transported by air,Akmola,KZAKM,2.4
2011,thousand people,passengers transported by air,Aktobe,KZAKT,79.8
2011,thousand people,passengers transported by air,Almaty,KZALM,1.3
2011,thousand people,passengers transported by air,Atyrau,KZATY,388.1
2011,thousand people,passengers transported by air,Karagandy,KZKAR,37.2
2011,thousand people,passengers transported by air,Kostanay,KZKUS,7.0
2011,thousand people,passengers transported by air,Kyzylorda,KZKZY,27.3
2011,thousand people,passengers transported by air,Batys Kazakhstan,KZZAP,17.5
2011,thousand people,passengers transported by air,Zhambyl,KZZHA,20.1
2011,thousand people,passengers transported by air,Zhetisu,KZZHS,22.9
2011,thousand people,passengers transported by air,Mangistau,KZMAN,233.8
2011,thousand people,passengers transported by air,Pavlodar,KZPAV,12.9
2011,thousand people,passengers transported by air,Soltustik Kazakhstan,KZSEV,6.0
2011,thousand people,passengers transported by air,Turkistan,KZYUZ,86.0
2011,thousand people,passengers transported by air,Ulytau,KZULU,11.4
2011,thousand people,passengers transported by air,Shygys Kazakhstan,KZVOS,23.7
2011,thousand people,passengers transported by air,Astana city,KZNS,1057.9
2011,thousand people,passengers transported by air,Almaty city,KZALA,1821.4
2011,thousand people,passengers transported by air,Shymkent city,KZSHY,237.3
2011,millions tonnes,performance indicators of pipeline transport,,,214.1
2011,millions tonnes,performance indicators of pipeline transport,Abai,KZABY,2.6
2011,millions tonnes,performance indicators of pipeline transport,Aktobe,KZAKT,11.6
2011,millions tonnes,performance indicators of pipeline transport,Almaty,KZALM,13.7
2011,millions tonnes,performance indicators of pipeline transport,Atyrau,KZATY,56.0
2011,millions tonnes,performance indicators of pipeline transport,Batys Kazakhstan,KZZAP,20.8
2011,millions tonnes,performance indicators of pipeline transport,Zhambyl,KZZHA,15.3
2011,millions tonnes,performance indicators of pipeline transport,Zhetisu,KZZHS,6.4
2011,millions tonnes,performance indicators of pipeline transport,Karagandy,KZKAR,8.2
2011,millions tonnes,performance indicators of pipeline transport,Kostanay,KZKUS,1.2
2011,millions tonnes,performance indicators of pipeline transport,Kyzylorda,KZKZY,7.3
2011,millions tonnes,performance indicators of pipeline transport,Mangistau,KZMAN,22.5
2011,millions tonnes,performance indicators of pipeline transport,Pavlodar,KZPAV,8.4
2011,millions tonnes,performance indicators of pipeline transport,Soltustik Kazakhstan,KZSEV,1.0
2011,millions tonnes,performance indicators of pipeline transport,Turkistan,KZYUZ,19.2
2011,millions tonnes,performance indicators of pipeline transport,Ulytau,KZULU,11.7
2011,millions tonnes,performance indicators of pipeline transport,Astana city,KZNS,6.2
2011,millions tonnes,performance indicators of pipeline transport,Almaty city,KZALA,1.3
2011,millions tonnes,performance indicators of pipeline transport,Shymkent city,KZSHY,0.6
2011,millions tonnes,freight carried by sea transport,,,4.6
2011,millions tonnes,freight carried by sea transport,Mangistau,KZMAN,4.6
2012,millions tonnes,Cargo transported by all means of transport,,,585.2
2012,millions tonnes,Pipeline,,,213.2
2012,millions tonnes,Railway,,,294.8
2012,millions tonnes,Automobile,,,71.8
2012,millions tonnes,Air,,,0.02
2012,millions tonnes,Inland water еransport,,,1.3
2012,millions tonnes,nautical,,,4.0
2012,millions tonnes,,Abai,KZABY,18.1
2012,millions tonnes,,Akmola,KZAKM,27.4
2012,millions tonnes,,Aktobe,KZAKT,43.1
2012,millions tonnes,,Almaty,KZALM,29.2
2012,millions tonnes,,Atyrau,KZATY,67.4
2012,millions tonnes,,Batys Kazakhstan,KZZAP,25.9
2012,millions tonnes,,Zhambyl,KZZHA,39.6
2012,millions tonnes,,Zhetisu,KZZHS,14.0
2012,millions tonnes,,Karagandy,KZKAR,45.3
2012,millions tonnes,,Kostanay,KZKUS,25.1
2012,millions tonnes,,Kyzylorda,KZKZY,28.6
2012,millions tonnes,,Mangistau,KZMAN,41.7
2012,millions tonnes,,Pavlodar,KZPAV,34.6
2012,millions tonnes,,Soltustik Kazakhstan,KZSEV,10.3
2012,millions tonnes,,Turkistan,KZYUZ,29.1
2012,millions tonnes,,Ulytau,KZULU,23.4
2012,millions tonnes,,Shygys Kazakhstan,KZVOS,27.3
2012,millions tonnes,,Astana city,KZNS,29.2
2012,millions tonnes,,Almaty city,KZALA,11.9
2012,millions tonnes,,Shymkent city,KZSHY,13.9
2012,mln.people,Passengers transported by all means of transport,,,1543.3
2012,mln.people,Railway transport,,,24.4
2012,mln.people,Automobile,,,1444.7
2012,mln.people,Inland water еransport,,,0.1
2012,mln.people,Air,,,4.5
2012,mln.people,City electric transport,,,69.6
2012,mln.people,,Abai,KZABY,49.1
2012,mln.people,,Akmola,KZAKM,31.4
2012,mln.people,,Aktobe,KZAKT,44.4
2012,mln.people,,Almaty,KZALM,16.4
2012,mln.people,,Atyrau,KZATY,26.8
2012,mln.people,,Batys Kazakhstan,KZZAP,67.5
2012,mln.people,,Zhambyl,KZZHA,105.3
2012,mln.people,,Zhetisu,KZZHS,31.7
2012,mln.people,,Karagandy,KZKAR,175.8
2012,mln.people,,Kostanay,KZKUS,38.2
2012,mln.people,,Kyzylorda,KZKZY,19.2
2012,mln.people,,Mangistau,KZMAN,19.5
2012,mln.people,,Pavlodar,KZPAV,125.4
2012,mln.people,,Soltustik Kazakhstan,KZSEV,23.6
2012,mln.people,,Turkistan,KZYUZ,22.3
2012,mln.people,,Ulytau,KZULU,26.4
2012,mln.people,,Shygys Kazakhstan,KZVOS,104.3
2012,mln.people,,Astana city,KZNS,337.5
2012,mln.people,,Almaty city,KZALA,227.7
2012,mln.people,,Shymkent city,KZSHY,51.1
2012,millions tonnes,freight carried by road and urban electric transport,,,71.8
2012,millions tonnes,freight carried by road and urban electric transport,Abai,KZABY,1.5
2012,millions tonnes,freight carried by road and urban electric transport,Akmola,KZAKM,2.4
2012,millions tonnes,freight carried by road and urban electric transport,Aktobe,KZAKT,3.8
2012,millions tonnes,freight carried by road and urban electric transport,Almaty,KZALM,2.2
2012,millions tonnes,freight carried by road and urban electric transport,Atyrau,KZATY,1.3
2012,millions tonnes,freight carried by road and urban electric transport,Batys Kazakhstan,KZZAP,1.4
2012,millions tonnes,freight carried by road and urban electric transport,Zhambyl,KZZHA,0.9
2012,millions tonnes,freight carried by road and urban electric transport,Karagandy,KZKAR,12.3
2012,millions tonnes,freight carried by road and urban electric transport,Kostanay,KZKUS,3.2
2012,millions tonnes,freight carried by road and urban electric transport,Kyzylorda,KZKZY,5.9
2012,millions tonnes,freight carried by road and urban electric transport,Mangistau,KZMAN,1.5
2012,millions tonnes,freight carried by road and urban electric transport,Pavlodar,KZPAV,4.5
2012,millions tonnes,freight carried by road and urban electric transport,Soltustik Kazakhstan,KZSEV,1.4
2012,millions tonnes,freight carried by road and urban electric transport,Turkistan,KZYUZ,1.1
2012,millions tonnes,freight carried by road and urban electric transport,Ulytau,KZULU,0.7
2012,millions tonnes,freight carried by road and urban electric transport,Shygys Kazakhstan,KZVOS,19.3
2012,millions tonnes,freight carried by road and urban electric transport,Astana city,KZNS,2.3
2012,millions tonnes,freight carried by road and urban electric transport,Almaty city,KZALA,2.4
2012,millions tonnes,freight carried by road and urban electric transport,Shymkent city,KZSHY,3.0
2012,mln.people,Passengers transported by all means of transport,,,1514.3
2012,mln.people,Passengers transported by all means of transport,Abai,KZABY,47.9
2012,mln.people,Passengers transported by all means of transport,Akmola,KZAKM,29.4
2012,mln.people,Passengers transported by all means of transport,Aktobe,KZAKT,42.0
2012,mln.people,Passengers transported by all means of transport,Almaty,KZALM,15.6
2012,mln.people,Passengers transported by all means of transport,Atyrau,KZATY,25.0
2012,mln.people,Passengers transported by all means of transport,Batys Kazakhstan,KZZAP,66.8
2012,mln.people,Passengers transported by all means of transport,Zhambyl,KZZHA,103.8
2012,mln.people,Passengers transported by all means of transport,Zhetisu,KZZHS,31.1
2012,mln.people,Passengers transported by all means of transport,Karagandy,KZKAR,173.7
2012,mln.people,Passengers transported by all means of transport,Kostanay,KZKUS,36.4
2012,mln.people,Passengers transported by all means of transport,Kyzylorda,KZKZY,17.7
2012,mln.people,Passengers transported by all means of transport,Mangistau,KZMAN,18.1
2012,mln.people,Passengers transported by all means of transport,Pavlodar,KZPAV,123.7
2012,mln.people,Passengers transported by all means of transport,Soltustik Kazakhstan,KZSEV,22.9
2012,mln.people,Passengers transported by all means of transport,Turkistan,KZYUZ,21.8
2012,mln.people,Passengers transported by all means of transport,Ulytau,KZULU,25.6
2012,mln.people,Passengers transported by all means of transport,Shygys Kazakhstan,KZVOS,103.7
2012,mln.people,Passengers transported by all means of transport,Astana city,KZNS,334.6
2012,mln.people,Passengers transported by all means of transport,Almaty city,KZALA,224.7
2012,mln.people,Passengers transported by all means of transport,Shymkent city,KZSHY,50.0
2012,tons,transported by air,,,21954.2
2012,tons,transported by air,Abai,KZABY,5.8
2012,tons,transported by air,Batys Kazakhstan,KZZAP,183.0
2012,tons,transported by air,Almaty city,KZALA,20997.4
2012,tons,transported by air,Shymkent city,KZSHY,768.0
2012,thousand people,passengers transported by air,,,4512.0
2012,thousand people,passengers transported by air,Abai,KZABY,26.5
2012,thousand people,passengers transported by air,Akmola,KZAKM,2.9
2012,thousand people,passengers transported by air,Almaty,KZALM,2.1
2012,thousand people,passengers transported by air,Atyrau,KZATY,441.8
2012,thousand people,passengers transported by air,Karagandy,KZKAR,99.0
2012,thousand people,passengers transported by air,Kostanay,KZKUS,8.4
2012,thousand people,passengers transported by air,Kyzylorda,KZKZY,28.9
2012,thousand people,passengers transported by air,Batys Kazakhstan,KZZAP,17.7
2012,thousand people,passengers transported by air,Zhambyl,KZZHA,21.3
2012,thousand people,passengers transported by air,Zhetisu,KZZHS,24.3
2012,thousand people,passengers transported by air,Mangistau,KZMAN,227.2
2012,thousand people,passengers transported by air,Pavlodar,KZPAV,12.8
2012,thousand people,passengers transported by air,Soltustik Kazakhstan,KZSEV,7.3
2012,thousand people,passengers transported by air,Turkistan,KZYUZ,91.4
2012,thousand people,passengers transported by air,Ulytau,KZULU,7.2
2012,thousand people,passengers transported by air,Shygys Kazakhstan,KZVOS,26.9
2012,thousand people,passengers transported by air,Astana city,KZNS,1131.1
2012,thousand people,passengers transported by air,Almaty city,KZALA,1967.7
2012,thousand people,passengers transported by air,Shymkent city,KZSHY,274.8
2012,millions tonnes,performance indicators of pipeline transport,,,213.2
2012,millions tonnes,performance indicators of pipeline transport,Abai,KZABY,2.1
2012,millions tonnes,performance indicators of pipeline transport,Aktobe,KZAKT,11.4
2012,millions tonnes,performance indicators of pipeline transport,Almaty,KZALM,16.6
2012,millions tonnes,performance indicators of pipeline transport,Atyrau,KZATY,49.1
2012,millions tonnes,performance indicators of pipeline transport,Batys Kazakhstan,KZZAP,17.9
2012,millions tonnes,performance indicators of pipeline transport,Zhambyl,KZZHA,19.6
2012,millions tonnes,performance indicators of pipeline transport,Zhetisu,KZZHS,6.3
2012,millions tonnes,performance indicators of pipeline transport,Karagandy,KZKAR,7.9
2012,millions tonnes,performance indicators of pipeline transport,Kostanay,KZKUS,1.0
2012,millions tonnes,performance indicators of pipeline transport,Kyzylorda,KZKZY,6.1
2012,millions tonnes,performance indicators of pipeline transport,Mangistau,KZMAN,21.9
2012,millions tonnes,performance indicators of pipeline transport,Pavlodar,KZPAV,8.8
2012,millions tonnes,performance indicators of pipeline transport,Soltustik Kazakhstan,KZSEV,0.7
2012,millions tonnes,performance indicators of pipeline transport,Turkistan,KZYUZ,23.8
2012,millions tonnes,performance indicators of pipeline transport,Ulytau,KZULU,13.1
2012,millions tonnes,performance indicators of pipeline transport,Astana city,KZNS,5.0
2012,millions tonnes,performance indicators of pipeline transport,Almaty city,KZALA,1.1
2012,millions tonnes,performance indicators of pipeline transport,Shymkent city,KZSHY,0.9
2012,millions tonnes,freight carried by sea transport,,,4.0
2012,millions tonnes,freight carried by sea transport,Mangistau,KZMAN,4.0
2013,millions tonnes,Cargo transported by all means of transport,,,623.7
2013,millions tonnes,Pipeline,,,225.9
2013,millions tonnes,Railway,,,293.7
2013,millions tonnes,Automobile,,,99.0
2013,millions tonnes,Air,,,0.02
2013,millions tonnes,Inland water еransport,,,1.1
2013,millions tonnes,nautical,,,4.0
2013,millions tonnes,,Abai,KZABY,17.9
2013,millions tonnes,,Akmola,KZAKM,26.4
2013,millions tonnes,,Aktobe,KZAKT,44.9
2013,millions tonnes,,Almaty,KZALM,32.2
2013,millions tonnes,,Atyrau,KZATY,70.6
2013,millions tonnes,,Batys Kazakhstan,KZZAP,23.7
2013,millions tonnes,,Zhambyl,KZZHA,41.4
2013,millions tonnes,,Zhetisu,KZZHS,13.4
2013,millions tonnes,,Karagandy,KZKAR,52.6
2013,millions tonnes,,Kostanay,KZKUS,26.0
2013,millions tonnes,,Kyzylorda,KZKZY,29.3
2013,millions tonnes,,Mangistau,KZMAN,42.3
2013,millions tonnes,,Pavlodar,KZPAV,49.9
2013,millions tonnes,,Soltustik Kazakhstan,KZSEV,8.8
2013,millions tonnes,,Turkistan,KZYUZ,28.7
2013,millions tonnes,,Ulytau,KZULU,25.1
2013,millions tonnes,,Shygys Kazakhstan,KZVOS,27.8
2013,millions tonnes,,Astana city,KZNS,34.3
2013,millions tonnes,,Almaty city,KZALA,14.1
2013,millions tonnes,,Shymkent city,KZSHY,14.3
2013,mln.people,Passengers transported by all means of transport,,,1554.2
2013,mln.people,Railway transport,,,28.6
2013,mln.people,Automobile,,,1455.2
2013,mln.people,Inland water еransport,,,0.1
2013,mln.people,Air,,,5.0
2013,mln.people,City electric transport,,,65.4
2013,mln.people,,Akmola,KZAKM,45.7
2013,mln.people,,Akmola,KZAKM,32.4
2013,mln.people,,Aktobe,KZAKT,49.1
2013,mln.people,,Almaty,KZALM,17.0
2013,mln.people,,Atyrau,KZATY,24.5
2013,mln.people,,Batys Kazakhstan,KZZAP,73.5
2013,mln.people,,Zhambyl,KZZHA,100.8
2013,mln.people,,Zhetisu,KZZHS,35.8
2013,mln.people,,Karagandy,KZKAR,170.7
2013,mln.people,,Kostanay,KZKUS,38.3
2013,mln.people,,Kyzylorda,KZKZY,20.8
2013,mln.people,,Mangistau,KZMAN,21.3
2013,mln.people,,Pavlodar,KZPAV,103.1
2013,mln.people,,Soltustik Kazakhstan,KZSEV,20.2
2013,mln.people,,Turkistan,KZYUZ,19.3
2013,mln.people,,Ulytau,KZULU,26.1
2013,mln.people,,Shygys Kazakhstan,KZVOS,101.2
2013,mln.people,,Astana city,KZNS,365.0
2013,mln.people,,Almaty city,KZALA,239.1
2013,mln.people,,Shymkent city,KZSHY,50.7
2013,millions tonnes,freight carried by road and urban electric transport,,,99.0
2013,millions tonnes,freight carried by road and urban electric transport,Abai,KZABY,1.3
2013,millions tonnes,freight carried by road and urban electric transport,Akmola,KZAKM,2.1
2013,millions tonnes,freight carried by road and urban electric transport,Aktobe,KZAKT,5.1
2013,millions tonnes,freight carried by road and urban electric transport,Almaty,KZALM,2.9
2013,millions tonnes,freight carried by road and urban electric transport,Atyrau,KZATY,2.6
2013,millions tonnes,freight carried by road and urban electric transport,Batys Kazakhstan,KZZAP,1.1
2013,millions tonnes,freight carried by road and urban electric transport,Zhambyl,KZZHA,0.6
2013,millions tonnes,freight carried by road and urban electric transport,Karagandy,KZKAR,18.4
2013,millions tonnes,freight carried by road and urban electric transport,Kostanay,KZKUS,4.8
2013,millions tonnes,freight carried by road and urban electric transport,Kyzylorda,KZKZY,5.6
2013,millions tonnes,freight carried by road and urban electric transport,Mangistau,KZMAN,1.9
2013,millions tonnes,freight carried by road and urban electric transport,Pavlodar,KZPAV,18.5
2013,millions tonnes,freight carried by road and urban electric transport,Soltustik Kazakhstan,KZSEV,0.9
2013,millions tonnes,freight carried by road and urban electric transport,Turkistan,KZYUZ,0.8
2013,millions tonnes,freight carried by road and urban electric transport,Ulytau,KZULU,1.5
2013,millions tonnes,freight carried by road and urban electric transport,Shygys Kazakhstan,KZVOS,19.8
2013,millions tonnes,freight carried by road and urban electric transport,Astana city,KZNS,4.3
2013,millions tonnes,freight carried by road and urban electric transport,Almaty city,KZALA,3.4
2013,millions tonnes,freight carried by road and urban electric transport,Shymkent city,KZSHY,2.5
2013,mln.people,Passengers transported by all means of transport,,,1520.6
2013,mln.people,Passengers transported by all means of transport,Abai,KZABY,44.3
2013,mln.people,Passengers transported by all means of transport,Akmola,KZAKM,30.1
2013,mln.people,Passengers transported by all means of transport,Aktobe,KZAKT,46.3
2013,mln.people,Passengers transported by all means of transport,Almaty,KZALM,16.0
2013,mln.people,Passengers transported by all means of transport,Atyrau,KZATY,22.4
2013,mln.people,Passengers transported by all means of transport,Batys Kazakhstan,KZZAP,72.6
2013,mln.people,Passengers transported by all means of transport,Zhambyl,KZZHA,99.0
2013,mln.people,Passengers transported by all means of transport,Zhetisu,KZZHS,35.2
2013,mln.people,Passengers transported by all means of transport,Karagandy,KZKAR,168.0
2013,mln.people,Passengers transported by all means of transport,Kostanay,KZKUS,36.3
2013,mln.people,Passengers transported by all means of transport,Kyzylorda,KZKZY,19.0
2013,mln.people,Passengers transported by all means of transport,Mangistau,KZMAN,19.7
2013,mln.people,Passengers transported by all means of transport,Pavlodar,KZPAV,101.1
2013,mln.people,Passengers transported by all means of transport,Soltustik Kazakhstan,KZSEV,19.5
2013,mln.people,Passengers transported by all means of transport,Turkistan,KZYUZ,18.8
2013,mln.people,Passengers transported by all means of transport,Ulytau,KZULU,25.2
2013,mln.people,Passengers transported by all means of transport,Shygys Kazakhstan,KZVOS,100.4
2013,mln.people,Passengers transported by all means of transport,Astana city,KZNS,361.4
2013,mln.people,Passengers transported by all means of transport,Almaty city,KZALA,235.7
2013,mln.people,Passengers transported by all means of transport,Shymkent city,KZSHY,49.4
2013,tons,transported by air,,,23873.5
2013,tons,transported by air,Batys Kazakhstan,KZZAP,227.2
2013,tons,transported by air,Almaty city,KZALA,22584.3
2013,tons,transported by air,Shymkent city,KZSHY,1062.0
2013,thousand people,passengers transported by air,,,4985.6
2013,thousand people,passengers transported by air,Abai,KZABY,23.9
2013,thousand people,passengers transported by air,Akmola,KZAKM,3.0
2013,thousand people,passengers transported by air,Aktobe,KZAKT,97.0
2013,thousand people,passengers transported by air,Almaty,KZALM,2.6
2013,thousand people,passengers transported by air,Atyrau,KZATY,468.2
2013,thousand people,passengers transported by air,Karagandy,KZKAR,184.1
2013,thousand people,passengers transported by air,Kostanay,KZKUS,8.6
2013,thousand people,passengers transported by air,Kyzylorda,KZKZY,23.9
2013,thousand people,passengers transported by air,Batys Kazakhstan,KZZAP,19.7
2013,thousand people,passengers transported by air,Zhambyl,KZZHA,23.8
2013,thousand people,passengers transported by air,Zhetisu,KZZHS,27.2
2013,thousand people,passengers transported by air,Mangistau,KZMAN,250.1
2013,thousand people,passengers transported by air,Pavlodar,KZPAV,14.3
2013,thousand people,passengers transported by air,Soltustik Kazakhstan,KZSEV,7.4
2013,thousand people,passengers transported by air,Turkistan,KZYUZ,101.9
2013,thousand people,passengers transported by air,Ulytau,KZULU,10.0
2013,thousand people,passengers transported by air,Shygys Kazakhstan,KZVOS,28.6
2013,thousand people,passengers transported by air,Astana city,KZNS,1234.6
2013,thousand people,passengers transported by air,Almaty city,KZALA,2168.5
2013,thousand people,passengers transported by air,Shymkent city,KZSHY,288.2
2013,millions tonnes,performance indicators of pipeline transport,,,225.9
2013,millions tonnes,performance indicators of pipeline transport,Abai,KZABY,2.4
2013,millions tonnes,performance indicators of pipeline transport,Aktobe,KZAKT,12.2
2013,millions tonnes,performance indicators of pipeline transport,Almaty,KZALM,18.8
2013,millions tonnes,performance indicators of pipeline transport,Atyrau,KZATY,50.8
2013,millions tonnes,performance indicators of pipeline transport,Batys Kazakhstan,KZZAP,16.2
2013,millions tonnes,performance indicators of pipeline transport,Zhambyl,KZZHA,22.2
2013,millions tonnes,performance indicators of pipeline transport,Zhetisu,KZZHS,7.0
2013,millions tonnes,performance indicators of pipeline transport,Karagandy,KZKAR,8.9
2013,millions tonnes,performance indicators of pipeline transport,Kostanay,KZKUS,0.9
2013,millions tonnes,performance indicators of pipeline transport,Kyzylorda,KZKZY,6.8
2013,millions tonnes,performance indicators of pipeline transport,Mangistau,KZMAN,22.6
2013,millions tonnes,performance indicators of pipeline transport,Pavlodar,KZPAV,10.8
2013,millions tonnes,performance indicators of pipeline transport,Soltustik Kazakhstan,KZSEV,0.7
2013,millions tonnes,performance indicators of pipeline transport,Turkistan,KZYUZ,24.5
2013,millions tonnes,performance indicators of pipeline transport,Ulytau,KZULU,14.7
2013,millions tonnes,performance indicators of pipeline transport,Astana city,KZNS,5.5
2013,millions tonnes,performance indicators of pipeline transport,Almaty city,KZALA,1.3
2013,millions tonnes,performance indicators of pipeline transport,Shymkent city,KZSHY,0.6
2013,millions tonnes,freight carried by sea transport,,,4.0
2013,millions tonnes,freight carried by sea transport,Mangistau,KZMAN,4.0
2014,millions tonnes,Cargo transported by all means of transport,,,728.8
2014,millions tonnes,Pipeline,,,225.0
2014,millions tonnes,Railway,,,390.7
2014,millions tonnes,Automobile,,,108.1
2014,millions tonnes,Air,,,0.02
2014,millions tonnes,Inland water еransport,,,1.3
2014,millions tonnes,nautical,,,3.6
2014,millions tonnes,,Abai,KZABY,22.2
2014,millions tonnes,,Akmola,KZAKM,35.4
2014,millions tonnes,,Aktobe,KZAKT,53.5
2014,millions tonnes,,Almaty,KZALM,35.5
2014,millions tonnes,,Atyrau,KZATY,74.9
2014,millions tonnes,,Batys Kazakhstan,KZZAP,25.1
2014,millions tonnes,,Zhambyl,KZZHA,50.1
2014,millions tonnes,,Zhetisu,KZZHS,16.2
2014,millions tonnes,,Karagandy,KZKAR,62.0
2014,millions tonnes,,Kostanay,KZKUS,31.7
2014,millions tonnes,,Kyzylorda,KZKZY,30.0
2014,millions tonnes,,Mangistau,KZMAN,46.3
2014,millions tonnes,,Pavlodar,KZPAV,59.2
2014,millions tonnes,,Soltustik Kazakhstan,KZSEV,15.2
2014,millions tonnes,,Turkistan,KZYUZ,32.9
2014,millions tonnes,,Ulytau,KZULU,28.0
2014,millions tonnes,,Shygys Kazakhstan,KZVOS,29.4
2014,millions tonnes,,Astana city,KZNS,45.3
2014,millions tonnes,,Almaty city,KZALA,19.5
2014,millions tonnes,,Almaty city,KZALA,16.3
2014,mln.people,Passengers transported by all means of transport,,,1669.7
2014,mln.people,Railway transport,,,23.2
2014,mln.people,Automobile,,,1578.4
2014,mln.people,Inland water еransport,,,0.1
2014,mln.people,Air,,,5.4
2014,mln.people,City electric transport,,,62.6
2014,mln.people,,Abai,KZABY,42.9
2014,mln.people,,Akmola,KZAKM,32.7
2014,mln.people,,Aktobe,KZAKT,51.4
2014,mln.people,,Almaty,KZALM,15.3
2014,mln.people,,Atyrau,KZATY,23.3
2014,mln.people,,Batys Kazakhstan,KZZAP,73.0
2014,mln.people,,Zhambyl,KZZHA,94.0
2014,mln.people,,Zhetisu,KZZHS,34.7
2014,mln.people,,Karagandy,KZKAR,166.5
2014,mln.people,,Kostanay,KZKUS,38.1
2014,mln.people,,Kyzylorda,KZKZY,24.5
2014,mln.people,,Mangistau,KZMAN,20.0
2014,mln.people,,Pavlodar,KZPAV,100.6
2014,mln.people,,Soltustik Kazakhstan,KZSEV,19.3
2014,mln.people,,Turkistan,KZYUZ,18.8
2014,mln.people,,Ulytau,KZULU,25.0
2014,mln.people,,Shygys Kazakhstan,KZVOS,95.1
2014,mln.people,,Astana city,KZNS,467.5
2014,mln.people,,Almaty city,KZALA,279.9
2014,mln.people,,Shymkent city,KZSHY,47.0
2014,millions tonnes,freight carried by road and urban electric transport,,,108.1
2014,millions tonnes,freight carried by road and urban electric transport,Abai,KZABY,1.4
2014,millions tonnes,freight carried by road and urban electric transport,Akmola,KZAKM,2.2
2014,millions tonnes,freight carried by road and urban electric transport,Aktobe,KZAKT,6.0
2014,millions tonnes,freight carried by road and urban electric transport,Almaty,KZALM,1.8
2014,millions tonnes,freight carried by road and urban electric transport,Atyrau,KZATY,4.4
2014,millions tonnes,freight carried by road and urban electric transport,Batys Kazakhstan,KZZAP,1.3
2014,millions tonnes,freight carried by road and urban electric transport,Zhambyl,KZZHA,0.6
2014,millions tonnes,freight carried by road and urban electric transport,Karagandy,KZKAR,21.2
2014,millions tonnes,freight carried by road and urban electric transport,Kostanay,KZKUS,3.8
2014,millions tonnes,freight carried by road and urban electric transport,Kyzylorda,KZKZY,4.1
2014,millions tonnes,freight carried by road and urban electric transport,Mangistau,KZMAN,2.1
2014,millions tonnes,freight carried by road and urban electric transport,Pavlodar,KZPAV,20.8
2014,millions tonnes,freight carried by road and urban electric transport,Soltustik Kazakhstan,KZSEV,1.0
2014,millions tonnes,freight carried by road and urban electric transport,Turkistan,KZYUZ,0.7
2014,millions tonnes,freight carried by road and urban electric transport,Ulytau,KZULU,0.7
2014,millions tonnes,freight carried by road and urban electric transport,Shygys Kazakhstan,KZVOS,18.7
2014,millions tonnes,freight carried by road and urban electric transport,Astana city,KZNS,9.0
2014,millions tonnes,freight carried by road and urban electric transport,Almaty city,KZALA,4.5
2014,millions tonnes,freight carried by road and urban electric transport,Shymkent city,KZSHY,3.1
2014,mln.people,Passengers transported by all means of transport,,,1640.9
2014,mln.people,Passengers transported by all means of transport,Akmola,KZAKM,41.7
2014,mln.people,Passengers transported by all means of transport,Aktobe,KZAKT,30.8
2014,mln.people,Passengers transported by all means of transport,Almaty,KZALM,49.1
2014,mln.people,Passengers transported by all means of transport,Atyrau,KZATY,14.6
2014,mln.people,Passengers transported by all means of transport,Batys Kazakhstan,KZZAP,72.1
2014,mln.people,Passengers transported by all means of transport,Zhambyl,KZZHA,92.5
2014,mln.people,Passengers transported by all means of transport,Zhetisu,KZZHS,34.1
2014,mln.people,Passengers transported by all means of transport,Karagandy,KZKAR,164.5
2014,mln.people,Passengers transported by all means of transport,Kostanay,KZKUS,36.5
2014,mln.people,Passengers transported by all means of transport,Kyzylorda,KZKZY,23.0
2014,mln.people,Passengers transported by all means of transport,Mangistau,KZMAN,18.7
2014,mln.people,Passengers transported by all means of transport,Pavlodar,KZPAV,99.0
2014,mln.people,Passengers transported by all means of transport,Soltustik Kazakhstan,KZSEV,18.7
2014,mln.people,Passengers transported by all means of transport,Turkistan,KZYUZ,18.4
2014,mln.people,Passengers transported by all means of transport,Ulytau,KZULU,24.2
2014,mln.people,Passengers transported by all means of transport,Shygys Kazakhstan,KZVOS,94.4
2014,mln.people,Passengers transported by all means of transport,Astana city,KZNS,464.5
2014,mln.people,Passengers transported by all means of transport,Almaty city,KZALA,276.6
2014,mln.people,Passengers transported by all means of transport,Shymkent city,KZSHY,46.0
2014,tons,transported by air,,,19082.4
2014,tons,transported by air,Batys Kazakhstan,KZZAP,239.4
2014,tons,transported by air,Almaty city,KZALA,17865.0
2014,tons,transported by air,Shymkent city,KZSHY,978.0
2014,thousand people,passengers transported by air,,,5434.6
2014,thousand people,passengers transported by air,Abai,KZABY,24.5
2014,thousand people,passengers transported by air,Akmola,KZAKM,3.4
2014,thousand people,passengers transported by air,Aktobe,KZAKT,106.0
2014,thousand people,passengers transported by air,Almaty,KZALM,1.8
2014,thousand people,passengers transported by air,Atyrau,KZATY,505.4
2014,thousand people,passengers transported by air,Karagandy,KZKAR,399.7
2014,thousand people,passengers transported by air,Kostanay,KZKUS,9.6
2014,thousand people,passengers transported by air,Kyzylorda,KZKZY,27.7
2014,thousand people,passengers transported by air,Batys Kazakhstan,KZZAP,20.3
2014,thousand people,passengers transported by air,Zhambyl,KZZHA,24.4
2014,thousand people,passengers transported by air,Zhetisu,KZZHS,27.8
2014,thousand people,passengers transported by air,Mangistau,KZMAN,260.0
2014,thousand people,passengers transported by air,Pavlodar,KZPAV,14.6
2014,thousand people,passengers transported by air,Soltustik Kazakhstan,KZSEV,8.4
2014,thousand people,passengers transported by air,Turkistan,KZYUZ,104.6
2014,thousand people,passengers transported by air,Ulytau,KZULU,8.6
2014,thousand people,passengers transported by air,Shygys Kazakhstan,KZVOS,30.8
2014,thousand people,passengers transported by air,Astana city,KZNS,1289.9
2014,thousand people,passengers transported by air,Almaty city,KZALA,2252.5
2014,thousand people,passengers transported by air,Shymkent city,KZSHY,314.6
2014,millions tonnes,performance indicators of pipeline transport,,,225.0
2014,millions tonnes,performance indicators of pipeline transport,Abai,KZABY,1.4
2014,millions tonnes,performance indicators of pipeline transport,Aktobe,KZAKT,10.4
2014,millions tonnes,performance indicators of pipeline transport,Almaty,KZALM,21.1
2014,millions tonnes,performance indicators of pipeline transport,Atyrau,KZATY,49.9
2014,millions tonnes,performance indicators of pipeline transport,Batys Kazakhstan,KZZAP,15.1
2014,millions tonnes,performance indicators of pipeline transport,Zhambyl,KZZHA,23.5
2014,millions tonnes,performance indicators of pipeline transport,Zhetisu,KZZHS,5.7
2014,millions tonnes,performance indicators of pipeline transport,Karagandy,KZKAR,7.1
2014,millions tonnes,performance indicators of pipeline transport,Kostanay,KZKUS,0.9
2014,millions tonnes,performance indicators of pipeline transport,Kyzylorda,KZKZY,4.1
2014,millions tonnes,performance indicators of pipeline transport,Mangistau,KZMAN,22.1
2014,millions tonnes,performance indicators of pipeline transport,Pavlodar,KZPAV,10.2
2014,millions tonnes,performance indicators of pipeline transport,Soltustik Kazakhstan,KZSEV,3.0
2014,millions tonnes,performance indicators of pipeline transport,Turkistan,KZYUZ,26.2
2014,millions tonnes,performance indicators of pipeline transport,Ulytau,KZULU,14.1
2014,millions tonnes,performance indicators of pipeline transport,Astana city,KZNS,7.6
2014,millions tonnes,performance indicators of pipeline transport,Almaty city,KZALA,1.8
2014,millions tonnes,performance indicators of pipeline transport,Shymkent city,KZSHY,1.0
2014,millions tonnes,freight carried by sea transport,,,3.6
2014,millions tonnes,freight carried by sea transport,Mangistau,KZMAN,3.6
2015,millions tonnes,Cargo transported by all means of transport,,,662.2
2015,millions tonnes,Pipeline,,,214.6
2015,millions tonnes,Railway,,,341.4
2015,millions tonnes,Automobile,,,102.5
2015,millions tonnes,Air,,,0.02
2015,millions tonnes,Inland water еransport,,,1.2
2015,millions tonnes,nautical,,,2.5
2015,millions tonnes,,Abai,KZABY,19.3
2015,millions tonnes,,Akmola,KZAKM,30.9
2015,millions tonnes,,Aktobe,KZAKT,50.3
2015,millions tonnes,,Almaty,KZALM,34.9
2015,millions tonnes,,Atyrau,KZATY,71.2
2015,millions tonnes,,Batys Kazakhstan,KZZAP,23.2
2015,millions tonnes,,Zhambyl,KZZHA,47.5
2015,millions tonnes,,Zhetisu,KZZHS,14.3
2015,millions tonnes,,Karagandy,KZKAR,48.8
2015,millions tonnes,,Kostanay,KZKUS,28.0
2015,millions tonnes,,Kyzylorda,KZKZY,26.5
2015,millions tonnes,,Mangistau,KZMAN,34.7
2015,millions tonnes,,Pavlodar,KZPAV,56.3
2015,millions tonnes,,Soltustik Kazakhstan,KZSEV,13.3
2015,millions tonnes,,Turkistan,KZYUZ,30.7
2015,millions tonnes,,Ulytau,KZULU,28.6
2015,millions tonnes,,Shygys Kazakhstan,KZVOS,26.9
2015,millions tonnes,,Astana city,KZNS,42.3
2015,millions tonnes,,Almaty city,KZALA,18.1
2015,millions tonnes,,Shymkent city,KZSHY,16.4
2015,mln.people,Passengers transported by all means of transport,,,1703.8
2015,mln.people,Railway transport,,,22.5
2015,mln.people,Automobile,,,1609.3
2015,mln.people,Inland water еransport,,,0.0
2015,mln.people,Air,,,5.9
2015,mln.people,City electric transport,,,66.0
2015,mln.people,,Abai,KZABY,44.4
2015,mln.people,,Akmola,KZAKM,30.3
2015,mln.people,,Aktobe,KZAKT,60.7
2015,mln.people,,Almaty,KZALM,14.4
2015,mln.people,,Atyrau,KZATY,19.5
2015,mln.people,,Batys Kazakhstan,KZZAP,70.3
2015,mln.people,,Zhambyl,KZZHA,120.6
2015,mln.people,,Zhetisu,KZZHS,42.5
2015,mln.people,,Karagandy,KZKAR,159.0
2015,mln.people,,Kostanay,KZKUS,37.3
2015,mln.people,,Kyzylorda,KZKZY,28.2
2015,mln.people,,Mangistau,KZMAN,19.6
2015,mln.people,,Pavlodar,KZPAV,102.5
2015,mln.people,,Soltustik Kazakhstan,KZSEV,18.5
2015,mln.people,,Turkistan,KZYUZ,22.9
2015,mln.people,,Ulytau,KZULU,16.8
2015,mln.people,,Shygys Kazakhstan,KZVOS,89.3
2015,mln.people,,Astana city,KZNS,485.3
2015,mln.people,,Almaty city,KZALA,269.1
2015,mln.people,,Shymkent city,KZSHY,52.7
2015,millions tonnes,freight carried by road and urban electric transport,,,102.5
2015,millions tonnes,freight carried by road and urban electric transport,Abai,KZABY,1.3
2015,millions tonnes,freight carried by road and urban electric transport,Akmola,KZAKM,2.5
2015,millions tonnes,freight carried by road and urban electric transport,Aktobe,KZAKT,8.5
2015,millions tonnes,freight carried by road and urban electric transport,Almaty,KZALM,2.4
2015,millions tonnes,freight carried by road and urban electric transport,Atyrau,KZATY,2.0
2015,millions tonnes,freight carried by road and urban electric transport,Batys Kazakhstan,KZZAP,1.3
2015,millions tonnes,freight carried by road and urban electric transport,Zhambyl,KZZHA,0.7
2015,millions tonnes,freight carried by road and urban electric transport,Karagandy,KZKAR,11.8
2015,millions tonnes,freight carried by road and urban electric transport,Kostanay,KZKUS,3.8
2015,millions tonnes,freight carried by road and urban electric transport,Kyzylorda,KZKZY,4.2
2015,millions tonnes,freight carried by road and urban electric transport,Mangistau,KZMAN,2.5
2015,millions tonnes,freight carried by road and urban electric transport,Pavlodar,KZPAV,20.4
2015,millions tonnes,freight carried by road and urban electric transport,Soltustik Kazakhstan,KZSEV,1.1
2015,millions tonnes,freight carried by road and urban electric transport,Shygys Kazakhstan,KZVOS,2.1
2015,millions tonnes,freight carried by road and urban electric transport,Ulytau,KZULU,0.5
2015,millions tonnes,freight carried by road and urban electric transport,Astana city,KZNS,17.5
2015,millions tonnes,freight carried by road and urban electric transport,Almaty city,KZALA,4.7
2015,millions tonnes,freight carried by road and urban electric transport,Shymkent city,KZSHY,4.4
2015,mln.people,Passengers transported by all means of transport,,,1675.4
2015,mln.people,Passengers transported by all means of transport,Abai,KZABY,43.3
2015,mln.people,Passengers transported by all means of transport,Akmola,KZAKM,28.4
2015,mln.people,Passengers transported by all means of transport,Aktobe,KZAKT,58.5
2015,mln.people,Passengers transported by all means of transport,Almaty,KZALM,13.7
2015,mln.people,Passengers transported by all means of transport,Atyrau,KZATY,17.8
2015,mln.people,Passengers transported by all means of transport,Batys Kazakhstan,KZZAP,69.4
2015,mln.people,Passengers transported by all means of transport,Zhambyl,KZZHA,119.1
2015,mln.people,Passengers transported by all means of transport,Zhetisu,KZZHS,41.9
2015,mln.people,Passengers transported by all means of transport,Karagandy,KZKAR,157.1
2015,mln.people,Passengers transported by all means of transport,Kostanay,KZKUS,35.8
2015,mln.people,Passengers transported by all means of transport,Kyzylorda,KZKZY,26.7
2015,mln.people,Passengers transported by all means of transport,Mangistau,KZMAN,18.3
2015,mln.people,Passengers transported by all means of transport,Pavlodar,KZPAV,100.9
2015,mln.people,Passengers transported by all means of transport,Soltustik Kazakhstan,KZSEV,17.9
2015,mln.people,Passengers transported by all means of transport,Turkistan,KZYUZ,22.4
2015,mln.people,Passengers transported by all means of transport,Ulytau,KZULU,16.0
2015,mln.people,Passengers transported by all means of transport,Shygys Kazakhstan,KZVOS,88.7
2015,mln.people,Passengers transported by all means of transport,Astana city,KZNS,482.2
2015,mln.people,Passengers transported by all means of transport,Almaty city,KZALA,265.8
2015,mln.people,Passengers transported by all means of transport,Shymkent city,KZSHY,51.7
2015,tons,transported by air,,,17178.2
2015,tons,transported by air,Batys Kazakhstan,KZZAP,131.0
2015,tons,transported by air,Almaty city,KZALA,15956.2
2015,tons,transported by air,Shymkent city,KZSHY,1091.0
2015,thousand people,passengers transported by air,,,5922.8
2015,thousand people,passengers transported by air,Abai,KZABY,27.9
2015,thousand people,passengers transported by air,Akmola,KZAKM,3.3
2015,thousand people,passengers transported by air,Aktobe,KZAKT,109.8
2015,thousand people,passengers transported by air,Almaty,KZALM,2.0
2015,thousand people,passengers transported by air,Atyrau,KZATY,535.7
2015,thousand people,passengers transported by air,Karagandy,KZKAR,384.0
2015,thousand people,passengers transported by air,Kostanay,KZKUS,9.5
2015,thousand people,passengers transported by air,Kyzylorda,KZKZY,24.6
2015,thousand people,passengers transported by air,Batys Kazakhstan,KZZAP,23.2
2015,thousand people,passengers transported by air,Zhambyl,KZZHA,28.0
2015,thousand people,passengers transported by air,Zhetisu,KZZHS,31.8
2015,thousand people,passengers transported by air,Mangistau,KZMAN,290.1
2015,thousand people,passengers transported by air,Pavlodar,KZPAV,16.7
2015,thousand people,passengers transported by air,Soltustik Kazakhstan,KZSEV,8.2
2015,thousand people,passengers transported by air,Turkistan,KZYUZ,119.2
2015,thousand people,passengers transported by air,Ulytau,KZULU,7.0
2015,thousand people,passengers transported by air,Shygys Kazakhstan,KZVOS,32.7
2015,thousand people,passengers transported by air,Astana city,KZNS,1428.1
2015,thousand people,passengers transported by air,Almaty city,KZALA,2515.7
2015,thousand people,passengers transported by air,Shymkent city,KZSHY,325.4
2015,millions tonnes,performance indicators of pipeline transport,,,214.6
2015,millions tonnes,performance indicators of pipeline transport,Abai,KZABY,1.1
2015,millions tonnes,performance indicators of pipeline transport,Aktobe,KZAKT,9.4
2015,millions tonnes,performance indicators of pipeline transport,Almaty,KZALM,21.4
2015,millions tonnes,performance indicators of pipeline transport,Atyrau,KZATY,51.2
2015,millions tonnes,performance indicators of pipeline transport,Batys Kazakhstan,KZZAP,14.4
2015,millions tonnes,performance indicators of pipeline transport,Zhambyl,KZZHA,24.0
2015,millions tonnes,performance indicators of pipeline transport,Zhetisu,KZZHS,5.2
2015,millions tonnes,performance indicators of pipeline transport,Karagandy,KZKAR,7.4
2015,millions tonnes,performance indicators of pipeline transport,Kostanay,KZKUS,0.7
2015,millions tonnes,performance indicators of pipeline transport,Kyzylorda,KZKZY,3.2
2015,millions tonnes,performance indicators of pipeline transport,Mangistau,KZMAN,13.7
2015,millions tonnes,performance indicators of pipeline transport,Pavlodar,KZPAV,11.1
2015,millions tonnes,performance indicators of pipeline transport,Soltustik Kazakhstan,KZSEV,2.6
2015,millions tonnes,performance indicators of pipeline transport,Turkistan,KZYUZ,23.5
2015,millions tonnes,performance indicators of pipeline transport,Ulytau,KZULU,16.7
2015,millions tonnes,performance indicators of pipeline transport,Astana city,KZNS,6.2
2015,millions tonnes,performance indicators of pipeline transport,Almaty city,KZALA,1.7
2015,millions tonnes,performance indicators of pipeline transport,Shymkent city,KZSHY,1.1
2015,millions tonnes,freight carried by sea transport,,,2.5
2015,millions tonnes,freight carried by sea transport,Mangistau,KZMAN,2.5
2016,millions tonnes,Cargo transported by all means of transport,,,657.9
2016,millions tonnes,Pipeline,,,205.8
2016,millions tonnes,Railway,,,338.9
2016,millions tonnes,Automobile,,,109.4
2016,millions tonnes,Air,,,0.02
2016,millions tonnes,Inland water еransport,,,1.2
2016,millions tonnes,nautical,,,2.6
2016,millions tonnes,,Abai,KZABY,18.3
2016,millions tonnes,,Akmola,KZAKM,32.5
2016,millions tonnes,,Aktobe,KZAKT,49.0
2016,millions tonnes,,Almaty,KZALM,36.4
2016,millions tonnes,,Atyrau,KZATY,71.3
2016,millions tonnes,,Batys Kazakhstan,KZZAP,20.2
2016,millions tonnes,,Zhambyl,KZZHA,45.5
2016,millions tonnes,,Zhetisu,KZZHS,17.2
2016,millions tonnes,,Karagandy,KZKAR,61.4
2016,millions tonnes,,Kostanay,KZKUS,29.2
2016,millions tonnes,,Kyzylorda,KZKZY,24.3
2016,millions tonnes,,Mangistau,KZMAN,33.1
2016,millions tonnes,,Pavlodar,KZPAV,55.5
2016,millions tonnes,,Soltustik Kazakhstan,KZSEV,17.4
2016,millions tonnes,,Turkistan,KZYUZ,33.0
2016,millions tonnes,,Ulytau,KZULU,24.6
2016,millions tonnes,,Shygys Kazakhstan,KZVOS,23.2
2016,millions tonnes,,Astana city,KZNS,34.4
2016,millions tonnes,,Almaty city,KZALA,16.5
2016,millions tonnes,,Shymkent city,KZSHY,14.9
2016,mln.people,Passengers transported by all means of transport,,,1640.1
2016,mln.people,Railway transport,,,23.1
2016,mln.people,Automobile,,,1546.2
2016,mln.people,Inland water еransport,,,0.1
2016,mln.people,Air,,,6.0
2016,mln.people,City electric transport,,,64.7
2016,mln.people,,Abai,KZABY,46.2
2016,mln.people,,Akmola,KZAKM,29.1
2016,mln.people,,Aktobe,KZAKT,58.8
2016,mln.people,,Almaty,KZALM,15.2
2016,mln.people,,Atyrau,KZATY,22.1
2016,mln.people,,Batys Kazakhstan,KZZAP,66.1
2016,mln.people,,Zhambyl,KZZHA,116.8
2016,mln.people,,Zhetisu,KZZHS,55.0
2016,mln.people,,Karagandy,KZKAR,148.7
2016,mln.people,,Kostanay,KZKUS,37.8
2016,mln.people,,Kyzylorda,KZKZY,34.6
2016,mln.people,,Mangistau,KZMAN,20.9
2016,mln.people,,Pavlodar,KZPAV,93.5
2016,mln.people,,Soltustik Kazakhstan,KZSEV,16.1
2016,mln.people,,Turkistan,KZYUZ,22.8
2016,mln.people,,Ulytau,KZULU,16.0
2016,mln.people,,Shygys Kazakhstan,KZVOS,88.6
2016,mln.people,,Astana city,KZNS,508.2
2016,mln.people,,Almaty city,KZALA,190.1
2016,mln.people,,Shymkent city,KZSHY,53.4
2016,millions tonnes,freight carried by road and urban electric transport,,,109.4
2016,millions tonnes,freight carried by road and urban electric transport,Abai,KZABY,1.2
2016,millions tonnes,freight carried by road and urban electric transport,Akmola,KZAKM,1.8
2016,millions tonnes,freight carried by road and urban electric transport,Aktobe,KZAKT,10.5
2016,millions tonnes,freight carried by road and urban electric transport,Almaty,KZALM,3.8
2016,millions tonnes,freight carried by road and urban electric transport,Atyrau,KZATY,2.7
2016,millions tonnes,freight carried by road and urban electric transport,Batys Kazakhstan,KZZAP,1.2
2016,millions tonnes,freight carried by road and urban electric transport,Zhambyl,KZZHA,0.6
2016,millions tonnes,freight carried by road and urban electric transport,Zhetisu,KZZHS,1.0
2016,millions tonnes,freight carried by road and urban electric transport,Karagandy,KZKAR,16.4
2016,millions tonnes,freight carried by road and urban electric transport,Kostanay,KZKUS,3.5
2016,millions tonnes,freight carried by road and urban electric transport,Kyzylorda,KZKZY,3.4
2016,millions tonnes,freight carried by road and urban electric transport,Mangistau,KZMAN,2.4
2016,millions tonnes,freight carried by road and urban electric transport,Pavlodar,KZPAV,23.6
2016,millions tonnes,freight carried by road and urban electric transport,Soltustik Kazakhstan,KZSEV,1.0
2016,millions tonnes,freight carried by road and urban electric transport,Turkistan,KZYUZ,1.1
2016,millions tonnes,freight carried by road and urban electric transport,Ulytau,KZULU,0.6
2016,millions tonnes,freight carried by road and urban electric transport,Shygys Kazakhstan,KZVOS,13.8
2016,millions tonnes,freight carried by road and urban electric transport,Astana city,KZNS,9.1
2016,millions tonnes,freight carried by road and urban electric transport,Almaty city,KZALA,5.9
2016,millions tonnes,freight carried by road and urban electric transport,Shymkent city,KZSHY,5.9
2016,mln.people,Passengers transported by all means of transport,,,1610.9
2016,mln.people,Passengers transported by all means of transport,Abai,KZABY,45.0
2016,mln.people,Passengers transported by all means of transport,Akmola,KZAKM,27.0
2016,mln.people,Passengers transported by all means of transport,Aktobe,KZAKT,56.7
2016,mln.people,Passengers transported by all means of transport,Almaty,KZALM,14.5
2016,mln.people,Passengers transported by all means of transport,Atyrau,KZATY,20.5
2016,mln.people,Passengers transported by all means of transport,Batys Kazakhstan,KZZAP,64.9
2016,mln.people,Passengers transported by all means of transport,Zhambyl,KZZHA,115.3
2016,mln.people,Passengers transported by all means of transport,Zhetisu,KZZHS,54.2
2016,mln.people,Passengers transported by all means of transport,Karagandy,KZKAR,146.3
2016,mln.people,Passengers transported by all means of transport,Kostanay,KZKUS,36.1
2016,mln.people,Passengers transported by all means of transport,Kyzylorda,KZKZY,33.1
2016,mln.people,Passengers transported by all means of transport,Mangistau,KZMAN,19.5
2016,mln.people,Passengers transported by all means of transport,Pavlodar,KZPAV,92.1
2016,mln.people,Passengers transported by all means of transport,Soltustik Kazakhstan,KZSEV,15.2
2016,mln.people,Passengers transported by all means of transport,Turkistan,KZYUZ,22.3
2016,mln.people,Passengers transported by all means of transport,Ulytau,KZULU,15.1
2016,mln.people,Passengers transported by all means of transport,Shygys Kazakhstan,KZVOS,88.0
2016,mln.people,Passengers transported by all means of transport,Astana city,KZNS,505.6
2016,mln.people,Passengers transported by all means of transport,Almaty city,KZALA,187.0
2016,mln.people,Passengers transported by all means of transport,Shymkent city,KZSHY,52.6
2016,tons,transported by air,,,18015.9
2016,tons,transported by air,Batys Kazakhstan,KZZAP,171.0
2016,tons,transported by air,Almaty city,KZALA,16810.9
2016,tons,transported by air,Shymkent city,KZSHY,1034.0
2016,thousand people,passengers transported by air,,,6021.7
2016,thousand people,passengers transported by air,Abai,KZABY,25.5
2016,thousand people,passengers transported by air,Akmola,KZAKM,3.5
2016,thousand people,passengers transported by air,Aktobe,KZAKT,113.2
2016,thousand people,passengers transported by air,Almaty,KZALM,2.6
2016,thousand people,passengers transported by air,Atyrau,KZATY,522.6
2016,thousand people,passengers transported by air,Karagandy,KZKAR,777.6
2016,thousand people,passengers transported by air,Kostanay,KZKUS,9.9
2016,thousand people,passengers transported by air,Kyzylorda,KZKZY,16.1
2016,thousand people,passengers transported by air,Batys Kazakhstan,KZZAP,22.6
2016,thousand people,passengers transported by air,Zhambyl,KZZHA,26.6
2016,thousand people,passengers transported by air,Zhetisu,KZZHS,29.2
2016,thousand people,passengers transported by air,Mangistau,KZMAN,271.3
2016,thousand people,passengers transported by air,Pavlodar,KZPAV,15.4
2016,thousand people,passengers transported by air,Soltustik Kazakhstan,KZSEV,8.6
2016,thousand people,passengers transported by air,Turkistan,KZYUZ,110.5
2016,thousand people,passengers transported by air,Ulytau,KZULU,9.6
2016,thousand people,passengers transported by air,Shygys Kazakhstan,KZVOS,32.7
2016,thousand people,passengers transported by air,Astana city,KZNS,1352.4
2016,thousand people,passengers transported by air,Almaty city,KZALA,2344.8
2016,thousand people,passengers transported by air,Shymkent city,KZSHY,327.2
2016,millions tonnes,performance indicators of pipeline transport,,,205.8
2016,millions tonnes,performance indicators of pipeline transport,Abai,KZABY,0.7
2016,millions tonnes,performance indicators of pipeline transport,Aktobe,KZAKT,8.0
2016,millions tonnes,performance indicators of pipeline transport,Almaty,KZALM,22.3
2016,millions tonnes,performance indicators of pipeline transport,Atyrau,KZATY,51.3
2016,millions tonnes,performance indicators of pipeline transport,Batys Kazakhstan,KZZAP,12.1
2016,millions tonnes,performance indicators of pipeline transport,Zhambyl,KZZHA,23.5
2016,millions tonnes,performance indicators of pipeline transport,Zhetisu,KZZHS,4.5
2016,millions tonnes,performance indicators of pipeline transport,Karagandy,KZKAR,9.8
2016,millions tonnes,performance indicators of pipeline transport,Kostanay,KZKUS,0.6
2016,millions tonnes,performance indicators of pipeline transport,Kyzylorda,KZKZY,2.1
2016,millions tonnes,performance indicators of pipeline transport,Mangistau,KZMAN,11.6
2016,millions tonnes,performance indicators of pipeline transport,Pavlodar,KZPAV,11.0
2016,millions tonnes,performance indicators of pipeline transport,Soltustik Kazakhstan,KZSEV,2.5
2016,millions tonnes,performance indicators of pipeline transport,Turkistan,KZYUZ,24.7
2016,millions tonnes,performance indicators of pipeline transport,Ulytau,KZULU,10.7
2016,millions tonnes,performance indicators of pipeline transport,Astana city,KZNS,6.8
2016,millions tonnes,performance indicators of pipeline transport,Almaty city,KZALA,1.2
2016,millions tonnes,performance indicators of pipeline transport,Shymkent city,KZSHY,1.9
2016,millions tonnes,freight carried by sea transport,,,2.6
2016,millions tonnes,freight carried by sea transport,Mangistau,KZMAN,2.6
2017,millions tonnes,Cargo transported by all means of transport,,,762.4
2017,millions tonnes,Pipeline,,,232.8
2017,millions tonnes,Railway,,,387.2
2017,millions tonnes,Automobile,,,138.6
2017,millions tonnes,Air,,,0.02
2017,millions tonnes,Inland water еransport,,,1.6
2017,millions tonnes,nautical,,,2.1
2017,millions tonnes,,Abai,KZABY,50.8
2017,millions tonnes,,Akmola,KZAKM,37.8
2017,millions tonnes,,Aktobe,KZAKT,56.8
2017,millions tonnes,,Almaty,KZALM,38.8
2017,millions tonnes,,Atyrau,KZATY,80.3
2017,millions tonnes,,Batys Kazakhstan,KZZAP,23.0
2017,millions tonnes,,Zhambyl,KZZHA,52.4
2017,millions tonnes,,Zhetisu,KZZHS,19.6
2017,millions tonnes,,Karagandy,KZKAR,75.8
2017,millions tonnes,,Kostanay,KZKUS,32.5
2017,millions tonnes,,Kyzylorda,KZKZY,25.8
2017,millions tonnes,,Mangistau,KZMAN,40.9
2017,millions tonnes,,Pavlodar,KZPAV,58.7
2017,millions tonnes,,Soltustik Kazakhstan,KZSEV,20.0
2017,millions tonnes,,Turkistan,KZYUZ,37.6
2017,millions tonnes,,Ulytau,KZULU,28.3
2017,millions tonnes,,Shygys Kazakhstan,KZVOS,16.5
2017,millions tonnes,,Astana city,KZNS,36.3
2017,millions tonnes,,Almaty city,KZALA,17.2
2017,millions tonnes,,Shymkent city,KZSHY,13.3
2017,mln.people,Passengers transported by all means of transport,,,1654.6
2017,mln.people,Railway transport,,,22.9
2017,mln.people,Automobile,,,1553.0
2017,mln.people,Inland water еransport,,,0.1
2017,mln.people,Air,,,7.4
2017,mln.people,City electric transport,,,71.3
2017,mln.people,,Abai,KZABY,45.1
2017,mln.people,,Akmola,KZAKM,25.0
2017,mln.people,,Aktobe,KZAKT,64.8
2017,mln.people,,Almaty,KZALM,16.4
2017,mln.people,,Batys Kazakhstan,KZZAP,88.9
2017,mln.people,,Zhambyl,KZZHA,98.1
2017,mln.people,,Zhetisu,KZZHS,56.2
2017,mln.people,,Karagandy,KZKAR,146.4
2017,mln.people,,Kostanay,KZKUS,37.3
2017,mln.people,,Kyzylorda,KZKZY,33.1
2017,mln.people,,Mangistau,KZMAN,22.4
2017,mln.people,,Pavlodar,KZPAV,83.6
2017,mln.people,,Soltustik Kazakhstan,KZSEV,15.7
2017,mln.people,,Turkistan,KZYUZ,22.4
2017,mln.people,,Ulytau,KZULU,14.9
2017,mln.people,,Shygys Kazakhstan,KZVOS,81.9
2017,mln.people,,Astana city,KZNS,501.6
2017,mln.people,,Almaty city,KZALA,223.4
2017,mln.people,,Shymkent city,KZSHY,57.3
2017,millions tonnes,freight carried by road and urban electric transport,,,138.6
2017,millions tonnes,freight carried by road and urban electric transport,Abai,KZABY,31.7
2017,millions tonnes,freight carried by road and urban electric transport,Akmola,KZAKM,3.3
2017,millions tonnes,freight carried by road and urban electric transport,Aktobe,KZAKT,8.0
2017,millions tonnes,freight carried by road and urban electric transport,Almaty,KZALM,2.7
2017,millions tonnes,freight carried by road and urban electric transport,Atyrau,KZATY,2.6
2017,millions tonnes,freight carried by road and urban electric transport,Batys Kazakhstan,KZZAP,1.3
2017,millions tonnes,freight carried by road and urban electric transport,Zhambyl,KZZHA,2.8
2017,millions tonnes,freight carried by road and urban electric transport,Zhetisu,KZZHS,0.9
2017,millions tonnes,freight carried by road and urban electric transport,Karagandy,KZKAR,24.9
2017,millions tonnes,freight carried by road and urban electric transport,Kostanay,KZKUS,3.4
2017,millions tonnes,freight carried by road and urban electric transport,Kyzylorda,KZKZY,2.5
2017,millions tonnes,freight carried by road and urban electric transport,Mangistau,KZMAN,3.9
2017,millions tonnes,freight carried by road and urban electric transport,Pavlodar,KZPAV,22.0
2017,millions tonnes,freight carried by road and urban electric transport,Soltustik Kazakhstan,KZSEV,1.2
2017,millions tonnes,freight carried by road and urban electric transport,Turkistan,KZYUZ,1.8
2017,millions tonnes,freight carried by road and urban electric transport,Ulytau,KZULU,0.5
2017,millions tonnes,freight carried by road and urban electric transport,Shygys Kazakhstan,KZVOS,6.1
2017,millions tonnes,freight carried by road and urban electric transport,Astana city,KZNS,9.3
2017,millions tonnes,freight carried by road and urban electric transport,Almaty city,KZALA,6.0
2017,millions tonnes,freight carried by road and urban electric transport,Shymkent city,KZSHY,3.7
2017,mln.people,Passengers transported by all means of transport,,,1624.3
2017,mln.people,Passengers transported by all means of transport,Abai,KZABY,44.0
2017,mln.people,Passengers transported by all means of transport,Akmola,KZAKM,23.0
2017,mln.people,Passengers transported by all means of transport,Aktobe,KZAKT,62.3
2017,mln.people,Passengers transported by all means of transport,Almaty,KZALM,15.7
2017,mln.people,Passengers transported by all means of transport,Atyrau,KZATY,18.1
2017,mln.people,Passengers transported by all means of transport,Batys Kazakhstan,KZZAP,87.4
2017,mln.people,Passengers transported by all means of transport,Zhambyl,KZZHA,96.7
2017,mln.people,Passengers transported by all means of transport,Zhetisu,KZZHS,55.4
2017,mln.people,Passengers transported by all means of transport,Karagandy,KZKAR,144.1
2017,mln.people,Passengers transported by all means of transport,Kostanay,KZKUS,35.7
2017,mln.people,Passengers transported by all means of transport,Kyzylorda,KZKZY,31.6
2017,mln.people,Passengers transported by all means of transport,Mangistau,KZMAN,20.9
2017,mln.people,Passengers transported by all means of transport,Pavlodar,KZPAV,82.3
2017,mln.people,Passengers transported by all means of transport,Soltustik Kazakhstan,KZSEV,14.7
2017,mln.people,Passengers transported by all means of transport,Turkistan,KZYUZ,21.7
2017,mln.people,Passengers transported by all means of transport,Ulytau,KZULU,14.0
2017,mln.people,Passengers transported by all means of transport,Shygys Kazakhstan,KZVOS,81.3
2017,mln.people,Passengers transported by all means of transport,Astana city,KZNS,498.9
2017,mln.people,Passengers transported by all means of transport,Almaty city,KZALA,220.0
2017,mln.people,Passengers transported by all means of transport,Shymkent city,KZSHY,56.5
2017,tons,transported by air,,,22531.0
2017,tons,transported by air,Batys Kazakhstan,KZZAP,302.0
2017,tons,transported by air,Almaty city,KZALA,20432.0
2017,tons,transported by air,Shymkent city,KZSHY,1797.0
2017,thousand people,passengers transported by air,,,7363.7
2017,thousand people,passengers transported by air,Abai,KZABY,28.7
2017,thousand people,passengers transported by air,Akmola,KZAKM,5.2
2017,thousand people,passengers transported by air,Aktobe,KZAKT,153.7
2017,thousand people,passengers transported by air,Almaty,KZALM,2.7
2017,thousand people,passengers transported by air,Atyrau,KZATY,693.7
2017,thousand people,passengers transported by air,Karagandy,KZKAR,966.1
2017,thousand people,passengers transported by air,Kostanay,KZKUS,14.6
2017,thousand people,passengers transported by air,Kyzylorda,KZKZY,10.7
2017,thousand people,passengers transported by air,Zhambyl,KZZHA,29.6
2017,thousand people,passengers transported by air,Zhetisu,KZZHS,32.8
2017,thousand people,passengers transported by air,Mangistau,KZMAN,320.9
2017,thousand people,passengers transported by air,Pavlodar,KZPAV,17.3
2017,thousand people,passengers transported by air,Soltustik Kazakhstan,KZSEV,12.9
2017,thousand people,passengers transported by air,Turkistan,KZYUZ,125.0
2017,thousand people,passengers transported by air,Ulytau,KZULU,11.0
2017,thousand people,passengers transported by air,Shygys Kazakhstan,KZVOS,42.5
2017,thousand people,passengers transported by air,Astana city,KZNS,1625.4
2017,thousand people,passengers transported by air,Almaty city,KZALA,2798.6
2017,thousand people,passengers transported by air,Shymkent city,KZSHY,446.8
2017,millions tonnes,performance indicators of pipeline transport,,,232.8
2017,millions tonnes,performance indicators of pipeline transport,Abai,KZABY,0.8
2017,millions tonnes,performance indicators of pipeline transport,Aktobe,KZAKT,9.2
2017,millions tonnes,performance indicators of pipeline transport,Almaty,KZALM,24.6
2017,millions tonnes,performance indicators of pipeline transport,Atyrau,KZATY,59.1
2017,millions tonnes,performance indicators of pipeline transport,Batys Kazakhstan,KZZAP,13.6
2017,millions tonnes,performance indicators of pipeline transport,Zhambyl,KZZHA,25.4
2017,millions tonnes,performance indicators of pipeline transport,Zhetisu,KZZHS,4.9
2017,millions tonnes,performance indicators of pipeline transport,Karagandy,KZKAR,11.4
2017,millions tonnes,performance indicators of pipeline transport,Kostanay,KZKUS,0.6
2017,millions tonnes,performance indicators of pipeline transport,Kyzylorda,KZKZY,2.2
2017,millions tonnes,performance indicators of pipeline transport,Mangistau,KZMAN,13.5
2017,millions tonnes,performance indicators of pipeline transport,Pavlodar,KZPAV,13.0
2017,millions tonnes,performance indicators of pipeline transport,Soltustik Kazakhstan,KZSEV,2.9
2017,millions tonnes,performance indicators of pipeline transport,Turkistan,KZYUZ,27.3
2017,millions tonnes,performance indicators of pipeline transport,Ulytau,KZULU,12.5
2017,millions tonnes,performance indicators of pipeline transport,Astana city,KZNS,8.0
2017,millions tonnes,performance indicators of pipeline transport,Almaty city,KZALA,1.4
2017,millions tonnes,performance indicators of pipeline transport,Shymkent city,KZSHY,2.2
2017,millions tonnes,freight carried by sea transport,,,2.1
2017,millions tonnes,freight carried by sea transport,Mangistau,KZMAN,2.1
2018,millions tonnes,Cargo transported by all means of transport,,,840.8
2018,millions tonnes,Pipeline,,,281.4
2018,millions tonnes,Railway,,,397.9
2018,millions tonnes,Automobile,,,158.5
2018,millions tonnes,Air,,,0.04
2018,millions tonnes,Inland water еransport,,,1.2
2018,millions tonnes,,Abai,KZABY,66.4
2018,millions tonnes,,Akmola,KZAKM,37.6
2018,millions tonnes,,Aktobe,KZAKT,57.8
2018,millions tonnes,,Almaty,KZALM,37.5
2018,millions tonnes,,Atyrau,KZATY,85.5
2018,millions tonnes,,Zhambyl,KZZHA,74.8
2018,millions tonnes,,Zhetisu,KZZHS,20.0
2018,millions tonnes,,Karagandy,KZKAR,67.6
2018,millions tonnes,,Kostanay,KZKUS,37.4
2018,millions tonnes,,Kyzylorda,KZKZY,26.0
2018,millions tonnes,,Mangistau,KZMAN,59.7
2018,millions tonnes,,Pavlodar,KZPAV,59.9
2018,millions tonnes,,Soltustik Kazakhstan,KZSEV,20.1
2018,millions tonnes,,Turkistan,KZYUZ,43.6
2018,millions tonnes,,Ulytau,KZULU,23.7
2018,millions tonnes,,Shygys Kazakhstan,KZVOS,18.2
2018,millions tonnes,,Astana city,KZNS,44.8
2018,millions tonnes,,Almaty city,KZALA,21.9
2018,millions tonnes,,Shymkent city,KZSHY,15.2
2018,mln.people,Passengers transported by all means of transport,,,1633.5
2018,mln.people,Railway transport,,,23.1
2018,mln.people,Automobile,,,1531.9
2018,mln.people,Air,,,7.6
2018,mln.people,City electric transport,,,70.5
2018,mln.people,,Abai,KZABY,41.5
2018,mln.people,,Akmola,KZAKM,25.3
2018,mln.people,,Aktobe,KZAKT,62.6
2018,mln.people,,Almaty,KZALM,17.1
2018,mln.people,,Atyrau,KZATY,16.6
2018,mln.people,,Batys Kazakhstan,KZZAP,59.8
2018,mln.people,,Zhambyl,KZZHA,102.8
2018,mln.people,,Zhetisu,KZZHS,56.1
2018,mln.people,,Karagandy,KZKAR,150.1
2018,mln.people,,Kostanay,KZKUS,38.3
2018,mln.people,,Kyzylorda,KZKZY,34.4
2018,mln.people,,Mangistau,KZMAN,25.7
2018,mln.people,,Pavlodar,KZPAV,80.4
2018,mln.people,,Soltustik Kazakhstan,KZSEV,16.4
2018,mln.people,,Turkistan,KZYUZ,21.4
2018,mln.people,,Ulytau,KZULU,15.2
2018,mln.people,,Shygys Kazakhstan,KZVOS,80.3
2018,mln.people,,Astana city,KZNS,433.5
2018,mln.people,,Almaty city,KZALA,301.4
2018,mln.people,,Shymkent city,KZSHY,54.7
2018,millions tonnes,freight carried by road and urban electric transport,Abai,KZABY,46.7
2018,millions tonnes,freight carried by road and urban electric transport,Akmola,KZAKM,1.9
2018,millions tonnes,freight carried by road and urban electric transport,Aktobe,KZAKT,10.6
2018,millions tonnes,freight carried by road and urban electric transport,Almaty,KZALM,2.4
2018,millions tonnes,freight carried by road and urban electric transport,Atyrau,KZATY,3.4
2018,millions tonnes,freight carried by road and urban electric transport,Batys Kazakhstan,KZZAP,1.5
2018,millions tonnes,freight carried by road and urban electric transport,Zhambyl,KZZHA,2.2
2018,millions tonnes,freight carried by road and urban electric transport,Zhetisu,KZZHS,0.9
2018,millions tonnes,freight carried by road and urban electric transport,Karagandy,KZKAR,23.0
2018,millions tonnes,freight carried by road and urban electric transport,Kostanay,KZKUS,7.7
2018,millions tonnes,freight carried by road and urban electric transport,Kyzylorda,KZKZY,3.0
2018,millions tonnes,freight carried by road and urban electric transport,Mangistau,KZMAN,3.3
2018,millions tonnes,freight carried by road and urban electric transport,Pavlodar,KZPAV,25.4
2018,millions tonnes,freight carried by road and urban electric transport,Soltustik Kazakhstan,KZSEV,1.3
2018,millions tonnes,freight carried by road and urban electric transport,Turkistan,KZYUZ,1.5
2018,millions tonnes,freight carried by road and urban electric transport,Ulytau,KZULU,0.5
2018,millions tonnes,freight carried by road and urban electric transport,Shygys Kazakhstan,KZVOS,7.7
2018,millions tonnes,freight carried by road and urban electric transport,Astana city,KZNS,8.1
2018,millions tonnes,freight carried by road and urban electric transport,Almaty city,KZALA,4.8
2018,millions tonnes,freight carried by road and urban electric transport,Shymkent city,KZSHY,2.5
2018,mln.people,Passengers transported by all means of transport,,,1602.7
2018,mln.people,Passengers transported by all means of transport,Abai,KZABY,40.5
2018,mln.people,Passengers transported by all means of transport,Akmola,KZAKM,23.4
2018,mln.people,Passengers transported by all means of transport,Aktobe,KZAKT,60.2
2018,mln.people,Passengers transported by all means of transport,Almaty,KZALM,16.4
2018,mln.people,Passengers transported by all means of transport,Atyrau,KZATY,14.8
2018,mln.people,Passengers transported by all means of transport,Batys Kazakhstan,KZZAP,58.4
2018,mln.people,Passengers transported by all means of transport,Zhambyl,KZZHA,101.5
2018,mln.people,Passengers transported by all means of transport,Zhetisu,KZZHS,55.3
2018,mln.people,Passengers transported by all means of transport,Karagandy,KZKAR,147.9
2018,mln.people,Passengers transported by all means of transport,Kostanay,KZKUS,36.7
2018,mln.people,Passengers transported by all means of transport,Kyzylorda,KZKZY,33.2
2018,mln.people,Passengers transported by all means of transport,Mangistau,KZMAN,24.2
2018,mln.people,Passengers transported by all means of transport,Pavlodar,KZPAV,79.2
2018,mln.people,Passengers transported by all means of transport,Soltustik Kazakhstan,KZSEV,15.6
2018,mln.people,Passengers transported by all means of transport,Turkistan,KZYUZ,20.7
2018,mln.people,Passengers transported by all means of transport,Shygys Kazakhstan,KZVOS,79.7
2018,mln.people,Passengers transported by all means of transport,Astana city,KZNS,428.9
2018,mln.people,Passengers transported by all means of transport,Almaty city,KZALA,298.0
2018,mln.people,Passengers transported by all means of transport,Shymkent city,KZSHY,53.8
2018,tons,transported by air,,,44140.0
2018,tons,transported by air,Batys Kazakhstan,KZZAP,793.0
2018,tons,transported by air,Almaty city,KZALA,40560.0
2018,tons,transported by air,Shymkent city,KZSHY,2787.0
2018,thousand people,passengers transported by air,,,7555.6
2018,thousand people,passengers transported by air,Abai,KZABY,27.9
2018,thousand people,passengers transported by air,Akmola,KZAKM,5.8
2018,thousand people,passengers transported by air,Aktobe,KZAKT,163.3
2018,thousand people,passengers transported by air,Almaty,KZALM,2.7
2018,thousand people,passengers transported by air,Atyrau,KZATY,741.0
2018,thousand people,passengers transported by air,Karagandy,KZKAR,961.5
2018,thousand people,passengers transported by air,Kostanay,KZKUS,16.4
2018,thousand people,passengers transported by air,Kyzylorda,KZKZY,6.5
2018,thousand people,passengers transported by air,Batys Kazakhstan,KZZAP,24.0
2018,thousand people,passengers transported by air,Zhambyl,KZZHA,27.8
2018,thousand people,passengers transported by air,Zhetisu,KZZHS,31.7
2018,thousand people,passengers transported by air,Mangistau,KZMAN,321.8
2018,thousand people,passengers transported by air,Pavlodar,KZPAV,16.7
2018,thousand people,passengers transported by air,Soltustik Kazakhstan,KZSEV,14.5
2018,thousand people,passengers transported by air,Turkistan,KZYUZ,121.2
2018,thousand people,passengers transported by air,Ulytau,KZULU,8.0
2018,thousand people,passengers transported by air,Shygys Kazakhstan,KZVOS,44.4
2018,thousand people,passengers transported by air,Astana city,KZNS,1667.1
2018,thousand people,passengers transported by air,Almaty city,KZALA,2833.4
2018,thousand people,passengers transported by air,Shymkent city,KZSHY,519.7
2018,millions tonnes,performance indicators of pipeline transport,,,281.4
2018,millions tonnes,performance indicators of pipeline transport,Abai,KZABY,0.7
2018,millions tonnes,performance indicators of pipeline transport,Aktobe,KZAKT,6.9
2018,millions tonnes,performance indicators of pipeline transport,Almaty,KZALM,23.2
2018,millions tonnes,performance indicators of pipeline transport,Atyrau,KZATY,62.9
2018,millions tonnes,performance indicators of pipeline transport,Batys Kazakhstan,KZZAP,13.3
2018,millions tonnes,performance indicators of pipeline transport,Zhambyl,KZZHA,47.9
2018,millions tonnes,performance indicators of pipeline transport,Zhetisu,KZZHS,5.4
2018,millions tonnes,performance indicators of pipeline transport,Karagandy,KZKAR,4.0
2018,millions tonnes,performance indicators of pipeline transport,Kostanay,KZKUS,0.7
2018,millions tonnes,performance indicators of pipeline transport,Kyzylorda,KZKZY,1.5
2018,millions tonnes,performance indicators of pipeline transport,Mangistau,KZMAN,32.8
2018,millions tonnes,performance indicators of pipeline transport,Pavlodar,KZPAV,12.6
2018,millions tonnes,performance indicators of pipeline transport,Soltustik Kazakhstan,KZSEV,3.5
2018,millions tonnes,performance indicators of pipeline transport,Turkistan,KZYUZ,30.8
2018,millions tonnes,performance indicators of pipeline transport,Ulytau,KZULU,7.9
2018,millions tonnes,performance indicators of pipeline transport,Astana city,KZNS,15.9
2018,millions tonnes,performance indicators of pipeline transport,Almaty city,KZALA,6.6
2018,millions tonnes,performance indicators of pipeline transport,Shymkent city,KZSHY,4.7
2019,millions tonnes,Cargo transported by all means of transport,,,869.9
2019,millions tonnes,Pipeline,,,273.0
2019,millions tonnes,Railway,,,397.0
2019,millions tonnes,Automobile,,,197.6
2019,millions tonnes,Air,,,0.03
2019,millions tonnes,Inland water еransport,,,1.3
2019,millions tonnes,nautical,,,0.8
2019,millions tonnes,,Abai,KZABY,85.2
2019,millions tonnes,,Akmola,KZAKM,36.9
2019,millions tonnes,,Aktobe,KZAKT,63.8
2019,millions tonnes,,Almaty,KZALM,42.8
2019,millions tonnes,,Atyrau,KZATY,82.9
2019,millions tonnes,,Batys Kazakhstan,KZZAP,19.6
2019,millions tonnes,,Zhambyl,KZZHA,51.0
2019,millions tonnes,,Zhetisu,KZZHS,15.0
2019,millions tonnes,,Karagandy,KZKAR,82.7
2019,millions tonnes,,Kostanay,KZKUS,47.6
2019,millions tonnes,,Kyzylorda,KZKZY,27.0
2019,millions tonnes,,Mangistau,KZMAN,54.9
2019,millions tonnes,,Pavlodar,KZPAV,50.2
2019,millions tonnes,,Soltustik Kazakhstan,KZSEV,17.1
2019,millions tonnes,,Turkistan,KZYUZ,36.1
2019,millions tonnes,,Ulytau,KZULU,31.4
2019,millions tonnes,,Shygys Kazakhstan,KZVOS,19.8
2019,millions tonnes,,Astana city,KZNS,59.2
2019,millions tonnes,,Almaty city,KZALA,27.2
2019,millions tonnes,,Shymkent city,KZSHY,19.5
2019,mln.people,Passengers transported by all means of transport,,,1614.1
2019,mln.people,Railway transport,,,22.4
2019,mln.people,Automobile,,,1497.8
2019,mln.people,Inland water еransport,,,0.0
2019,mln.people,nautical,,,0.06
2019,mln.people,Air,,,8.6
2019,mln.people,City electric transport,,,85.1
2019,mln.people,,Abai,KZABY,46.2
2019,mln.people,,Akmola,KZAKM,27.7
2019,mln.people,,Aktobe,KZAKT,60.2
2019,mln.people,,Almaty,KZALM,20.8
2019,mln.people,,Atyrau,KZATY,27.0
2019,mln.people,,Batys Kazakhstan,KZZAP,56.9
2019,mln.people,,Zhambyl,KZZHA,105.6
2019,mln.people,,Zhetisu,KZZHS,57.6
2019,mln.people,,Karagandy,KZKAR,146.6
2019,mln.people,,Kostanay,KZKUS,38.1
2019,mln.people,,Kyzylorda,KZKZY,31.4
2019,mln.people,,Mangistau,KZMAN,26.6
2019,mln.people,,Pavlodar,KZPAV,82.2
2019,mln.people,,Soltustik Kazakhstan,KZSEV,16.3
2019,mln.people,,Turkistan,KZYUZ,25.1
2019,mln.people,,Ulytau,KZULU,15.9
2019,mln.people,,Shygys Kazakhstan,KZVOS,81.7
2019,mln.people,,Astana city,KZNS,328.4
2019,mln.people,,Almaty city,KZALA,362.5
2019,mln.people,,Shymkent city,KZSHY,57.2
2019,millions tonnes,freight carried by road and urban electric transport,,,197.6
2019,millions tonnes,freight carried by road and urban electric transport,Abai,KZABY,65.4
2019,millions tonnes,freight carried by road and urban electric transport,Akmola,KZAKM,2.0
2019,millions tonnes,freight carried by road and urban electric transport,Aktobe,KZAKT,14.2
2019,millions tonnes,freight carried by road and urban electric transport,Almaty,KZALM,3.1
2019,millions tonnes,freight carried by road and urban electric transport,Atyrau,KZATY,2.7
2019,millions tonnes,freight carried by road and urban electric transport,Batys Kazakhstan,KZZAP,2.1
2019,millions tonnes,freight carried by road and urban electric transport,Zhambyl,KZZHA,0.9
2019,millions tonnes,freight carried by road and urban electric transport,Karagandy,KZKAR,26.7
2019,millions tonnes,freight carried by road and urban electric transport,Kostanay,KZKUS,20.5
2019,millions tonnes,freight carried by road and urban electric transport,Kyzylorda,KZKZY,3.4
2019,millions tonnes,freight carried by road and urban electric transport,Mangistau,KZMAN,2.3
2019,millions tonnes,freight carried by road and urban electric transport,Pavlodar,KZPAV,14.7
2019,millions tonnes,freight carried by road and urban electric transport,Soltustik Kazakhstan,KZSEV,1.4
2019,millions tonnes,freight carried by road and urban electric transport,Turkistan,KZYUZ,1.0
2019,millions tonnes,freight carried by road and urban electric transport,Ulytau,KZULU,2.1
2019,millions tonnes,freight carried by road and urban electric transport,Shygys Kazakhstan,KZVOS,9.0
2019,millions tonnes,freight carried by road and urban electric transport,Astana city,KZNS,14.3
2019,millions tonnes,freight carried by road and urban electric transport,Almaty city,KZALA,8.1
2019,millions tonnes,freight carried by road and urban electric transport,Shymkent city,KZSHY,2.7
2019,mln.people,Passengers transported by all means of transport,,,1583.0
2019,mln.people,Passengers transported by all means of transport,Abai,KZABY,45.5
2019,mln.people,Passengers transported by all means of transport,Akmola,KZAKM,26.5
2019,mln.people,Passengers transported by all means of transport,Aktobe,KZAKT,58.7
2019,mln.people,Passengers transported by all means of transport,Almaty,KZALM,20.4
2019,mln.people,Passengers transported by all means of transport,Atyrau,KZATY,25.5
2019,mln.people,Passengers transported by all means of transport,Batys Kazakhstan,KZZAP,55.9
2019,mln.people,Passengers transported by all means of transport,Zhambyl,KZZHA,104.7
2019,mln.people,Passengers transported by all means of transport,Zhetisu,KZZHS,57.3
2019,mln.people,Passengers transported by all means of transport,Karagandy,KZKAR,145.1
2019,mln.people,Passengers transported by all means of transport,Kostanay,KZKUS,37.1
2019,mln.people,Passengers transported by all means of transport,Kyzylorda,KZKZY,30.2
2019,mln.people,Passengers transported by all means of transport,Mangistau,KZMAN,25.5
2019,mln.people,Passengers transported by all means of transport,Pavlodar,KZPAV,81.4
2019,mln.people,Passengers transported by all means of transport,Soltustik Kazakhstan,KZSEV,15.9
2019,mln.people,Passengers transported by all means of transport,Turkistan,KZYUZ,24.7
2019,mln.people,Passengers transported by all means of transport,Ulytau,KZULU,15.4
2019,mln.people,Passengers transported by all means of transport,Shygys Kazakhstan,KZVOS,81.3
2019,mln.people,Passengers transported by all means of transport,Astana city,KZNS,317.8
2019,mln.people,Passengers transported by all means of transport,Almaty city,KZALA,358.2
2019,mln.people,Passengers transported by all means of transport,Shymkent city,KZSHY,56.1
2019,tons,transported by air,,,26721.1
2019,tons,transported by air,Batys Kazakhstan,KZZAP,726.0
2019,tons,transported by air,Almaty city,KZALA,22551.1
2019,tons,transported by air,Almaty city,KZALA,3444.0
2019,thousand people,passengers transported by air,,,8644.9
2019,thousand people,passengers transported by air,Abai,KZABY,33.0
2019,thousand people,passengers transported by air,Akmola,KZAKM,6.2
2019,thousand people,passengers transported by air,Aktobe,KZAKT,220.3
2019,thousand people,passengers transported by air,Almaty,KZALM,0.4
2019,thousand people,passengers transported by air,Atyrau,KZATY,821.2
2019,thousand people,passengers transported by air,Karagandy,KZKAR,774.1
2019,thousand people,passengers transported by air,Kostanay,KZKUS,17.6
2019,thousand people,passengers transported by air,Kyzylorda,KZKZY,28.3
2019,thousand people,passengers transported by air,Batys Kazakhstan,KZZAP,43.8
2019,thousand people,passengers transported by air,Zhambyl,KZZHA,46.0
2019,thousand people,passengers transported by air,Zhetisu,KZZHS,40.3
2019,thousand people,passengers transported by air,Mangistau,KZMAN,383.2
2019,thousand people,passengers transported by air,Pavlodar,KZPAV,21.5
2019,thousand people,passengers transported by air,Soltustik Kazakhstan,KZSEV,15.8
2019,thousand people,passengers transported by air,Turkistan,KZYUZ,159.6
2019,thousand people,passengers transported by air,Ulytau,KZULU,40.8
2019,thousand people,passengers transported by air,Shygys Kazakhstan,KZVOS,58.9
2019,thousand people,passengers transported by air,Astana city,KZNS,2031.7
2019,thousand people,passengers transported by air,Almaty city,KZALA,3293.6
2019,thousand people,passengers transported by air,Shymkent city,KZSHY,608.6
2019,millions tonnes,performance indicators of pipeline transport,,,273.0
2019,millions tonnes,performance indicators of pipeline transport,Abai,KZABY,0.8
2019,millions tonnes,performance indicators of pipeline transport,Aktobe,KZAKT,11.6
2019,millions tonnes,performance indicators of pipeline transport,Almaty,KZALM,27.4
2019,millions tonnes,performance indicators of pipeline transport,Batys Kazakhstan,KZZAP,11.8
2019,millions tonnes,performance indicators of pipeline transport,Zhambyl,KZZHA,27.0
2019,millions tonnes,performance indicators of pipeline transport,Zhetisu,KZZHS,5.0
2019,millions tonnes,performance indicators of pipeline transport,Karagandy,KZKAR,15.0
2019,millions tonnes,performance indicators of pipeline transport,Kostanay,KZKUS,0.6
2019,millions tonnes,performance indicators of pipeline transport,Kyzylorda,KZKZY,1.5
2019,millions tonnes,performance indicators of pipeline transport,Mangistau,KZMAN,32.8
2019,millions tonnes,performance indicators of pipeline transport,Pavlodar,KZPAV,12.1
2019,millions tonnes,performance indicators of pipeline transport,Soltustik Kazakhstan,KZSEV,3.6
2019,millions tonnes,performance indicators of pipeline transport,Turkistan,KZYUZ,29.6
2019,millions tonnes,performance indicators of pipeline transport,Ulytau,KZULU,16.2
2019,millions tonnes,performance indicators of pipeline transport,Astana city,KZNS,11.5
2019,millions tonnes,performance indicators of pipeline transport,Almaty city,KZALA,2.7
2019,millions tonnes,performance indicators of pipeline transport,Shymkent city,KZSHY,3.8
2019,millions tonnes,freight carried by sea transport,,,0.8
2019,millions tonnes,freight carried by sea transport,Mangistau,KZMAN,0.8
2020,millions tonnes,Cargo transported by all means of transport,,,851.1
2020,millions tonnes,Pipeline,,,253.7
2020,millions tonnes,Railway,,,402.3
2020,millions tonnes,Automobile,,,193.2
2020,millions tonnes,Air,,,0.02
2020,millions tonnes,Inland water еransport,,,0.9
2020,millions tonnes,,Abai,KZABY,78.8
2020,millions tonnes,,Akmola,KZAKM,38.2
2020,millions tonnes,,Aktobe,KZAKT,68.7
2020,millions tonnes,,Almaty,KZALM,18.1
2020,millions tonnes,,Atyrau,KZATY,105.2
2020,millions tonnes,,Batys Kazakhstan,KZZAP,36.9
2020,millions tonnes,,Zhambyl,KZZHA,46.2
2020,millions tonnes,,Zhetisu,KZZHS,18.8
2020,millions tonnes,,Karagandy,KZKAR,77.3
2020,millions tonnes,,Kostanay,KZKUS,65.1
2020,millions tonnes,,Kyzylorda,KZKZY,30.3
2020,millions tonnes,,Mangistau,KZMAN,44.6
2020,millions tonnes,,Pavlodar,KZPAV,52.0
2020,millions tonnes,,Soltustik Kazakhstan,KZSEV,22.9
2020,millions tonnes,,Turkistan,KZYUZ,25.3
2020,millions tonnes,,Ulytau,KZULU,14.8
2020,millions tonnes,,Shygys Kazakhstan,KZVOS,19.2
2020,millions tonnes,,Astana city,KZNS,48.1
2020,millions tonnes,,Almaty city,KZALA,25.1
2020,millions tonnes,,Shymkent city,KZSHY,15.6
2020,mln.people,Passengers transported by all means of transport,,,989.6
2020,mln.people,Railway transport,,,13.2
2020,mln.people,Automobile,,,917.2
2020,mln.people,Inland water еransport,,,0.0
2020,mln.people,nautical,,,0.04
2020,mln.people,Air,,,5.5
2020,mln.people,City electric transport,,,53.7
2020,mln.people,,Abai,KZABY,38.6
2020,mln.people,,Akmola,KZAKM,17.7
2020,mln.people,,Aktobe,KZAKT,24.7
2020,mln.people,,Almaty,KZALM,10.3
2020,mln.people,,Atyrau,KZATY,24.9
2020,mln.people,,Batys Kazakhstan,KZZAP,30.3
2020,mln.people,,Zhambyl,KZZHA,48.3
2020,mln.people,,Karagandy,KZKAR,107.5
2020,mln.people,,Kostanay,KZKUS,27.9
2020,mln.people,,Kyzylorda,KZKZY,12.2
2020,mln.people,,Mangistau,KZMAN,14.6
2020,mln.people,,Pavlodar,KZPAV,61.2
2020,mln.people,,Soltustik Kazakhstan,KZSEV,10.1
2020,mln.people,,Turkistan,KZYUZ,15.8
2020,mln.people,,Ulytau,KZULU,15.0
2020,mln.people,,Shygys Kazakhstan,KZVOS,54.9
2020,mln.people,,Astana city,KZNS,142.9
2020,mln.people,,Almaty city,KZALA,264.6
2020,mln.people,,Shymkent city,KZSHY,38.1
2020,millions tonnes,freight carried by road and urban electric transport,,,193.2
2020,millions tonnes,freight carried by road and urban electric transport,Abai,KZABY,59.8
2020,millions tonnes,freight carried by road and urban electric transport,Akmola,KZAKM,5.9
2020,millions tonnes,freight carried by road and urban electric transport,Aktobe,KZAKT,14.1
2020,millions tonnes,freight carried by road and urban electric transport,Almaty,KZALM,2.7
2020,millions tonnes,freight carried by road and urban electric transport,Atyrau,KZATY,1.4
2020,millions tonnes,freight carried by road and urban electric transport,Batys Kazakhstan,KZZAP,1.4
2020,millions tonnes,freight carried by road and urban electric transport,Zhambyl,KZZHA,0.9
2020,millions tonnes,freight carried by road and urban electric transport,Zhetisu,KZZHS,0.8
2020,millions tonnes,freight carried by road and urban electric transport,Karagandy,KZKAR,17.5
2020,millions tonnes,freight carried by road and urban electric transport,Kostanay,KZKUS,26.2
2020,millions tonnes,freight carried by road and urban electric transport,Kyzylorda,KZKZY,2.2
2020,millions tonnes,freight carried by road and urban electric transport,Mangistau,KZMAN,2.9
2020,millions tonnes,freight carried by road and urban electric transport,Pavlodar,KZPAV,18.9
2020,millions tonnes,freight carried by road and urban electric transport,Soltustik Kazakhstan,KZSEV,1.5
2020,millions tonnes,freight carried by road and urban electric transport,Turkistan,KZYUZ,1.2
2020,millions tonnes,freight carried by road and urban electric transport,Ulytau,KZULU,0.4
2020,millions tonnes,freight carried by road and urban electric transport,Shygys Kazakhstan,KZVOS,10.1
2020,millions tonnes,freight carried by road and urban electric transport,Astana city,KZNS,12.2
2020,millions tonnes,freight carried by road and urban electric transport,Almaty city,KZALA,10.7
2020,millions tonnes,freight carried by road and urban electric transport,Shymkent city,KZSHY,2.4
2020,mln.people,Passengers transported by all means of transport,,,970.9
2020,mln.people,Passengers transported by all means of transport,Abai,KZABY,38.3
2020,mln.people,Passengers transported by all means of transport,Akmola,KZAKM,17.0
2020,mln.people,Passengers transported by all means of transport,Aktobe,KZAKT,23.7
2020,mln.people,Passengers transported by all means of transport,Almaty,KZALM,10.1
2020,mln.people,Passengers transported by all means of transport,Atyrau,KZATY,24.0
2020,mln.people,Passengers transported by all means of transport,Batys Kazakhstan,KZZAP,30.1
2020,mln.people,Passengers transported by all means of transport,Zhambyl,KZZHA,47.6
2020,mln.people,Passengers transported by all means of transport,Zhetisu,KZZHS,30.0
2020,mln.people,Passengers transported by all means of transport,Karagandy,KZKAR,106.6
2020,mln.people,Passengers transported by all means of transport,Kostanay,KZKUS,27.3
2020,mln.people,Passengers transported by all means of transport,Kyzylorda,KZKZY,11.2
2020,mln.people,Passengers transported by all means of transport,Mangistau,KZMAN,13.8
2020,mln.people,Passengers transported by all means of transport,Pavlodar,KZPAV,60.7
2020,mln.people,Passengers transported by all means of transport,Soltustik Kazakhstan,KZSEV,9.9
2020,mln.people,Passengers transported by all means of transport,Turkistan,KZYUZ,15.5
2020,mln.people,Passengers transported by all means of transport,Ulytau,KZULU,14.7
2020,mln.people,Passengers transported by all means of transport,Shygys Kazakhstan,KZVOS,54.6
2020,mln.people,Passengers transported by all means of transport,Astana city,KZNS,136.5
2020,mln.people,Passengers transported by all means of transport,Almaty city,KZALA,261.7
2020,mln.people,Passengers transported by all means of transport,Shymkent city,KZSHY,37.5
2020,tons,transported by air,,,23421.6
2020,tons,transported by air,Astana city,KZNS,1709.4
2020,tons,transported by air,Almaty city,KZALA,15819.7
2020,tons,transported by air,Shymkent city,KZSHY,5892.5
2020,thousand people,passengers transported by air,,,5494.5
2020,thousand people,passengers transported by air,Abai,KZABY,23.9
2020,thousand people,passengers transported by air,Akmola,KZAKM,3.4
2020,thousand people,passengers transported by air,Aktobe,KZAKT,153.3
2020,thousand people,passengers transported by air,Almaty,KZALM,0.8
2020,thousand people,passengers transported by air,Atyrau,KZATY,501.8
2020,thousand people,passengers transported by air,Karagandy,KZKAR,52.6
2020,thousand people,passengers transported by air,Kostanay,KZKUS,9.7
2020,thousand people,passengers transported by air,Kyzylorda,KZKZY,28.1
2020,thousand people,passengers transported by air,Batys Kazakhstan,KZZAP,37.9
2020,thousand people,passengers transported by air,Zhambyl,KZZHA,37.9
2020,thousand people,passengers transported by air,Zhetisu,KZZHS,30.3
2020,thousand people,passengers transported by air,Mangistau,KZMAN,267.6
2020,thousand people,passengers transported by air,Pavlodar,KZPAV,16.3
2020,thousand people,passengers transported by air,Soltustik Kazakhstan,KZSEV,8.7
2020,thousand people,passengers transported by air,Turkistan,KZYUZ,121.5
2020,thousand people,passengers transported by air,Ulytau,KZULU,44.3
2020,thousand people,passengers transported by air,Shygys Kazakhstan,KZVOS,41.5
2020,thousand people,passengers transported by air,Astana city,KZNS,1440.4
2020,thousand people,passengers transported by air,Almaty city,KZALA,2260.8
2020,thousand people,passengers transported by air,Shymkent city,KZSHY,412.9
2020,millions tonnes,performance indicators of pipeline transport,,,253.7
2020,millions tonnes,performance indicators of pipeline transport,Abai,KZABY,1.8
2020,millions tonnes,performance indicators of pipeline transport,Aktobe,KZAKT,12.4
2020,millions tonnes,performance indicators of pipeline transport,Almaty,KZALM,9.0
2020,millions tonnes,performance indicators of pipeline transport,Atyrau,KZATY,85.2
2020,millions tonnes,performance indicators of pipeline transport,Batys Kazakhstan,KZZAP,29.3
2020,millions tonnes,performance indicators of pipeline transport,Zhambyl,KZZHA,12.9
2020,millions tonnes,performance indicators of pipeline transport,Zhetisu,KZZHS,6.5
2020,millions tonnes,performance indicators of pipeline transport,Karagandy,KZKAR,19.5
2020,millions tonnes,performance indicators of pipeline transport,Kostanay,KZKUS,9.8
2020,millions tonnes,performance indicators of pipeline transport,Kyzylorda,KZKZY,3.5
2020,millions tonnes,performance indicators of pipeline transport,Mangistau,KZMAN,18.8
2020,millions tonnes,performance indicators of pipeline transport,Pavlodar,KZPAV,11.0
2020,millions tonnes,performance indicators of pipeline transport,Soltustik Kazakhstan,KZSEV,11.0
2020,millions tonnes,performance indicators of pipeline transport,Turkistan,KZYUZ,17.1
2020,millions tonnes,performance indicators of pipeline transport,Ulytau,KZULU,0.7
2020,millions tonnes,performance indicators of pipeline transport,Astana city,KZNS,0.0
2020,millions tonnes,performance indicators of pipeline transport,Shymkent city,KZSHY,5.2
2020,millions tonnes,passengers carried by sea transport,,,0.0
2020,millions tonnes,passengers carried by sea transport,Mangistau,KZMAN,0.0
2021,millions tonnes,Cargo transported by all means of transport,,,910.5
2021,millions tonnes,Pipeline,,,281.4
2021,millions tonnes,Railway,,,410.3
2021,millions tonnes,Automobile,,,217.1
2021,millions tonnes,Air,,,0.03
2021,millions tonnes,Inland water еransport,,,0.8
2021,millions tonnes,nautical,,,0.8
2021,millions tonnes,,Abai,KZABY,74.4
2021,millions tonnes,,Akmola,KZAKM,41.3
2021,millions tonnes,,Aktobe,KZAKT,68.3
2021,millions tonnes,,Almaty,KZALM,22.6
2021,millions tonnes,,Atyrau,KZATY,114.3
2021,millions tonnes,,Batys Kazakhstan,KZZAP,34.3
2021,millions tonnes,,Zhambyl,KZZHA,53.8
2021,millions tonnes,,Zhetisu,KZZHS,21.2
2021,millions tonnes,,Karagandy,KZKAR,77.7
2021,millions tonnes,,Kostanay,KZKUS,68.6
2021,millions tonnes,,Kyzylorda,KZKZY,42.4
2021,millions tonnes,,Mangistau,KZMAN,50.5
2021,millions tonnes,,Turkistan,KZYUZ,29.7
2021,millions tonnes,,Ulytau,KZULU,15.0
2021,millions tonnes,,Pavlodar,KZPAV,53.1
2021,millions tonnes,,Soltustik Kazakhstan,KZSEV,22.5
2021,millions tonnes,,Shygys Kazakhstan,KZVOS,22.9
2021,millions tonnes,,Astana city,KZNS,53.6
2021,millions tonnes,,Almaty city,KZALA,25.8
2021,millions tonnes,,Shymkent city,KZSHY,18.4
2021,mln.people,Passengers transported by all means of transport,,,1289.9
2021,mln.people,Railway transport,,,16.1
2021,mln.people,Automobile,,,1199.1
2021,mln.people,Inland water еransport,,,0.1
2021,mln.people,nautical,,,0.08
2021,mln.people,Air,,,9.4
2021,mln.people,City electric transport,,,65.2
2021,mln.people,,Abai,KZABY,42.2
2021,mln.people,,Akmola,KZAKM,24.1
2021,mln.people,,Aktobe,KZAKT,38.0
2021,mln.people,,Almaty,KZALM,13.4
2021,mln.people,,Atyrau,KZATY,40.2
2021,mln.people,,Batys Kazakhstan,KZZAP,42.5
2021,mln.people,,Zhambyl,KZZHA,49.1
2021,mln.people,,Zhetisu,KZZHS,15.8
2021,mln.people,,Karagandy,KZKAR,126.5
2021,mln.people,,Kostanay,KZKUS,43.3
2021,mln.people,,Kyzylorda,KZKZY,16.5
2021,mln.people,,Mangistau,KZMAN,30.9
2021,mln.people,,Turkistan,KZYUZ,15.7
2021,mln.people,,Ulytau,KZULU,16.2
2021,mln.people,,Pavlodar,KZPAV,69.9
2021,mln.people,,Soltustik Kazakhstan,KZSEV,21.0
2021,mln.people,,Shygys Kazakhstan,KZVOS,69.0
2021,mln.people,,Astana city,KZNS,176.7
2021,mln.people,,Almaty city,KZALA,357.5
2021,mln.people,,Shymkent city,KZSHY,81.6
2021,millions tonnes,freight carried by road and urban electric transport,,,217.1
2021,millions tonnes,freight carried by road and urban electric transport,Abai,KZABY,55.3
2021,millions tonnes,freight carried by road and urban electric transport,Akmola,KZAKM,7.2
2021,millions tonnes,freight carried by road and urban electric transport,Aktobe,KZAKT,17.3
2021,millions tonnes,freight carried by road and urban electric transport,Almaty,KZALM,4.7
2021,millions tonnes,freight carried by road and urban electric transport,Atyrau,KZATY,3.2
2021,millions tonnes,freight carried by road and urban electric transport,Batys Kazakhstan,KZZAP,1.5
2021,millions tonnes,freight carried by road and urban electric transport,Zhambyl,KZZHA,1.2
2021,millions tonnes,freight carried by road and urban electric transport,Zhetisu,KZZHS,0.9
2021,millions tonnes,freight carried by road and urban electric transport,Karagandy,KZKAR,23.5
2021,millions tonnes,freight carried by road and urban electric transport,Kostanay,KZKUS,31.0
2021,millions tonnes,freight carried by road and urban electric transport,Kyzylorda,KZKZY,3.4
2021,millions tonnes,freight carried by road and urban electric transport,Mangistau,KZMAN,3.2
2021,millions tonnes,freight carried by road and urban electric transport,Turkistan,KZYUZ,1.3
2021,millions tonnes,freight carried by road and urban electric transport,Ulytau,KZULU,0.7
2021,millions tonnes,freight carried by road and urban electric transport,Pavlodar,KZPAV,23.7
2021,millions tonnes,freight carried by road and urban electric transport,Soltustik Kazakhstan,KZSEV,2.3
2021,millions tonnes,freight carried by road and urban electric transport,Shygys Kazakhstan,KZVOS,13.8
2021,millions tonnes,freight carried by road and urban electric transport,Astana city,KZNS,12.7
2021,millions tonnes,freight carried by road and urban electric transport,Almaty city,KZALA,7.3
2021,millions tonnes,freight carried by road and urban electric transport,Shymkent city,KZSHY,2.9
2021,mln.people,Passengers transported by all means of transport,,,1264.3
2021,mln.people,Passengers transported by all means of transport,Abai,KZABY,41.5
2021,mln.people,Passengers transported by all means of transport,Akmola,KZAKM,23.1
2021,mln.people,Passengers transported by all means of transport,Aktobe,KZAKT,36.4
2021,mln.people,Passengers transported by all means of transport,Almaty,KZALM,13.1
2021,mln.people,Passengers transported by all means of transport,Atyrau,KZATY,39.1
2021,mln.people,Passengers transported by all means of transport,Batys Kazakhstan,KZZAP,42.2
2021,mln.people,Passengers transported by all means of transport,Zhambyl,KZZHA,48.0
2021,mln.people,Passengers transported by all means of transport,Zhetisu,KZZHS,15.4
2021,mln.people,Passengers transported by all means of transport,Karagandy,KZKAR,125.4
2021,mln.people,Passengers transported by all means of transport,Kostanay,KZKUS,42.4
2021,mln.people,Passengers transported by all means of transport,Kyzylorda,KZKZY,14.9
2021,mln.people,Passengers transported by all means of transport,Mangistau,KZMAN,29.0
2021,mln.people,Passengers transported by all means of transport,Turkistan,KZYUZ,15.2
2021,mln.people,Passengers transported by all means of transport,Ulytau,KZULU,15.8
2021,mln.people,Passengers transported by all means of transport,Pavlodar,KZPAV,69.3
2021,mln.people,Passengers transported by all means of transport,Soltustik Kazakhstan,KZSEV,20.7
2021,mln.people,Passengers transported by all means of transport,Shygys Kazakhstan,KZVOS,68.6
2021,mln.people,Passengers transported by all means of transport,Astana city,KZNS,170.2
2021,mln.people,Passengers transported by all means of transport,Almaty city,KZALA,353.4
2021,mln.people,Passengers transported by all means of transport,Shymkent city,KZSHY,80.6
2021,tons,transported by air,,,33730.8
2021,tons,transported by air,Abai,KZABY,0.0
2021,tons,transported by air,Batys Kazakhstan,KZZAP,0.0
2021,tons,transported by air,Ulytau,KZULU,0.0
2021,tons,transported by air,Astana city,KZNS,2564.0
2021,tons,transported by air,Almaty city,KZALA,20824.0
2021,tons,transported by air,Shymkent city,KZSHY,10342.8
2021,thousand people,passengers transported by air,,,9442.0
2021,thousand people,passengers transported by air,Abai,KZABY,231.4
2021,thousand people,passengers transported by air,Akmola,KZAKM,1.9
2021,thousand people,passengers transported by air,Aktobe,KZAKT,286.1
2021,thousand people,passengers transported by air,Almaty,KZALM,5.9
2021,thousand people,passengers transported by air,Atyrau,KZATY,565.0
2021,thousand people,passengers transported by air,Karagandy,KZKAR,215.7
2021,thousand people,passengers transported by air,Kostanay,KZKUS,16.4
2021,thousand people,passengers transported by air,Kyzylorda,KZKZY,19.8
2021,thousand people,passengers transported by air,Batys Kazakhstan,KZZAP,146.8
2021,thousand people,passengers transported by air,Zhambyl,KZZHA,153.2
2021,thousand people,passengers transported by air,Zhetisu,KZZHS,170.2
2021,thousand people,passengers transported by air,Mangistau,KZMAN,638.9
2021,thousand people,passengers transported by air,Turkistan,KZYUZ,208.5
2021,thousand people,passengers transported by air,Ulytau,KZULU,22.5
2021,thousand people,passengers transported by air,Pavlodar,KZPAV,100.2
2021,thousand people,passengers transported by air,Soltustik Kazakhstan,KZSEV,3.9
2021,thousand people,passengers transported by air,Shygys Kazakhstan,KZVOS,44.3
2021,thousand people,passengers transported by air,Astana city,KZNS,2477.8
2021,thousand people,passengers transported by air,Almaty city,KZALA,3399.1
2021,thousand people,passengers transported by air,Shymkent city,KZSHY,714.4
2021,millions tonnes,performance indicators of pipeline transport,,,281.4
2021,millions tonnes,performance indicators of pipeline transport,Abai,KZABY,2.0
2021,millions tonnes,performance indicators of pipeline transport,Aktobe,KZAKT,13.9
2021,millions tonnes,performance indicators of pipeline transport,Almaty,KZALM,10.5
2021,millions tonnes,performance indicators of pipeline transport,Atyrau,KZATY,92.4
2021,millions tonnes,performance indicators of pipeline transport,Batys Kazakhstan,KZZAP,28.0
2021,millions tonnes,performance indicators of pipeline transport,Zhambyl,KZZHA,15.2
2021,millions tonnes,performance indicators of pipeline transport,Zhetisu,KZZHS,7.3
2021,millions tonnes,performance indicators of pipeline transport,Karagandy,KZKAR,20.3
2021,millions tonnes,performance indicators of pipeline transport,Kostanay,KZKUS,12.6
2021,millions tonnes,performance indicators of pipeline transport,Kyzylorda,KZKZY,9.9
2021,millions tonnes,performance indicators of pipeline transport,Mangistau,KZMAN,20.6
2021,millions tonnes,performance indicators of pipeline transport,Pavlodar,KZPAV,11.0
2021,millions tonnes,performance indicators of pipeline transport,Soltustik Kazakhstan,KZSEV,11.0
2021,millions tonnes,performance indicators of pipeline transport,Turkistan,KZYUZ,20.5
2021,millions tonnes,performance indicators of pipeline transport,Ulytau,KZULU,0.8
2021,millions tonnes,performance indicators of pipeline transport,Astana city,KZNS,0.0
2021,millions tonnes,performance indicators of pipeline transport,Almaty city,KZALA,0.0
2021,millions tonnes,performance indicators of pipeline transport,Shymkent city,KZSHY,5.2
2021,millions tonnes,freight carried by sea transport,,,0.8
2021,millions tonnes,freight carried by sea transport,Mangistau,KZMAN,0.8
2021,millions tonnes,passengers carried by sea transport,,,0.1
2021,millions tonnes,passengers carried by sea transport,Mangistau,KZMAN,0.1
2022,millions tonnes,Cargo transported by all means of transport,,,927.2
2022,millions tonnes,Pipeline,,,266.7
2022,millions tonnes,Railway,,,395.5
2022,millions tonnes,Automobile,,,263.2
2022,millions tonnes,Air,,,0.02
2022,millions tonnes,Inland water еransport,,,0.6
2022,millions tonnes,nautical,,,1.2
2022,millions tonnes,,Abai,KZABY,76.8
2022,millions tonnes,,Akmola,KZAKM,49.5
2022,millions tonnes,,Aktobe,KZAKT,82.0
2022,millions tonnes,,Almaty,KZALM,21.9
2022,millions tonnes,,Atyrau,KZATY,101.8
2022,millions tonnes,,Batys Kazakhstan,KZZAP,31.0
2022,millions tonnes,,Zhambyl,KZZHA,44.5
2022,millions tonnes,,Zhetisu,KZZHS,16.2
2022,millions tonnes,,Karagandy,KZKAR,89.4
2022,millions tonnes,,Kostanay,KZKUS,67.0
2022,millions tonnes,,Kyzylorda,KZKZY,36.1
2022,millions tonnes,,Mangistau,KZMAN,43.6
2022,millions tonnes,,Turkistan,KZYUZ,28.4
2022,millions tonnes,,Ulytau,KZULU,23.8
2022,millions tonnes,,Pavlodar,KZPAV,70.7
2022,millions tonnes,,Soltustik Kazakhstan,KZSEV,23.2
2022,millions tonnes,,Shygys Kazakhstan,KZVOS,24.8
2022,millions tonnes,,Astana city,KZNS,47.9
2022,millions tonnes,,Almaty city,KZALA,27.2
2022,millions tonnes,,Shymkent city,KZSHY,21.3
2022,mln.people,Passengers transported by all means of transport,,,1486.1
2022,mln.people,Railway transport,,,20.1
2022,mln.people,Automobile,,,1374.0
2022,mln.people,Inland water еransport,,,0.1
2022,mln.people,nautical,,,0.09
2022,mln.people,Air,,,11.5
2022,mln.people,City electric transport,,,80.3
2022,mln.people,,Abai,KZABY,43.8
2022,mln.people,,Akmola,KZAKM,27.9
2022,mln.people,,Aktobe,KZAKT,60.9
2022,mln.people,,Almaty,KZALM,13.1
2022,mln.people,,Atyrau,KZATY,50.6
2022,mln.people,,Batys Kazakhstan,KZZAP,55.2
2022,mln.people,,Zhambyl,KZZHA,57.6
2022,mln.people,,Zhetisu,KZZHS,17.3
2022,mln.people,,Karagandy,KZKAR,127.7
2022,mln.people,,Kostanay,KZKUS,45.0
2022,mln.people,,Kyzylorda,KZKZY,16.7
2022,mln.people,,Mangistau,KZMAN,36.6
2022,mln.people,,Turkistan,KZYUZ,17.4
2022,mln.people,,Ulytau,KZULU,11.4
2022,mln.people,,Pavlodar,KZPAV,69.2
2022,mln.people,,Soltustik Kazakhstan,KZSEV,36.5
2022,mln.people,,Shygys Kazakhstan,KZVOS,89.3
2022,mln.people,,Astana city,KZNS,212.6
2022,mln.people,,Almaty city,KZALA,407.5
2022,mln.people,,Shymkent city,KZSHY,89.9
2022,millions tonnes,freight carried by road and urban electric transport,,,263.2
2022,millions tonnes,freight carried by road and urban electric transport,Abai,KZABY,59.6
2022,millions tonnes,freight carried by road and urban electric transport,Akmola,KZAKM,19.2
2022,millions tonnes,freight carried by road and urban electric transport,Aktobe,KZAKT,28.4
2022,millions tonnes,freight carried by road and urban electric transport,Almaty,KZALM,3.9
2022,millions tonnes,freight carried by road and urban electric transport,Atyrau,KZATY,2.5
2022,millions tonnes,freight carried by road and urban electric transport,Batys Kazakhstan,KZZAP,1.8
2022,millions tonnes,freight carried by road and urban electric transport,Zhambyl,KZZHA,0.7
2022,millions tonnes,freight carried by road and urban electric transport,Zhetisu,KZZHS,1.1
2022,millions tonnes,freight carried by road and urban electric transport,Karagandy,KZKAR,45.4
2022,millions tonnes,freight carried by road and urban electric transport,Kostanay,KZKUS,27.5
2022,millions tonnes,freight carried by road and urban electric transport,Kyzylorda,KZKZY,3.5
2022,millions tonnes,freight carried by road and urban electric transport,Mangistau,KZMAN,2.6
2022,millions tonnes,freight carried by road and urban electric transport,Turkistan,KZYUZ,1.3
2022,millions tonnes,freight carried by road and urban electric transport,Ulytau,KZULU,0.9
2022,millions tonnes,freight carried by road and urban electric transport,Pavlodar,KZPAV,20.5
2022,millions tonnes,freight carried by road and urban electric transport,Soltustik Kazakhstan,KZSEV,2.8
2022,millions tonnes,freight carried by road and urban electric transport,Shygys Kazakhstan,KZVOS,16.6
2022,millions tonnes,freight carried by road and urban electric transport,Astana city,KZNS,11.5
2022,millions tonnes,freight carried by road and urban electric transport,Almaty city,KZALA,10.8
2022,millions tonnes,freight carried by road and urban electric transport,Shymkent city,KZSHY,2.5
2022,mln.people,Passengers transported by all means of transport,,,1454.3
2022,mln.people,Passengers transported by all means of transport,Abai,KZABY,43.1
2022,mln.people,Passengers transported by all means of transport,Akmola,KZAKM,26.7
2022,mln.people,Passengers transported by all means of transport,Aktobe,KZAKT,58.5
2022,mln.people,Passengers transported by all means of transport,Almaty,KZALM,12.9
2022,mln.people,Passengers transported by all means of transport,Atyrau,KZATY,48.8
2022,mln.people,Passengers transported by all means of transport,Batys Kazakhstan,KZZAP,54.8
2022,mln.people,Passengers transported by all means of transport,Zhambyl,KZZHA,56.5
2022,mln.people,Passengers transported by all means of transport,Zhetisu,KZZHS,16.9
2022,mln.people,Passengers transported by all means of transport,Karagandy,KZKAR,126.2
2022,mln.people,Passengers transported by all means of transport,Kostanay,KZKUS,43.9
2022,mln.people,Passengers transported by all means of transport,Kyzylorda,KZKZY,15.0
2022,mln.people,Passengers transported by all means of transport,Mangistau,KZMAN,34.6
2022,mln.people,Passengers transported by all means of transport,Turkistan,KZYUZ,16.9
2022,mln.people,Passengers transported by all means of transport,Ulytau,KZULU,10.8
2022,mln.people,Passengers transported by all means of transport,Pavlodar,KZPAV,68.4
2022,mln.people,Passengers transported by all means of transport,Soltustik Kazakhstan,KZSEV,36.1
2022,mln.people,Passengers transported by all means of transport,Shygys Kazakhstan,KZVOS,88.7
2022,mln.people,Passengers transported by all means of transport,Astana city,KZNS,204.0
2022,mln.people,Passengers transported by all means of transport,Almaty city,KZALA,402.8
2022,mln.people,Passengers transported by all means of transport,Shymkent city,KZSHY,88.7
2022,tons,transported by air,,,22467.4
2022,tons,transported by air,Abai,KZABY,0.0
2022,tons,transported by air,Batys Kazakhstan,KZZAP,0.0
2022,tons,transported by air,Ulytau,KZULU,0.0
2022,tons,transported by air,Astana city,KZNS,3501.0
2022,tons,transported by air,Almaty city,KZALA,14674.2
2022,tons,transported by air,Shymkent city,KZSHY,6292.2
2022,thousand people,passengers transported by air,,,11493.6
2022,thousand people,passengers transported by air,Abai,KZABY,111.8
2022,thousand people,passengers transported by air,Akmola,KZAKM,13.8
2022,thousand people,passengers transported by air,Aktobe,KZAKT,452.8
2022,thousand people,passengers transported by air,Almaty,KZALM,0.0
2022,thousand people,passengers transported by air,Atyrau,KZATY,1017.6
2022,thousand people,passengers transported by air,Karagandy,KZKAR,173.8
2022,thousand people,passengers transported by air,Kostanay,KZKUS,39.7
2022,thousand people,passengers transported by air,Kyzylorda,KZKZY,39.1
2022,thousand people,passengers transported by air,Batys Kazakhstan,KZZAP,116.3
2022,thousand people,passengers transported by air,Zhambyl,KZZHA,140.4
2022,thousand people,passengers transported by air,Zhetisu,KZZHS,138.7
2022,thousand people,passengers transported by air,Mangistau,KZMAN,675.1
2022,thousand people,passengers transported by air,Turkistan,KZYUZ,213.1
2022,thousand people,passengers transported by air,Ulytau,KZULU,76.5
2022,thousand people,passengers transported by air,Pavlodar,KZPAV,70.8
2022,thousand people,passengers transported by air,Soltustik Kazakhstan,KZSEV,34.9
2022,thousand people,passengers transported by air,Shygys Kazakhstan,KZVOS,217.2
2022,thousand people,passengers transported by air,Astana city,KZNS,3182.9
2022,thousand people,passengers transported by air,Almaty city,KZALA,3858.8
2022,thousand people,passengers transported by air,Shymkent city,KZSHY,920.5
2022,millions tonnes,performance indicators of pipeline transport,,,266.7
2022,millions tonnes,performance indicators of pipeline transport,Abai,KZABY,2.2
2022,millions tonnes,performance indicators of pipeline transport,Aktobe,KZAKT,14.3
2022,millions tonnes,performance indicators of pipeline transport,Almaty,KZALM,12.5
2022,millions tonnes,performance indicators of pipeline transport,Atyrau,KZATY,80.4
2022,millions tonnes,performance indicators of pipeline transport,Batys Kazakhstan,KZZAP,23.6
2022,millions tonnes,performance indicators of pipeline transport,Zhambyl,KZZHA,15.4
2022,millions tonnes,performance indicators of pipeline transport,Zhetisu,KZZHS,5.6
2022,millions tonnes,performance indicators of pipeline transport,Karagandy,KZKAR,10.0
2022,millions tonnes,performance indicators of pipeline transport,Kostanay,KZKUS,11.3
2022,millions tonnes,performance indicators of pipeline transport,Kyzylorda,KZKZY,10.0
2022,millions tonnes,performance indicators of pipeline transport,Mangistau,KZMAN,20.4
2022,millions tonnes,performance indicators of pipeline transport,Pavlodar,KZPAV,11.1
2022,millions tonnes,performance indicators of pipeline transport,Soltustik Kazakhstan,KZSEV,11.1
2022,millions tonnes,performance indicators of pipeline transport,Turkistan,KZYUZ,21.3
2022,millions tonnes,performance indicators of pipeline transport,Ulytau,KZULU,11.0
2022,millions tonnes,performance indicators of pipeline transport,Astana city,KZNS,0.2
2022,millions tonnes,performance indicators of pipeline transport,Almaty city,KZALA,0.0
2022,millions tonnes,performance indicators of pipeline transport,Shymkent city,KZSHY,6.3
2022,millions tonnes,freight carried by sea transport,,,1.2
2022,millions tonnes,freight carried by sea transport,Mangistau,KZMAN,1.2
2022,millions tonnes,passengers carried by sea transport,,,0.1
2022,millions tonnes,passengers carried by sea transport,Mangistau,KZMAN,0.1
2023,millions tonnes,Cargo transported by all means of transport,,,999.2
2023,millions tonnes,Pipeline,,,282.9
2023,millions tonnes,Railway,,,414.9
2023,millions tonnes,Automobile,,,299.9
2023,millions tonnes,Air,,,0.02
2023,millions tonnes,Inland water еransport,,,0.2
2023,millions tonnes,nautical,,,1.3
2023,millions tonnes,,Abai,KZABY,74.2
2023,millions tonnes,,Akmola,KZAKM,86.2
2023,millions tonnes,,Aktobe,KZAKT,92.1
2023,millions tonnes,,Almaty,KZALM,19.4
2023,millions tonnes,,Atyrau,KZATY,110.8
2023,millions tonnes,,Batys Kazakhstan,KZZAP,30.5
2023,millions tonnes,,Zhambyl,KZZHA,48.8
2023,millions tonnes,,Zhetisu,KZZHS,11.8
2023,millions tonnes,,Karagandy,KZKAR,85.7
2023,millions tonnes,,Kostanay,KZKUS,43.0
2023,millions tonnes,,Kyzylorda,KZKZY,37.9
2023,millions tonnes,,Mangistau,KZMAN,44.1
2023,millions tonnes,,Turkistan,KZYUZ,26.3
2023,millions tonnes,,Ulytau,KZULU,39.5
2023,millions tonnes,,Pavlodar,KZPAV,84.0
2023,millions tonnes,,Soltustik Kazakhstan,KZSEV,22.8
2023,millions tonnes,,Shygys Kazakhstan,KZVOS,20.3
2023,millions tonnes,,Astana city,KZNS,63.1
2023,millions tonnes,,Almaty city,KZALA,29.7
2023,millions tonnes,,Shymkent city,KZSHY,29.0
2023,mln.people,Passengers transported by all means of transport,,,1607.3
2023,mln.people,Railway transport,,,20.5
2023,mln.people,Automobile,,,1489.4
2023,mln.people,Inland water еransport,,,0.1
2023,mln.people,nautical,,,0.04
2023,mln.people,Air,,,13.3
2023,mln.people,City electric transport,,,83.9
2023,mln.people,,Abai,KZABY,57.5
2023,mln.people,,Akmola,KZAKM,29.1
2023,mln.people,,Aktobe,KZAKT,63.9
2023,mln.people,,Almaty,KZALM,16.5
2023,mln.people,,Atyrau,KZATY,52.3
2023,mln.people,,Batys Kazakhstan,KZZAP,64.5
2023,mln.people,,Zhambyl,KZZHA,61.1
2023,mln.people,,Zhetisu,KZZHS,22.3
2023,mln.people,,Karagandy,KZKAR,117.4
2023,mln.people,,Kostanay,KZKUS,49.7
2023,mln.people,,Kyzylorda,KZKZY,24.7
2023,mln.people,,Mangistau,KZMAN,34.7
2023,mln.people,,Turkistan,KZYUZ,19.2
2023,mln.people,,Ulytau,KZULU,15.6
2023,mln.people,,Pavlodar,KZPAV,66.6
2023,mln.people,,Soltustik Kazakhstan,KZSEV,32.2
2023,mln.people,,Shygys Kazakhstan,KZVOS,88.7
2023,mln.people,,Astana city,KZNS,237.5
2023,mln.people,,Almaty city,KZALA,451.3
2023,mln.people,,Shymkent city,KZSHY,102.6
2023,millions tonnes,freight carried by road and urban electric transport,,,299.9
2023,millions tonnes,freight carried by road and urban electric transport,Abai,KZABY,58.3
2023,millions tonnes,freight carried by road and urban electric transport,Akmola,KZAKM,55.9
2023,millions tonnes,freight carried by road and urban electric transport,Aktobe,KZAKT,39.9
2023,millions tonnes,freight carried by road and urban electric transport,Almaty,KZALM,3.6
2023,millions tonnes,freight carried by road and urban electric transport,Atyrau,KZATY,4.3
2023,millions tonnes,freight carried by road and urban electric transport,Batys Kazakhstan,KZZAP,2.4
2023,millions tonnes,freight carried by road and urban electric transport,Zhambyl,KZZHA,0.8
2023,millions tonnes,freight carried by road and urban electric transport,Zhetisu,KZZHS,1.1
2023,millions tonnes,freight carried by road and urban electric transport,Karagandy,KZKAR,40.0
2023,millions tonnes,freight carried by road and urban electric transport,Kostanay,KZKUS,5.7
2023,millions tonnes,freight carried by road and urban electric transport,Kyzylorda,KZKZY,3.4
2023,millions tonnes,freight carried by road and urban electric transport,Mangistau,KZMAN,2.8
2023,millions tonnes,freight carried by road and urban electric transport,Turkistan,KZYUZ,1.8
2023,millions tonnes,freight carried by road and urban electric transport,Ulytau,KZULU,12.5
2023,millions tonnes,freight carried by road and urban electric transport,Pavlodar,KZPAV,25.7
2023,millions tonnes,freight carried by road and urban electric transport,Soltustik Kazakhstan,KZSEV,4.0
2023,millions tonnes,freight carried by road and urban electric transport,Shygys Kazakhstan,KZVOS,12.7
2023,millions tonnes,freight carried by road and urban electric transport,Astana city,KZNS,14.2
2023,millions tonnes,freight carried by road and urban electric transport,Almaty city,KZALA,7.6
2023,millions tonnes,freight carried by road and urban electric transport,Shymkent city,KZSHY,3.0
2023,mln.people,Passengers transported by all means of transport,,,1573.3
2023,mln.people,Passengers transported by all means of transport,Abai,KZABY,56.9
2023,mln.people,Passengers transported by all means of transport,Akmola,KZAKM,28.0
2023,mln.people,Passengers transported by all means of transport,Aktobe,KZAKT,61.7
2023,mln.people,Passengers transported by all means of transport,Almaty,KZALM,16.4
2023,mln.people,Passengers transported by all means of transport,Atyrau,KZATY,50.8
2023,mln.people,Passengers transported by all means of transport,Batys Kazakhstan,KZZAP,64.1
2023,mln.people,Passengers transported by all means of transport,Zhambyl,KZZHA,59.8
2023,mln.people,Passengers transported by all means of transport,Zhetisu,KZZHS,22.0
2023,mln.people,Passengers transported by all means of transport,Karagandy,KZKAR,116.1
2023,mln.people,Passengers transported by all means of transport,Kostanay,KZKUS,48.6
2023,mln.people,Passengers transported by all means of transport,Kyzylorda,KZKZY,22.9
2023,mln.people,Passengers transported by all means of transport,Mangistau,KZMAN,32.5
2023,mln.people,Passengers transported by all means of transport,Turkistan,KZYUZ,18.9
2023,mln.people,Passengers transported by all means of transport,Ulytau,KZULU,15.2
2023,mln.people,Passengers transported by all means of transport,Pavlodar,KZPAV,65.8
2023,mln.people,Passengers transported by all means of transport,Soltustik Kazakhstan,KZSEV,31.9
2023,mln.people,Passengers transported by all means of transport,Shygys Kazakhstan,KZVOS,88.1
2023,mln.people,Passengers transported by all means of transport,Astana city,KZNS,227.6
2023,mln.people,Passengers transported by all means of transport,Almaty city,KZALA,445.0
2023,mln.people,Passengers transported by all means of transport,Shymkent city,KZSHY,101.1
2023,tons,transported by air,,,23800.0
2023,tons,transported by air,Abai,KZABY,0.0
2023,tons,transported by air,Batys Kazakhstan,KZZAP,0.0
2023,tons,transported by air,Ulytau,KZULU,0.0
2023,tons,transported by air,Astana city,KZNS,0.0
2023,tons,transported by air,Almaty city,KZALA,1400.0
2023,tons,transported by air,Shymkent city,KZSHY,0.0
2023,thousand people,passengers transported by air,,,13307.6
2023,thousand people,passengers transported by air,Abai,KZABY,114.2
2023,thousand people,passengers transported by air,Akmola,KZAKM,22.7
2023,thousand people,passengers transported by air,Aktobe,KZAKT,446.0
2023,thousand people,passengers transported by air,Almaty,KZALM,0.0
2023,thousand people,passengers transported by air,Atyrau,KZATY,723.2
2023,thousand people,passengers transported by air,Karagandy,KZKAR,200.2
2023,thousand people,passengers transported by air,Kostanay,KZKUS,0.0
2023,thousand people,passengers transported by air,Kyzylorda,KZKZY,34.2
2023,thousand people,passengers transported by air,Batys Kazakhstan,KZZAP,96.2
2023,thousand people,passengers transported by air,Zhambyl,KZZHA,138.8
2023,thousand people,passengers transported by air,Zhetisu,KZZHS,152.5
2023,thousand people,passengers transported by air,Mangistau,KZMAN,942.6
2023,thousand people,passengers transported by air,Turkistan,KZYUZ,180.3
2023,thousand people,passengers transported by air,Ulytau,KZULU,46.2
2023,thousand people,passengers transported by air,Pavlodar,KZPAV,104.7
2023,thousand people,passengers transported by air,Soltustik Kazakhstan,KZSEV,55.9
2023,thousand people,passengers transported by air,Shygys Kazakhstan,KZVOS,250.9
2023,thousand people,passengers transported by air,Astana city,KZNS,3731.4
2023,thousand people,passengers transported by air,Almaty city,KZALA,4905.0
2023,thousand people,passengers transported by air,Shymkent city,KZSHY,1062.4
2023,millions tonnes,performance indicators of pipeline transport,,,282.9
2023,millions tonnes,performance indicators of pipeline transport,Abai,KZABY,2.2
2023,millions tonnes,performance indicators of pipeline transport,Aktobe,KZAKT,16.0
2023,millions tonnes,performance indicators of pipeline transport,Almaty,KZALM,12.1
2023,millions tonnes,performance indicators of pipeline transport,Atyrau,KZATY,85.7
2023,millions tonnes,performance indicators of pipeline transport,Batys Kazakhstan,KZZAP,23.2
2023,millions tonnes,performance indicators of pipeline transport,Zhambyl,KZZHA,15.6
2023,millions tonnes,performance indicators of pipeline transport,Zhetisu,KZZHS,5.5
2023,millions tonnes,performance indicators of pipeline transport,Karagandy,KZKAR,10.3
2023,millions tonnes,performance indicators of pipeline transport,Kostanay,KZKUS,10.3
2023,millions tonnes,performance indicators of pipeline transport,Kyzylorda,KZKZY,11.3
2023,millions tonnes,performance indicators of pipeline transport,Mangistau,KZMAN,22.7
2023,millions tonnes,performance indicators of pipeline transport,Pavlodar,KZPAV,11.3
2023,millions tonnes,performance indicators of pipeline transport,Soltustik Kazakhstan,KZSEV,11.3
2023,millions tonnes,performance indicators of pipeline transport,Turkistan,KZYUZ,21.3
2023,millions tonnes,performance indicators of pipeline transport,Ulytau,KZULU,18.0
2023,millions tonnes,performance indicators of pipeline transport,Astana city,KZNS,0.3
2023,millions tonnes,performance indicators of pipeline transport,Almaty city,KZALA,0.0
2023,millions tonnes,performance indicators of pipeline transport,Shymkent city,KZSHY,5.9
2023,millions tonnes,freight carried by sea transport,,,1.3
2023,millions tonnes,freight carried by sea transport,Mangistau,KZMAN,1.3
2023,millions tonnes,passengers carried by sea transport,,,0.0
2023,millions tonnes,passengers carried by sea transport,Mangistau,KZMAN,0.0
2024,millions tonnes,Cargo transported by all means of transport,,,1090.0
2024,millions tonnes,Pipeline,,,299.8
2024,millions tonnes,Railway,,,438.7
2024,millions tonnes,Automobile,,,347.1
2024,millions tonnes,Air,,,0.0
2024,millions tonnes,Inland water еransport,,,0.3
2024,millions tonnes,nautical,,,4.0
2024,millions tonnes,,Abai,KZABY,98.7
2024,millions tonnes,,Akmola,KZAKM,100.6
2024,millions tonnes,,Aktobe,KZAKT,91.0
2024,millions tonnes,,Almaty,KZALM,22.1
2024,millions tonnes,,Atyrau,KZATY,112.7
2024,millions tonnes,,Batys Kazakhstan,KZZAP,34.8
2024,millions tonnes,,Zhambyl,KZZHA,42.4
2024,millions tonnes,,Zhetisu,KZZHS,20.6
2024,millions tonnes,,Karagandy,KZKAR,87.8
2024,millions tonnes,,Kostanay,KZKUS,46.7
2024,millions tonnes,,Kyzylorda,KZKZY,39.8
2024,millions tonnes,,Mangistau,KZMAN,57.1
2024,millions tonnes,,Turkistan,KZYUZ,34.2
2024,millions tonnes,,Ulytau,KZULU,29.7
2024,millions tonnes,,Pavlodar,KZPAV,114.2
2024,millions tonnes,,Soltustik Kazakhstan,KZSEV,22.8
2024,millions tonnes,,Shygys Kazakhstan,KZVOS,21.6
2024,millions tonnes,,Astana city,KZNS,68.4
2024,millions tonnes,,Almaty city,KZALA,21.0
2024,millions tonnes,,Shymkent city,KZSHY,23.6
2024,mln.people,Passengers transported by all means of transport,,,1773.9
2024,mln.people,Railway transport,,,20.7
2024,mln.people,Automobile,,,1658.0
2024,mln.people,Inland water еransport,,,0.2
2024,mln.people,nautical,,,0.1
2024,mln.people,Air,,,14.4
2024,mln.people,City electric transport,,,80.4
2024,mln.people,,Abai,KZABY,63.7
2024,mln.people,,Akmola,KZAKM,30.7
2024,mln.people,,Aktobe,KZAKT,70.4
2024,mln.people,,Almaty,KZALM,29.2
2024,mln.people,,Atyrau,KZATY,49.4
2024,mln.people,,Batys Kazakhstan,KZZAP,68.9
2024,mln.people,,Zhambyl,KZZHA,93.4
2024,mln.people,,Zhetisu,KZZHS,24.5
2024,mln.people,,Karagandy,KZKAR,121.4
2024,mln.people,,Kostanay,KZKUS,54.5
2024,mln.people,,Kyzylorda,KZKZY,36.5
2024,mln.people,,Mangistau,KZMAN,56.6
2024,mln.people,,Turkistan,KZYUZ,22.0
2024,mln.people,,Ulytau,KZULU,18.4
2024,mln.people,,Pavlodar,KZPAV,73.4
2024,mln.people,,Soltustik Kazakhstan,KZSEV,30.9
2024,mln.people,,Shygys Kazakhstan,KZVOS,83.5
2024,mln.people,,Astana city,KZNS,297.8
2024,mln.people,,Almaty city,KZALA,466.3
2024,mln.people,,Shymkent city,KZSHY,82.3
2024,millions tonnes,freight carried by road and urban electric transport,,,347.1
2024,millions tonnes,freight carried by road and urban electric transport,Abai,KZABY,78.2
2024,millions tonnes,freight carried by road and urban electric transport,Akmola,KZAKM,73.0
2024,millions tonnes,freight carried by road and urban electric transport,Aktobe,KZAKT,35.4
2024,millions tonnes,freight carried by road and urban electric transport,Almaty,KZALM,5.3
2024,millions tonnes,freight carried by road and urban electric transport,Atyrau,KZATY,1.3
2024,millions tonnes,freight carried by road and urban electric transport,Batys Kazakhstan,KZZAP,2.6
2024,millions tonnes,freight carried by road and urban electric transport,Zhambyl,KZZHA,1.2
2024,millions tonnes,freight carried by road and urban electric transport,Zhetisu,KZZHS,3.6
2024,millions tonnes,freight carried by road and urban electric transport,Karagandy,KZKAR,34.5
2024,millions tonnes,freight carried by road and urban electric transport,Kostanay,KZKUS,7.2
2024,millions tonnes,freight carried by road and urban electric transport,Kyzylorda,KZKZY,4.3
2024,millions tonnes,freight carried by road and urban electric transport,Mangistau,KZMAN,3.9
2024,millions tonnes,freight carried by road and urban electric transport,Turkistan,KZYUZ,1.9
2024,millions tonnes,freight carried by road and urban electric transport,Ulytau,KZULU,2.9
2024,millions tonnes,freight carried by road and urban electric transport,Pavlodar,KZPAV,48.0
2024,millions tonnes,freight carried by road and urban electric transport,Soltustik Kazakhstan,KZSEV,3.7
2024,millions tonnes,freight carried by road and urban electric transport,Shygys Kazakhstan,KZVOS,15.6
2024,millions tonnes,freight carried by road and urban electric transport,Astana city,KZNS,12.6
2024,millions tonnes,freight carried by road and urban electric transport,Almaty city,KZALA,7.9
2024,millions tonnes,freight carried by road and urban electric transport,Shymkent city,KZSHY,4.0
2024,mln.people,Passengers transported by all means of transport,,,1738.4
2024,mln.people,Passengers transported by all means of transport,Abai,KZABY,62.9
2024,mln.people,Passengers transported by all means of transport,Akmola,KZAKM,29.7
2024,mln.people,Passengers transported by all means of transport,Aktobe,KZAKT,68.1
2024,mln.people,Passengers transported by all means of transport,Almaty,KZALM,29.0
2024,mln.people,Passengers transported by all means of transport,Atyrau,KZATY,47.9
2024,mln.people,Passengers transported by all means of transport,Batys Kazakhstan,KZZAP,68.4
2024,mln.people,Passengers transported by all means of transport,Zhambyl,KZZHA,92.4
2024,mln.people,Passengers transported by all means of transport,Zhetisu,KZZHS,24.0
2024,mln.people,Passengers transported by all means of transport,Karagandy,KZKAR,119.8
2024,mln.people,Passengers transported by all means of transport,Kostanay,KZKUS,53.5
2024,mln.people,Passengers transported by all means of transport,Kyzylorda,KZKZY,35.0
2024,mln.people,Passengers transported by all means of transport,Mangistau,KZMAN,54.5
2024,mln.people,Passengers transported by all means of transport,Turkistan,KZYUZ,21.5
2024,mln.people,Passengers transported by all means of transport,Ulytau,KZULU,17.5
2024,mln.people,Passengers transported by all means of transport,Pavlodar,KZPAV,72.6
2024,mln.people,Passengers transported by all means of transport,Soltustik Kazakhstan,KZSEV,30.6
2024,mln.people,Passengers transported by all means of transport,Shygys Kazakhstan,KZVOS,82.8
2024,mln.people,Passengers transported by all means of transport,Astana city,KZNS,287.4
2024,mln.people,Passengers transported by all means of transport,Almaty city,KZALA,460.0
2024,mln.people,Passengers transported by all means of transport,Shymkent city,KZSHY,80.9
2024,tons,transported by air,,,27734.3
2024,tons,transported by air,Abai,KZABY,0.0
2024,tons,transported by air,Batys Kazakhstan,KZZAP,0.0
2024,tons,transported by air,Ulytau,KZULU,0.0
2024,tons,transported by air,Astana city,KZNS,3500.0
2024,tons,transported by air,Almaty city,KZALA,16782.8
2024,tons,transported by air,Shymkent city,KZSHY,7500.0
2024,thousand people,passengers transported by air,,,14449.7
2024,thousand people,passengers transported by air,Abai,KZABY,138.2
2024,thousand people,passengers transported by air,Akmola,KZAKM,25.1
2024,thousand people,passengers transported by air,Aktobe,KZAKT,480.9
2024,thousand people,passengers transported by air,Almaty,KZALM,0.0
2024,thousand people,passengers transported by air,Atyrau,KZATY,710.0
2024,thousand people,passengers transported by air,Karagandy,KZKAR,252.7
2024,thousand people,passengers transported by air,Kostanay,KZKUS,96.8
2024,thousand people,passengers transported by air,Kyzylorda,KZKZY,28.2
2024,thousand people,passengers transported by air,Batys Kazakhstan,KZZAP,134.6
2024,thousand people,passengers transported by air,Zhambyl,KZZHA,170.2
2024,thousand people,passengers transported by air,Zhetisu,KZZHS,176.1
2024,thousand people,passengers transported by air,Mangistau,KZMAN,924.0
2024,thousand people,passengers transported by air,Turkistan,KZYUZ,107.2
2024,thousand people,passengers transported by air,Ulytau,KZULU,59.9
2024,thousand people,passengers transported by air,Pavlodar,KZPAV,94.8
2024,thousand people,passengers transported by air,Soltustik Kazakhstan,KZSEV,60.2
2024,thousand people,passengers transported by air,Shygys Kazakhstan,KZVOS,332.9
2024,thousand people,passengers transported by air,Astana city,KZNS,3954.3
2024,thousand people,passengers transported by air,Almaty city,KZALA,5453.2
2024,thousand people,passengers transported by air,Shymkent city,KZSHY,1250.5
2024,millions tonnes,performance indicators of pipeline transport,,,299.8
2024,millions tonnes,performance indicators of pipeline transport,Abai,KZABY,2.2
2024,millions tonnes,performance indicators of pipeline transport,Aktobe,KZAKT,16.3
2024,millions tonnes,performance indicators of pipeline transport,Almaty,KZALM,12.5
2024,millions tonnes,performance indicators of pipeline transport,Atyrau,KZATY,89.3
2024,millions tonnes,performance indicators of pipeline transport,Batys Kazakhstan,KZZAP,27.2
2024,millions tonnes,performance indicators of pipeline transport,Zhambyl,KZZHA,15.7
2024,millions tonnes,performance indicators of pipeline transport,Zhetisu,KZZHS,5.6
2024,millions tonnes,performance indicators of pipeline transport,Karagandy,KZKAR,10.8
2024,millions tonnes,performance indicators of pipeline transport,Kostanay,KZKUS,11.7
2024,millions tonnes,performance indicators of pipeline transport,Kyzylorda,KZKZY,11.7
2024,millions tonnes,performance indicators of pipeline transport,Mangistau,KZMAN,27.0
2024,millions tonnes,performance indicators of pipeline transport,Pavlodar,KZPAV,11.8
2024,millions tonnes,performance indicators of pipeline transport,Soltustik Kazakhstan,KZSEV,11.8
2024,millions tonnes,performance indicators of pipeline transport,Turkistan,KZYUZ,21.6
2024,millions tonnes,performance indicators of pipeline transport,Ulytau,KZULU,18.1
2024,millions tonnes,performance indicators of pipeline transport,Astana city,KZNS,0.5
2024,millions tonnes,performance indicators of pipeline transport,Almaty city,KZALA,0.0
2024,millions tonnes,performance indicators of pipeline transport,Shymkent city,KZSHY,6.0
2024,millions tonnes,freight carried by sea transport,,,4.0
2024,millions tonnes,freight carried by sea transport,Mangistau,KZMAN,4.0
2024,millions tonnes,passengers carried by sea transport,,,0.1
2024,millions tonnes,passengers carried by sea transport,Mangistau,KZMAN,0.1
2025,millions tonnes,Cargo transported by all means of transport,,,964.7
2025,millions tonnes,Pipeline,,,257.6
2025,millions tonnes,Railway,,,339.7
2025,millions tonnes,Automobile,,,362.9
2025,millions tonnes,Air,,,0.0
2025,millions tonnes,Inland water еransport,,,0.2
2025,millions tonnes,nautical,,,4.3
2025,millions tonnes,,Abai,KZABY,100.9
2025,millions tonnes,,Akmola,KZAKM,106.1
2025,millions tonnes,,Aktobe,KZAKT,81.5
2025,millions tonnes,,Almaty,KZALM,13.6
2025,millions tonnes,,Atyrau,KZATY,132.3
2025,millions tonnes,,Batys Kazakhstan,KZZAP,36.7
2025,millions tonnes,,Zhambyl,KZZHA,24.0
2025,millions tonnes,,Zhetisu,KZZHS,24.6
2025,millions tonnes,,Karagandy,KZKAR,108.9
2025,millions tonnes,,Kostanay,KZKUS,45.5
2025,millions tonnes,,Kyzylorda,KZKZY,36.4
2025,millions tonnes,,Mangistau,KZMAN,63.8
2025,millions tonnes,,Turkistan,KZYUZ,66.3
2025,millions tonnes,,Ulytau,KZULU,23.8
2025,millions tonnes,,Pavlodar,KZPAV,21.4
2025,millions tonnes,,Soltustik Kazakhstan,KZSEV,44.9
2025,millions tonnes,,Shygys Kazakhstan,KZVOS,20.7
2025,millions tonnes,,Astana city,KZNS,56.6
2025,millions tonnes,,Almaty city,KZALA,60.1
2025,millions tonnes,,Shymkent city,KZSHY,29.9
2025,mln.people,Passengers transported by all means of transport,,,1960.2
2025,mln.people,Railway transport,,,19.6
2025,mln.people,Automobile,,,1845.4
2025,mln.people,Inland water еransport,,,0.3
2025,mln.people,nautical,,,0.0
2025,mln.people,Air,,,15.4
2025,mln.people,City electric transport,,,79.5
2025,mln.people,,Abai,KZABY,56.0
2025,mln.people,,Akmola,KZAKM,35.7
2025,mln.people,,Aktobe,KZAKT,81.9
2025,mln.people,,Almaty,KZALM,49.5
2025,mln.people,,Atyrau,KZATY,56.2
2025,mln.people,,Batys Kazakhstan,KZZAP,62.6
2025,mln.people,,Zhambyl,KZZHA,114.1
2025,mln.people,,Zhetisu,KZZHS,30.1
2025,mln.people,,Karagandy,KZKAR,137.4
2025,mln.people,,Kostanay,KZKUS,52.8
2025,mln.people,,Kyzylorda,KZKZY,47.7
2025,mln.people,,Mangistau,KZMAN,63.0
2025,mln.people,,Turkistan,KZYUZ,29.2
2025,mln.people,,Ulytau,KZULU,19.4
2025,mln.people,,Pavlodar,KZPAV,82.9
2025,mln.people,,Soltustik Kazakhstan,KZSEV,33.4
2025,mln.people,,Shygys Kazakhstan,KZVOS,84.6
2025,mln.people,,Astana city,KZNS,328.6
2025,mln.people,,Almaty city,KZALA,479.7
2025,mln.people,,Shymkent city,KZSHY,115.2
2025,millions tonnes,freight carried by road and urban electric transport,,,362.9
2025,millions tonnes,freight carried by road and urban electric transport,Abai,KZABY,75.2
2025,millions tonnes,freight carried by road and urban electric transport,Akmola,KZAKM,84.7
2025,millions tonnes,freight carried by road and urban electric transport,Aktobe,KZAKT,34.4
2025,millions tonnes,freight carried by road and urban electric transport,Almaty,KZALM,7.3
2025,millions tonnes,freight carried by road and urban electric transport,Atyrau,KZATY,0.8
2025,millions tonnes,freight carried by road and urban electric transport,Batys Kazakhstan,KZZAP,3.2
2025,millions tonnes,freight carried by road and urban electric transport,Zhambyl,KZZHA,1.7
2025,millions tonnes,freight carried by road and urban electric transport,Zhetisu,KZZHS,4.0
2025,millions tonnes,freight carried by road and urban electric transport,Karagandy,KZKAR,52.2
2025,millions tonnes,freight carried by road and urban electric transport,Kostanay,KZKUS,9.0
2025,millions tonnes,freight carried by road and urban electric transport,Kyzylorda,KZKZY,6.7
2025,millions tonnes,freight carried by road and urban electric transport,Mangistau,KZMAN,3.6
2025,millions tonnes,freight carried by road and urban electric transport,Turkistan,KZYUZ,3.0
2025,millions tonnes,freight carried by road and urban electric transport,Ulytau,KZULU,1.0
2025,millions tonnes,freight carried by road and urban electric transport,Pavlodar,KZPAV,21.2
2025,millions tonnes,freight carried by road and urban electric transport,Soltustik Kazakhstan,KZSEV,6.6
2025,millions tonnes,freight carried by road and urban electric transport,Shygys Kazakhstan,KZVOS,16.0
2025,millions tonnes,freight carried by road and urban electric transport,Astana city,KZNS,13.6
2025,millions tonnes,freight carried by road and urban electric transport,Almaty city,KZALA,14.9
2025,millions tonnes,freight carried by road and urban electric transport,Shymkent city,KZSHY,3.9
2025,mln.people,Passengers transported by all means of transport,,,1924.9
2025,mln.people,Passengers transported by all means of transport,Abai,KZABY,54.8
2025,mln.people,Passengers transported by all means of transport,Akmola,KZAKM,34.5
2025,mln.people,Passengers transported by all means of transport,Aktobe,KZAKT,79.5
2025,mln.people,Passengers transported by all means of transport,Almaty,KZALM,49.4
2025,mln.people,Passengers transported by all means of transport,Atyrau,KZATY,54.8
2025,mln.people,Passengers transported by all means of transport,Batys Kazakhstan,KZZAP,61.9
2025,mln.people,Passengers transported by all means of transport,Zhambyl,KZZHA,113.0
2025,mln.people,Passengers transported by all means of transport,Zhetisu,KZZHS,29.8
2025,mln.people,Passengers transported by all means of transport,Karagandy,KZKAR,135.6
2025,mln.people,Passengers transported by all means of transport,Kostanay,KZKUS,51.7
2025,mln.people,Passengers transported by all means of transport,Kyzylorda,KZKZY,46.3
2025,mln.people,Passengers transported by all means of transport,Mangistau,KZMAN,61.5
2025,mln.people,Passengers transported by all means of transport,Turkistan,KZYUZ,28.6
2025,mln.people,Passengers transported by all means of transport,Ulytau,KZULU,17.5
2025,mln.people,Passengers transported by all means of transport,Pavlodar,KZPAV,82.3
2025,mln.people,Passengers transported by all means of transport,Soltustik Kazakhstan,KZSEV,33.1
2025,mln.people,Passengers transported by all means of transport,Shygys Kazakhstan,KZVOS,83.9
2025,mln.people,Passengers transported by all means of transport,Astana city,KZNS,321.2
2025,mln.people,Passengers transported by all means of transport,Almaty city,KZALA,471.5
2025,mln.people,Passengers transported by all means of transport,Shymkent city,KZSHY,112.9
2025,tons,transported by air,,,26700.0
2025,tons,transported by air,Abai,KZABY,0.0
2025,tons,transported by air,Batys Kazakhstan,KZZAP,0.0
2025,tons,transported by air,Ulytau,KZULU,0.0
2025,tons,transported by air,Aktobe,KZAKT,300.0
2025,tons,transported by air,Atyrau,KZATY,500.0
2025,tons,transported by air,Kostanay,KZKUS,100.0
2025,tons,transported by air,Mangistau,KZMAN,300.0
2025,tons,transported by air,Turkistan,KZYUZ,700.0
2025,tons,transported by air,Shygys Kazakhstan,KZVOS,100.0
2025,tons,transported by air,Astana city,KZNS,4800.0
2025,tons,transported by air,Almaty city,KZALA,19100.0
2025,tons,transported by air,Shymkent city,KZSHY,600.0
2025,thousand people,passengers transported by air,,,15435.2
2025,thousand people,passengers transported by air,Abai,KZABY,162.3
2025,thousand people,passengers transported by air,Akmola,KZAKM,26.5
2025,thousand people,passengers transported by air,Aktobe,KZAKT,568.1
2025,thousand people,passengers transported by air,Almaty,KZALM,0.3
2025,thousand people,passengers transported by air,Atyrau,KZATY,747.8
2025,thousand people,passengers transported by air,Karagandy,KZKAR,332.4
2025,thousand people,passengers transported by air,Kostanay,KZKUS,157.8
2025,thousand people,passengers transported by air,Kyzylorda,KZKZY,23.0
2025,thousand people,passengers transported by air,Batys Kazakhstan,KZZAP,165.7
2025,thousand people,passengers transported by air,Zhambyl,KZZHA,238.0
2025,thousand people,passengers transported by air,Zhetisu,KZZHS,203.6
2025,thousand people,passengers transported by air,Mangistau,KZMAN,818.8
2025,thousand people,passengers transported by air,Turkistan,KZYUZ,127.8
2025,thousand people,passengers transported by air,Ulytau,KZULU,59.2
2025,thousand people,passengers transported by air,Pavlodar,KZPAV,22.6
2025,thousand people,passengers transported by air,Soltustik Kazakhstan,KZSEV,69.4
2025,thousand people,passengers transported by air,Shygys Kazakhstan,KZVOS,350.6
2025,thousand people,passengers transported by air,Astana city,KZNS,4420.0
2025,thousand people,passengers transported by air,Almaty city,KZALA,5547.4
2025,thousand people,passengers transported by air,Shymkent city,KZSHY,1394.1
2025,millions tonnes,performance indicators of pipeline transport,,,257.6
2025,millions tonnes,performance indicators of pipeline transport,Abai,KZABY,11.1
2025,millions tonnes,performance indicators of pipeline transport,Aktobe,KZAKT,16.6
2025,millions tonnes,performance indicators of pipeline transport,Almaty,KZALM,2.5
2025,millions tonnes,performance indicators of pipeline transport,Atyrau,KZATY,113.5
2025,millions tonnes,performance indicators of pipeline transport,Batys Kazakhstan,KZZAP,29.8
2025,millions tonnes,performance indicators of pipeline transport,Zhambyl,KZZHA,2.6
2025,millions tonnes,performance indicators of pipeline transport,Zhetisu,KZZHS,11.3
2025,millions tonnes,performance indicators of pipeline transport,Karagandy,KZKAR,17.3
2025,millions tonnes,performance indicators of pipeline transport,Kostanay,KZKUS,11.7
2025,millions tonnes,performance indicators of pipeline transport,Kyzylorda,KZKZY,11.6
2025,millions tonnes,performance indicators of pipeline transport,Mangistau,KZMAN,41.7
2025,millions tonnes,performance indicators of pipeline transport,Pavlodar,KZPAV,11.9
2025,millions tonnes,performance indicators of pipeline transport,Soltustik Kazakhstan,KZSEV,11.9
2025,millions tonnes,performance indicators of pipeline transport,Turkistan,KZYUZ,9.5
2025,millions tonnes,performance indicators of pipeline transport,Ulytau,KZULU,37.5
2025,millions tonnes,performance indicators of pipeline transport,Astana city,KZNS,0.6
2025,millions tonnes,performance indicators of pipeline transport,Almaty city,KZALA,34.3
2025,millions tonnes,performance indicators of pipeline transport,Shymkent city,KZSHY,15.4
2025,millions tonnes,freight carried by sea transport,,,4.3
2025,millions tonnes,freight carried by sea transport,Mangistau,KZMAN,4.3
2025,millions tonnes,passengers carried by sea transport,,,0.0
2025,millions tonnes,passengers carried by sea transport,Mangistau,KZMAN,0.0
