Year,UNIT_MEASURE,Өңірлер,Аймақ,Жынысы,GeoCode,Value
2010,100 000 халыққа,,,,,0.78
2010,100 000 халыққа,Абай,,,KZABY,0.15
2010,100 000 халыққа,Ақмола,,,KZAKM,0.14
2010,100 000 халыққа,Ақтөбе,,,KZAKT,0.39
2010,100 000 халыққа,Алматы,,,KZALM,0.97
2010,100 000 халыққа,Атырау,,,KZATY,0.19
2010,100 000 халыққа,Батыс Қазақстан,,,KZZAP,0.17
2010,100 000 халыққа,Жамбыл,,,KZZHA,0.48
2010,100 000 халыққа,Жетісу,,,KZZHS,1.11
2010,100 000 халыққа,Қарағанды,,,KZKAR,0.27
2010,100 000 халыққа,Қостанай,,,KZKUS,0.23
2010,100 000 халыққа,Қызылорда,,,KZKZY,2.45
2010,100 000 халыққа,Маңғыстау,,,KZMAN,0.58
2010,100 000 халыққа,Павлодар,,,KZPAV,0.4
2010,100 000 халыққа,Солтүстік Қазақстан,,,KZSEV,0.17
2010,100 000 халыққа,Түркістан,,,KZYUZ,1.68
2010,100 000 халыққа,Ұлытау,,,KZULU,2.68
2010,100 000 халыққа,Шығыс Қазақстан,,,KZVOS,0.81
2010,100 000 халыққа,Астана қаласы,,,KZNS,0.44
2010,100 000 халыққа,Алматы қаласы,,,KZALA,0.2
2010,100 000 халыққа,Шымкент қаласы,,,KZSHY,2.65
2010,100 000 халыққа,,қала,,,0.62
2010,100 000 халыққа,Абай,қала,,KZABY,0.0
2010,100 000 халыққа,Ақмола,қала,,KZAKM,0.0
2010,100 000 халыққа,Ақтөбе,қала,,KZAKT,0.39
2010,100 000 халыққа,Алматы,қала,,KZALM,0.55
2010,100 000 халыққа,Атырау,қала,,KZATY,0.36
2010,100 000 халыққа,Батыс Қазақстан,қала,,KZZAP,0.0
2010,100 000 халыққа,Жамбыл,қала,,KZZHA,0.47
2010,100 000 халыққа,Жетісу,қала,,KZZHS,0.0
2010,100 000 халыққа,Қарағанды,қала,,KZKAR,0.11
2010,100 000 халыққа,Қостанай,қала,,KZKUS,0.0
2010,100 000 халыққа,Қызылорда,қала,,KZKZY,1.02
2010,100 000 халыққа,Маңғыстау,қала,,KZMAN,0.78
2010,100 000 халыққа,Павлодар,қала,,KZPAV,0.39
2010,100 000 халыққа,Солтүстік Қазақстан,қала,,KZSEV,0.0
2010,100 000 халыққа,Түркістан,қала,,KZYUZ,1.86
2010,100 000 халыққа,Ұлытау,қала,,KZULU,2.87
2010,100 000 халыққа,Шығыс Қазақстан,қала,,KZVOS,1.13
2010,100 000 халыққа,Астана қаласы,қала,,KZNS,0.44
2010,100 000 халыққа,Алматы қаласы,қала,,KZALA,0.2
2010,100 000 халыққа,Шымкент қаласы,қала,,KZSHY,2.65
2010,100 000 халыққа,,ауыл,,,0.98
2010,100 000 халыққа,Абай,ауыл,,KZABY,0.34
2010,100 000 халыққа,Ақмола,ауыл,,KZAKM,0.26
2010,100 000 халыққа,Ақтөбе,ауыл,,KZAKT,0.4
2010,100 000 халыққа,Алматы,ауыл,,KZALM,1.05
2010,100 000 халыққа,Атырау,ауыл,,KZATY,0.0
2010,100 000 халыққа,Батыс Қазақстан,ауыл,,KZZAP,0.31
2010,100 000 халыққа,Жамбыл,ауыл,,KZZHA,0.49
2010,100 000 халыққа,Жетісу,ауыл,,KZZHS,1.85
2010,100 000 халыққа,Қарағанды,ауыл,,KZKAR,0.81
2010,100 000 халыққа,Қостанай,ауыл,,KZKUS,0.48
2010,100 000 халыққа,Қызылорда,ауыл,,KZKZY,3.49
2010,100 000 халыққа,Маңғыстау,ауыл,,KZMAN,0.39
2010,100 000 халыққа,Павлодар,ауыл,,KZPAV,0.43
2010,100 000 халыққа,Солтүстік Қазақстан,ауыл,,KZSEV,0.29
2010,100 000 халыққа,Түркістан,ауыл,,KZYUZ,1.64
2010,100 000 халыққа,Ұлытау,ауыл,,KZULU,2.03
2010,100 000 халыққа,Шығыс Қазақстан,ауыл,,KZVOS,0.34
2010,100 000 халыққа,,,ерлер,,0.9
2010,100 000 халыққа,Абай,,ерлер,KZABY,0.32
2010,100 000 халыққа,Ақмола,,ерлер,KZAKM,0.28
2010,100 000 халыққа,Ақтөбе,,ерлер,KZAKT,0.54
2010,100 000 халыққа,Алматы,,ерлер,KZALM,0.89
2010,100 000 халыққа,Атырау,,ерлер,KZATY,0.0
2010,100 000 халыққа,Батыс Қазақстан,,ерлер,KZZAP,0.0
2010,100 000 халыққа,Жамбыл,,ерлер,KZZHA,0.59
2010,100 000 халыққа,Қарағанды,,ерлер,KZKAR,0.19
2010,100 000 халыққа,Қостанай,,ерлер,KZKUS,0.24
2010,100 000 халыққа,Қызылорда,,ерлер,KZKZY,2.31
2010,100 000 халыққа,Маңғыстау,,ерлер,KZMAN,0.39
2010,100 000 халыққа,Павлодар,,ерлер,KZPAV,0.57
2010,100 000 халыққа,Солтүстік Қазақстан,,ерлер,KZSEV,0.36
2010,100 000 халыққа,Түркістан,,ерлер,KZYUZ,1.9
2010,100 000 халыққа,Ұлытау,,ерлер,KZULU,5.55
2010,100 000 халыққа,Шығыс Қазақстан,,ерлер,KZVOS,1.43
2010,100 000 халыққа,Астана қаласы,,ерлер,KZNS,0.3
2010,100 000 халыққа,Алматы қаласы,,ерлер,KZALA,0.29
2010,100 000 халыққа,Шымкент қаласы,,ерлер,KZSHY,3.05
2010,100 000 халыққа,,қала,ерлер,,0.83
2010,100 000 халыққа,Абай,қала,ерлер,KZABY,0.0
2010,100 000 халыққа,Ақмола,қала,ерлер,KZAKM,0.0
2010,100 000 халыққа,Ақтөбе,қала,ерлер,KZAKT,0.41
2010,100 000 халыққа,Алматы,қала,ерлер,KZALM,0.0
2010,100 000 халыққа,Атырау,қала,ерлер,KZATY,0.0
2010,100 000 халыққа,Батыс Қазақстан,қала,ерлер,KZZAP,0.0
2010,100 000 халыққа,Жамбыл,қала,ерлер,KZZHA,0.5
2010,100 000 халыққа,Жетісу,қала,ерлер,KZZHS,0.0
2010,100 000 халыққа,Қарағанды,қала,ерлер,KZKAR,0.25
2010,100 000 халыққа,Қостанай,қала,ерлер,KZKUS,0.0
2010,100 000 халыққа,Қызылорда,қала,ерлер,KZKZY,2.11
2010,100 000 халыққа,Маңғыстау,қала,ерлер,KZMAN,0.8
2010,100 000 халыққа,Павлодар,қала,ерлер,KZPAV,0.43
2010,100 000 халыққа,Солтүстік Қазақстан,қала,ерлер,KZSEV,0.0
2010,100 000 халыққа,Түркістан,қала,ерлер,KZYUZ,2.7
2010,100 000 халыққа,Ұлытау,қала,ерлер,KZULU,6.03
2010,100 000 халыққа,Шығыс Қазақстан,қала,ерлер,KZVOS,1.98
2010,100 000 халыққа,Астана қаласы,қала,ерлер,KZNS,0.3
2010,100 000 халыққа,Алматы қаласы,қала,ерлер,KZALA,0.29
2010,100 000 халыққа,Шымкент қаласы,қала,ерлер,KZSHY,3.05
2010,100 000 халыққа,,ауыл,ерлер,,0.99
2010,100 000 халыққа,Абай,ауыл,ерлер,KZABY,0.68
2010,100 000 халыққа,Ақмола,ауыл,ерлер,KZAKM,0.52
2010,100 000 халыққа,Ақтөбе,ауыл,ерлер,KZAKT,0.8
2010,100 000 халыққа,Алматы,ауыл,ерлер,KZALM,1.06
2010,100 000 халыққа,Атырау,ауыл,ерлер,KZATY,0.0
2010,100 000 халыққа,Батыс Қазақстан,ауыл,ерлер,KZZAP,0.0
2010,100 000 халыққа,Жамбыл,ауыл,ерлер,KZZHA,0.65
2010,100 000 халыққа,Жетісу,ауыл,ерлер,KZZHS,1.59
2010,100 000 халыққа,Қарағанды,ауыл,ерлер,KZKAR,0.0
2010,100 000 халыққа,Қостанай,ауыл,ерлер,KZKUS,0.49
2010,100 000 халыққа,Қызылорда,ауыл,ерлер,KZKZY,2.46
2010,100 000 халыққа,Маңғыстау,ауыл,ерлер,KZMAN,0.0
2010,100 000 халыққа,Павлодар,ауыл,ерлер,KZPAV,0.86
2010,100 000 халыққа,Солтүстік Қазақстан,ауыл,ерлер,KZSEV,0.58
2010,100 000 халыққа,Түркістан,ауыл,ерлер,KZYUZ,1.69
2010,100 000 халыққа,Ұлытау,ауыл,ерлер,KZULU,3.97
2010,100 000 халыққа,Шығыс Қазақстан,ауыл,ерлер,KZVOS,0.68
2010,100 000 халыққа,,,әйелдер,,0.66
2010,100 000 халыққа,Абай,,әйелдер,KZABY,0.0
2010,100 000 халыққа,Ақмола,,әйелдер,KZAKM,0.0
2010,100 000 халыққа,Ақтөбе,,әйелдер,KZAKT,0.25
2010,100 000 халыққа,Алматы,,әйелдер,KZALM,1.04
2010,100 000 халыққа,Атырау,,әйелдер,KZATY,0.37
2010,100 000 халыққа,Батыс Қазақстан,,әйелдер,KZZAP,0.32
2010,100 000 халыққа,Жамбыл,,әйелдер,KZZHA,0.38
2010,100 000 халыққа,Жетісу,,әйелдер,KZZHS,1.24
2010,100 000 халыққа,Қарағанды,,әйелдер,KZKAR,0.34
2010,100 000 халыққа,Қостанай,,әйелдер,KZKUS,0.21
2010,100 000 халыққа,Қызылорда,,әйелдер,KZKZY,2.58
2010,100 000 халыққа,Маңғыстау,,әйелдер,KZMAN,0.77
2010,100 000 халыққа,Павлодар,,әйелдер,KZPAV,0.25
2010,100 000 халыққа,Солтүстік Қазақстан,,әйелдер,KZSEV,0.0
2010,100 000 халыққа,Түркістан,,әйелдер,KZYUZ,1.46
2010,100 000 халыққа,Ұлытау,,әйелдер,KZULU,0.0
2010,100 000 халыққа,Шығыс Қазақстан,,әйелдер,KZVOS,0.25
2010,100 000 халыққа,Астана қаласы,,әйелдер,KZNS,0.57
2010,100 000 халыққа,Алматы қаласы,,әйелдер,KZALA,0.12
2010,100 000 халыққа,Шымкент қаласы,,әйелдер,KZSHY,2.29
2010,100 000 халыққа,,қала,әйелдер,,0.43
2010,100 000 халыққа,Абай,қала,әйелдер,KZABY,0.0
2010,100 000 халыққа,Ақмола,қала,әйелдер,KZAKM,0.0
2010,100 000 халыққа,Ақтөбе,қала,әйелдер,KZAKT,0.37
2010,100 000 халыққа,Алматы,қала,әйелдер,KZALM,1.05
2010,100 000 халыққа,Атырау,қала,әйелдер,KZATY,0.69
2010,100 000 халыққа,Батыс Қазақстан,қала,әйелдер,KZZAP,0.0
2010,100 000 халыққа,Жамбыл,қала,әйелдер,KZZHA,0.45
2010,100 000 халыққа,Жетісу,қала,әйелдер,KZZHS,0.0
2010,100 000 халыққа,Қарағанды,қала,әйелдер,KZKAR,0.0
2010,100 000 халыққа,Қостанай,қала,әйелдер,KZKUS,0.0
2010,100 000 халыққа,Қызылорда,қала,әйелдер,KZKZY,0.0
2010,100 000 халыққа,Маңғыстау,қала,әйелдер,KZMAN,0.76
2010,100 000 халыққа,Павлодар,қала,әйелдер,KZPAV,0.36
2010,100 000 халыққа,Солтүстік Қазақстан,қала,әйелдер,KZSEV,0.0
2010,100 000 халыққа,Түркістан,қала,әйелдер,KZYUZ,1.04
2010,100 000 халыққа,Ұлытау,қала,әйелдер,KZULU,0.0
2010,100 000 халыққа,Шығыс Қазақстан,қала,әйелдер,KZVOS,0.41
2010,100 000 халыққа,Астана қаласы,қала,әйелдер,KZNS,0.57
2010,100 000 халыққа,Алматы қаласы,қала,әйелдер,KZALA,0.12
2010,100 000 халыққа,Шымкент қаласы,қала,әйелдер,KZSHY,2.29
2010,100 000 халыққа,,ауыл,әйелдер,,0.98
2010,100 000 халыққа,Абай,ауыл,әйелдер,KZABY,0.0
2010,100 000 халыққа,Ақмола,ауыл,әйелдер,KZAKM,0.0
2010,100 000 халыққа,Ақтөбе,ауыл,әйелдер,KZAKT,0.0
2010,100 000 халыққа,Алматы,ауыл,әйелдер,KZALM,1.03
2010,100 000 халыққа,Атырау,ауыл,әйелдер,KZATY,0.0
2010,100 000 халыққа,Батыс Қазақстан,ауыл,әйелдер,KZZAP,0.62
2010,100 000 халыққа,Жамбыл,ауыл,әйелдер,KZZHA,0.32
2010,100 000 халыққа,Жетісу,ауыл,әйелдер,KZZHS,2.12
2010,100 000 халыққа,Қарағанды,ауыл,әйелдер,KZKAR,1.61
2010,100 000 халыққа,Қостанай,ауыл,әйелдер,KZKUS,0.47
2010,100 000 халыққа,Қызылорда,ауыл,әйелдер,KZKZY,4.55
2010,100 000 халыққа,Маңғыстау,ауыл,әйелдер,KZMAN,0.79
2010,100 000 халыққа,Павлодар,ауыл,әйелдер,KZPAV,0.0
2010,100 000 халыққа,Солтүстік Қазақстан,ауыл,әйелдер,KZSEV,0.0
2010,100 000 халыққа,Түркістан,ауыл,әйелдер,KZYUZ,1.58
2010,100 000 халыққа,Ұлытау,ауыл,әйелдер,KZULU,0.0
2010,100 000 халыққа,Шығыс Қазақстан,ауыл,әйелдер,KZVOS,0.0
2011,100 000 халыққа,,,,,1.09
2011,100 000 халыққа,Абай,,,KZABY,3.36
2011,100 000 халыққа,Ақмола,,,KZAKM,0.27
2011,100 000 халыққа,Ақтөбе,,,KZAKT,0.38
2011,100 000 халыққа,Алматы,,,KZALM,0.86
2011,100 000 халыққа,Атырау,,,KZATY,0.37
2011,100 000 халыққа,Батыс Қазақстан,,,KZZAP,0.16
2011,100 000 халыққа,Жамбыл,,,KZZHA,1.52
2011,100 000 халыққа,Жетісу,,,KZZHS,5.67
2011,100 000 халыққа,Қарағанды,,,KZKAR,0.97
2011,100 000 халыққа,Қостанай,,,KZKUS,0.0
2011,100 000 халыққа,Қызылорда,,,KZKZY,1.84
2011,100 000 халыққа,Маңғыстау,,,KZMAN,0.75
2011,100 000 халыққа,Павлодар,,,KZPAV,0.27
2011,100 000 халыққа,Солтүстік Қазақстан,,,KZSEV,0.34
2011,100 000 халыққа,Түркістан,,,KZYUZ,0.88
2011,100 000 халыққа,Ұлытау,,,KZULU,0.89
2011,100 000 халыққа,Шығыс Қазақстан,,,KZVOS,2.16
2011,100 000 халыққа,Астана қаласы,,,KZNS,0.14
2011,100 000 халыққа,Алматы қаласы,,,KZALA,0.2
2011,100 000 халыққа,Шымкент қаласы,,,KZSHY,2.33
2011,100 000 халыққа,,қала,,,1.07
2011,100 000 халыққа,Абай,қала,,KZABY,3.29
2011,100 000 халыққа,Ақмола,қала,,KZAKM,0.29
2011,100 000 халыққа,Ақтөбе,қала,,KZAKT,0.57
2011,100 000 халыққа,Алматы,қала,,KZALM,0.54
2011,100 000 халыққа,Атырау,қала,,KZATY,0.7
2011,100 000 халыққа,Батыс Қазақстан,қала,,KZZAP,0.0
2011,100 000 халыққа,Жамбыл,қала,,KZZHA,1.89
2011,100 000 халыққа,Жетісу,қала,,KZZHS,8.26
2011,100 000 халыққа,Қарағанды,қала,,KZKAR,0.45
2011,100 000 халыққа,Қостанай,қала,,KZKUS,0.0
2011,100 000 халыққа,Қызылорда,қала,,KZKZY,1.0
2011,100 000 халыққа,Маңғыстау,қала,,KZMAN,0.38
2011,100 000 халыққа,Павлодар,қала,,KZPAV,0.39
2011,100 000 халыққа,Солтүстік Қазақстан,қала,,KZSEV,0.0
2011,100 000 халыққа,Түркістан,қала,,KZYUZ,2.62
2011,100 000 халыққа,Ұлытау,қала,,KZULU,1.15
2011,100 000 халыққа,Шығыс Қазақстан,қала,,KZVOS,1.8
2011,100 000 халыққа,Астана қаласы,қала,,KZNS,0.14
2011,100 000 халыққа,Алматы қаласы,қала,,KZALA,0.2
2011,100 000 халыққа,Шымкент қаласы,қала,,KZSHY,2.33
2011,100 000 халыққа,,ауыл,,,1.11
2011,100 000 халыққа,Абай,ауыл,,KZABY,3.45
2011,100 000 халыққа,Ақмола,ауыл,,KZAKM,0.26
2011,100 000 халыққа,Ақтөбе,ауыл,,KZAKT,0.0
2011,100 000 халыққа,Алматы,ауыл,,KZALM,0.92
2011,100 000 халыққа,Атырау,ауыл,,KZATY,0.0
2011,100 000 халыққа,Батыс Қазақстан,ауыл,,KZZAP,0.31
2011,100 000 халыққа,Жамбыл,ауыл,,KZZHA,1.28
2011,100 000 халыққа,Жамбыл,ауыл,,KZZHA,3.94
2011,100 000 халыққа,Қарағанды,ауыл,,KZKAR,2.86
2011,100 000 халыққа,Қостанай,ауыл,,KZKUS,0.0
2011,100 000 халыққа,Қызылорда,ауыл,,KZKZY,2.45
2011,100 000 халыққа,Маңғыстау,ауыл,,KZMAN,1.1
2011,100 000 халыққа,Павлодар,ауыл,,KZPAV,0.0
2011,100 000 халыққа,Солтүстік Қазақстан,ауыл,,KZSEV,0.58
2011,100 000 халыққа,Түркістан,ауыл,,KZYUZ,0.42
2011,100 000 халыққа,Ұлытау,ауыл,,KZULU,0.0
2011,100 000 халыққа,Шығыс Қазақстан,ауыл,,KZVOS,2.71
2011,100 000 халыққа,,,ерлер,,1.08
2011,100 000 халыққа,Абай,,ерлер,KZABY,1.27
2011,100 000 халыққа,Ақмола,,ерлер,KZAKM,0.57
2011,100 000 халыққа,Ақтөбе,,ерлер,KZAKT,0.53
2011,100 000 халыққа,Алматы,,ерлер,KZALM,0.7
2011,100 000 халыққа,Атырау,,ерлер,KZATY,0.38
2011,100 000 халыққа,Батыс Қазақстан,,ерлер,KZZAP,0.0
2011,100 000 халыққа,Жамбыл,,ерлер,KZZHA,1.56
2011,100 000 халыққа,Қарағанды,,ерлер,KZKAR,0.75
2011,100 000 халыққа,Қостанай,,ерлер,KZKUS,0.0
2011,100 000 халыққа,Қызылорда,,ерлер,KZKZY,2.27
2011,100 000 халыққа,Маңғыстау,,ерлер,KZMAN,1.13
2011,100 000 халыққа,Павлодар,,ерлер,KZPAV,0.28
2011,100 000 халыққа,Солтүстік Қазақстан,,ерлер,KZSEV,0.36
2011,100 000 халыққа,Түркістан,,ерлер,KZYUZ,1.09
2011,100 000 халыққа,Ұлытау,,ерлер,KZULU,0.92
2011,100 000 халыққа,Шығыс Қазақстан,,ерлер,KZVOS,1.72
2011,100 000 халыққа,Астана қаласы,,ерлер,KZNS,0.0
2011,100 000 халыққа,Алматы қаласы,,ерлер,KZALA,0.14
2011,100 000 халыққа,Шымкент қаласы,,ерлер,KZSHY,3.52
2011,100 000 халыққа,,қала,ерлер,,1.11
2011,100 000 халыққа,Абай,қала,ерлер,KZABY,1.77
2011,100 000 халыққа,Ақмола,қала,ерлер,KZAKM,0.62
2011,100 000 халыққа,Ақтөбе,қала,ерлер,KZAKT,0.8
2011,100 000 халыққа,Алматы,қала,ерлер,KZALM,0.0
2011,100 000 халыққа,Атырау,қала,ерлер,KZATY,0.73
2011,100 000 халыққа,Батыс Қазақстан,қала,ерлер,KZZAP,0.0
2011,100 000 халыққа,Жамбыл,қала,ерлер,KZZHA,2.51
2011,100 000 халыққа,Жетісу,қала,ерлер,KZZHS,7.49
2011,100 000 халыққа,Қарағанды,қала,ерлер,KZKAR,0.24
2011,100 000 халыққа,Қостанай,қала,ерлер,KZKUS,0.0
2011,100 000 халыққа,Қызылорда,қала,ерлер,KZKZY,0.69
2011,100 000 халыққа,Маңғыстау,қала,ерлер,KZMAN,0.0
2011,100 000 халыққа,Павлодар,қала,ерлер,KZPAV,0.42
2011,100 000 халыққа,Солтүстік Қазақстан,қала,ерлер,KZSEV,0.0
2011,100 000 халыққа,Түркістан,қала,ерлер,KZYUZ,3.19
2011,100 000 халыққа,Ұлытау,қала,ерлер,KZULU,1.21
2011,100 000 халыққа,Шығыс Қазақстан,қала,ерлер,KZVOS,1.97
2011,100 000 халыққа,Астана қаласы,қала,ерлер,KZNS,0.0
2011,100 000 халыққа,Алматы қаласы,қала,ерлер,KZALA,0.14
2011,100 000 халыққа,Шымкент қаласы,қала,ерлер,KZSHY,3.52
2011,100 000 халыққа,,ауыл,ерлер,,1.03
2011,100 000 халыққа,Абай,ауыл,ерлер,KZABY,0.69
2011,100 000 халыққа,Ақмола,ауыл,ерлер,KZAKM,0.53
2011,100 000 халыққа,Ақтөбе,ауыл,ерлер,KZAKT,0.0
2011,100 000 халыққа,Алматы,ауыл,ерлер,KZALM,0.83
2011,100 000 халыққа,Атырау,ауыл,ерлер,KZATY,0.0
2011,100 000 халыққа,Батыс Қазақстан,ауыл,ерлер,KZZAP,0.0
2011,100 000 халыққа,Жамбыл,ауыл,ерлер,KZZHA,0.96
2011,100 000 халыққа,Жетісу,ауыл,ерлер,KZZHS,4.19
2011,100 000 халыққа,Қарағанды,ауыл,ерлер,KZKAR,2.45
2011,100 000 халыққа,Қостанай,ауыл,ерлер,KZKUS,0.0
2011,100 000 халыққа,Қызылорда,ауыл,ерлер,KZKZY,3.38
2011,100 000 халыққа,Маңғыстау,ауыл,ерлер,KZMAN,2.17
2011,100 000 халыққа,Павлодар,ауыл,ерлер,KZPAV,0.0
2011,100 000 халыққа,Солтүстік Қазақстан,ауыл,ерлер,KZSEV,0.59
2011,100 000 халыққа,Түркістан,ауыл,ерлер,KZYUZ,0.55
2011,100 000 халыққа,Ұлытау,ауыл,ерлер,KZULU,0.0
2011,100 000 халыққа,Шығыс Қазақстан,ауыл,ерлер,KZVOS,1.37
2011,100 000 халыққа,,,әйелдер,,1.1
2011,100 000 халыққа,Абай,,әйелдер,KZABY,5.29
2011,100 000 халыққа,Ақмола,,әйелдер,KZAKM,0.0
2011,100 000 халыққа,Ақтөбе,,әйелдер,KZAKT,0.25
2011,100 000 халыққа,Алматы,,әйелдер,KZALM,1.01
2011,100 000 халыққа,Атырау,,әйелдер,KZATY,0.36
2011,100 000 халыққа,Батыс Қазақстан,,әйелдер,KZZAP,0.32
2011,100 000 халыққа,Жамбыл,,әйелдер,KZZHA,1.49
2011,100 000 халыққа,Жетісу,,әйелдер,KZZHS,5.87
2011,100 000 халыққа,Қарағанды,,әйелдер,KZKAR,1.17
2011,100 000 халыққа,Қостанай,,әйелдер,KZKUS,0.0
2011,100 000 халыққа,Қызылорда,,әйелдер,KZKZY,1.41
2011,100 000 халыққа,Маңғыстау,,әйелдер,KZMAN,0.37
2011,100 000 халыққа,Павлодар,,әйелдер,KZPAV,0.25
2011,100 000 халыққа,Солтүстік Қазақстан,,әйелдер,KZSEV,0.33
2011,100 000 халыққа,Түркістан,,әйелдер,KZYUZ,0.66
2011,100 000 халыққа,Ұлытау,,әйелдер,KZULU,0.87
2011,100 000 халыққа,Шығыс Қазақстан,,әйелдер,KZVOS,2.55
2011,100 000 халыққа,Астана қаласы,,әйелдер,KZNS,0.27
2011,100 000 халыққа,Алматы қаласы,,әйелдер,KZALA,0.24
2011,100 000 халыққа,Шымкент қаласы,,әйелдер,KZSHY,1.24
2011,100 000 халыққа,,қала,әйелдер,,1.02
2011,100 000 халыққа,Абай,қала,әйелдер,KZABY,4.6
2011,100 000 халыққа,Ақмола,қала,әйелдер,KZAKM,0.0
2011,100 000 халыққа,Ақтөбе,қала,әйелдер,KZAKT,0.36
2011,100 000 халыққа,Алматы,қала,әйелдер,KZALM,1.03
2011,100 000 халыққа,Атырау,қала,әйелдер,KZATY,0.67
2011,100 000 халыққа,Батыс Қазақстан,қала,әйелдер,KZZAP,0.0
2011,100 000 халыққа,Жамбыл,қала,әйелдер,KZZHA,1.34
2011,100 000 халыққа,Жетісу,қала,әйелдер,KZZHS,8.94
2011,100 000 халыққа,Қарағанды,қала,әйелдер,KZKAR,0.63
2011,100 000 халыққа,Қостанай,қала,әйелдер,KZKUS,0.0
2011,100 000 халыққа,Қызылорда,қала,әйелдер,KZKZY,1.31
2011,100 000 халыққа,Маңғыстау,қала,әйелдер,KZMAN,0.74
2011,100 000 халыққа,Павлодар,қала,әйелдер,KZPAV,0.36
2011,100 000 халыққа,Солтүстік Қазақстан,қала,әйелдер,KZSEV,0.0
2011,100 000 халыққа,Түркістан,қала,әйелдер,KZYUZ,2.06
2011,100 000 халыққа,Ұлытау,қала,әйелдер,KZULU,1.1
2011,100 000 халыққа,Шығыс Қазақстан,қала,әйелдер,KZVOS,1.65
2011,100 000 халыққа,Астана қаласы,қала,әйелдер,KZNS,0.27
2011,100 000 халыққа,Алматы қаласы,қала,әйелдер,KZALA,0.24
2011,100 000 халыққа,Шымкент қаласы,қала,әйелдер,KZSHY,1.24
2011,100 000 халыққа,,ауыл,әйелдер,,1.2
2011,100 000 халыққа,Абай,ауыл,әйелдер,KZABY,6.22
2011,100 000 халыққа,Ақмола,ауыл,әйелдер,KZAKM,0.0
2011,100 000 халыққа,Ақтөбе,ауыл,әйелдер,KZAKT,0.0
2011,100 000 халыққа,Алматы,ауыл,әйелдер,KZALM,1.01
2011,100 000 халыққа,Атырау,ауыл,әйелдер,KZATY,0.0
2011,100 000 халыққа,Батыс Қазақстан,ауыл,әйелдер,KZZAP,0.63
2011,100 000 халыққа,Жамбыл,ауыл,әйелдер,KZZHA,1.59
2011,100 000 халыққа,Жетісу,ауыл,әйелдер,KZZHS,3.69
2011,100 000 халыққа,Қарағанды,ауыл,әйелдер,KZKAR,3.27
2011,100 000 халыққа,Қостанай,ауыл,әйелдер,KZKUS,0.0
2011,100 000 халыққа,Қызылорда,ауыл,әйелдер,KZKZY,1.5
2011,100 000 халыққа,Маңғыстау,ауыл,әйелдер,KZMAN,0.0
2011,100 000 халыққа,Павлодар,ауыл,әйелдер,KZPAV,0.0
2011,100 000 халыққа,Солтүстік Қазақстан,ауыл,әйелдер,KZSEV,0.57
2011,100 000 халыққа,Түркістан,ауыл,әйелдер,KZYUZ,0.28
2011,100 000 халыққа,Ұлытау,ауыл,әйелдер,KZULU,0.0
2011,100 000 халыққа,Шығыс Қазақстан,ауыл,әйелдер,KZVOS,4.01
2012,100 000 халыққа,,,,,0.58
2012,100 000 халыққа,Абай,,,KZABY,0.31
2012,100 000 халыққа,Ақмола,,,KZAKM,0.55
2012,100 000 халыққа,Ақтөбе,,,KZAKT,0.13
2012,100 000 халыққа,Алматы,,,KZALM,0.25
2012,100 000 халыққа,Атырау,,,KZATY,0.91
2012,100 000 халыққа,Батыс Қазақстан,,,KZZAP,0.65
2012,100 000 халыққа,Жамбыл,,,KZZHA,0.66
2012,100 000 халыққа,Жетісу,,,KZZHS,0.16
2012,100 000 халыққа,Қарағанды,,,KZKAR,1.14
2012,100 000 халыққа,Қостанай,,,KZKUS,0.34
2012,100 000 халыққа,Қызылорда,,,KZKZY,0.28
2012,100 000 халыққа,Маңғыстау,,,KZMAN,0.54
2012,100 000 халыққа,Павлодар,,,KZPAV,0.13
2012,100 000 халыққа,Солтүстік Қазақстан,,,KZSEV,0.0
2012,100 000 халыққа,Түркістан,,,KZYUZ,1.13
2012,100 000 халыққа,Ұлытау,,,KZULU,2.68
2012,100 000 халыққа,Шығыс Қазақстан,,,KZVOS,0.81
2012,100 000 халыққа,Астана қаласы,,,KZNS,0.26
2012,100 000 халыққа,Алматы қаласы,,,KZALA,0.26
2012,100 000 халыққа,Шымкент қаласы,,,KZSHY,1.14
2012,100 000 халыққа,,қала,,,0.52
2012,100 000 халыққа,Абай,қала,,KZABY,0.27
2012,100 000 халыққа,Ақмола,қала,,KZAKM,0.29
2012,100 000 халыққа,Ақтөбе,қала,,KZAKT,0.19
2012,100 000 халыққа,Алматы,қала,,KZALM,0.0
2012,100 000 халыққа,Атырау,қала,,KZATY,1.71
2012,100 000 халыққа,Батыс Қазақстан,қала,,KZZAP,0.0
2012,100 000 халыққа,Жамбыл,қала,,KZZHA,0.47
2012,100 000 халыққа,Жетісу,қала,,KZZHS,0.0
2012,100 000 халыққа,Қарағанды,қала,,KZKAR,0.34
2012,100 000 халыққа,Қостанай,қала,,KZKUS,0.21
2012,100 000 халыққа,Қызылорда,қала,,KZKZY,0.33
2012,100 000 халыққа,Маңғыстау,қала,,KZMAN,0.37
2012,100 000 халыққа,Павлодар,қала,,KZPAV,0.19
2012,100 000 халыққа,Солтүстік Қазақстан,қала,,KZSEV,0.0
2012,100 000 халыққа,Түркістан,қала,,KZYUZ,2.85
2012,100 000 халыққа,Ұлытау,қала,,KZULU,2.88
2012,100 000 халыққа,Шығыс Қазақстан,қала,,KZVOS,0.45
2012,100 000 халыққа,Астана қаласы,қала,,KZNS,0.26
2012,100 000 халыққа,Алматы қаласы,қала,,KZALA,0.26
2012,100 000 халыққа,Шымкент қаласы,қала,,KZSHY,1.14
2012,100 000 халыққа,,ауыл,,,0.65
2012,100 000 халыққа,Абай,ауыл,,KZABY,0.35
2012,100 000 халыққа,Ақмола,ауыл,,KZAKM,0.78
2012,100 000 халыққа,Ақтөбе,ауыл,,KZAKT,0.0
2012,100 000 халыққа,Алматы,ауыл,,KZALM,0.3
2012,100 000 халыққа,Атырау,ауыл,,KZATY,0.0
2012,100 000 халыққа,Батыс Қазақстан,ауыл,,KZZAP,1.26
2012,100 000 халыққа,Жамбыл,ауыл,,KZZHA,0.79
2012,100 000 халыққа,Жетісу,ауыл,,KZZHS,0.26
2012,100 000 халыққа,Қарағанды,ауыл,,KZKAR,4.11
2012,100 000 халыққа,Қостанай,ауыл,,KZKUS,0.49
2012,100 000 халыққа,Қызылорда,ауыл,,KZKZY,0.24
2012,100 000 халыққа,Маңғыстау,ауыл,,KZMAN,0.69
2012,100 000 халыққа,Павлодар,ауыл,,KZPAV,0.0
2012,100 000 халыққа,Солтүстік Қазақстан,ауыл,,KZSEV,0.0
2012,100 000 халыққа,Түркістан,ауыл,,KZYUZ,0.68
2012,100 000 халыққа,Ұлытау,ауыл,,KZULU,1.99
2012,100 000 халыққа,Шығыс Қазақстан,ауыл,,KZVOS,1.37
2012,100 000 халыққа,,,ерлер,,0.59
2012,100 000 халыққа,Абай,,ерлер,KZABY,0.32
2012,100 000 халыққа,Ақмола,,ерлер,KZAKM,0.57
2012,100 000 халыққа,Ақтөбе,,ерлер,KZAKT,0.26
2012,100 000 халыққа,Алматы,,ерлер,KZALM,0.17
2012,100 000 халыққа,Атырау,,ерлер,KZATY,0.0
2012,100 000 халыққа,Батыс Қазақстан,,ерлер,KZZAP,1.35
2012,100 000 халыққа,Жамбыл,,ерлер,KZZHA,0.58
2012,100 000 халыққа,Қарағанды,,ерлер,KZKAR,0.56
2012,100 000 халыққа,Қостанай,,ерлер,KZKUS,0.0
2012,100 000 халыққа,Қызылорда,,ерлер,KZKZY,0.28
2012,100 000 халыққа,Маңғыстау,,ерлер,KZMAN,0.72
2012,100 000 халыққа,Павлодар,,ерлер,KZPAV,0.0
2012,100 000 халыққа,Солтүстік Қазақстан,,ерлер,KZSEV,0.0
2012,100 000 халыққа,Түркістан,,ерлер,KZYUZ,1.18
2012,100 000 халыққа,Ұлытау,,ерлер,KZULU,4.61
2012,100 000 халыққа,Шығыс Қазақстан,,ерлер,KZVOS,1.15
2012,100 000 халыққа,Астана қаласы,,ерлер,KZNS,0.54
2012,100 000 халыққа,Алматы қаласы,,ерлер,KZALA,0.42
2012,100 000 халыққа,Шымкент қаласы,,ерлер,KZSHY,1.32
2012,100 000 халыққа,,қала,ерлер,,0.65
2012,100 000 халыққа,Абай,қала,ерлер,KZABY,0.58
2012,100 000 халыққа,Ақмола,қала,ерлер,KZAKM,0.0
2012,100 000 халыққа,Ақтөбе,қала,ерлер,KZAKT,0.39
2012,100 000 халыққа,Алматы,қала,ерлер,KZALM,0.0
2012,100 000 халыққа,Атырау,қала,ерлер,KZATY,0.0
2012,100 000 халыққа,Батыс Қазақстан,қала,ерлер,KZZAP,0.0
2012,100 000 халыққа,Жамбыл,қала,ерлер,KZZHA,0.0
2012,100 000 халыққа,Жетісу,қала,ерлер,KZZHS,0.0
2012,100 000 халыққа,Қарағанды,қала,ерлер,KZKAR,0.24
2012,100 000 халыққа,Қостанай,қала,ерлер,KZKUS,0.0
2012,100 000 халыққа,Қызылорда,қала,ерлер,KZKZY,0.67
2012,100 000 халыққа,Маңғыстау,қала,ерлер,KZMAN,0.77
2012,100 000 халыққа,Павлодар,қала,ерлер,KZPAV,0.0
2012,100 000 халыққа,Солтүстік Қазақстан,қала,ерлер,KZSEV,0.0
2012,100 000 халыққа,Түркістан,қала,ерлер,KZYUZ,4.19
2012,100 000 халыққа,Ұлытау,қала,ерлер,KZULU,4.83
2012,100 000 халыққа,Шығыс Қазақстан,қала,ерлер,KZVOS,0.99
2012,100 000 халыққа,Астана қаласы,қала,ерлер,KZNS,0.54
2012,100 000 халыққа,Алматы қаласы,қала,ерлер,KZALA,0.42
2012,100 000 халыққа,Шымкент қаласы,қала,ерлер,KZSHY,1.32
2012,100 000 халыққа,,ауыл,ерлер,,0.52
2012,100 000 халыққа,Абай,ауыл,ерлер,KZABY,0.0
2012,100 000 халыққа,Ақмола,ауыл,ерлер,KZAKM,1.05
2012,100 000 халыққа,Ақтөбе,ауыл,ерлер,KZAKT,0.0
2012,100 000 халыққа,Алматы,ауыл,ерлер,KZALM,0.2
2012,100 000 халыққа,Атырау,ауыл,ерлер,KZATY,0.0
2012,100 000 халыққа,Батыс Қазақстан,ауыл,ерлер,KZZAP,2.52
2012,100 000 халыққа,Жамбыл,ауыл,ерлер,KZZHA,0.94
2012,100 000 халыққа,Жетісу,ауыл,ерлер,KZZHS,0.0
2012,100 000 халыққа,Қарағанды,ауыл,ерлер,KZKAR,1.64
2012,100 000 халыққа,Қостанай,ауыл,ерлер,KZKUS,0.0
2012,100 000 халыққа,Қызылорда,ауыл,ерлер,KZKZY,0.0
2012,100 000 халыққа,Маңғыстау,ауыл,ерлер,KZMAN,0.69
2012,100 000 халыққа,Павлодар,ауыл,ерлер,KZPAV,0.0
2012,100 000 халыққа,Солтүстік Қазақстан,ауыл,ерлер,KZSEV,0.0
2012,100 000 халыққа,Түркістан,ауыл,ерлер,KZYUZ,0.4
2012,100 000 халыққа,Ұлытау,ауыл,ерлер,KZULU,3.89
2012,100 000 халыққа,Шығыс Қазақстан,ауыл,ерлер,KZVOS,1.38
2012,100 000 халыққа,,,әйелдер,,0.56
2012,100 000 халыққа,Абай,,әйелдер,KZABY,0.29
2012,100 000 халыққа,Ақмола,,әйелдер,KZAKM,0.53
2012,100 000 халыққа,Ақтөбе,,әйелдер,KZAKT,0.0
2012,100 000 халыққа,Алматы,,әйелдер,KZALM,0.33
2012,100 000 халыққа,Атырау,,әйелдер,KZATY,1.79
2012,100 000 халыққа,Батыс Қазақстан,,әйелдер,KZZAP,0.0
2012,100 000 халыққа,Жамбыл,,әйелдер,KZZHA,0.74
2012,100 000 халыққа,Жетісу,,әйелдер,KZZHS,0.31
2012,100 000 халыққа,Қарағанды,,әйелдер,KZKAR,1.66
2012,100 000 халыққа,Қостанай,,әйелдер,KZKUS,0.65
2012,100 000 халыққа,Қызылорда,,әйелдер,KZKZY,0.28
2012,100 000 халыққа,Маңғыстау,,әйелдер,KZMAN,0.36
2012,100 000 халыққа,Павлодар,,әйелдер,KZPAV,0.25
2012,100 000 халыққа,Солтүстік Қазақстан,,әйелдер,KZSEV,0.0
2012,100 000 халыққа,Түркістан,,әйелдер,KZYUZ,1.08
2012,100 000 халыққа,Ұлытау,,әйелдер,KZULU,0.87
2012,100 000 халыққа,Шығыс Қазақстан,,әйелдер,KZVOS,0.51
2012,100 000 халыққа,Астана қаласы,,әйелдер,KZNS,0.0
2012,100 000 халыққа,Алматы қаласы,,әйелдер,KZALA,0.12
2012,100 000 халыққа,Шымкент қаласы,,әйелдер,KZSHY,0.97
2012,100 000 халыққа,,қала,әйелдер,,0.41
2012,100 000 халыққа,Абай,қала,әйелдер,KZABY,0.0
2012,100 000 халыққа,Ақмола,қала,әйелдер,KZAKM,0.54
2012,100 000 халыққа,Ақтөбе,қала,әйелдер,KZAKT,0.0
2012,100 000 халыққа,Алматы,қала,әйелдер,KZALM,0.0
2012,100 000 халыққа,Атырау,қала,әйелдер,KZATY,3.28
2012,100 000 халыққа,Батыс Қазақстан,қала,әйелдер,KZZAP,0.0
2012,100 000 халыққа,Жамбыл,қала,әйелдер,KZZHA,0.89
2012,100 000 халыққа,Жетісу,қала,әйелдер,KZZHS,0.0
2012,100 000 халыққа,Қарағанды,қала,әйелдер,KZKAR,0.42
2012,100 000 халыққа,Қостанай,қала,әйелдер,KZKUS,0.39
2012,100 000 халыққа,Қызылорда,қала,әйелдер,KZKZY,0.0
2012,100 000 халыққа,Маңғыстау,қала,әйелдер,KZMAN,0.0
2012,100 000 халыққа,Павлодар,қала,әйелдер,KZPAV,0.36
2012,100 000 халыққа,Солтүстік Қазақстан,қала,әйелдер,KZSEV,0.0
2012,100 000 халыққа,Түркістан,қала,әйелдер,KZYUZ,1.54
2012,100 000 халыққа,Ұлытау,қала,әйелдер,KZULU,1.1
2012,100 000 халыққа,Шығыс Қазақстан,қала,әйелдер,KZVOS,0.0
2012,100 000 халыққа,Астана қаласы,қала,әйелдер,KZNS,0.0
2012,100 000 халыққа,Алматы қаласы,қала,әйелдер,KZALA,0.12
2012,100 000 халыққа,Шымкент қаласы,қала,әйелдер,KZSHY,0.97
2012,100 000 халыққа,,ауыл,әйелдер,,0.77
2012,100 000 халыққа,Абай,ауыл,әйелдер,KZABY,0.7
2012,100 000 халыққа,Ақмола,ауыл,әйелдер,KZAKM,0.52
2012,100 000 халыққа,Ақтөбе,ауыл,әйелдер,KZAKT,0.0
2012,100 000 халыққа,Алматы,ауыл,әйелдер,KZALM,0.39
2012,100 000 халыққа,Атырау,ауыл,әйелдер,KZATY,0.0
2012,100 000 халыққа,Батыс Қазақстан,ауыл,әйелдер,KZZAP,0.0
2012,100 000 халыққа,Жамбыл,ауыл,әйелдер,KZZHA,0.63
2012,100 000 халыққа,Жетісу,ауыл,әйелдер,KZZHS,0.53
2012,100 000 халыққа,Қарағанды,ауыл,әйелдер,KZKAR,6.59
2012,100 000 халыққа,Қостанай,ауыл,әйелдер,KZKUS,0.96
2012,100 000 халыққа,Қызылорда,ауыл,әйелдер,KZKZY,0.49
2012,100 000 халыққа,Маңғыстау,ауыл,әйелдер,KZMAN,0.7
2012,100 000 халыққа,Павлодар,ауыл,әйелдер,KZPAV,0.0
2012,100 000 халыққа,Солтүстік Қазақстан,ауыл,әйелдер,KZSEV,0.0
2012,100 000 халыққа,Түркістан,ауыл,әйелдер,KZYUZ,0.96
2012,100 000 халыққа,Ұлытау,ауыл,әйелдер,KZULU,0.0
2012,100 000 халыққа,Шығыс Қазақстан,ауыл,әйелдер,KZVOS,1.35
2013,100 000 халыққа,,,,,0.66
2013,100 000 халыққа,Абай,,,KZABY,3.82
2013,100 000 халыққа,Ақмола,,,KZAKM,0.68
2013,100 000 халыққа,Ақтөбе,,,KZAKT,0.12
2013,100 000 халыққа,Алматы,,,KZALM,0.08
2013,100 000 халыққа,Атырау,,,KZATY,0.36
2013,100 000 халыққа,Батыс Қазақстан,,,KZZAP,0.48
2013,100 000 халыққа,Жамбыл,,,KZZHA,0.37
2013,100 000 халыққа,Жетісу,,,KZZHS,0.31
2013,100 000 халыққа,Қарағанды,,,KZKAR,0.44
2013,100 000 халыққа,Қостанай,,,KZKUS,0.34
2013,100 000 халыққа,Қызылорда,,,KZKZY,0.27
2013,100 000 халыққа,Маңғыстау,,,KZMAN,0.17
2013,100 000 халыққа,Павлодар,,,KZPAV,0.27
2013,100 000 халыққа,Солтүстік Қазақстан,,,KZSEV,0.17
2013,100 000 халыққа,Түркістан,,,KZYUZ,1.06
2013,100 000 халыққа,Ұлытау,,,KZULU,0.89
2013,100 000 халыққа,Шығыс Қазақстан,,,KZVOS,2.3
2013,100 000 халыққа,Астана қаласы,,,KZNS,0.62
2013,100 000 халыққа,Алматы қаласы,,,KZALA,0.19
2013,100 000 халыққа,Шымкент қаласы,,,KZSHY,0.98
2013,100 000 халыққа,,қала,,,0.62
2013,100 000 халыққа,Абай,қала,,KZABY,2.42
2013,100 000 халыққа,Ақмола,қала,,KZAKM,0.85
2013,100 000 халыққа,Ақтөбе,қала,,KZAKT,0.18
2013,100 000 халыққа,Алматы,қала,,KZALM,0.0
2013,100 000 халыққа,Атырау,қала,,KZATY,0.66
2013,100 000 халыққа,Батыс Қазақстан,қала,,KZZAP,0.33
2013,100 000 халыққа,Жамбыл,қала,,KZZHA,0.23
2013,100 000 халыққа,Жетісу,қала,,KZZHS,0.76
2013,100 000 халыққа,Қарағанды,қала,,KZKAR,0.22
2013,100 000 халыққа,Қостанай,қала,,KZKUS,0.21
2013,100 000 халыққа,Қызылорда,қала,,KZKZY,0.0
2013,100 000 халыққа,Маңғыстау,қала,,KZMAN,0.36
2013,100 000 халыққа,Павлодар,қала,,KZPAV,0.38
2013,100 000 халыққа,Солтүстік Қазақстан,қала,,KZSEV,0.0
2013,100 000 халыққа,Түркістан,қала,,KZYUZ,1.81
2013,100 000 халыққа,Ұлытау,қала,,KZULU,1.15
2013,100 000 халыққа,Шығыс Қазақстан,қала,,KZVOS,2.23
2013,100 000 халыққа,Астана қаласы,қала,,KZNS,0.62
2013,100 000 халыққа,Алматы қаласы,қала,,KZALA,0.19
2013,100 000 халыққа,Шымкент қаласы,қала,,KZSHY,0.98
2013,100 000 халыққа,,ауыл,,,0.71
2013,100 000 халыққа,Абай,ауыл,,KZABY,5.65
2013,100 000 халыққа,Ақмола,ауыл,,KZAKM,0.52
2013,100 000 халыққа,Ақтөбе,ауыл,,KZAKT,0.0
2013,100 000 халыққа,Алматы,ауыл,,KZALM,0.1
2013,100 000 халыққа,Атырау,ауыл,,KZATY,0.0
2013,100 000 халыққа,Батыс Қазақстан,ауыл,,KZZAP,0.63
2013,100 000 халыққа,Жамбыл,ауыл,,KZZHA,0.47
2013,100 000 халыққа,Жетісу,ауыл,,KZZHS,0.0
2013,100 000 халыққа,Қарағанды,ауыл,,KZKAR,1.24
2013,100 000 халыққа,Қостанай,ауыл,,KZKUS,0.5
2013,100 000 халыққа,Қызылорда,ауыл,,KZKZY,0.48
2013,100 000 халыққа,Маңғыстау,ауыл,,KZMAN,0.0
2013,100 000 халыққа,Павлодар,ауыл,,KZPAV,0.0
2013,100 000 халыққа,Солтүстік Қазақстан,ауыл,,KZSEV,0.3
2013,100 000 халыққа,Түркістан,ауыл,,KZYUZ,0.87
2013,100 000 халыққа,Ұлытау,ауыл,,KZULU,0.0
2013,100 000 халыққа,Шығыс Қазақстан,ауыл,,KZVOS,2.41
2013,100 000 халыққа,,,ерлер,,0.74
2013,100 000 халыққа,Абай,,ерлер,KZABY,3.17
2013,100 000 халыққа,Ақмола,,ерлер,KZAKM,0.85
2013,100 000 халыққа,Ақтөбе,,ерлер,KZAKT,0.26
2013,100 000 халыққа,Алматы,,ерлер,KZALM,0.17
2013,100 000 халыққа,Атырау,,ерлер,KZATY,0.0
2013,100 000 халыққа,Батыс Қазақстан,,ерлер,KZZAP,0.33
2013,100 000 халыққа,Жамбыл,,ерлер,KZZHA,0.38
2013,100 000 халыққа,Жетісу,,ерлер,KZZHS,0.63
2013,100 000 халыққа,Қарағанды,,ерлер,KZKAR,0.19
2013,100 000 халыққа,Қостанай,,ерлер,KZKUS,0.48
2013,100 000 халыққа,Қызылорда,,ерлер,KZKZY,0.55
2013,100 000 халыққа,Маңғыстау,,ерлер,KZMAN,0.0
2013,100 000 халыққа,Павлодар,,ерлер,KZPAV,0.57
2013,100 000 халыққа,Солтүстік Қазақстан,,ерлер,KZSEV,0.36
2013,100 000 халыққа,Түркістан,,ерлер,KZYUZ,0.95
2013,100 000 халыққа,Ұлытау,,ерлер,KZULU,0.0
2013,100 000 халыққа,Шығыс Қазақстан,,ерлер,KZVOS,3.45
2013,100 000 халыққа,Астана қаласы,,ерлер,KZNS,0.77
2013,100 000 халыққа,Алматы қаласы,,ерлер,KZALA,0.28
2013,100 000 халыққа,Шымкент қаласы,,ерлер,KZSHY,1.79
2013,100 000 халыққа,,қала,ерлер,,0.77
2013,100 000 халыққа,Абай,қала,ерлер,KZABY,2.31
2013,100 000 халыққа,Ақмола,қала,ерлер,KZAKM,1.21
2013,100 000 халыққа,Ақтөбе,қала,ерлер,KZAKT,0.39
2013,100 000 халыққа,Алматы,қала,ерлер,KZALM,0.0
2013,100 000 халыққа,Атырау,қала,ерлер,KZATY,0.0
2013,100 000 халыққа,Батыс Қазақстан,қала,ерлер,KZZAP,0.71
2013,100 000 халыққа,Жамбыл,қала,ерлер,KZZHA,0.49
2013,100 000 халыққа,Жетісу,қала,ерлер,KZZHS,1.61
2013,100 000 халыққа,Қарағанды,қала,ерлер,KZKAR,0.0
2013,100 000 халыққа,Қостанай,қала,ерлер,KZKUS,0.46
2013,100 000 халыққа,Қызылорда,қала,ерлер,KZKZY,0.0
2013,100 000 халыққа,Маңғыстау,қала,ерлер,KZMAN,0.0
2013,100 000 халыққа,Павлодар,қала,ерлер,KZPAV,0.83
2013,100 000 халыққа,Солтүстік Қазақстан,қала,ерлер,KZSEV,0.0
2013,100 000 халыққа,Түркістан,қала,ерлер,KZYUZ,1.56
2013,100 000 халыққа,Ұлытау,қала,ерлер,KZULU,0.0
2013,100 000 халыққа,Шығыс Қазақстан,қала,ерлер,KZVOS,2.94
2013,100 000 халыққа,Астана қаласы,қала,ерлер,KZNS,0.77
2013,100 000 халыққа,Алматы қаласы,қала,ерлер,KZALA,0.28
2013,100 000 халыққа,Шымкент қаласы,қала,ерлер,KZSHY,1.79
2013,100 000 халыққа,,ауыл,ерлер,,0.71
2013,100 000 халыққа,Абай,ауыл,ерлер,KZABY,4.22
2013,100 000 халыққа,Ақмола,ауыл,ерлер,KZAKM,0.53
2013,100 000 халыққа,Ақтөбе,ауыл,ерлер,KZAKT,0.0
2013,100 000 халыққа,Алматы,ауыл,ерлер,KZALM,0.2
2013,100 000 халыққа,Атырау,ауыл,ерлер,KZATY,0.0
2013,100 000 халыққа,Батыс Қазақстан,ауыл,ерлер,KZZAP,0.0
2013,100 000 халыққа,Жамбыл,ауыл,ерлер,KZZHA,0.31
2013,100 000 халыққа,Жетісу,ауыл,ерлер,KZZHS,0.0
2013,100 000 халыққа,Қарағанды,ауыл,ерлер,KZKAR,0.83
2013,100 000 халыққа,Қостанай,ауыл,ерлер,KZKUS,0.51
2013,100 000 халыққа,Қызылорда,ауыл,ерлер,KZKZY,0.94
2013,100 000 халыққа,Маңғыстау,ауыл,ерлер,KZMAN,0.0
2013,100 000 халыққа,Павлодар,ауыл,ерлер,KZPAV,0.0
2013,100 000 халыққа,Солтүстік Қазақстан,ауыл,ерлер,KZSEV,0.6
2013,100 000 халыққа,Түркістан,ауыл,ерлер,KZYUZ,0.79
2013,100 000 халыққа,Ұлытау,ауыл,ерлер,KZULU,0.0
2013,100 000 халыққа,Шығыс Қазақстан,ауыл,ерлер,KZVOS,4.18
2013,100 000 халыққа,,,әйелдер,,0.59
2013,100 000 халыққа,Абай,,әйелдер,KZABY,4.42
2013,100 000 халыққа,Ақмола,,әйелдер,KZAKM,0.53
2013,100 000 халыққа,Ақтөбе,,әйелдер,KZAKT,0.0
2013,100 000 халыққа,Алматы,,әйелдер,KZALM,0.0
2013,100 000 халыққа,Атырау,,әйелдер,KZATY,0.7
2013,100 000 халыққа,Батыс Қазақстан,,әйелдер,KZZAP,0.62
2013,100 000 халыққа,Жамбыл,,әйелдер,KZZHA,0.36
2013,100 000 халыққа,Жетісу,,әйелдер,KZZHS,0.0
2013,100 000 халыққа,Қарағанды,,әйелдер,KZKAR,0.66
2013,100 000 халыққа,Қостанай,,әйелдер,KZKUS,0.22
2013,100 000 халыққа,Қызылорда,,әйелдер,KZKZY,0.0
2013,100 000 халыққа,Маңғыстау,,әйелдер,KZMAN,0.34
2013,100 000 халыққа,Павлодар,,әйелдер,KZPAV,0.0
2013,100 000 халыққа,Солтүстік Қазақстан,,әйелдер,KZSEV,0.0
2013,100 000 халыққа,Түркістан,,әйелдер,KZYUZ,1.17
2013,100 000 халыққа,Ұлытау,,әйелдер,KZULU,1.73
2013,100 000 халыққа,Шығыс Қазақстан,,әйелдер,KZVOS,1.28
2013,100 000 халыққа,Астана қаласы,,әйелдер,KZNS,0.48
2013,100 000 халыққа,Алматы қаласы,,әйелдер,KZALA,0.12
2013,100 000 халыққа,Шымкент қаласы,,әйелдер,KZSHY,0.24
2013,100 000 халыққа,,қала,әйелдер,,0.49
2013,100 000 халыққа,Абай,қала,әйелдер,KZABY,2.52
2013,100 000 халыққа,Ақмола,қала,әйелдер,KZAKM,0.54
2013,100 000 халыққа,Ақтөбе,қала,әйелдер,KZAKT,0.0
2013,100 000 халыққа,Алматы,қала,әйелдер,KZALM,0.0
2013,100 000 халыққа,Атырау,қала,әйелдер,KZATY,1.28
2013,100 000 халыққа,Батыс Қазақстан,қала,әйелдер,KZZAP,0.0
2013,100 000 халыққа,Жамбыл,қала,әйелдер,KZZHA,0.0
2013,100 000 халыққа,Жетісу,қала,әйелдер,KZZHS,0.0
2013,100 000 халыққа,Қарағанды,қала,әйелдер,KZKAR,0.41
2013,100 000 халыққа,Қостанай,қала,әйелдер,KZKUS,0.0
2013,100 000 халыққа,Қызылорда,қала,әйелдер,KZKZY,0.0
2013,100 000 халыққа,Маңғыстау,қала,әйелдер,KZMAN,0.71
2013,100 000 халыққа,Павлодар,қала,әйелдер,KZPAV,0.0
2013,100 000 халыққа,Солтүстік Қазақстан,қала,әйелдер,KZSEV,0.0
2013,100 000 халыққа,Түркістан,қала,әйелдер,KZYUZ,2.05
2013,100 000 халыққа,Ұлытау,қала,әйелдер,KZULU,2.2
2013,100 000 халыққа,Шығыс Қазақстан,қала,әйелдер,KZVOS,1.64
2013,100 000 халыққа,Астана қаласы,қала,әйелдер,KZNS,0.48
2013,100 000 халыққа,Алматы қаласы,қала,әйелдер,KZALA,0.12
2013,100 000 халыққа,Шымкент қаласы,қала,әйелдер,KZSHY,0.24
2013,100 000 халыққа,,ауыл,әйелдер,,0.71
2013,100 000 халыққа,Абай,ауыл,әйелдер,KZABY,7.08
2013,100 000 халыққа,Ақмола,ауыл,әйелдер,KZAKM,0.52
2013,100 000 халыққа,Ақтөбе,ауыл,әйелдер,KZAKT,0.0
2013,100 000 халыққа,Алматы,ауыл,әйелдер,KZALM,0.0
2013,100 000 халыққа,Атырау,ауыл,әйелдер,KZATY,0.0
2013,100 000 халыққа,Батыс Қазақстан,ауыл,әйелдер,KZZAP,1.27
2013,100 000 халыққа,Жамбыл,ауыл,әйелдер,KZZHA,0.62
2013,100 000 халыққа,Жетісу,ауыл,әйелдер,KZZHS,0.0
2013,100 000 халыққа,Қарағанды,ауыл,әйелдер,KZKAR,1.66
2013,100 000 халыққа,Қостанай,ауыл,әйелдер,KZKUS,0.49
2013,100 000 халыққа,Қызылорда,ауыл,әйелдер,KZKZY,0.0
2013,100 000 халыққа,Маңғыстау,ауыл,әйелдер,KZMAN,0.0
2013,100 000 халыққа,Павлодар,ауыл,әйелдер,KZPAV,0.0
2013,100 000 халыққа,Солтүстік Қазақстан,ауыл,әйелдер,KZSEV,0.0
2013,100 000 халыққа,Түркістан,ауыл,әйелдер,KZYUZ,0.94
2013,100 000 халыққа,Ұлытау,ауыл,әйелдер,KZULU,0.0
2013,100 000 халыққа,Шығыс Қазақстан,ауыл,әйелдер,KZVOS,0.68
2014,100 000 халыққа,,,,,0.57
2014,100 000 халыққа,Абай,,,KZABY,3.66
2014,100 000 халыққа,Ақмола,,,KZAKM,0.41
2014,100 000 халыққа,Ақтөбе,,,KZAKT,0.12
2014,100 000 халыққа,Алматы,,,KZALM,0.24
2014,100 000 халыққа,Атырау,,,KZATY,0.35
2014,100 000 халыққа,Батыс Қазақстан,,,KZZAP,0.8
2014,100 000 халыққа,Жамбыл,,,KZZHA,0.28
2014,100 000 халыққа,Жетісу,,,KZZHS,0.0
2014,100 000 халыққа,Қарағанды,,,KZKAR,0.87
2014,100 000 халыққа,Қостанай,,,KZKUS,0.23
2014,100 000 халыққа,Қызылорда,,,KZKZY,0.13
2014,100 000 халыққа,Маңғыстау,,,KZMAN,0.67
2014,100 000 халыққа,Павлодар,,,KZPAV,0.13
2014,100 000 халыққа,Солтүстік Қазақстан,,,KZSEV,0.17
2014,100 000 халыққа,Түркістан,,,KZYUZ,0.73
2014,100 000 халыққа,Ұлытау,,,KZULU,0.0
2014,100 000 халыққа,Шығыс Қазақстан,,,KZVOS,2.44
2014,100 000 халыққа,Астана қаласы,,,KZNS,0.48
2014,100 000 халыққа,Алматы қаласы,,,KZALA,0.06
2014,100 000 халыққа,Шымкент қаласы,,,KZSHY,0.12
2014,100 000 халыққа,,қала,,,0.4
2014,100 000 халыққа,Абай,қала,,KZABY,1.87
2014,100 000 халыққа,Ақмола,қала,,KZAKM,0.85
2014,100 000 халыққа,Ақтөбе,қала,,KZAKT,0.18
2014,100 000 халыққа,Алматы,қала,,KZALM,0.0
2014,100 000 халыққа,Атырау,қала,,KZATY,0.32
2014,100 000 халыққа,Батыс Қазақстан,қала,,KZZAP,0.0
2014,100 000 халыққа,Жамбыл,қала,,KZZHA,0.23
2014,100 000 халыққа,Жетісу,қала,,KZZHS,0.0
2014,100 000 халыққа,Қарағанды,қала,,KZKAR,0.44
2014,100 000 халыққа,Қостанай,қала,,KZKUS,0.0
2014,100 000 халыққа,Қызылорда,қала,,KZKZY,0.0
2014,100 000 халыққа,Маңғыстау,қала,,KZMAN,0.71
2014,100 000 халыққа,Павлодар,қала,,KZPAV,0.19
2014,100 000 халыққа,Солтүстік Қазақстан,қала,,KZSEV,0.41
2014,100 000 халыққа,Түркістан,қала,,KZYUZ,0.77
2014,100 000 халыққа,Ұлытау,қала,,KZULU,0.0
2014,100 000 халыққа,Шығыс Қазақстан,қала,,KZVOS,2.21
2014,100 000 халыққа,Астана қаласы,қала,,KZNS,0.48
2014,100 000 халыққа,Алматы қаласы,қала,,KZALA,0.06
2014,100 000 халыққа,Шымкент қаласы,қала,,KZSHY,0.12
2014,100 000 халыққа,,ауыл,,,0.78
2014,100 000 халыққа,Абай,ауыл,,KZABY,6.04
2014,100 000 халыққа,Ақмола,ауыл,,KZAKM,0.0
2014,100 000 халыққа,Ақтөбе,ауыл,,KZAKT,0.0
2014,100 000 халыққа,Алматы,ауыл,,KZALM,0.28
2014,100 000 халыққа,Атырау,ауыл,,KZATY,0.38
2014,100 000 халыққа,Батыс Қазақстан,ауыл,,KZZAP,1.58
2014,100 000 халыққа,Жамбыл,ауыл,,KZZHA,0.31
2014,100 000 халыққа,Жетісу,ауыл,,KZZHS,0.0
2014,100 000 халыққа,Қарағанды,ауыл,,KZKAR,2.51
2014,100 000 халыққа,Қостанай,ауыл,,KZKUS,0.5
2014,100 000 халыққа,Қызылорда,ауыл,,KZKZY,0.24
2014,100 000 халыққа,Маңғыстау,ауыл,,KZMAN,0.63
2014,100 000 халыққа,Павлодар,ауыл,,KZPAV,0.0
2014,100 000 халыққа,Солтүстік Қазақстан,ауыл,,KZSEV,0.0
2014,100 000 халыққа,Түркістан,ауыл,,KZYUZ,0.72
2014,100 000 халыққа,Ұлытау,ауыл,,KZULU,0.0
2014,100 000 халыққа,Шығыс Қазақстан,ауыл,,KZVOS,2.79
2014,100 000 халыққа,,,ерлер,,0.47
2014,100 000 халыққа,Абай,,ерлер,KZABY,1.9
2014,100 000 халыққа,Ақмола,,ерлер,KZAKM,0.56
2014,100 000 халыққа,Ақтөбе,,ерлер,KZAKT,0.0
2014,100 000 халыққа,Алматы,,ерлер,KZALM,0.16
2014,100 000 халыққа,Атырау,,ерлер,KZATY,0.0
2014,100 000 халыққа,Батыс Қазақстан,,ерлер,KZZAP,0.66
2014,100 000 халыққа,Жамбыл,,ерлер,KZZHA,0.56
2014,100 000 халыққа,Жетісу,,ерлер,KZZHS,0.0
2014,100 000 халыққа,Қарағанды,,ерлер,KZKAR,0.37
2014,100 000 халыққа,Қостанай,,ерлер,KZKUS,0.24
2014,100 000 халыққа,Қызылорда,,ерлер,KZKZY,0.27
2014,100 000 халыққа,Маңғыстау,,ерлер,KZMAN,1.01
2014,100 000 халыққа,Павлодар,,ерлер,KZPAV,0.28
2014,100 000 халыққа,Солтүстік Қазақстан,,ерлер,KZSEV,0.0
2014,100 000 халыққа,Түркістан,,ерлер,KZYUZ,0.62
2014,100 000 халыққа,Ұлытау,,ерлер,KZULU,0.0
2014,100 000 халыққа,Шығыс Қазақстан,,ерлер,KZVOS,2.3
2014,100 000 халыққа,Астана қаласы,,ерлер,KZNS,0.49
2014,100 000 халыққа,Алматы қаласы,,ерлер,KZALA,0.13
2014,100 000 халыққа,Шымкент қаласы,,ерлер,KZSHY,0.0
2014,100 000 халыққа,,қала,ерлер,,0.32
2014,100 000 халыққа,Абай,қала,ерлер,KZABY,0.0
2014,100 000 халыққа,Ақмола,қала,ерлер,KZAKM,1.21
2014,100 000 халыққа,Ақтөбе,қала,ерлер,KZAKT,0.0
2014,100 000 халыққа,Алматы,қала,ерлер,KZALM,0.0
2014,100 000 халыққа,Атырау,қала,ерлер,KZATY,0.0
2014,100 000 халыққа,Батыс Қазақстан,қала,ерлер,KZZAP,0.0
2014,100 000 халыққа,Жамбыл,қала,ерлер,KZZHA,0.48
2014,100 000 халыққа,Жетісу,қала,ерлер,KZZHS,0.0
2014,100 000 халыққа,Қарағанды,қала,ерлер,KZKAR,0.24
2014,100 000 халыққа,Қостанай,қала,ерлер,KZKUS,0.0
2014,100 000 халыққа,Қызылорда,қала,ерлер,KZKZY,0.0
2014,100 000 халыққа,Маңғыстау,қала,ерлер,KZMAN,1.47
2014,100 000 халыққа,Павлодар,қала,ерлер,KZPAV,0.41
2014,100 000 халыққа,Солтүстік Қазақстан,қала,ерлер,KZSEV,0.0
2014,100 000 халыққа,Түркістан,қала,ерлер,KZYUZ,0.51
2014,100 000 халыққа,Ұлытау,қала,ерлер,KZULU,0.0
2014,100 000 халыққа,Шығыс Қазақстан,қала,ерлер,KZVOS,1.95
2014,100 000 халыққа,Астана қаласы,қала,ерлер,KZNS,0.49
2014,100 000 халыққа,Алматы қаласы,қала,ерлер,KZALA,0.13
2014,100 000 халыққа,Шымкент қаласы,қала,ерлер,KZSHY,0.0
2014,100 000 халыққа,,ауыл,ерлер,,0.65
2014,100 000 халыққа,Абай,ауыл,ерлер,KZABY,4.25
2014,100 000 халыққа,Ақмола,ауыл,ерлер,KZAKM,0.0
2014,100 000 халыққа,Ақтөбе,ауыл,ерлер,KZAKT,0.0
2014,100 000 халыққа,Алматы,ауыл,ерлер,KZALM,0.19
2014,100 000 халыққа,Атырау,ауыл,ерлер,KZATY,0.0
2014,100 000 халыққа,Батыс Қазақстан,ауыл,ерлер,KZZAP,1.26
2014,100 000 халыққа,Жамбыл,ауыл,ерлер,KZZHA,0.61
2014,100 000 халыққа,Жетісу,ауыл,ерлер,KZZHS,0.0
2014,100 000 халыққа,Қарағанды,ауыл,ерлер,KZKAR,0.83
2014,100 000 халыққа,Қостанай,ауыл,ерлер,KZKUS,0.51
2014,100 000 халыққа,Қызылорда,ауыл,ерлер,KZKZY,0.46
2014,100 000 халыққа,Маңғыстау,ауыл,ерлер,KZMAN,0.62
2014,100 000 халыққа,Павлодар,ауыл,ерлер,KZPAV,0.0
2014,100 000 халыққа,Солтүстік Қазақстан,ауыл,ерлер,KZSEV,0.0
2014,100 000 халыққа,Түркістан,ауыл,ерлер,KZYUZ,0.65
2014,100 000 халыққа,Ұлытау,ауыл,ерлер,KZULU,0.0
2014,100 000 халыққа,Шығыс Қазақстан,ауыл,ерлер,KZVOS,2.81
2014,100 000 халыққа,,,әйелдер,,0.59
2014,100 000 халыққа,Абай,,әйелдер,KZABY,5.3
2014,100 000 халыққа,Ақмола,,әйелдер,KZAKM,0.26
2014,100 000 халыққа,Ақтөбе,,әйелдер,KZAKT,0.24
2014,100 000 халыққа,Алматы,,әйелдер,KZALM,0.31
2014,100 000 халыққа,Атырау,,әйелдер,KZATY,0.68
2014,100 000 халыққа,Батыс Қазақстан,,әйелдер,KZZAP,0.93
2014,100 000 халыққа,Жамбыл,,әйелдер,KZZHA,0.0
2014,100 000 халыққа,Жетісу,,әйелдер,KZZHS,0.0
2014,100 000 халыққа,Қарағанды,,әйелдер,KZKAR,1.32
2014,100 000 халыққа,Қостанай,,әйелдер,KZKUS,0.22
2014,100 000 халыққа,Қызылорда,,әйелдер,KZKZY,0.0
2014,100 000 халыққа,Маңғыстау,,әйелдер,KZMAN,0.33
2014,100 000 халыққа,Павлодар,,әйелдер,KZPAV,0.0
2014,100 000 халыққа,Солтүстік Қазақстан,,әйелдер,KZSEV,0.33
2014,100 000 халыққа,Түркістан,,әйелдер,KZYUZ,0.84
2014,100 000 халыққа,Ұлытау,,әйелдер,KZULU,0.0
2014,100 000 халыққа,Шығыс Қазақстан,,әйелдер,KZVOS,2.56
2014,100 000 халыққа,Астана қаласы,,әйелдер,KZNS,0.46
2014,100 000 халыққа,Алматы қаласы,,әйелдер,KZALA,0.0
2014,100 000 халыққа,Шымкент қаласы,,әйелдер,KZSHY,0.23
2014,100 000 халыққа,,қала,әйелдер,,0.48
2014,100 000 халыққа,Абай,қала,әйелдер,KZABY,3.51
2014,100 000 халыққа,Ақмола,қала,әйелдер,KZAKM,0.53
2014,100 000 халыққа,Ақтөбе,қала,әйелдер,KZAKT,0.34
2014,100 000 халыққа,Алматы,қала,әйелдер,KZALM,0.0
2014,100 000 халыққа,Атырау,қала,әйелдер,KZATY,0.62
2014,100 000 халыққа,Батыс Қазақстан,қала,әйелдер,KZZAP,0.0
2014,100 000 халыққа,Жамбыл,қала,әйелдер,KZZHA,0.0
2014,100 000 халыққа,Жетісу,қала,әйелдер,KZZHS,0.0
2014,100 000 халыққа,Қарағанды,қала,әйелдер,KZKAR,0.61
2014,100 000 халыққа,Қостанай,қала,әйелдер,KZKUS,0.0
2014,100 000 халыққа,Қызылорда,қала,әйелдер,KZKZY,0.0
2014,100 000 халыққа,Маңғыстау,қала,әйелдер,KZMAN,0.0
2014,100 000 халыққа,Павлодар,қала,әйелдер,KZPAV,0.0
2014,100 000 халыққа,Солтүстік Қазақстан,қала,әйелдер,KZSEV,0.75
2014,100 000 халыққа,Түркістан,қала,әйелдер,KZYUZ,1.03
2014,100 000 халыққа,Ұлытау,қала,әйелдер,KZULU,0.0
2014,100 000 халыққа,Шығыс Қазақстан,қала,әйелдер,KZVOS,2.44
2014,100 000 халыққа,Астана қаласы,қала,әйелдер,KZNS,0.46
2014,100 000 халыққа,Алматы қаласы,қала,әйелдер,KZALA,0.0
2014,100 000 халыққа,Шымкент қаласы,қала,әйелдер,KZSHY,0.23
2014,100 000 халыққа,,ауыл,әйелдер,,0.92
2014,100 000 халыққа,Абай,ауыл,әйелдер,KZABY,7.84
2014,100 000 халыққа,Ақмола,ауыл,әйелдер,KZAKM,0.0
2014,100 000 халыққа,Ақтөбе,ауыл,әйелдер,KZAKT,0.0
2014,100 000 халыққа,Алматы,ауыл,әйелдер,KZALM,0.38
2014,100 000 халыққа,Атырау,ауыл,әйелдер,KZATY,0.76
2014,100 000 халыққа,Батыс Қазақстан,ауыл,әйелдер,KZZAP,1.9
2014,100 000 халыққа,Жамбыл,ауыл,әйелдер,KZZHA,0.0
2014,100 000 халыққа,Жетісу,ауыл,әйелдер,KZZHS,0.0
2014,100 000 халыққа,Қарағанды,ауыл,әйелдер,KZKAR,4.2
2014,100 000 халыққа,Қостанай,ауыл,әйелдер,KZKUS,0.49
2014,100 000 халыққа,Қызылорда,ауыл,әйелдер,KZKZY,0.0
2014,100 000 халыққа,Маңғыстау,ауыл,әйелдер,KZMAN,0.64
2014,100 000 халыққа,Павлодар,ауыл,әйелдер,KZPAV,0.0
2014,100 000 халыққа,Солтүстік Қазақстан,ауыл,әйелдер,KZSEV,0.0
2014,100 000 халыққа,Түркістан,ауыл,әйелдер,KZYUZ,0.8
2014,100 000 халыққа,Ұлытау,ауыл,әйелдер,KZULU,0.0
2014,100 000 халыққа,Шығыс Қазақстан,ауыл,әйелдер,KZVOS,2.76
2015,100 000 халыққа,,,,,0.67
2015,100 000 халыққа,Абай,,,KZABY,3.05
2015,100 000 халыққа,Ақмола,,,KZAKM,0.41
2015,100 000 халыққа,Ақтөбе,,,KZAKT,0.12
2015,100 000 халыққа,Алматы,,,KZALM,0.31
2015,100 000 халыққа,Атырау,,,KZATY,0.85
2015,100 000 халыққа,Батыс Қазақстан,,,KZZAP,0.79
2015,100 000 халыққа,Жамбыл,,,KZZHA,0.18
2015,100 000 халыққа,Жетісу,,,KZZHS,0.3
2015,100 000 халыққа,Қарағанды,,,KZKAR,1.47
2015,100 000 халыққа,Қостанай,,,KZKUS,0.11
2015,100 000 халыққа,Қызылорда,,,KZKZY,0.4
2015,100 000 халыққа,Маңғыстау,,,KZMAN,0.49
2015,100 000 халыққа,Павлодар,,,KZPAV,0.4
2015,100 000 халыққа,Солтүстік Қазақстан,,,KZSEV,0.18
2015,100 000 халыққа,Түркістан,,,KZYUZ,0.57
2015,100 000 халыққа,Ұлытау,,,KZULU,0.0
2015,100 000 халыққа,Шығыс Қазақстан,,,KZVOS,1.35
2015,100 000 халыққа,Астана қаласы,,,KZNS,1.27
2015,100 000 халыққа,Алматы қаласы,,,KZALA,0.06
2015,100 000 халыққа,Шымкент қаласы,,,KZSHY,1.72
2015,100 000 халыққа,,қала,,,0.71
2015,100 000 халыққа,Абай,қала,,KZABY,3.18
2015,100 000 халыққа,Ақмола,қала,,KZAKM,0.28
2015,100 000 халыққа,Ақтөбе,қала,,KZAKT,0.18
2015,100 000 халыққа,Алматы,қала,,KZALM,0.5
2015,100 000 халыққа,Атырау,қала,,KZATY,0.31
2015,100 000 халыққа,Батыс Қазақстан,қала,,KZZAP,0.63
2015,100 000 халыққа,Жамбыл,қала,,KZZHA,0.45
2015,100 000 халыққа,Жетісу,қала,,KZZHS,8.51
2015,100 000 халыққа,Қарағанды,қала,,KZKAR,1.09
2015,100 000 халыққа,Қостанай,қала,,KZKUS,0.0
2015,100 000 халыққа,Қызылорда,қала,,KZKZY,0.61
2015,100 000 халыққа,Маңғыстау,қала,,KZMAN,0.7
2015,100 000 халыққа,Павлодар,қала,,KZPAV,0.0
2015,100 000 халыққа,Солтүстік Қазақстан,қала,,KZSEV,0.4
2015,100 000 халыққа,Түркістан,қала,,KZYUZ,0.77
2015,100 000 халыққа,Ұлытау,қала,,KZULU,0.0
2015,100 000 халыққа,Шығыс Қазақстан,қала,,KZVOS,1.32
2015,100 000 халыққа,Астана қаласы,қала,,KZNS,1.27
2015,100 000 халыққа,Алматы қаласы,қала,,KZALA,0.06
2015,100 000 халыққа,Шымкент қаласы,қала,,KZSHY,1.72
2015,100 000 халыққа,,ауыл,,,0.62
2015,100 000 халыққа,Абай,ауыл,,KZABY,2.87
2015,100 000 халыққа,Ақмола,ауыл,,KZAKM,0.52
2015,100 000 халыққа,Ақтөбе,ауыл,,KZAKT,0.0
2015,100 000 халыққа,Алматы,ауыл,,KZALM,0.28
2015,100 000 халыққа,Атырау,ауыл,,KZATY,1.5
2015,100 000 халыққа,Батыс Қазақстан,ауыл,,KZZAP,0.94
2015,100 000 халыққа,Жамбыл,ауыл,,KZZHA,0.0
2015,100 000 халыққа,Жетісу,ауыл,,KZZHS,4.88
2015,100 000 халыққа,Қарағанды,ауыл,,KZKAR,2.96
2015,100 000 халыққа,Қостанай,ауыл,,KZKUS,0.25
2015,100 000 халыққа,Қызылорда,ауыл,,KZKZY,0.23
2015,100 000 халыққа,Маңғыстау,ауыл,,KZMAN,0.3
2015,100 000 халыққа,Павлодар,ауыл,,KZPAV,1.34
2015,100 000 халыққа,Солтүстік Қазақстан,ауыл,,KZSEV,0.0
2015,100 000 халыққа,Түркістан,ауыл,,KZYUZ,0.52
2015,100 000 халыққа,Ұлытау,ауыл,,KZULU,0.0
2015,100 000 халыққа,Шығыс Қазақстан,ауыл,,KZVOS,1.41
2015,100 000 халыққа,,,ерлер,,0.58
2015,100 000 халыққа,Абай,,ерлер,KZABY,1.27
2015,100 000 халыққа,Ақмола,,ерлер,KZAKM,0.56
2015,100 000 халыққа,Ақтөбе,,ерлер,KZAKT,0.0
2015,100 000 халыққа,Алматы,,ерлер,KZALM,0.16
2015,100 000 халыққа,Атырау,,ерлер,KZATY,0.35
2015,100 000 халыққа,Батыс Қазақстан,,ерлер,KZZAP,0.33
2015,100 000 халыққа,Жамбыл,,ерлер,KZZHA,0.18
2015,100 000 халыққа,Жетісу,,ерлер,KZZHS,8.63
2015,100 000 халыққа,Қарағанды,,ерлер,KZKAR,1.29
2015,100 000 халыққа,Қостанай,,ерлер,KZKUS,0.24
2015,100 000 халыққа,Қызылорда,,ерлер,KZKZY,0.79
2015,100 000 халыққа,Маңғыстау,,ерлер,KZMAN,0.65
2015,100 000 халыққа,Павлодар,,ерлер,KZPAV,0.28
2015,100 000 халыққа,Солтүстік Қазақстан,,ерлер,KZSEV,0.0
2015,100 000 халыққа,Түркістан,,ерлер,KZYUZ,0.51
2015,100 000 халыққа,Ұлытау,,ерлер,KZULU,0.0
2015,100 000 халыққа,Шығыс Қазақстан,,ерлер,KZVOS,1.72
2015,100 000 халыққа,Астана қаласы,,ерлер,KZNS,1.19
2015,100 000 халыққа,Алматы қаласы,,ерлер,KZALA,0.13
2015,100 000 халыққа,Шымкент қаласы,,ерлер,KZSHY,1.67
2015,100 000 халыққа,,қала,ерлер,,0.63
2015,100 000 халыққа,Абай,қала,ерлер,KZABY,1.7
2015,100 000 халыққа,Ақмола,қала,ерлер,KZAKM,0.6
2015,100 000 халыққа,Ақтөбе,қала,ерлер,KZAKT,0.0
2015,100 000 халыққа,Алматы,қала,ерлер,KZALM,0.0
2015,100 000 халыққа,Атырау,қала,ерлер,KZATY,0.0
2015,100 000 халыққа,Батыс Қазақстан,қала,ерлер,KZZAP,0.0
2015,100 000 халыққа,Жамбыл,қала,ерлер,KZZHA,0.47
2015,100 000 халыққа,Жетісу,қала,ерлер,KZZHS,14.02
2015,100 000 халыққа,Қарағанды,қала,ерлер,KZKAR,0.94
2015,100 000 халыққа,Қостанай,қала,ерлер,KZKUS,0.0
2015,100 000 халыққа,Қызылорда,қала,ерлер,KZKZY,1.24
2015,100 000 халыққа,Маңғыстау,қала,ерлер,KZMAN,0.72
2015,100 000 халыққа,Павлодар,қала,ерлер,KZPAV,0.0
2015,100 000 халыққа,Солтүстік Қазақстан,қала,ерлер,KZSEV,0.0
2015,100 000 халыққа,Түркістан,қала,ерлер,KZYUZ,0.51
2015,100 000 халыққа,Ұлытау,қала,ерлер,KZULU,0.0
2015,100 000 халыққа,Шығыс Қазақстан,қала,ерлер,KZVOS,1.93
2015,100 000 халыққа,Астана қаласы,қала,ерлер,KZNS,1.19
2015,100 000 халыққа,Алматы қаласы,қала,ерлер,KZALA,0.13
2015,100 000 халыққа,Шымкент қаласы,қала,ерлер,KZSHY,1.67
2015,100 000 халыққа,,ауыл,ерлер,,0.51
2015,100 000 халыққа,Абай,ауыл,ерлер,KZABY,0.72
2015,100 000 халыққа,Ақмола,ауыл,ерлер,KZAKM,0.53
2015,100 000 халыққа,Ақтөбе,ауыл,ерлер,KZAKT,0.0
2015,100 000 халыққа,Алматы,ауыл,ерлер,KZALM,0.19
2015,100 000 халыққа,Атырау,ауыл,ерлер,KZATY,0.74
2015,100 000 халыққа,Батыс Қазақстан,ауыл,ерлер,KZZAP,0.63
2015,100 000 халыққа,Жамбыл,ауыл,ерлер,KZZHA,0.0
2015,100 000 халыққа,Жетісу,ауыл,ерлер,KZZHS,5.1
2015,100 000 халыққа,Қарағанды,ауыл,ерлер,KZKAR,2.52
2015,100 000 халыққа,Қостанай,ауыл,ерлер,KZKUS,0.52
2015,100 000 халыққа,Қызылорда,ауыл,ерлер,KZKZY,0.46
2015,100 000 халыққа,Маңғыстау,ауыл,ерлер,KZMAN,0.59
2015,100 000 халыққа,Павлодар,ауыл,ерлер,KZPAV,0.89
2015,100 000 халыққа,Солтүстік Қазақстан,ауыл,ерлер,KZSEV,0.0
2015,100 000 халыққа,Түркістан,ауыл,ерлер,KZYUZ,0.51
2015,100 000 халыққа,Ұлытау,ауыл,ерлер,KZULU,0.0
2015,100 000 халыққа,Шығыс Қазақстан,ауыл,ерлер,KZVOS,1.42
2015,100 000 халыққа,,,әйелдер,,0.59
2015,100 000 халыққа,Абай,,әйелдер,KZABY,4.71
2015,100 000 халыққа,Ақмола,,әйелдер,KZAKM,0.26
2015,100 000 халыққа,Ақтөбе,,әйелдер,KZAKT,0.23
2015,100 000 халыққа,Алматы,,әйелдер,KZALM,0.46
2015,100 000 халыққа,Атырау,,әйелдер,KZATY,1.34
2015,100 000 халыққа,Батыс Қазақстан,,әйелдер,KZZAP,1.22
2015,100 000 халыққа,Жамбыл,,әйелдер,KZZHA,0.18
2015,100 000 халыққа,Жетісу,,әйелдер,KZZHS,4.18
2015,100 000 халыққа,Қарағанды,,әйелдер,KZKAR,1.64
2015,100 000 халыққа,Қостанай,,әйелдер,KZKUS,0.0
2015,100 000 халыққа,Қызылорда,,әйелдер,KZKZY,0.0
2015,100 000 халыққа,Маңғыстау,,әйелдер,KZMAN,0.32
2015,100 000 халыққа,Павлодар,,әйелдер,KZPAV,0.5
2015,100 000 халыққа,Солтүстік Қазақстан,,әйелдер,KZSEV,0.34
2015,100 000 халыққа,Түркістан,,әйелдер,KZYUZ,0.62
2015,100 000 халыққа,Ұлытау,,әйелдер,KZULU,0.0
2015,100 000 халыққа,Шығыс Қазақстан,,әйелдер,KZVOS,1.02
2015,100 000 халыққа,Астана қаласы,,әйелдер,KZNS,1.33
2015,100 000 халыққа,Алматы қаласы,,әйелдер,KZALA,0.0
2015,100 000 халыққа,Шымкент қаласы,,әйелдер,KZSHY,1.76
2015,100 000 халыққа,,қала,әйелдер,,0.79
2015,100 000 халыққа,Абай,қала,әйелдер,KZABY,4.48
2015,100 000 халыққа,Ақмола,қала,әйелдер,KZAKM,0.0
2015,100 000 халыққа,Ақтөбе,қала,әйелдер,KZAKT,0.34
2015,100 000 халыққа,Алматы,қала,әйелдер,KZALM,0.97
2015,100 000 халыққа,Атырау,қала,әйелдер,KZATY,0.6
2015,100 000 халыққа,Батыс Қазақстан,қала,әйелдер,KZZAP,1.18
2015,100 000 халыққа,Жамбыл,қала,әйелдер,KZZHA,0.43
2015,100 000 халыққа,Жетісу,қала,әйелдер,KZZHS,3.53
2015,100 000 халыққа,Қарағанды,қала,әйелдер,KZKAR,1.22
2015,100 000 халыққа,Қостанай,қала,әйелдер,KZKUS,0.0
2015,100 000 халыққа,Қызылорда,қала,әйелдер,KZKZY,0.0
2015,100 000 халыққа,Маңғыстау,қала,әйелдер,KZMAN,0.69
2015,100 000 халыққа,Павлодар,қала,әйелдер,KZPAV,0.0
2015,100 000 халыққа,Солтүстік Қазақстан,қала,әйелдер,KZSEV,0.74
2015,100 000 халыққа,Түркістан,қала,әйелдер,KZYUZ,1.02
2015,100 000 халыққа,Ұлытау,қала,әйелдер,KZULU,0.0
2015,100 000 халыққа,Шығыс Қазақстан,қала,әйелдер,KZVOS,0.81
2015,100 000 халыққа,Астана қаласы,қала,әйелдер,KZNS,1.33
2015,100 000 халыққа,Алматы қаласы,қала,әйелдер,KZALA,0.0
2015,100 000 халыққа,Шымкент қаласы,қала,әйелдер,KZSHY,1.76
2015,100 000 халыққа,,ауыл,әйелдер,,0.73
2015,100 000 халыққа,Абай,ауыл,әйелдер,KZABY,5.05
2015,100 000 халыққа,Ақмола,ауыл,әйелдер,KZAKM,0.52
2015,100 000 халыққа,Ақтөбе,ауыл,әйелдер,KZAKT,0.0
2015,100 000 халыққа,Алматы,ауыл,әйелдер,KZALM,0.37
2015,100 000 халыққа,Атырау,ауыл,әйелдер,KZATY,2.26
2015,100 000 халыққа,Батыс Қазақстан,ауыл,әйелдер,KZZAP,1.27
2015,100 000 халыққа,Жамбыл,ауыл,әйелдер,KZZHA,0.0
2015,100 000 халыққа,Жетісу,ауыл,әйелдер,KZZHS,4.66
2015,100 000 халыққа,Қарағанды,ауыл,әйелдер,KZKAR,3.4
2015,100 000 халыққа,Қостанай,ауыл,әйелдер,KZKUS,0.0
2015,100 000 халыққа,Қызылорда,ауыл,әйелдер,KZKZY,0.0
2015,100 000 халыққа,Маңғыстау,ауыл,әйелдер,KZMAN,0.0
2015,100 000 халыққа,Павлодар,ауыл,әйелдер,KZPAV,1.78
2015,100 000 халыққа,Солтүстік Қазақстан,ауыл,әйелдер,KZSEV,0.0
2015,100 000 халыққа,Түркістан,ауыл,әйелдер,KZYUZ,0.52
2015,100 000 халыққа,Ұлытау,ауыл,әйелдер,KZULU,0.0
2015,100 000 халыққа,Шығыс Қазақстан,ауыл,әйелдер,KZVOS,1.4
2016,100 000 халыққа,,,,,0.81
2016,100 000 халыққа,Абай,,,KZABY,1.53
2016,100 000 халыққа,Ақмола,,,KZAKM,0.95
2016,100 000 халыққа,Ақтөбе,,,KZAKT,0.0
2016,100 000 халыққа,Алматы,,,KZALM,0.23
2016,100 000 халыққа,Атырау,,,KZATY,1.0
2016,100 000 халыққа,Батыс Қазақстан,,,KZZAP,0.78
2016,100 000 халыққа,Жамбыл,,,KZZHA,0.54
2016,100 000 халыққа,Жетісу,,,KZZHS,0.15
2016,100 000 халыққа,Қарағанды,,,KZKAR,0.69
2016,100 000 халыққа,Қостанай,,,KZKUS,0.57
2016,100 000 халыққа,Қызылорда,,,KZKZY,0.39
2016,100 000 халыққа,Маңғыстау,,,KZMAN,1.26
2016,100 000 халыққа,Павлодар,,,KZPAV,0.92
2016,100 000 халыққа,Солтүстік Қазақстан,,,KZSEV,0.18
2016,100 000 халыққа,Түркістан,,,KZYUZ,1.94
2016,100 000 халыққа,Ұлытау,,,KZULU,0.44
2016,100 000 халыққа,Шығыс Қазақстан,,,KZVOS,1.49
2016,100 000 халыққа,Астана қаласы,,,KZNS,0.22
2016,100 000 халыққа,Алматы қаласы,,,KZALA,0.17
2016,100 000 халыққа,Шымкент қаласы,,,KZSHY,2.11
2016,100 000 халыққа,,қала,,,0.65
2016,100 000 халыққа,Абай,қала,,KZABY,1.05
2016,100 000 халыққа,Ақмола,қала,,KZAKM,0.56
2016,100 000 халыққа,Ақтөбе,қала,,KZAKT,0.0
2016,100 000 халыққа,Алматы,қала,,KZALM,1.0
2016,100 000 халыққа,Атырау,қала,,KZATY,1.21
2016,100 000 халыққа,Батыс Қазақстан,қала,,KZZAP,0.31
2016,100 000 халыққа,Жамбыл,қала,,KZZHA,0.45
2016,100 000 халыққа,Жетісу,қала,,KZZHS,0.0
2016,100 000 халыққа,Қарағанды,қала,,KZKAR,0.22
2016,100 000 халыққа,Қостанай,қала,,KZKUS,0.41
2016,100 000 халыққа,Қызылорда,қала,,KZKZY,0.0
2016,100 000 халыққа,Маңғыстау,қала,,KZMAN,1.74
2016,100 000 халыққа,Павлодар,қала,,KZPAV,1.12
2016,100 000 халыққа,Солтүстік Қазақстан,қала,,KZSEV,0.0
2016,100 000 халыққа,Түркістан,қала,,KZYUZ,2.04
2016,100 000 халыққа,Ұлытау,қала,,KZULU,0.0
2016,100 000 халыққа,Шығыс Қазақстан,қала,,KZVOS,1.09
2016,100 000 халыққа,Астана қаласы,қала,,KZNS,0.22
2016,100 000 халыққа,Алматы қаласы,қала,,KZALA,0.17
2016,100 000 халыққа,Шымкент қаласы,қала,,KZSHY,2.11
2016,100 000 халыққа,,ауыл,,,1.03
2016,100 000 халыққа,Абай,ауыл,,KZABY,2.19
2016,100 000 халыққа,Ақмола,ауыл,,KZAKM,1.32
2016,100 000 халыққа,Ақтөбе,ауыл,,KZAKT,0.0
2016,100 000 халыққа,Алматы,ауыл,,KZALM,0.09
2016,100 000 халыққа,Атырау,ауыл,,KZATY,0.74
2016,100 000 халыққа,Батыс Қазақстан,ауыл,,KZZAP,1.26
2016,100 000 халыққа,Жамбыл,ауыл,,KZZHA,0.6
2016,100 000 халыққа,Жетісу,ауыл,,KZZHS,0.26
2016,100 000 халыққа,Қарағанды,ауыл,,KZKAR,2.57
2016,100 000 халыққа,Қостанай,ауыл,,KZKUS,0.77
2016,100 000 халыққа,Қызылорда,ауыл,,KZKZY,0.7
2016,100 000 халыққа,Маңғыстау,ауыл,,KZMAN,0.86
2016,100 000 халыққа,Павлодар,ауыл,,KZPAV,0.45
2016,100 000 халыққа,Солтүстік Қазақстан,ауыл,,KZSEV,0.32
2016,100 000 халыққа,Түркістан,ауыл,,KZYUZ,1.92
2016,100 000 халыққа,Ұлытау,ауыл,,KZULU,1.96
2016,100 000 халыққа,Шығыс Қазақстан,ауыл,,KZVOS,2.14
2016,100 000 халыққа,,,ерлер,,0.83
2016,100 000 халыққа,Абай,,ерлер,KZABY,0.95
2016,100 000 халыққа,Ақмола,,ерлер,KZAKM,1.4
2016,100 000 халыққа,Ақтөбе,,ерлер,KZAKT,0.0
2016,100 000 халыққа,Алматы,,ерлер,KZALM,0.16
2016,100 000 халыққа,Атырау,,ерлер,KZATY,1.01
2016,100 000 халыққа,Батыс Қазақстан,,ерлер,KZZAP,0.32
2016,100 000 халыққа,Жамбыл,,ерлер,KZZHA,0.92
2016,100 000 халыққа,Жетісу,,ерлер,KZZHS,0.0
2016,100 000 халыққа,Қарағанды,,ерлер,KZKAR,0.55
2016,100 000 халыққа,Қостанай,,ерлер,KZKUS,0.72
2016,100 000 халыққа,Қызылорда,,ерлер,KZKZY,0.52
2016,100 000 халыққа,Маңғыстау,,ерлер,KZMAN,1.58
2016,100 000 халыққа,Павлодар,,ерлер,KZPAV,0.56
2016,100 000 халыққа,Солтүстік Қазақстан,,ерлер,KZSEV,0.0
2016,100 000 халыққа,Түркістан,,ерлер,KZYUZ,2.53
2016,100 000 халыққа,Ұлытау,,ерлер,KZULU,0.91
2016,100 000 халыққа,Шығыс Қазақстан,,ерлер,KZVOS,1.73
2016,100 000 халыққа,Астана қаласы,,ерлер,KZNS,0.22
2016,100 000 халыққа,Алматы қаласы,,ерлер,KZALA,0.13
2016,100 000 халыққа,Шымкент қаласы,,ерлер,KZSHY,0.93
2016,100 000 халыққа,,қала,ерлер,,0.56
2016,100 000 халыққа,Абай,қала,ерлер,KZABY,0.56
2016,100 000 халыққа,Ақмола,қала,ерлер,KZAKM,0.59
2016,100 000 халыққа,Ақтөбе,қала,ерлер,KZAKT,0.0
2016,100 000 халыққа,Алматы,қала,ерлер,KZALM,1.04
2016,100 000 халыққа,Атырау,қала,ерлер,KZATY,1.25
2016,100 000 халыққа,Батыс Қазақстан,қала,ерлер,KZZAP,0.0
2016,100 000 халыққа,Жамбыл,қала,ерлер,KZZHA,0.47
2016,100 000 халыққа,Жетісу,қала,ерлер,KZZHS,0.0
2016,100 000 халыққа,Қарағанды,қала,ерлер,KZKAR,0.23
2016,100 000 халыққа,Қостанай,қала,ерлер,KZKUS,0.44
2016,100 000 халыққа,Қызылорда,қала,ерлер,KZKZY,0.0
2016,100 000 халыққа,Маңғыстау,қала,ерлер,KZMAN,2.14
2016,100 000 халыққа,Павлодар,қала,ерлер,KZPAV,0.81
2016,100 000 халыққа,Солтүстік Қазақстан,қала,ерлер,KZSEV,0.0
2016,100 000 халыққа,Түркістан,қала,ерлер,KZYUZ,2.54
2016,100 000 халыққа,Ұлытау,қала,ерлер,KZULU,0.0
2016,100 000 халыққа,Шығыс Қазақстан,қала,ерлер,KZVOS,1.44
2016,100 000 халыққа,Астана қаласы,қала,ерлер,KZNS,0.22
2016,100 000 халыққа,Алматы қаласы,қала,ерлер,KZALA,0.13
2016,100 000 халыққа,Шымкент қаласы,қала,ерлер,KZSHY,0.93
2016,100 000 халыққа,,ауыл,ерлер,,1.03
2016,100 000 халыққа,Абай,ауыл,ерлер,KZABY,2.19
2016,100 000 халыққа,Ақмола,ауыл,ерлер,KZAKM,1.32
2016,100 000 халыққа,Ақтөбе,ауыл,ерлер,KZAKT,0.0
2016,100 000 халыққа,Алматы,ауыл,ерлер,KZALM,0.09
2016,100 000 халыққа,Атырау,ауыл,ерлер,KZATY,0.74
2016,100 000 халыққа,Батыс Қазақстан,ауыл,ерлер,KZZAP,1.26
2016,100 000 халыққа,Жамбыл,ауыл,ерлер,KZZHA,0.6
2016,100 000 халыққа,Жетісу,ауыл,ерлер,KZZHS,0.26
2016,100 000 халыққа,Қарағанды,ауыл,ерлер,KZKAR,2.57
2016,100 000 халыққа,Қостанай,ауыл,ерлер,KZKUS,0.77
2016,100 000 халыққа,Қызылорда,ауыл,ерлер,KZKZY,0.7
2016,100 000 халыққа,Маңғыстау,ауыл,ерлер,KZMAN,0.86
2016,100 000 халыққа,Павлодар,ауыл,ерлер,KZPAV,0.45
2016,100 000 халыққа,Солтүстік Қазақстан,ауыл,ерлер,KZSEV,0.32
2016,100 000 халыққа,Түркістан,ауыл,ерлер,KZYUZ,1.92
2016,100 000 халыққа,Ұлытау,ауыл,ерлер,KZULU,1.96
2016,100 000 халыққа,Шығыс Қазақстан,ауыл,ерлер,KZVOS,2.14
2016,100 000 халыққа,,,әйелдер,,0.59
2016,100 000 халыққа,Абай,,әйелдер,KZABY,2.07
2016,100 000 халыққа,Ақмола,,әйелдер,KZAKM,0.52
2016,100 000 халыққа,Ақтөбе,,әйелдер,KZAKT,0.0
2016,100 000 халыққа,Алматы,,әйелдер,KZALM,0.3
2016,100 000 халыққа,Атырау,,әйелдер,KZATY,0.98
2016,100 000 халыққа,Батыс Қазақстан,,әйелдер,KZZAP,1.21
2016,100 000 халыққа,Жамбыл,,әйелдер,KZZHA,0.18
2016,100 000 халыққа,Жетісу,,әйелдер,KZZHS,0.3
2016,100 000 халыққа,Қарағанды,,әйелдер,KZKAR,0.82
2016,100 000 халыққа,Қостанай,,әйелдер,KZKUS,0.43
2016,100 000 халыққа,Қызылорда,,әйелдер,KZKZY,0.26
2016,100 000 халыққа,Маңғыстау,,әйелдер,KZMAN,0.94
2016,100 000 халыққа,Павлодар,,әйелдер,KZPAV,1.25
2016,100 000 халыққа,Солтүстік Қазақстан,,әйелдер,KZSEV,0.34
2016,100 000 халыққа,Түркістан,,әйелдер,KZYUZ,1.34
2016,100 000 халыққа,Ұлытау,,әйелдер,KZULU,0.0
2016,100 000 халыққа,Шығыс Қазақстан,,әйелдер,KZVOS,1.28
2016,100 000 халыққа,Астана қаласы,,әйелдер,KZNS,0.21
2016,100 000 халыққа,Алматы қаласы,,әйелдер,KZALA,0.21
2016,100 000 халыққа,Шымкент қаласы,,әйелдер,KZSHY,3.21
2016,100 000 халыққа,,қала,әйелдер,,0.73
2016,100 000 халыққа,Абай,қала,әйелдер,KZABY,1.48
2016,100 000 халыққа,Ақмола,қала,әйелдер,KZAKM,0.53
2016,100 000 халыққа,Ақтөбе,қала,әйелдер,KZAKT,0.0
2016,100 000 халыққа,Алматы,қала,әйелдер,KZALM,0.96
2016,100 000 халыққа,Атырау,қала,әйелдер,KZATY,1.17
2016,100 000 халыққа,Батыс Қазақстан,қала,әйелдер,KZZAP,0.58
2016,100 000 халыққа,Жамбыл,қала,әйелдер,KZZHA,0.42
2016,100 000 халыққа,Жетісу,қала,әйелдер,KZZHS,0.0
2016,100 000 халыққа,Қарағанды,қала,әйелдер,KZKAR,0.2
2016,100 000 халыққа,Қостанай,қала,әйелдер,KZKUS,0.38
2016,100 000 халыққа,Қызылорда,қала,әйелдер,KZKZY,0.0
2016,100 000 халыққа,Маңғыстау,қала,әйелдер,KZMAN,1.36
2016,100 000 халыққа,Павлодар,қала,әйелдер,KZPAV,1.39
2016,100 000 халыққа,Солтүстік Қазақстан,қала,әйелдер,KZSEV,0.0
2016,100 000 халыққа,Түркістан,қала,әйелдер,KZYUZ,1.54
2016,100 000 халыққа,Ұлытау,қала,әйелдер,KZULU,0.0
2016,100 000 халыққа,Шығыс Қазақстан,қала,әйелдер,KZVOS,0.8
2016,100 000 халыққа,Астана қаласы,қала,әйелдер,KZNS,0.21
2016,100 000 халыққа,Алматы қаласы,қала,әйелдер,KZALA,0.21
2016,100 000 халыққа,Шымкент қаласы,қала,әйелдер,KZSHY,3.21
2016,100 000 халыққа,,ауыл,әйелдер,,0.88
2016,100 000 халыққа,Абай,ауыл,әйелдер,KZABY,2.93
2016,100 000 халыққа,Ақмола,ауыл,әйелдер,KZAKM,0.52
2016,100 000 халыққа,Ақтөбе,ауыл,әйелдер,KZAKT,0.0
2016,100 000 халыққа,Алматы,ауыл,әйелдер,KZALM,0.18
2016,100 000 халыққа,Атырау,ауыл,әйелдер,KZATY,0.75
2016,100 000 халыққа,Батыс Қазақстан,ауыл,әйелдер,KZZAP,1.9
2016,100 000 халыққа,Жамбыл,ауыл,әйелдер,KZZHA,0.0
2016,100 000 халыққа,Жетісу,ауыл,әйелдер,KZZHS,0.52
2016,100 000 халыққа,Қарағанды,ауыл,әйелдер,KZKAR,3.44
2016,100 000 халыққа,Қостанай,ауыл,әйелдер,KZKUS,0.51
2016,100 000 халыққа,Қызылорда,ауыл,әйелдер,KZKZY,0.47
2016,100 000 халыққа,Маңғыстау,ауыл,әйелдер,KZMAN,0.58
2016,100 000 халыққа,Павлодар,ауыл,әйелдер,KZPAV,0.9
2016,100 000 халыққа,Солтүстік Қазақстан,ауыл,әйелдер,KZSEV,0.63
2016,100 000 халыққа,Түркістан,ауыл,әйелдер,KZYUZ,1.29
2016,100 000 халыққа,Ұлытау,ауыл,әйелдер,KZULU,0.0
2016,100 000 халыққа,Шығыс Қазақстан,ауыл,әйелдер,KZVOS,2.13
2017,100 000 халыққа,,,,,0.99
2017,100 000 халыққа,Абай,,,KZABY,6.46
2017,100 000 халыққа,Ақмола,,,KZAKM,0.82
2017,100 000 халыққа,Ақтөбе,,,KZAKT,0.24
2017,100 000 халыққа,Алматы,,,KZALM,0.3
2017,100 000 халыққа,Атырау,,,KZATY,0.33
2017,100 000 халыққа,Батыс Қазақстан,,,KZZAP,1.55
2017,100 000 халыққа,Жамбыл,,,KZZHA,0.45
2017,100 000 халыққа,Жетісу,,,KZZHS,0.0
2017,100 000 халыққа,Қарағанды,,,KZKAR,0.43
2017,100 000 халыққа,Қостанай,,,KZKUS,0.23
2017,100 000 халыққа,Қызылорда,,,KZKZY,0.13
2017,100 000 халыққа,Маңғыстау,,,KZMAN,0.31
2017,100 000 халыққа,Павлодар,,,KZPAV,0.13
2017,100 000 халыққа,Солтүстік Қазақстан,,,KZSEV,0.0
2017,100 000 халыққа,Түркістан,,,KZYUZ,3.66
2017,100 000 халыққа,Ұлытау,,,KZULU,0.0
2017,100 000 халыққа,Шығыс Қазақстан,,,KZVOS,0.54
2017,100 000 халыққа,Астана қаласы,,,KZNS,0.0
2017,100 000 халыққа,Алматы қаласы,,,KZALA,0.11
2017,100 000 халыққа,Шымкент қаласы,,,KZSHY,1.93
2017,100 000 халыққа,,қала,,,0.62
2017,100 000 халыққа,Абай,қала,,KZABY,2.36
2017,100 000 халыққа,Ақмола,қала,,KZAKM,0.28
2017,100 000 халыққа,Ақтөбе,қала,,KZAKT,0.0
2017,100 000 халыққа,Алматы,қала,,KZALM,0.51
2017,100 000 халыққа,Атырау,қала,,KZATY,0.29
2017,100 000 халыққа,Батыс Қазақстан,қала,,KZZAP,2.43
2017,100 000 халыққа,Жамбыл,қала,,KZZHA,0.67
2017,100 000 халыққа,Жетісу,қала,,KZZHS,0.0
2017,100 000 халыққа,Қарағанды,қала,,KZKAR,0.43
2017,100 000 халыққа,Қостанай,қала,,KZKUS,0.4
2017,100 000 халыққа,Қызылорда,қала,,KZKZY,0.29
2017,100 000 халыққа,Маңғыстау,қала,,KZMAN,0.35
2017,100 000 халыққа,Павлодар,қала,,KZPAV,0.19
2017,100 000 халыққа,Солтүстік Қазақстан,қала,,KZSEV,0.0
2017,100 000 халыққа,Түркістан,қала,,KZYUZ,2.82
2017,100 000 халыққа,Ұлытау,қала,,KZULU,0.0
2017,100 000 халыққа,Шығыс Қазақстан,қала,,KZVOS,0.43
2017,100 000 халыққа,Астана қаласы,қала,,KZNS,0.0
2017,100 000 халыққа,Алматы қаласы,қала,,KZALA,0.11
2017,100 000 халыққа,Шымкент қаласы,қала,,KZSHY,1.93
2017,100 000 халыққа,,ауыл,,,1.5
2017,100 000 халыққа,Абай,ауыл,,KZABY,12.32
2017,100 000 халыққа,Ақмола,ауыл,,KZAKM,1.33
2017,100 000 халыққа,Ақтөбе,ауыл,,KZAKT,0.78
2017,100 000 халыққа,Алматы,ауыл,,KZALM,0.26
2017,100 000 халыққа,Атырау,ауыл,,KZATY,0.37
2017,100 000 халыққа,Батыс Қазақстан,ауыл,,KZZAP,0.64
2017,100 000 халыққа,Жамбыл,ауыл,,KZZHA,0.3
2017,100 000 халыққа,Жетісу,ауыл,,KZZHS,0.0
2017,100 000 халыққа,Қарағанды,ауыл,,KZKAR,0.43
2017,100 000 халыққа,Қостанай,ауыл,,KZKUS,0.0
2017,100 000 халыққа,Қызылорда,ауыл,,KZKZY,0.0
2017,100 000 халыққа,Маңғыстау,ауыл,,KZMAN,0.27
2017,100 000 халыққа,Павлодар,ауыл,,KZPAV,0.0
2017,100 000 халыққа,Солтүстік Қазақстан,ауыл,,KZSEV,0.0
2017,100 000 халыққа,Түркістан,ауыл,,KZYUZ,3.86
2017,100 000 халыққа,Ұлытау,ауыл,,KZULU,0.0
2017,100 000 халыққа,Шығыс Қазақстан,ауыл,,KZVOS,0.73
2017,100 000 халыққа,,,ерлер,,0.84
2017,100 000 халыққа,Абай,,ерлер,KZABY,3.51
2017,100 000 халыққа,Ақмола,,ерлер,KZAKM,0.84
2017,100 000 халыққа,Ақтөбе,,ерлер,KZAKT,0.49
2017,100 000 халыққа,Алматы,,ерлер,KZALM,0.15
2017,100 000 халыққа,Атырау,,ерлер,KZATY,0.33
2017,100 000 халыққа,Батыс Қазақстан,,ерлер,KZZAP,1.28
2017,100 000 халыққа,Жамбыл,,ерлер,KZZHA,0.55
2017,100 000 халыққа,Жетісу,,ерлер,KZZHS,0.0
2017,100 000 халыққа,Қарағанды,,ерлер,KZKAR,0.37
2017,100 000 халыққа,Қостанай,,ерлер,KZKUS,0.0
2017,100 000 халыққа,Қызылорда,,ерлер,KZKZY,0.0
2017,100 000 халыққа,Маңғыстау,,ерлер,KZMAN,0.31
2017,100 000 халыққа,Павлодар,,ерлер,KZPAV,0.0
2017,100 000 халыққа,Солтүстік Қазақстан,,ерлер,KZSEV,0.0
2017,100 000 халыққа,Түркістан,,ерлер,KZYUZ,3.11
2017,100 000 халыққа,Ұлытау,,ерлер,KZULU,0.0
2017,100 000 халыққа,Шығыс Қазақстан,,ерлер,KZVOS,0.58
2017,100 000 халыққа,Астана қаласы,,ерлер,KZNS,0.0
2017,100 000 халыққа,Алматы қаласы,,ерлер,KZALA,0.0
2017,100 000 халыққа,Шымкент қаласы,,ерлер,KZSHY,2.68
2017,100 000 халыққа,,қала,ерлер,,0.57
2017,100 000 халыққа,Абай,қала,ерлер,KZABY,0.0
2017,100 000 халыққа,Ақмола,қала,ерлер,KZAKM,0.59
2017,100 000 халыққа,Ақтөбе,қала,ерлер,KZAKT,0.0
2017,100 000 халыққа,Алматы,қала,ерлер,KZALM,0.0
2017,100 000 халыққа,Атырау,қала,ерлер,KZATY,0.0
2017,100 000 халыққа,Батыс Қазақстан,қала,ерлер,KZZAP,2.62
2017,100 000 халыққа,Жамбыл,қала,ерлер,KZZHA,0.94
2017,100 000 халыққа,Жетісу,қала,ерлер,KZZHS,0.0
2017,100 000 халыққа,Қарағанды,қала,ерлер,KZKAR,0.23
2017,100 000 халыққа,Қостанай,қала,ерлер,KZKUS,0.0
2017,100 000 халыққа,Қызылорда,қала,ерлер,KZKZY,0.0
2017,100 000 халыққа,Маңғыстау,қала,ерлер,KZMAN,0.0
2017,100 000 халыққа,Павлодар,қала,ерлер,KZPAV,0.0
2017,100 000 халыққа,Солтүстік Қазақстан,қала,ерлер,KZSEV,0.0
2017,100 000 халыққа,Түркістан,қала,ерлер,KZYUZ,3.57
2017,100 000 халыққа,Ұлытау,қала,ерлер,KZULU,0.0
2017,100 000 халыққа,Шығыс Қазақстан,қала,ерлер,KZVOS,0.48
2017,100 000 халыққа,Астана қаласы,қала,ерлер,KZNS,0.0
2017,100 000 халыққа,Алматы қаласы,қала,ерлер,KZALA,0.0
2017,100 000 халыққа,Шымкент қаласы,қала,ерлер,KZSHY,2.68
2017,100 000 халыққа,,ауыл,ерлер,,1.19
2017,100 000 халыққа,Абай,ауыл,ерлер,KZABY,8.17
2017,100 000 халыққа,Ақмола,ауыл,ерлер,KZAKM,1.07
2017,100 000 халыққа,Ақтөбе,ауыл,ерлер,KZAKT,1.55
2017,100 000 халыққа,Алматы,ауыл,ерлер,KZALM,0.18
2017,100 000 халыққа,Атырау,ауыл,ерлер,KZATY,0.72
2017,100 000 халыққа,Батыс Қазақстан,ауыл,ерлер,KZZAP,0.0
2017,100 000 халыққа,Жамбыл,ауыл,ерлер,KZZHA,0.3
2017,100 000 халыққа,Жетісу,ауыл,ерлер,KZZHS,0.0
2017,100 000 халыққа,Қарағанды,ауыл,ерлер,KZKAR,0.86
2017,100 000 халыққа,Қостанай,ауыл,ерлер,KZKUS,0.0
2017,100 000 халыққа,Қызылорда,ауыл,ерлер,KZKZY,0.0
2017,100 000 халыққа,Маңғыстау,ауыл,ерлер,KZMAN,0.54
2017,100 000 халыққа,Павлодар,ауыл,ерлер,KZPAV,0.0
2017,100 000 халыққа,Солтүстік Қазақстан,ауыл,ерлер,KZSEV,0.0
2017,100 000 халыққа,Түркістан,ауыл,ерлер,KZYUZ,3.0
2017,100 000 халыққа,Ұлытау,ауыл,ерлер,KZULU,0.0
2017,100 000 халыққа,Шығыс Қазақстан,ауыл,ерлер,KZVOS,0.73
2017,100 000 халыққа,,,әйелдер,,0.59
2017,100 000 халыққа,Абай,,әйелдер,KZABY,9.22
2017,100 000 халыққа,Ақмола,,әйелдер,KZAKM,0.79
2017,100 000 халыққа,Ақтөбе,,әйелдер,KZAKT,0.0
2017,100 000 халыққа,Алматы,,әйелдер,KZALM,0.44
2017,100 000 халыққа,Атырау,,әйелдер,KZATY,0.32
2017,100 000 халыққа,Батыс Қазақстан,,әйелдер,KZZAP,1.81
2017,100 000 халыққа,Жамбыл,,әйелдер,KZZHA,0.35
2017,100 000 халыққа,Жетісу,,әйелдер,KZZHS,0.0
2017,100 000 халыққа,Қарағанды,,әйелдер,KZKAR,0.49
2017,100 000 халыққа,Қостанай,,әйелдер,KZKUS,0.43
2017,100 000 халыққа,Қызылорда,,әйелдер,KZKZY,0.26
2017,100 000 халыққа,Маңғыстау,,әйелдер,KZMAN,0.31
2017,100 000 халыққа,Павлодар,,әйелдер,KZPAV,0.25
2017,100 000 халыққа,Солтүстік Қазақстан,,әйелдер,KZSEV,0.0
2017,100 000 халыққа,Түркістан,,әйелдер,KZYUZ,4.21
2017,100 000 халыққа,Ұлытау,,әйелдер,KZULU,0.0
2017,100 000 халыққа,Шығыс Қазақстан,,әйелдер,KZVOS,0.51
2017,100 000 халыққа,Астана қаласы,,әйелдер,KZNS,0.0
2017,100 000 халыққа,Алматы қаласы,,әйелдер,KZALA,0.21
2017,100 000 халыққа,Шымкент қаласы,,әйелдер,KZSHY,1.24
2017,100 000 халыққа,,қала,әйелдер,,0.67
2017,100 000 халыққа,Абай,қала,әйелдер,KZABY,4.44
2017,100 000 халыққа,Ақмола,қала,әйелдер,KZAKM,0.0
2017,100 000 халыққа,Ақтөбе,қала,әйелдер,KZAKT,0.0
2017,100 000 халыққа,Алматы,қала,әйелдер,KZALM,0.97
2017,100 000 халыққа,Атырау,қала,әйелдер,KZATY,0.57
2017,100 000 халыққа,Батыс Қазақстан,қала,әйелдер,KZZAP,2.27
2017,100 000 халыққа,Жамбыл,қала,әйелдер,KZZHA,0.43
2017,100 000 халыққа,Жетісу,қала,әйелдер,KZZHS,0.0
2017,100 000 халыққа,Қарағанды,қала,әйелдер,KZKAR,0.6
2017,100 000 халыққа,Қостанай,қала,әйелдер,KZKUS,0.75
2017,100 000 халыққа,Қызылорда,қала,әйелдер,KZKZY,0.57
2017,100 000 халыққа,Маңғыстау,қала,әйелдер,KZMAN,0.68
2017,100 000 халыққа,Павлодар,қала,әйелдер,KZPAV,0.35
2017,100 000 халыққа,Солтүстік Қазақстан,қала,әйелдер,KZSEV,0.0
2017,100 000 халыққа,Түркістан,қала,әйелдер,KZYUZ,2.06
2017,100 000 халыққа,Ұлытау,қала,әйелдер,KZULU,0.0
2017,100 000 халыққа,Шығыс Қазақстан,қала,әйелдер,KZVOS,0.4
2017,100 000 халыққа,Астана қаласы,қала,әйелдер,KZNS,0.0
2017,100 000 халыққа,Алматы қаласы,қала,әйелдер,KZALA,0.21
2017,100 000 халыққа,Шымкент қаласы,қала,әйелдер,KZSHY,1.24
2017,100 000 халыққа,,ауыл,әйелдер,,1.81
2017,100 000 халыққа,Абай,ауыл,әйелдер,KZABY,16.5
2017,100 000 халыққа,Ақмола,ауыл,әйелдер,KZAKM,1.59
2017,100 000 халыққа,Ақтөбе,ауыл,әйелдер,KZAKT,0.0
2017,100 000 халыққа,Алматы,ауыл,әйелдер,KZALM,0.35
2017,100 000 халыққа,Атырау,ауыл,әйелдер,KZATY,0.0
2017,100 000 халыққа,Батыс Қазақстан,ауыл,әйелдер,KZZAP,1.28
2017,100 000 халыққа,Жамбыл,ауыл,әйелдер,KZZHA,0.3
2017,100 000 халыққа,Жетісу,ауыл,әйелдер,KZZHS,0.0
2017,100 000 халыққа,Қарағанды,ауыл,әйелдер,KZKAR,0.0
2017,100 000 халыққа,Қостанай,ауыл,әйелдер,KZKUS,0.0
2017,100 000 халыққа,Қызылорда,ауыл,әйелдер,KZKZY,0.0
2017,100 000 халыққа,Маңғыстау,ауыл,әйелдер,KZMAN,0.0
2017,100 000 халыққа,Павлодар,ауыл,әйелдер,KZPAV,0.0
2017,100 000 халыққа,Солтүстік Қазақстан,ауыл,әйелдер,KZSEV,0.0
2017,100 000 халыққа,Түркістан,ауыл,әйелдер,KZYUZ,4.75
2017,100 000 халыққа,Ұлытау,ауыл,әйелдер,KZULU,0.0
2017,100 000 халыққа,Шығыс Қазақстан,ауыл,әйелдер,KZVOS,0.72
2018,100 000 халыққа,,,,,0.83
2018,100 000 халыққа,Абай,,,KZABY,2.32
2018,100 000 халыққа,Ақмола,,,KZAKM,1.08
2018,100 000 халыққа,Ақтөбе,,,KZAKT,0.23
2018,100 000 халыққа,Алматы,,,KZALM,0.22
2018,100 000 халыққа,Атырау,,,KZATY,0.0
2018,100 000 халыққа,Батыс Қазақстан,,,KZZAP,1.85
2018,100 000 халыққа,Жамбыл,,,KZZHA,0.27
2018,100 000 халыққа,Жетісу,,,KZZHS,0.3
2018,100 000 халыққа,Қарағанды,,,KZKAR,0.78
2018,100 000 халыққа,Қостанай,,,KZKUS,0.34
2018,100 000 халыққа,Қызылорда,,,KZKZY,0.25
2018,100 000 халыққа,Маңғыстау,,,KZMAN,0.3
2018,100 000 халыққа,Павлодар,,,KZPAV,1.86
2018,100 000 халыққа,Солтүстік Қазақстан,,,KZSEV,0.0
2018,100 000 халыққа,Түркістан,,,KZYUZ,2.33
2018,100 000 халыққа,Ұлытау,,,KZULU,0.44
2018,100 000 халыққа,Шығыс Қазақстан,,,KZVOS,0.95
2018,100 000 халыққа,Астана қаласы,,,KZNS,0.28
2018,100 000 халыққа,Алматы қаласы,,,KZALA,0.05
2018,100 000 халыққа,Шымкент қаласы,,,KZSHY,1.84
2018,100 000 халыққа,,қала,,,0.62
2018,100 000 халыққа,Абай,қала,,KZABY,0.26
2018,100 000 халыққа,Ақмола,қала,,KZAKM,0.55
2018,100 000 халыққа,Ақтөбе,қала,,KZAKT,0.16
2018,100 000 халыққа,Алматы,қала,,KZALM,0.0
2018,100 000 халыққа,Атырау,қала,,KZATY,0.0
2018,100 000 халыққа,Батыс Қазақстан,қала,,KZZAP,2.67
2018,100 000 халыққа,Жамбыл,қала,,KZZHA,0.22
2018,100 000 халыққа,Жетісу,қала,,KZZHS,0.37
2018,100 000 халыққа,Қарағанды,қала,,KZKAR,0.76
2018,100 000 халыққа,Қостанай,қала,,KZKUS,0.6
2018,100 000 халыққа,Қызылорда,қала,,KZKZY,0.0
2018,100 000 халыққа,Маңғыстау,қала,,KZMAN,0.0
2018,100 000 халыққа,Павлодар,қала,,KZPAV,2.25
2018,100 000 халыққа,Солтүстік Қазақстан,қала,,KZSEV,0.0
2018,100 000 халыққа,Түркістан,қала,,KZYUZ,1.28
2018,100 000 халыққа,Ұлытау,қала,,KZULU,0.0
2018,100 000 халыққа,Шығыс Қазақстан,қала,,KZVOS,0.43
2018,100 000 халыққа,Астана қаласы,қала,,KZNS,0.28
2018,100 000 халыққа,Алматы қаласы,қала,,KZALA,0.05
2018,100 000 халыққа,Шымкент қаласы,қала,,KZSHY,1.84
2018,100 000 халыққа,,ауыл,,,1.12
2018,100 000 халыққа,Абай,ауыл,,KZABY,5.32
2018,100 000 халыққа,Ақмола,ауыл,,KZAKM,1.59
2018,100 000 халыққа,Ақтөбе,ауыл,,KZAKT,0.39
2018,100 000 халыққа,Алматы,ауыл,,KZALM,0.26
2018,100 000 халыққа,Атырау,ауыл,,KZATY,0.0
2018,100 000 халыққа,Батыс Қазақстан,ауыл,,KZZAP,0.96
2018,100 000 халыққа,Жамбыл,ауыл,,KZZHA,0.3
2018,100 000 халыққа,Жетісу,ауыл,,KZZHS,0.25
2018,100 000 халыққа,Қарағанды,ауыл,,KZKAR,0.87
2018,100 000 халыққа,Қостанай,ауыл,,KZKUS,0.0
2018,100 000 халыққа,Қызылорда,ауыл,,KZKZY,0.46
2018,100 000 халыққа,Маңғыстау,ауыл,,KZMAN,0.52
2018,100 000 халыққа,Павлодар,ауыл,,KZPAV,0.9
2018,100 000 халыққа,Солтүстік Қазақстан,ауыл,,KZSEV,0.0
2018,100 000 халыққа,Түркістан,ауыл,,KZYUZ,2.58
2018,100 000 халыққа,Ұлытау,ауыл,,KZULU,1.95
2018,100 000 халыққа,Шығыс Қазақстан,ауыл,,KZVOS,1.86
2018,100 000 халыққа,,,ерлер,,0.81
2018,100 000 халыққа,Абай,,ерлер,KZABY,2.88
2018,100 000 халыққа,Ақмола,,ерлер,KZAKM,1.12
2018,100 000 халыққа,Ақтөбе,,ерлер,KZAKT,0.24
2018,100 000 халыққа,Алматы,,ерлер,KZALM,0.15
2018,100 000 халыққа,Атырау,,ерлер,KZATY,0.0
2018,100 000 халыққа,Батыс Қазақстан,,ерлер,KZZAP,0.95
2018,100 000 халыққа,Жамбыл,,ерлер,KZZHA,0.36
2018,100 000 халыққа,Жетісу,,ерлер,KZZHS,0.0
2018,100 000 халыққа,Қарағанды,,ерлер,KZKAR,0.92
2018,100 000 халыққа,Қостанай,,ерлер,KZKUS,0.24
2018,100 000 халыққа,Қызылорда,,ерлер,KZKZY,0.25
2018,100 000 халыққа,Маңғыстау,,ерлер,KZMAN,0.3
2018,100 000 халыққа,Павлодар,,ерлер,KZPAV,1.68
2018,100 000 халыққа,Солтүстік Қазақстан,,ерлер,KZSEV,0.0
2018,100 000 халыққа,Түркістан,,ерлер,KZYUZ,1.9
2018,100 000 халыққа,Ұлытау,,ерлер,KZULU,0.91
2018,100 000 халыққа,Шығыс Қазақстан,,ерлер,KZVOS,1.16
2018,100 000 халыққа,Астана қаласы,,ерлер,KZNS,0.39
2018,100 000 халыққа,Алматы қаласы,,ерлер,KZALA,0.12
2018,100 000 халыққа,Шымкент қаласы,,ерлер,KZSHY,2.12
2018,100 000 халыққа,,қала,ерлер,,0.66
2018,100 000 халыққа,Абай,қала,ерлер,KZABY,0.0
2018,100 000 халыққа,Ақмола,қала,ерлер,KZAKM,0.59
2018,100 000 халыққа,Ақтөбе,қала,ерлер,KZAKT,0.35
2018,100 000 халыққа,Алматы,қала,ерлер,KZALM,0.0
2018,100 000 халыққа,Атырау,қала,ерлер,KZATY,0.0
2018,100 000 халыққа,Батыс Қазақстан,қала,ерлер,KZZAP,1.28
2018,100 000 халыққа,Жамбыл,қала,ерлер,KZZHA,0.47
2018,100 000 халыққа,Жетісу,қала,ерлер,KZZHS,0.0
2018,100 000 халыққа,Қарағанды,қала,ерлер,KZKAR,0.93
2018,100 000 халыққа,Қостанай,қала,ерлер,KZKUS,0.44
2018,100 000 халыққа,Қызылорда,қала,ерлер,KZKZY,0.0
2018,100 000 халыққа,Маңғыстау,қала,ерлер,KZMAN,0.0
2018,100 000 халыққа,Павлодар,қала,ерлер,KZPAV,2.03
2018,100 000 халыққа,Солтүстік Қазақстан,қала,ерлер,KZSEV,0.0
2018,100 000 халыққа,Түркістан,қала,ерлер,KZYUZ,2.04
2018,100 000 халыққа,Ұлытау,қала,ерлер,KZULU,0.0
2018,100 000 халыққа,Шығыс Қазақстан,қала,ерлер,KZVOS,0.47
2018,100 000 халыққа,Астана қаласы,қала,ерлер,KZNS,0.39
2018,100 000 халыққа,Алматы қаласы,қала,ерлер,KZALA,0.12
2018,100 000 халыққа,Шымкент қаласы,қала,ерлер,KZSHY,2.12
2018,100 000 халыққа,,ауыл,ерлер,,1.02
2018,100 000 халыққа,Абай,ауыл,ерлер,KZABY,6.81
2018,100 000 халыққа,Ақмола,ауыл,ерлер,KZAKM,1.6
2018,100 000 халыққа,Ақтөбе,ауыл,ерлер,KZAKT,0.0
2018,100 000 халыққа,Алматы,ауыл,ерлер,KZALM,0.17
2018,100 000 халыққа,Атырау,ауыл,ерлер,KZATY,0.0
2018,100 000 халыққа,Батыс Қазақстан,ауыл,ерлер,KZZAP,0.63
2018,100 000 халыққа,Жамбыл,ауыл,ерлер,KZZHA,0.29
2018,100 000 халыққа,Жетісу,ауыл,ерлер,KZZHS,0.5
2018,100 000 халыққа,Қарағанды,ауыл,ерлер,KZKAR,0.87
2018,100 000 халыққа,Қостанай,ауыл,ерлер,KZKUS,0.0
2018,100 000 халыққа,Қызылорда,ауыл,ерлер,KZKZY,0.45
2018,100 000 халыққа,Маңғыстау,ауыл,ерлер,KZMAN,0.51
2018,100 000 халыққа,Павлодар,ауыл,ерлер,KZPAV,0.9
2018,100 000 халыққа,Солтүстік Қазақстан,ауыл,ерлер,KZSEV,0.0
2018,100 000 халыққа,Түркістан,ауыл,ерлер,KZYUZ,1.86
2018,100 000 халыққа,Ұлытау,ауыл,ерлер,KZULU,3.78
2018,100 000 халыққа,Шығыс Қазақстан,ауыл,ерлер,KZVOS,2.23
2018,100 000 халыққа,,,әйелдер,,0.59
2018,100 000 халыққа,Абай,,әйелдер,KZABY,1.79
2018,100 000 халыққа,Ақмола,,әйелдер,KZAKM,1.05
2018,100 000 халыққа,Ақтөбе,,әйелдер,KZAKT,0.22
2018,100 000 халыққа,Алматы,,әйелдер,KZALM,0.29
2018,100 000 халыққа,Атырау,,әйелдер,KZATY,0.0
2018,100 000 халыққа,Батыс Қазақстан,,әйелдер,KZZAP,2.69
2018,100 000 халыққа,Жамбыл,,әйелдер,KZZHA,0.18
2018,100 000 халыққа,Жетісу,,әйелдер,KZZHS,0.3
2018,100 000 халыққа,Қарағанды,,әйелдер,KZKAR,0.66
2018,100 000 халыққа,Қостанай,,әйелдер,KZKUS,0.44
2018,100 000 халыққа,Қызылорда,,әйелдер,KZKZY,0.25
2018,100 000 халыққа,Маңғыстау,,әйелдер,KZMAN,0.3
2018,100 000 халыққа,Павлодар,,әйелдер,KZPAV,2.01
2018,100 000 халыққа,Солтүстік Қазақстан,,әйелдер,KZSEV,0.0
2018,100 000 халыққа,Түркістан,,әйелдер,KZYUZ,2.76
2018,100 000 халыққа,Ұлытау,,әйелдер,KZULU,0.0
2018,100 000 халыққа,Шығыс Қазақстан,,әйелдер,KZVOS,0.77
2018,100 000 халыққа,Астана қаласы,,әйелдер,KZNS,0.18
2018,100 000 халыққа,Алматы қаласы,,әйелдер,KZALA,0.0
2018,100 000 халыққа,Шымкент қаласы,,әйелдер,KZSHY,1.57
2018,100 000 халыққа,,қала,әйелдер,,0.58
2018,100 000 халыққа,Абай,қала,әйелдер,KZABY,0.49
2018,100 000 халыққа,Ақмола,қала,әйелдер,KZAKM,0.52
2018,100 000 халыққа,Ақтөбе,қала,әйелдер,KZAKT,0.0
2018,100 000 халыққа,Алматы,қала,әйелдер,KZALM,0.0
2018,100 000 халыққа,Атырау,қала,әйелдер,KZATY,0.0
2018,100 000 халыққа,Батыс Қазақстан,қала,әйелдер,KZZAP,3.89
2018,100 000 халыққа,Жамбыл,қала,әйелдер,KZZHA,0.0
2018,100 000 халыққа,Жетісу,қала,әйелдер,KZZHS,0.71
2018,100 000 халыққа,Қарағанды,қала,әйелдер,KZKAR,0.61
2018,100 000 халыққа,Қостанай,қала,әйелдер,KZKUS,0.74
2018,100 000 халыққа,Қызылорда,қала,әйелдер,KZKZY,0.0
2018,100 000 халыққа,Маңғыстау,қала,әйелдер,KZMAN,0.0
2018,100 000 халыққа,Павлодар,қала,әйелдер,KZPAV,2.44
2018,100 000 халыққа,Солтүстік Қазақстан,қала,әйелдер,KZSEV,0.0
2018,100 000 халыққа,Түркістан,қала,әйелдер,KZYUZ,0.52
2018,100 000 халыққа,Ұлытау,қала,әйелдер,KZULU,0.0
2018,100 000 халыққа,Шығыс Қазақстан,қала,әйелдер,KZVOS,0.4
2018,100 000 халыққа,Астана қаласы,қала,әйелдер,KZNS,0.18
2018,100 000 халыққа,Алматы қаласы,қала,әйелдер,KZALA,0.0
2018,100 000 халыққа,Шымкент қаласы,қала,әйелдер,KZSHY,1.57
2018,100 000 халыққа,,ауыл,әйелдер,,1.22
2018,100 000 халыққа,Абай,ауыл,әйелдер,KZABY,3.82
2018,100 000 халыққа,Ақмола,ауыл,әйелдер,KZAKM,1.59
2018,100 000 халыққа,Ақтөбе,ауыл,әйелдер,KZAKT,0.79
2018,100 000 халыққа,Алматы,ауыл,әйелдер,KZALM,0.34
2018,100 000 халыққа,Атырау,ауыл,әйелдер,KZATY,0.0
2018,100 000 халыққа,Батыс Қазақстан,ауыл,әйелдер,KZZAP,1.29
2018,100 000 халыққа,Жамбыл,ауыл,әйелдер,KZZHA,0.3
2018,100 000 халыққа,Жетісу,ауыл,әйелдер,KZZHS,0.0
2018,100 000 халыққа,Қарағанды,ауыл,әйелдер,KZKAR,0.88
2018,100 000 халыққа,Қостанай,ауыл,әйелдер,KZKUS,0.0
2018,100 000 халыққа,Қызылорда,ауыл,әйелдер,KZKZY,0.46
2018,100 000 халыққа,Маңғыстау,ауыл,әйелдер,KZMAN,0.53
2018,100 000 халыққа,Павлодар,ауыл,әйелдер,KZPAV,0.91
2018,100 000 халыққа,Солтүстік Қазақстан,ауыл,әйелдер,KZSEV,0.0
2018,100 000 халыққа,Түркістан,ауыл,әйелдер,KZYUZ,3.32
2018,100 000 халыққа,Ұлытау,ауыл,әйелдер,KZULU,0.0
2018,100 000 халыққа,Шығыс Қазақстан,ауыл,әйелдер,KZVOS,1.48
2019,100 000 халыққа,,,,,1.27
2019,100 000 халыққа,Абай,,,KZABY,1.09
2019,100 000 халыққа,Ақмола,,,KZAKM,1.09
2019,100 000 халыққа,Ақтөбе,,,KZAKT,0.11
2019,100 000 халыққа,Алматы,,,KZALM,0.29
2019,100 000 халыққа,Атырау,,,KZATY,0.0
2019,100 000 халыққа,Батыс Қазақстан,,,KZZAP,3.36
2019,100 000 халыққа,Жамбыл,,,KZZHA,0.27
2019,100 000 халыққа,Жетісу,,,KZZHS,0.0
2019,100 000 халыққа,Қарағанды,,,KZKAR,1.04
2019,100 000 халыққа,Қостанай,,,KZKUS,1.03
2019,100 000 халыққа,Қызылорда,,,KZKZY,0.25
2019,100 000 халыққа,Маңғыстау,,,KZMAN,0.29
2019,100 000 халыққа,Павлодар,,,KZPAV,9.83
2019,100 000 халыққа,Солтүстік Қазақстан,,,KZSEV,0.54
2019,100 000 халыққа,Түркістан,,,KZYUZ,2.8
2019,100 000 халыққа,Ұлытау,,,KZULU,0.0
2019,100 000 халыққа,Шығыс Қазақстан,,,KZVOS,0.55
2019,100 000 халыққа,Астана қаласы,,,KZNS,0.27
2019,100 000 халыққа,Алматы қаласы,,,KZALA,0.21
2019,100 000 халыққа,Шымкент қаласы,,,KZSHY,2.15
2019,100 000 халыққа,,қала,,,1.41
2019,100 000 халыққа,Абай,қала,,KZABY,0.78
2019,100 000 халыққа,Ақмола,қала,,KZAKM,1.38
2019,100 000 халыққа,Ақтөбе,қала,,KZAKT,0.16
2019,100 000 халыққа,Алматы,қала,,KZALM,0.0
2019,100 000 халыққа,Атырау,қала,,KZATY,0.0
2019,100 000 халыққа,Батыс Қазақстан,қала,,KZZAP,4.67
2019,100 000 халыққа,Жамбыл,қала,,KZZHA,0.22
2019,100 000 халыққа,Жетісу,қала,,KZZHS,0.0
2019,100 000 халыққа,Қарағанды,қала,,KZKAR,1.08
2019,100 000 халыққа,Қостанай,қала,,KZKUS,1.2
2019,100 000 халыққа,Қызылорда,қала,,KZKZY,0.28
2019,100 000 халыққа,Маңғыстау,қала,,KZMAN,0.0
2019,100 000 халыққа,Павлодар,қала,,KZPAV,12.79
2019,100 000 халыққа,Солтүстік Қазақстан,қала,,KZSEV,1.19
2019,100 000 халыққа,Түркістан,қала,,KZYUZ,1.76
2019,100 000 халыққа,Ұлытау,қала,,KZULU,0.0
2019,100 000 халыққа,Шығыс Қазақстан,қала,,KZVOS,0.86
2019,100 000 халыққа,Астана қаласы,қала,,KZNS,0.27
2019,100 000 халыққа,Алматы қаласы,қала,,KZALA,0.21
2019,100 000 халыққа,Шымкент қаласы,қала,,KZSHY,2.15
2019,100 000 халыққа,,ауыл,,,1.09
2019,100 000 халыққа,Абай,ауыл,,KZABY,1.54
2019,100 000 халыққа,Ақмола,ауыл,,KZAKM,0.8
2019,100 000 халыққа,Ақтөбе,ауыл,,KZAKT,0.39
2019,100 000 халыққа,Алматы,ауыл,,KZALM,0.33
2019,100 000 халыққа,Атырау,ауыл,,KZATY,0.0
2019,100 000 халыққа,Батыс Қазақстан,ауыл,,KZZAP,1.92
2019,100 000 халыққа,Жамбыл,ауыл,,KZZHA,0.29
2019,100 000 халыққа,Жетісу,ауыл,,KZZHS,0.0
2019,100 000 халыққа,Қарағанды,ауыл,,KZKAR,0.88
2019,100 000 халыққа,Қостанай,ауыл,,KZKUS,0.82
2019,100 000 халыққа,Қызылорда,ауыл,,KZKZY,0.23
2019,100 000 халыққа,Маңғыстау,ауыл,,KZMAN,0.5
2019,100 000 халыққа,Павлодар,ауыл,,KZPAV,2.71
2019,100 000 халыққа,Солтүстік Қазақстан,ауыл,,KZSEV,0.0
2019,100 000 халыққа,Түркістан,ауыл,,KZYUZ,3.06
2019,100 000 халыққа,Ұлытау,ауыл,,KZULU,0.0
2019,100 000 халыққа,Шығыс Қазақстан,ауыл,,KZVOS,0.0
2019,100 000 халыққа,,,ерлер,,1.06
2019,100 000 халыққа,Абай,,ерлер,KZABY,1.6
2019,100 000 халыққа,Ақмола,,ерлер,KZAKM,0.84
2019,100 000 халыққа,Ақтөбе,,ерлер,KZAKT,0.24
2019,100 000 халыққа,Алматы,,ерлер,KZALM,0.29
2019,100 000 халыққа,Атырау,,ерлер,KZATY,0.0
2019,100 000 халыққа,Батыс Қазақстан,,ерлер,KZZAP,2.84
2019,100 000 халыққа,Жамбыл,,ерлер,KZZHA,0.0
2019,100 000 халыққа,Жетісу,,ерлер,KZZHS,0.0
2019,100 000 халыққа,Қарағанды,,ерлер,KZKAR,0.92
2019,100 000 халыққа,Қостанай,,ерлер,KZKUS,1.45
2019,100 000 халыққа,Қызылорда,,ерлер,KZKZY,0.5
2019,100 000 халыққа,Маңғыстау,,ерлер,KZMAN,0.29
2019,100 000 халыққа,Павлодар,,ерлер,KZPAV,7.3
2019,100 000 халыққа,Солтүстік Қазақстан,,ерлер,KZSEV,0.0
2019,100 000 халыққа,Түркістан,,ерлер,KZYUZ,2.37
2019,100 000 халыққа,Ұлытау,,ерлер,KZULU,0.0
2019,100 000 халыққа,Шығыс Қазақстан,,ерлер,KZVOS,0.58
2019,100 000 халыққа,Астана қаласы,,ерлер,KZNS,0.19
2019,100 000 халыққа,Алматы қаласы,,ерлер,KZALA,0.12
2019,100 000 халыққа,Шымкент қаласы,,ерлер,KZSHY,1.42
2019,100 000 халыққа,,қала,ерлер,,1.11
2019,100 000 халыққа,Абай,қала,ерлер,KZABY,1.1
2019,100 000 халыққа,Ақмола,қала,ерлер,KZAKM,1.17
2019,100 000 халыққа,Ақтөбе,қала,ерлер,KZAKT,0.0
2019,100 000 халыққа,Алматы,қала,ерлер,KZALM,0.0
2019,100 000 халыққа,Атырау,қала,ерлер,KZATY,0.0
2019,100 000 халыққа,Батыс Қазақстан,қала,ерлер,KZZAP,5.01
2019,100 000 халыққа,Жамбыл,қала,ерлер,KZZHA,0.0
2019,100 000 халыққа,Жетісу,қала,ерлер,KZZHS,0.0
2019,100 000 халыққа,Қарағанды,қала,ерлер,KZKAR,0.93
2019,100 000 халыққа,Қостанай,қала,ерлер,KZKUS,1.3
2019,100 000 халыққа,Қызылорда,қала,ерлер,KZKZY,0.57
2019,100 000 халыққа,Маңғыстау,қала,ерлер,KZMAN,0.0
2019,100 000 халыққа,Павлодар,қала,ерлер,KZPAV,8.97
2019,100 000 халыққа,Солтүстік Қазақстан,қала,ерлер,KZSEV,0.0
2019,100 000 халыққа,Түркістан,қала,ерлер,KZYUZ,1.99
2019,100 000 халыққа,Ұлытау,қала,ерлер,KZULU,0.0
2019,100 000 халыққа,Шығыс Қазақстан,қала,ерлер,KZVOS,0.94
2019,100 000 халыққа,Астана қаласы,қала,ерлер,KZNS,0.19
2019,100 000 халыққа,Алматы қаласы,қала,ерлер,KZALA,0.12
2019,100 000 халыққа,Шымкент қаласы,қала,ерлер,KZSHY,1.42
2019,100 000 халыққа,,ауыл,ерлер,,0.99
2019,100 000 халыққа,Абай,ауыл,ерлер,KZABY,2.3
2019,100 000 халыққа,Ақмола,ауыл,ерлер,KZAKM,0.54
2019,100 000 халыққа,Ақтөбе,ауыл,ерлер,KZAKT,0.78
2019,100 000 халыққа,Алматы,ауыл,ерлер,KZALM,0.34
2019,100 000 халыққа,Атырау,ауыл,ерлер,KZATY,0.0
2019,100 000 халыққа,Батыс Қазақстан,ауыл,ерлер,KZZAP,0.63
2019,100 000 халыққа,Жамбыл,ауыл,ерлер,KZZHA,0.0
2019,100 000 халыққа,Жетісу,ауыл,ерлер,KZZHS,0.0
2019,100 000 халыққа,Қарағанды,ауыл,ерлер,KZKAR,0.87
2019,100 000 халыққа,Қостанай,ауыл,ерлер,KZKUS,1.65
2019,100 000 халыққа,Қызылорда,ауыл,ерлер,KZKZY,0.44
2019,100 000 халыққа,Маңғыстау,ауыл,ерлер,KZMAN,0.49
2019,100 000 халыққа,Павлодар,ауыл,ерлер,KZPAV,3.6
2019,100 000 халыққа,Солтүстік Қазақстан,ауыл,ерлер,KZSEV,0.0
2019,100 000 халыққа,Түркістан,ауыл,ерлер,KZYUZ,2.46
2019,100 000 халыққа,Ұлытау,ауыл,ерлер,KZULU,0.0
2019,100 000 халыққа,Шығыс Қазақстан,ауыл,ерлер,KZVOS,0.0
2019,100 000 халыққа,,,әйелдер,,0.59
2019,100 000 халыққа,Абай,,әйелдер,KZABY,0.6
2019,100 000 халыққа,Ақмола,,әйелдер,KZAKM,1.32
2019,100 000 халыққа,Ақтөбе,,әйелдер,KZAKT,0.0
2019,100 000 халыққа,Алматы,,әйелдер,KZALM,0.29
2019,100 000 халыққа,Атырау,,әйелдер,KZATY,0.0
2019,100 000 халыққа,Батыс Қазақстан,,әйелдер,KZZAP,3.86
2019,100 000 халыққа,Жамбыл,,әйелдер,KZZHA,0.53
2019,100 000 халыққа,Жетісу,,әйелдер,KZZHS,0.0
2019,100 000 халыққа,Қарағанды,,әйелдер,KZKAR,1.15
2019,100 000 халыққа,Қостанай,,әйелдер,KZKUS,0.66
2019,100 000 халыққа,Қызылорда,,әйелдер,KZKZY,0.0
2019,100 000 халыққа,Маңғыстау,,әйелдер,KZMAN,0.29
2019,100 000 халыққа,Павлодар,,әйелдер,KZPAV,12.11
2019,100 000 халыққа,Солтүстік Қазақстан,,әйелдер,KZSEV,1.04
2019,100 000 халыққа,Түркістан,,әйелдер,KZYUZ,3.25
2019,100 000 халыққа,Ұлытау,,әйелдер,KZULU,0.0
2019,100 000 халыққа,Шығыс Қазақстан,,әйелдер,KZVOS,0.52
2019,100 000 халыққа,Астана қаласы,,әйелдер,KZNS,0.35
2019,100 000 халыққа,Алматы қаласы,,әйелдер,KZALA,0.29
2019,100 000 халыққа,Шымкент қаласы,,әйелдер,KZSHY,2.82
2019,100 000 халыққа,,қала,әйелдер,,1.67
2019,100 000 халыққа,Абай,қала,әйелдер,KZABY,0.49
2019,100 000 халыққа,Ақмола,қала,әйелдер,KZAKM,1.57
2019,100 000 халыққа,Ақтөбе,қала,әйелдер,KZAKT,0.0
2019,100 000 халыққа,Алматы,қала,әйелдер,KZALM,0.0
2019,100 000 халыққа,Атырау,қала,әйелдер,KZATY,0.0
2019,100 000 халыққа,Батыс Қазақстан,қала,әйелдер,KZZAP,4.38
2019,100 000 халыққа,Жамбыл,қала,әйелдер,KZZHA,0.43
2019,100 000 халыққа,Жетісу,қала,әйелдер,KZZHS,0.0
2019,100 000 халыққа,Қарағанды,қала,әйелдер,KZKAR,1.21
2019,100 000 халыққа,Қостанай,қала,әйелдер,KZKUS,1.11
2019,100 000 халыққа,Қызылорда,қала,әйелдер,KZKZY,0.0
2019,100 000 халыққа,Маңғыстау,қала,әйелдер,KZMAN,0.0
2019,100 000 халыққа,Павлодар,қала,әйелдер,KZPAV,16.07
2019,100 000 халыққа,Солтүстік Қазақстан,қала,әйелдер,KZSEV,2.18
2019,100 000 халыққа,Түркістан,қала,әйелдер,KZYUZ,1.52
2019,100 000 халыққа,Ұлытау,қала,әйелдер,KZULU,0.0
2019,100 000 халыққа,Шығыс Қазақстан,қала,әйелдер,KZVOS,0.79
2019,100 000 халыққа,Астана қаласы,қала,әйелдер,KZNS,0.35
2019,100 000 халыққа,Алматы қаласы,қала,әйелдер,KZALA,0.29
2019,100 000 халыққа,Шымкент қаласы,қала,әйелдер,KZSHY,2.82
2019,100 000 халыққа,,ауыл,әйелдер,,1.19
2019,100 000 халыққа,Абай,ауыл,әйелдер,KZABY,0.78
2019,100 000 халыққа,Ақмола,ауыл,әйелдер,KZAKM,1.07
2019,100 000 халыққа,Ақтөбе,ауыл,әйелдер,KZAKT,0.0
2019,100 000 халыққа,Алматы,ауыл,әйелдер,KZALM,0.33
2019,100 000 халыққа,Атырау,ауыл,әйелдер,KZATY,0.0
2019,100 000 халыққа,Батыс Қазақстан,ауыл,әйелдер,KZZAP,3.24
2019,100 000 халыққа,Жамбыл,ауыл,әйелдер,KZZHA,0.59
2019,100 000 халыққа,Жетісу,ауыл,әйелдер,KZZHS,0.0
2019,100 000 халыққа,Қарағанды,ауыл,әйелдер,KZKAR,0.89
2019,100 000 халыққа,Қостанай,ауыл,әйелдер,KZKUS,0.0
2019,100 000 халыққа,Қызылорда,ауыл,әйелдер,KZKZY,0.0
2019,100 000 халыққа,Маңғыстау,ауыл,әйелдер,KZMAN,0.51
2019,100 000 халыққа,Павлодар,ауыл,әйелдер,KZPAV,1.82
2019,100 000 халыққа,Солтүстік Қазақстан,ауыл,әйелдер,KZSEV,0.0
2019,100 000 халыққа,Түркістан,ауыл,әйелдер,KZYUZ,3.69
2019,100 000 халыққа,Ұлытау,ауыл,әйелдер,KZULU,0.0
2019,100 000 халыққа,Шығыс Қазақстан,ауыл,әйелдер,KZVOS,0.0
2020,100 000 халыққа,,,,,1.28
2020,100 000 халыққа,Абай,,,KZABY,1.09
2020,100 000 халыққа,Ақмола,,,KZAKM,2.86
2020,100 000 халыққа,Ақтөбе,,,KZAKT,0.45
2020,100 000 халыққа,Алматы,,,KZALM,0.21
2020,100 000 халыққа,Атырау,,,KZATY,0.46
2020,100 000 халыққа,Батыс Қазақстан,,,KZZAP,2.58
2020,100 000 халыққа,Жамбыл,,,KZZHA,0.35
2020,100 000 халыққа,Жетісу,,,KZZHS,0.6
2020,100 000 халыққа,Қарағанды,,,KZKAR,2.52
2020,100 000 халыққа,Қостанай,,,KZKUS,0.12
2020,100 000 халыққа,Қызылорда,,,KZKZY,0.0
2020,100 000 халыққа,Маңғыстау,,,KZMAN,1.27
2020,100 000 халыққа,Павлодар,,,KZPAV,9.32
2020,100 000 халыққа,Солтүстік Қазақстан,,,KZSEV,0.0
2020,100 000 халыққа,Түркістан,,,KZYUZ,2.07
2020,100 000 халыққа,Ұлытау,,,KZULU,0.0
2020,100 000 халыққа,Шығыс Қазақстан,,,KZVOS,0.55
2020,100 000 халыққа,Астана қаласы,,,KZNS,0.34
2020,100 000 халыққа,Алматы қаласы,,,KZALA,0.46
2020,100 000 халыққа,Шымкент қаласы,,,KZSHY,0.95
2020,100 000 халыққа,,қала,,,1.41
2020,100 000 халыққа,Абай,қала,,KZABY,0.0
2020,100 000 халыққа,Ақмола,қала,,KZAKM,4.67
2020,100 000 халыққа,Ақтөбе,қала,,KZAKT,0.47
2020,100 000 халыққа,Алматы,қала,,KZALM,0.0
2020,100 000 халыққа,Атырау,қала,,KZATY,0.28
2020,100 000 халыққа,Батыс Қазақстан,қала,,KZZAP,3.17
2020,100 000 халыққа,Жамбыл,қала,,KZZHA,0.22
2020,100 000 халыққа,Жетісу,қала,,KZZHS,0.37
2020,100 000 халыққа,Қарағанды,қала,,KZKAR,2.16
2020,100 000 халыққа,Қостанай,қала,,KZKUS,0.0
2020,100 000 халыққа,Қызылорда,қала,,KZKZY,0.0
2020,100 000 халыққа,Маңғыстау,қала,,KZMAN,1.0
2020,100 000 халыққа,Павлодар,қала,,KZPAV,12.81
2020,100 000 халыққа,Солтүстік Қазақстан,қала,,KZSEV,0.0
2020,100 000 халыққа,Түркістан,қала,,KZYUZ,1.45
2020,100 000 халыққа,Ұлытау,қала,,KZULU,0.0
2020,100 000 халыққа,Шығыс Қазақстан,қала,,KZVOS,0.43
2020,100 000 халыққа,Астана қаласы,қала,,KZNS,0.34
2020,100 000 халыққа,Алматы қаласы,қала,,KZALA,0.46
2020,100 000 халыққа,Шымкент қаласы,қала,,KZSHY,0.95
2020,100 000 халыққа,,ауыл,,,1.11
2020,100 000 халыққа,Абай,ауыл,,KZABY,2.74
2020,100 000 халыққа,Ақмола,ауыл,,KZAKM,1.08
2020,100 000 халыққа,Ақтөбе,ауыл,,KZAKT,0.4
2020,100 000 халыққа,Алматы,ауыл,,KZALM,0.25
2020,100 000 халыққа,Атырау,ауыл,,KZATY,0.68
2020,100 000 халыққа,Батыс Қазақстан,ауыл,,KZZAP,1.92
2020,100 000 халыққа,Жамбыл,ауыл,,KZZHA,0.44
2020,100 000 халыққа,Жетісу,ауыл,,KZZHS,0.77
2020,100 000 халыққа,Қарағанды,ауыл,,KZKAR,4.0
2020,100 000 халыққа,Қостанай,ауыл,,KZKUS,0.28
2020,100 000 халыққа,Қызылорда,ауыл,,KZKZY,0.0
2020,100 000 халыққа,Маңғыстау,ауыл,,KZMAN,1.46
2020,100 000 халыққа,Павлодар,ауыл,,KZPAV,0.91
2020,100 000 халыққа,Солтүстік Қазақстан,ауыл,,KZSEV,0.0
2020,100 000 халыққа,Түркістан,ауыл,,KZYUZ,2.23
2020,100 000 халыққа,Ұлытау,ауыл,,KZULU,0.0
2020,100 000 халыққа,Шығыс Қазақстан,ауыл,,KZVOS,0.77
2020,100 000 халыққа,,,ерлер,,1.22
2020,100 000 халыққа,Абай,,ерлер,KZABY,0.97
2020,100 000 халыққа,Ақмола,,ерлер,KZAKM,1.96
2020,100 000 халыққа,Ақтөбе,,ерлер,KZAKT,0.7
2020,100 000 халыққа,Алматы,,ерлер,KZALM,0.43
2020,100 000 халыққа,Атырау,,ерлер,KZATY,0.93
2020,100 000 халыққа,Батыс Қазақстан,,ерлер,KZZAP,1.88
2020,100 000 халыққа,Жамбыл,,ерлер,KZZHA,0.54
2020,100 000 халыққа,Жетісу,,ерлер,KZZHS,0.61
2020,100 000 халыққа,Қарағанды,,ерлер,KZKAR,2.21
2020,100 000 халыққа,Қостанай,,ерлер,KZKUS,0.0
2020,100 000 халыққа,Қызылорда,,ерлер,KZKZY,0.0
2020,100 000 халыққа,Маңғыстау,,ерлер,KZMAN,1.41
2020,100 000 халыққа,Павлодар,,ерлер,KZPAV,8.15
2020,100 000 халыққа,Солтүстік Қазақстан,,ерлер,KZSEV,0.0
2020,100 000 халыққа,Түркістан,,ерлер,KZYUZ,1.94
2020,100 000 халыққа,Ұлытау,,ерлер,KZULU,0.0
2020,100 000 халыққа,Шығыс Қазақстан,,ерлер,KZVOS,0.88
2020,100 000 халыққа,Астана қаласы,,ерлер,KZNS,0.54
2020,100 000 халыққа,Алматы қаласы,,ерлер,KZALA,0.56
2020,100 000 халыққа,Шымкент қаласы,,ерлер,KZSHY,0.78
2020,100 000 халыққа,,қала,ерлер,,1.3
2020,100 000 халыққа,Абай,қала,ерлер,KZABY,0.0
2020,100 000 халыққа,Ақмола,қала,ерлер,KZAKM,3.49
2020,100 000 халыққа,Ақтөбе,қала,ерлер,KZAKT,0.99
2020,100 000 халыққа,Алматы,қала,ерлер,KZALM,0.0
2020,100 000 халыққа,Атырау,қала,ерлер,KZATY,0.58
2020,100 000 халыққа,Батыс Қазақстан,қала,ерлер,KZZAP,2.47
2020,100 000 халыққа,Жамбыл,қала,ерлер,KZZHA,0.47
2020,100 000 халыққа,Жетісу,қала,ерлер,KZZHS,0.0
2020,100 000 халыққа,Қарағанды,қала,ерлер,KZKAR,1.63
2020,100 000 халыққа,Қостанай,қала,ерлер,KZKUS,0.0
2020,100 000 халыққа,Қызылорда,қала,ерлер,KZKZY,0.0
2020,100 000 халыққа,Маңғыстау,қала,ерлер,KZMAN,0.69
2020,100 000 халыққа,Павлодар,қала,ерлер,KZPAV,11.43
2020,100 000 халыққа,Солтүстік Қазақстан,қала,ерлер,KZSEV,0.0
2020,100 000 халыққа,Түркістан,қала,ерлер,KZYUZ,1.92
2020,100 000 халыққа,Ұлытау,қала,ерлер,KZULU,0.0
2020,100 000 халыққа,Шығыс Қазақстан,қала,ерлер,KZVOS,0.47
2020,100 000 халыққа,Астана қаласы,қала,ерлер,KZNS,0.54
2020,100 000 халыққа,Алматы қаласы,қала,ерлер,KZALA,0.56
2020,100 000 халыққа,Шымкент қаласы,қала,ерлер,KZSHY,0.78
2020,100 000 халыққа,,ауыл,ерлер,,1.11
2020,100 000 халыққа,Абай,ауыл,ерлер,KZABY,2.74
2020,100 000 халыққа,Ақмола,ауыл,ерлер,KZAKM,1.08
2020,100 000 халыққа,Ақтөбе,ауыл,ерлер,KZAKT,0.4
2020,100 000 халыққа,Алматы,ауыл,ерлер,KZALM,0.25
2020,100 000 халыққа,Атырау,ауыл,ерлер,KZATY,0.68
2020,100 000 халыққа,Батыс Қазақстан,ауыл,ерлер,KZZAP,1.92
2020,100 000 халыққа,Жамбыл,ауыл,ерлер,KZZHA,0.44
2020,100 000 халыққа,Жетісу,ауыл,ерлер,KZZHS,0.77
2020,100 000 халыққа,Қарағанды,ауыл,ерлер,KZKAR,4.0
2020,100 000 халыққа,Қостанай,ауыл,ерлер,KZKUS,0.28
2020,100 000 халыққа,Қызылорда,ауыл,ерлер,KZKZY,0.0
2020,100 000 халыққа,Маңғыстау,ауыл,ерлер,KZMAN,1.46
2020,100 000 халыққа,Павлодар,ауыл,ерлер,KZPAV,0.91
2020,100 000 халыққа,Солтүстік Қазақстан,ауыл,ерлер,KZSEV,0.0
2020,100 000 халыққа,Түркістан,ауыл,ерлер,KZYUZ,2.23
2020,100 000 халыққа,Ұлытау,ауыл,ерлер,KZULU,0.0
2020,100 000 халыққа,Шығыс Қазақстан,ауыл,ерлер,KZVOS,0.77
2020,100 000 халыққа,,,әйелдер,,0.59
2020,100 000 халыққа,Абай,,әйелдер,KZABY,1.21
2020,100 000 халыққа,Ақмола,,әйелдер,KZAKM,3.71
2020,100 000 халыққа,Ақтөбе,,әйелдер,KZAKT,0.22
2020,100 000 халыққа,Алматы,,әйелдер,KZALM,0.0
2020,100 000 халыққа,Атырау,,әйелдер,KZATY,0.0
2020,100 000 халыққа,Батыс Қазақстан,,әйелдер,KZZAP,3.25
2020,100 000 халыққа,Жамбыл,,әйелдер,KZZHA,0.17
2020,100 000 халыққа,Жетісу,,әйелдер,KZZHS,0.6
2020,100 000 халыққа,Қарағанды,,әйелдер,KZKAR,2.81
2020,100 000 халыққа,Қостанай,,әйелдер,KZKUS,0.22
2020,100 000 халыққа,Қызылорда,,әйелдер,KZKZY,0.0
2020,100 000 халыққа,Маңғыстау,,әйелдер,KZMAN,1.12
2020,100 000 халыққа,Павлодар,,әйелдер,KZPAV,10.37
2020,100 000 халыққа,Солтүстік Қазақстан,,әйелдер,KZSEV,0.0
2020,100 000 халыққа,Түркістан,,әйелдер,KZYUZ,2.2
2020,100 000 халыққа,Ұлытау,,әйелдер,KZULU,0.0
2020,100 000 халыққа,Шығыс Қазақстан,,әйелдер,KZVOS,0.26
2020,100 000 халыққа,Астана қаласы,,әйелдер,KZNS,0.16
2020,100 000 халыққа,Алматы қаласы,,әйелдер,KZALA,0.38
2020,100 000 халыққа,Шымкент қаласы,,әйелдер,KZSHY,1.1
2020,100 000 халыққа,,қала,әйелдер,,1.5
2020,100 000 халыққа,Абай,қала,әйелдер,KZABY,0.0
2020,100 000 халыққа,Ақмола,қала,әйелдер,KZAKM,5.72
2020,100 000 халыққа,Ақтөбе,қала,әйелдер,KZAKT,0.0
2020,100 000 халыққа,Алматы,қала,әйелдер,KZALM,0.0
2020,100 000 халыққа,Атырау,қала,әйелдер,KZATY,0.0
2020,100 000 халыққа,Батыс Қазақстан,қала,әйелдер,KZZAP,3.79
2020,100 000 халыққа,Жамбыл,қала,әйелдер,KZZHA,0.0
2020,100 000 халыққа,Жетісу,қала,әйелдер,KZZHS,0.71
2020,100 000 халыққа,Қарағанды,қала,әйелдер,KZKAR,2.63
2020,100 000 халыққа,Қостанай,қала,әйелдер,KZKUS,0.0
2020,100 000 халыққа,Қызылорда,қала,әйелдер,KZKZY,0.0
2020,100 000 халыққа,Маңғыстау,қала,әйелдер,KZMAN,1.3
2020,100 000 халыққа,Павлодар,қала,әйелдер,KZPAV,14.0
2020,100 000 халыққа,Солтүстік Қазақстан,қала,әйелдер,KZSEV,0.0
2020,100 000 халыққа,Түркістан,қала,әйелдер,KZYUZ,0.98
2020,100 000 халыққа,Ұлытау,қала,әйелдер,KZULU,0.0
2020,100 000 халыққа,Шығыс Қазақстан,қала,әйелдер,KZVOS,0.39
2020,100 000 халыққа,Астана қаласы,қала,әйелдер,KZNS,0.16
2020,100 000 халыққа,Алматы қаласы,қала,әйелдер,KZALA,0.38
2020,100 000 халыққа,Шымкент қаласы,қала,әйелдер,KZSHY,1.1
2020,100 000 халыққа,,ауыл,әйелдер,,1.11
2020,100 000 халыққа,Абай,ауыл,әйелдер,KZABY,3.16
2020,100 000 халыққа,Ақмола,ауыл,әйелдер,KZAKM,1.62
2020,100 000 халыққа,Ақтөбе,ауыл,әйелдер,KZAKT,0.8
2020,100 000 халыққа,Алматы,ауыл,әйелдер,KZALM,0.0
2020,100 000 халыққа,Атырау,ауыл,әйелдер,KZATY,0.0
2020,100 000 халыққа,Батыс Қазақстан,ауыл,әйелдер,KZZAP,2.59
2020,100 000 халыққа,Жамбыл,ауыл,әйелдер,KZZHA,0.3
2020,100 000 халыққа,Жетісу,ауыл,әйелдер,KZZHS,0.52
2020,100 000 халыққа,Қарағанды,ауыл,әйелдер,KZKAR,3.6
2020,100 000 халыққа,Қостанай,ауыл,әйелдер,KZKUS,0.55
2020,100 000 халыққа,Қызылорда,ауыл,әйелдер,KZKZY,0.0
2020,100 000 халыққа,Маңғыстау,ауыл,әйелдер,KZMAN,0.99
2020,100 000 халыққа,Павлодар,ауыл,әйелдер,KZPAV,0.91
2020,100 000 халыққа,Солтүстік Қазақстан,ауыл,әйелдер,KZSEV,0.0
2020,100 000 халыққа,Түркістан,ауыл,әйелдер,KZYUZ,2.52
2020,100 000 халыққа,Ұлытау,ауыл,әйелдер,KZULU,0.0
2020,100 000 халыққа,Шығыс Қазақстан,ауыл,әйелдер,KZVOS,0.0
2021,100 000 халыққа,,,,,1.27
2021,100 000 халыққа,Абай,,,KZABY,3.13
2021,100 000 халыққа,Ақмола,,,KZAKM,2.32
2021,100 000 халыққа,Ақтөбе,,,KZAKT,0.56
2021,100 000 халыққа,Алматы,,,KZALM,0.42
2021,100 000 халыққа,Атырау,,,KZATY,0.6
2021,100 000 халыққа,Батыс Қазақстан,,,KZZAP,1.51
2021,100 000 халыққа,Жамбыл,,,KZZHA,0.26
2021,100 000 халыққа,Жетісу,,,KZZHS,0.45
2021,100 000 халыққа,Қарағанды,,,KZKAR,1.83
2021,100 000 халыққа,Қостанай,,,KZKUS,0.35
2021,100 000 халыққа,Қызылорда,,,KZKZY,0.37
2021,100 000 халыққа,Маңғыстау,,,KZMAN,0.82
2021,100 000 халыққа,Павлодар,,,KZPAV,2.8
2021,100 000 халыққа,Солтүстік Қазақстан,,,KZSEV,0.19
2021,100 000 халыққа,Түркістан,,,KZYUZ,4.03
2021,100 000 халыққа,Ұлытау,,,KZULU,0.44
2021,100 000 халыққа,Шығыс Қазақстан,,,KZVOS,2.08
2021,100 000 халыққа,Астана қаласы,,,KZNS,0.25
2021,100 000 халыққа,Алматы қаласы,,,KZALA,0.15
2021,100 000 халыққа,Шымкент қаласы,,,KZSHY,1.19
2021,100 000 халыққа,,қала,,,0.98
2021,100 000 халыққа,Абай,қала,,KZABY,0.52
2021,100 000 халыққа,Ақмола,қала,,KZAKM,2.18
2021,100 000 халыққа,Ақтөбе,қала,,KZAKT,0.31
2021,100 000 халыққа,Алматы,қала,,KZALM,2.71
2021,100 000 халыққа,Атырау,қала,,KZATY,0.55
2021,100 000 халыққа,Батыс Қазақстан,қала,,KZZAP,2.57
2021,100 000 халыққа,Жамбыл,қала,,KZZHA,0.44
2021,100 000 халыққа,Жетісу,қала,,KZZHS,0.73
2021,100 000 халыққа,Қарағанды,қала,,KZKAR,1.84
2021,100 000 халыққа,Қостанай,қала,,KZKUS,0.4
2021,100 000 халыққа,Қызылорда,қала,,KZKZY,0.81
2021,100 000 халыққа,Маңғыстау,қала,,KZMAN,0.32
2021,100 000 халыққа,Павлодар,қала,,KZPAV,3.59
2021,100 000 халыққа,Солтүстік Қазақстан,қала,,KZSEV,0.4
2021,100 000 халыққа,Түркістан,қала,,KZYUZ,0.94
2021,100 000 халыққа,Ұлытау,қала,,KZULU,0.57
2021,100 000 халыққа,Шығыс Қазақстан,қала,,KZVOS,2.57
2021,100 000 халыққа,Астана қаласы,қала,,KZNS,0.25
2021,100 000 халыққа,Алматы қаласы,қала,,KZALA,0.15
2021,100 000 халыққа,Шымкент қаласы,қала,,KZSHY,1.19
2021,100 000 халыққа,,ауыл,,,1.69
2021,100 000 халыққа,Абай,ауыл,,KZABY,7.15
2021,100 000 халыққа,Ақмола,ауыл,,KZAKM,2.46
2021,100 000 халыққа,Ақтөбе,ауыл,,KZAKT,1.18
2021,100 000 халыққа,Алматы,ауыл,,KZALM,0.08
2021,100 000 халыққа,Атырау,ауыл,,KZATY,0.67
2021,100 000 халыққа,Батыс Қазақстан,ауыл,,KZZAP,0.32
2021,100 000 халыққа,Жамбыл,ауыл,,KZZHA,0.15
2021,100 000 халыққа,Жетісу,ауыл,,KZZHS,0.26
2021,100 000 халыққа,Қарағанды,ауыл,,KZKAR,1.8
2021,100 000 халыққа,Қостанай,ауыл,,KZKUS,0.28
2021,100 000 халыққа,Қызылорда,ауыл,,KZKZY,0.0
2021,100 000 халыққа,Маңғыстау,ауыл,,KZMAN,1.19
2021,100 000 халыққа,Павлодар,ауыл,,KZPAV,0.91
2021,100 000 халыққа,Солтүстік Қазақстан,ауыл,,KZSEV,0.0
2021,100 000 халыққа,Түркістан,ауыл,,KZYUZ,4.84
2021,100 000 халыққа,Ұлытау,ауыл,,KZULU,0.0
2021,100 000 халыққа,Шығыс Қазақстан,ауыл,,KZVOS,1.18
2021,100 000 халыққа,,,ерлер,,1.26
2021,100 000 халыққа,Абай,,ерлер,KZABY,1.94
2021,100 000 халыққа,Ақмола,,ерлер,KZAKM,2.8
2021,100 000 халыққа,Ақтөбе,,ерлер,KZAKT,0.0
2021,100 000 халыққа,Алматы,,ерлер,KZALM,0.42
2021,100 000 халыққа,Атырау,,ерлер,KZATY,0.31
2021,100 000 халыққа,Батыс Қазақстан,,ерлер,KZZAP,0.93
2021,100 000 халыққа,Жамбыл,,ерлер,KZZHA,0.35
2021,100 000 халыққа,Жетісу,,ерлер,KZZHS,0.61
2021,100 000 халыққа,Қарағанды,,ерлер,KZKAR,1.66
2021,100 000 халыққа,Қостанай,,ерлер,KZKUS,0.24
2021,100 000 халыққа,Қызылорда,,ерлер,KZKZY,0.24
2021,100 000 халыққа,Маңғыстау,,ерлер,KZMAN,0.55
2021,100 000 халыққа,Павлодар,,ерлер,KZPAV,2.82
2021,100 000 халыққа,Солтүстік Қазақстан,,ерлер,KZSEV,0.0
2021,100 000 халыққа,Түркістан,,ерлер,KZYUZ,4.59
2021,100 000 халыққа,Ұлытау,,ерлер,KZULU,0.0
2021,100 000 халыққа,Шығыс Қазақстан,,ерлер,KZVOS,2.94
2021,100 000 халыққа,Астана қаласы,,ерлер,KZNS,0.34
2021,100 000 халыққа,Алматы қаласы,,ерлер,KZALA,0.11
2021,100 000 халыққа,Шымкент қаласы,,ерлер,KZSHY,0.94
2021,100 000 халыққа,,қала,ерлер,,0.92
2021,100 000 халыққа,Абай,қала,ерлер,KZABY,0.55
2021,100 000 халыққа,Ақмола,қала,ерлер,KZAKM,2.88
2021,100 000 халыққа,Ақтөбе,қала,ерлер,KZAKT,0.0
2021,100 000 халыққа,Алматы,қала,ерлер,KZALM,2.28
2021,100 000 халыққа,Атырау,қала,ерлер,KZATY,0.0
2021,100 000 халыққа,Батыс Қазақстан,қала,ерлер,KZZAP,1.83
2021,100 000 халыққа,Жамбыл,қала,ерлер,KZZHA,0.46
2021,100 000 халыққа,Жетісу,қала,ерлер,KZZHS,0.77
2021,100 000 халыққа,Қарағанды,қала,ерлер,KZKAR,1.39
2021,100 000 халыққа,Қостанай,қала,ерлер,KZKUS,0.43
2021,100 000 халыққа,Қызылорда,қала,ерлер,KZKZY,0.55
2021,100 000 халыққа,Маңғыстау,қала,ерлер,KZMAN,0.67
2021,100 000 халыққа,Павлодар,қала,ерлер,KZPAV,3.68
2021,100 000 халыққа,Солтүстік Қазақстан,қала,ерлер,KZSEV,0.0
2021,100 000 халыққа,Түркістан,қала,ерлер,KZYUZ,0.93
2021,100 000 халыққа,Ұлытау,қала,ерлер,KZULU,0.0
2021,100 000 халыққа,Шығыс Қазақстан,қала,ерлер,KZVOS,3.76
2021,100 000 халыққа,Астана қаласы,қала,ерлер,KZNS,0.34
2021,100 000 халыққа,Алматы қаласы,қала,ерлер,KZALA,0.11
2021,100 000 халыққа,Шымкент қаласы,қала,ерлер,KZSHY,0.94
2021,100 000 халыққа,,ауыл,ерлер,,1.72
2021,100 000 халыққа,Абай,ауыл,ерлер,KZABY,3.93
2021,100 000 халыққа,Ақмола,ауыл,ерлер,KZAKM,2.72
2021,100 000 халыққа,Ақтөбе,ауыл,ерлер,KZAKT,0.0
2021,100 000 халыққа,Алматы,ауыл,ерлер,KZALM,0.16
2021,100 000 халыққа,Атырау,ауыл,ерлер,KZATY,0.66
2021,100 000 халыққа,Батыс Қазақстан,ауыл,ерлер,KZZAP,0.0
2021,100 000 халыққа,Жамбыл,ауыл,ерлер,KZZHA,0.29
2021,100 000 халыққа,Жетісу,ауыл,ерлер,KZZHS,0.51
2021,100 000 халыққа,Қарағанды,ауыл,ерлер,KZKAR,2.66
2021,100 000 халыққа,Қостанай,ауыл,ерлер,KZKUS,0.0
2021,100 000 халыққа,Қызылорда,ауыл,ерлер,KZKZY,0.0
2021,100 000 халыққа,Маңғыстау,ауыл,ерлер,KZMAN,0.47
2021,100 000 халыққа,Павлодар,ауыл,ерлер,KZPAV,0.9
2021,100 000 халыққа,Солтүстік Қазақстан,ауыл,ерлер,KZSEV,0.0
2021,100 000 халыққа,Түркістан,ауыл,ерлер,KZYUZ,5.55
2021,100 000 халыққа,Ұлытау,ауыл,ерлер,KZULU,0.0
2021,100 000 халыққа,Шығыс Қазақстан,ауыл,ерлер,KZVOS,1.57
2021,100 000 халыққа,,,әйелдер,,0.59
2021,100 000 халыққа,Абай,,әйелдер,KZABY,4.26
2021,100 000 халыққа,Ақмола,,әйелдер,KZAKM,1.86
2021,100 000 халыққа,Ақтөбе,,әйелдер,KZAKT,1.08
2021,100 000 халыққа,Алматы,,әйелдер,KZALM,0.42
2021,100 000 халыққа,Атырау,,әйелдер,KZATY,0.89
2021,100 000 халыққа,Батыс Қазақстан,,әйелдер,KZZAP,2.05
2021,100 000 халыққа,Жамбыл,,әйелдер,KZZHA,0.17
2021,100 000 халыққа,Жетісу,,әйелдер,KZZHS,0.3
2021,100 000 халыққа,Қарағанды,,әйелдер,KZKAR,1.99
2021,100 000 халыққа,Қостанай,,әйелдер,KZKUS,0.44
2021,100 000 халыққа,Қызылорда,,әйелдер,KZKZY,0.49
2021,100 000 халыққа,Маңғыстау,,әйелдер,KZMAN,1.09
2021,100 000 халыққа,Павлодар,,әйелдер,KZPAV,2.79
2021,100 000 халыққа,Солтүстік Қазақстан,,әйелдер,KZSEV,0.36
2021,100 000 халыққа,Түркістан,,әйелдер,KZYUZ,3.46
2021,100 000 халыққа,Ұлытау,,әйелдер,KZULU,0.86
2021,100 000 халыққа,Шығыс Қазақстан,,әйелдер,KZVOS,1.31
2021,100 000 халыққа,Астана қаласы,,әйелдер,KZNS,0.16
2021,100 000 халыққа,Алматы қаласы,,әйелдер,KZALA,0.18
2021,100 000 халыққа,Шымкент қаласы,,әйелдер,KZSHY,1.42
2021,100 000 халыққа,,қала,әйелдер,,1.04
2021,100 000 халыққа,Абай,қала,әйелдер,KZABY,0.49
2021,100 000 халыққа,Ақмола,қала,әйелдер,KZAKM,1.55
2021,100 000 халыққа,Ақтөбе,қала,әйелдер,KZAKT,0.59
2021,100 000 халыққа,Алматы,қала,әйелдер,KZALM,3.09
2021,100 000 халыққа,Атырау,қала,әйелдер,KZATY,1.07
2021,100 000 халыққа,Батыс Қазақстан,қала,әйелдер,KZZAP,3.22
2021,100 000 халыққа,Жамбыл,қала,әйелдер,KZZHA,0.42
2021,100 000 халыққа,Жетісу,қала,әйелдер,KZZHS,0.7
2021,100 000 халыққа,Қарағанды,қала,әйелдер,KZKAR,2.23
2021,100 000 халыққа,Қостанай,қала,әйелдер,KZKUS,0.37
2021,100 000 халыққа,Қызылорда,қала,әйелдер,KZKZY,1.07
2021,100 000 халыққа,Маңғыстау,қала,әйелдер,KZMAN,0.0
2021,100 000 халыққа,Павлодар,қала,әйелдер,KZPAV,3.51
2021,100 000 халыққа,Солтүстік Қазақстан,қала,әйелдер,KZSEV,0.73
2021,100 000 халыққа,Түркістан,қала,әйелдер,KZYUZ,0.94
2021,100 000 халыққа,Ұлытау,қала,әйелдер,KZULU,1.09
2021,100 000 халыққа,Шығыс Қазақстан,қала,әйелдер,KZVOS,1.58
2021,100 000 халыққа,Астана қаласы,қала,әйелдер,KZNS,0.16
2021,100 000 халыққа,Алматы қаласы,қала,әйелдер,KZALA,0.18
2021,100 000 халыққа,Шымкент қаласы,қала,әйелдер,KZSHY,1.42
2021,100 000 халыққа,,ауыл,әйелдер,,1.65
2021,100 000 халыққа,Абай,ауыл,әйелдер,KZABY,10.44
2021,100 000 халыққа,Ақмола,ауыл,әйелдер,KZAKM,2.19
2021,100 000 халыққа,Ақтөбе,ауыл,әйелдер,KZAKT,2.39
2021,100 000 халыққа,Алматы,ауыл,әйелдер,KZALM,0.0
2021,100 000 халыққа,Атырау,ауыл,әйелдер,KZATY,0.67
2021,100 000 халыққа,Батыс Қазақстан,ауыл,әйелдер,KZZAP,0.65
2021,100 000 халыққа,Жамбыл,ауыл,әйелдер,KZZHA,0.0
2021,100 000 халыққа,Жетісу,ауыл,әйелдер,KZZHS,0.0
2021,100 000 халыққа,Қарағанды,ауыл,әйелдер,KZKAR,0.91
2021,100 000 халыққа,Қостанай,ауыл,әйелдер,KZKUS,0.56
2021,100 000 халыққа,Қызылорда,ауыл,әйелдер,KZKZY,0.0
2021,100 000 халыққа,Маңғыстау,ауыл,әйелдер,KZMAN,1.93
2021,100 000 халыққа,Павлодар,ауыл,әйелдер,KZPAV,0.92
2021,100 000 халыққа,Солтүстік Қазақстан,ауыл,әйелдер,KZSEV,0.0
2021,100 000 халыққа,Түркістан,ауыл,әйелдер,KZYUZ,4.12
2021,100 000 халыққа,Ұлытау,ауыл,әйелдер,KZULU,0.0
2021,100 000 халыққа,Шығыс Қазақстан,ауыл,әйелдер,KZVOS,0.79
2023,100 000 халыққа,,,,,0.78
2023,100 000 халыққа,Абай,,,KZABY,0.99
2023,100 000 халыққа,Ақмола,,,KZAKM,0.51
2023,100 000 халыққа,Ақтөбе,,,KZAKT,0.21
2023,100 000 халыққа,Алматы,,,KZALM,0.4
2023,100 000 халыққа,Атырау,,,KZATY,0.43
2023,100 000 халыққа,Батыс Қазақстан,,,KZZAP,0.43
2023,100 000 халыққа,Жамбыл,,,KZZHA,0.08
2023,100 000 халыққа,Жетісу,,,KZZHS,0.14
2023,100 000 халыққа,Қарағанды,,,KZKAR,1.15
2023,100 000 халыққа,Қостанай,,,KZKUS,0.12
2023,100 000 халыққа,Қызылорда,,,KZKZY,0.12
2023,100 000 халыққа,Маңғыстау,,,KZMAN,0.13
2023,100 000 халыққа,Павлодар,,,KZPAV,0.53
2023,100 000 халыққа,Солтүстік Қазақстан,,,KZSEV,0.19
2023,100 000 халыққа,Түркістан,,,KZYUZ,3.99
2023,100 000 халыққа,Ұлытау,,,KZULU,0.45
2023,100 000 халыққа,Шығыс Қазақстан,,,KZVOS,0.96
2023,100 000 халыққа,Астана қаласы,,,KZNS,0.36
2023,100 000 халыққа,Алматы қаласы,,,KZALA,0.18
2023,100 000 халыққа,Шымкент қаласы,,,KZSHY,0.5
2023,100 000 халыққа,,қала,,,0.4
2023,100 000 халыққа,Абай,қала,,KZABY,0.81
2023,100 000 халыққа,Ақмола,қала,,KZAKM,0.23
2023,100 000 халыққа,Ақтөбе,қала,,KZAKT,0.29
2023,100 000 халыққа,Алматы,қала,,KZALM,0.67
2023,100 000 халыққа,Атырау,қала,,KZATY,0.26
2023,100 000 халыққа,Батыс Қазақстан,қала,,KZZAP,0.77
2023,100 000 халыққа,Жамбыл,қала,,KZZHA,0.19
2023,100 000 халыққа,Жетісу,қала,,KZZHS,0.0
2023,100 000 халыққа,Қарағанды,қала,,KZKAR,0.97
2023,100 000 халыққа,Қостанай,қала,,KZKUS,0.19
2023,100 000 халыққа,Қызылорда,қала,,KZKZY,0.0
2023,100 000 халыққа,Маңғыстау,қала,,KZMAN,0.0
2023,100 000 халыққа,Павлодар,қала,,KZPAV,0.56
2023,100 000 халыққа,Солтүстік Қазақстан,қала,,KZSEV,0.39
2023,100 000 халыққа,Түркістан,қала,,KZYUZ,1.14
2023,100 000 халыққа,Ұлытау,қала,,KZULU,0.57
2023,100 000 халыққа,Шығыс Қазақстан,қала,,KZVOS,0.21
2023,100 000 халыққа,Астана қаласы,қала,,KZNS,0.36
2023,100 000 халыққа,Алматы қаласы,қала,,KZALA,0.18
2023,100 000 халыққа,Шымкент қаласы,қала,,KZSHY,0.5
2023,100 000 халыққа,,ауыл,,,1.4
2023,100 000 халыққа,Абай,ауыл,,KZABY,1.26
2023,100 000 халыққа,Ақмола,ауыл,,KZAKM,0.87
2023,100 000 халыққа,Ақтөбе,ауыл,,KZAKT,0.0
2023,100 000 халыққа,Алматы,ауыл,,KZALM,0.33
2023,100 000 халыққа,Атырау,ауыл,,KZATY,0.64
2023,100 000 халыққа,Батыс Қазақстан,ауыл,,KZZAP,0.0
2023,100 000 халыққа,Жамбыл,ауыл,,KZZHA,0.0
2023,100 000 халыққа,Жетісу,ауыл,,KZZHS,0.26
2023,100 000 халыққа,Қарағанды,ауыл,,KZKAR,1.9
2023,100 000 халыққа,Қостанай,ауыл,,KZKUS,0.0
2023,100 000 халыққа,Қызылорда,ауыл,,KZKZY,0.22
2023,100 000 халыққа,Маңғыстау,ауыл,,KZMAN,0.24
2023,100 000 халыққа,Павлодар,ауыл,,KZPAV,0.45
2023,100 000 халыққа,Солтүстік Қазақстан,ауыл,,KZSEV,0.0
2023,100 000 халыққа,Түркістан,ауыл,,KZYUZ,4.93
2023,100 000 халыққа,Ұлытау,ауыл,,KZULU,0.0
2023,100 000 халыққа,Шығыс Қазақстан,ауыл,,KZVOS,2.45
2023,100 000 халыққа,,,ерлер,,0.8
2023,100 000 халыққа,Абай,,ерлер,KZABY,1.01
2023,100 000 халыққа,Ақмола,,ерлер,KZAKM,0.22
2023,100 000 халыққа,Ақтөбе,,ерлер,KZAKT,0.22
2023,100 000 халыққа,Алматы,,ерлер,KZALM,0.26
2023,100 000 халыққа,Атырау,,ерлер,KZATY,0.58
2023,100 000 халыққа,Батыс Қазақстан,,ерлер,KZZAP,0.59
2023,100 000 халыққа,Жамбыл,,ерлер,KZZHA,0.17
2023,100 000 халыққа,Жетісу,,ерлер,KZZHS,0.29
2023,100 000 халыққа,Қарағанды,,ерлер,KZKAR,1.47
2023,100 000 халыққа,Қостанай,,ерлер,KZKUS,0.0
2023,100 000 халыққа,Қызылорда,,ерлер,KZKZY,0.24
2023,100 000 халыққа,Маңғыстау,,ерлер,KZMAN,0.26
2023,100 000 халыққа,Павлодар,,ерлер,KZPAV,0.55
2023,100 000 халыққа,Солтүстік Қазақстан,,ерлер,KZSEV,0.0
2023,100 000 халыққа,Түркістан,,ерлер,KZYUZ,3.96
2023,100 000 халыққа,Ұлытау,,ерлер,KZULU,0.0
2023,100 000 халыққа,Шығыс Қазақстан,,ерлер,KZVOS,1.15
2023,100 000 халыққа,Астана қаласы,,ерлер,KZNS,0.15
2023,100 000 халыққа,Алматы қаласы,,ерлер,KZALA,0.29
2023,100 000 халыққа,Шымкент қаласы,,ерлер,KZSHY,0.17
2023,100 000 халыққа,,қала,ерлер,,0.32
2023,100 000 халыққа,Абай,қала,ерлер,KZABY,0.56
2023,100 000 халыққа,Ақмола,қала,ерлер,KZAKM,0.0
2023,100 000 халыққа,Ақтөбе,қала,ерлер,KZAKT,0.3
2023,100 000 халыққа,Алматы,қала,ерлер,KZALM,0.0
2023,100 000 халыққа,Атырау,қала,ерлер,KZATY,0.54
2023,100 000 халыққа,Батыс Қазақстан,қала,ерлер,KZZAP,1.08
2023,100 000 халыққа,Жамбыл,қала,ерлер,KZZHA,0.39
2023,100 000 халыққа,Жетісу,қала,ерлер,KZZHS,0.0
2023,100 000 халыққа,Қарағанды,қала,ерлер,KZKAR,1.15
2023,100 000 халыққа,Қостанай,қала,ерлер,KZKUS,0.0
2023,100 000 халыққа,Қызылорда,қала,ерлер,KZKZY,0.0
2023,100 000 халыққа,Маңғыстау,қала,ерлер,KZMAN,0.0
2023,100 000 халыққа,Павлодар,қала,ерлер,KZPAV,0.4
2023,100 000 халыққа,Солтүстік Қазақстан,қала,ерлер,KZSEV,0.0
2023,100 000 халыққа,Түркістан,қала,ерлер,KZYUZ,0.76
2023,100 000 халыққа,Ұлытау,қала,ерлер,KZULU,0.0
2023,100 000 халыққа,Шығыс Қазақстан,қала,ерлер,KZVOS,0.0
2023,100 000 халыққа,Астана қаласы,қала,ерлер,KZNS,0.15
2023,100 000 халыққа,Алматы қаласы,қала,ерлер,KZALA,0.29
2023,100 000 халыққа,Шымкент қаласы,қала,ерлер,KZSHY,0.17
2023,100 000 халыққа,,ауыл,ерлер,,1.55
2023,100 000 халыққа,Абай,ауыл,ерлер,KZABY,1.67
2023,100 000 халыққа,Ақмола,ауыл,ерлер,KZAKM,1.15
2023,100 000 халыққа,Ақтөбе,ауыл,ерлер,KZAKT,0.0
2023,100 000 халыққа,Алматы,ауыл,ерлер,KZALM,0.33
2023,100 000 халыққа,Атырау,ауыл,ерлер,KZATY,0.63
2023,100 000 халыққа,Батыс Қазақстан,ауыл,ерлер,KZZAP,0.0
2023,100 000 халыққа,Жамбыл,ауыл,ерлер,KZZHA,0.0
2023,100 000 халыққа,Жетісу,ауыл,ерлер,KZZHS,0.51
2023,100 000 халыққа,Қарағанды,ауыл,ерлер,KZKAR,2.79
2023,100 000 халыққа,Қостанай,ауыл,ерлер,KZKUS,0.0
2023,100 000 халыққа,Қызылорда,ауыл,ерлер,KZKZY,0.44
2023,100 000 халыққа,Маңғыстау,ауыл,ерлер,KZMAN,0.46
2023,100 000 халыққа,Павлодар,ауыл,ерлер,KZPAV,0.89
2023,100 000 халыққа,Солтүстік Қазақстан,ауыл,ерлер,KZSEV,0.0
2023,100 000 халыққа,Түркістан,ауыл,ерлер,KZYUZ,4.99
2023,100 000 халыққа,Ұлытау,ауыл,ерлер,KZULU,0.0
2023,100 000 халыққа,Шығыс Қазақстан,ауыл,ерлер,KZVOS,3.25
2023,100 000 халыққа,,,әйелдер,,0.76
2023,100 000 халыққа,Абай,,әйелдер,KZABY,0.97
2023,100 000 халыққа,Ақмола,,әйелдер,KZAKM,0.5
2023,100 000 халыққа,Ақтөбе,,әйелдер,KZAKT,0.21
2023,100 000 халыққа,Алматы,,әйелдер,KZALM,0.53
2023,100 000 халыққа,Атырау,,әйелдер,KZATY,0.28
2023,100 000 халыққа,Батыс Қазақстан,,әйелдер,KZZAP,0.28
2023,100 000 халыққа,Жамбыл,,әйелдер,KZZHA,0.0
2023,100 000 халыққа,Жетісу,,әйелдер,KZZHS,0.0
2023,100 000 халыққа,Қарағанды,,әйелдер,KZKAR,0.85
2023,100 000 халыққа,Қостанай,,әйелдер,KZKUS,0.23
2023,100 000 халыққа,Қызылорда,,әйелдер,KZKZY,0.0
2023,100 000 халыққа,Маңғыстау,,әйелдер,KZMAN,0.0
2023,100 000 халыққа,Павлодар,,әйелдер,KZPAV,0.51
2023,100 000 халыққа,Солтүстік Қазақстан,,әйелдер,KZSEV,0.36
2023,100 000 халыққа,Түркістан,,әйелдер,KZYUZ,4.02
2023,100 000 халыққа,Ұлытау,,әйелдер,KZULU,0.89
2023,100 000 халыққа,Шығыс Қазақстан,,әйелдер,KZVOS,0.79
2023,100 000 халыққа,Астана қаласы,,әйелдер,KZNS,0.55
2023,100 000 халыққа,Алматы қаласы,,әйелдер,KZALA,0.09
2023,100 000 халыққа,Шымкент қаласы,,әйелдер,KZSHY,0.8
2023,100 000 халыққа,,қала,әйелдер,,0.48
2023,100 000 халыққа,Абай,қала,әйелдер,KZABY,1.04
2023,100 000 халыққа,Ақмола,қала,әйелдер,KZAKM,0.43
2023,100 000 халыққа,Ақтөбе,қала,әйелдер,KZAKT,0.28
2023,100 000 халыққа,Алматы,қала,әйелдер,KZALM,1.33
2023,100 000 халыққа,Атырау,қала,әйелдер,KZATY,0.0
2023,100 000 халыққа,Батыс Қазақстан,қала,әйелдер,KZZAP,0.49
2023,100 000 халыққа,Жамбыл,қала,әйелдер,KZZHA,0.0
2023,100 000 халыққа,Жетісу,қала,әйелдер,KZZHS,0.0
2023,100 000 халыққа,Қарағанды,қала,әйелдер,KZKAR,0.82
2023,100 000 халыққа,Қостанай,қала,әйелдер,KZKUS,0.36
2023,100 000 халыққа,Қызылорда,қала,әйелдер,KZKZY,0.0
2023,100 000 халыққа,Маңғыстау,қала,әйелдер,KZMAN,0.0
2023,100 000 халыққа,Павлодар,қала,әйелдер,KZPAV,0.71
2023,100 000 халыққа,Солтүстік Қазақстан,қала,әйелдер,KZSEV,0.72
2023,100 000 халыққа,Түркістан,қала,әйелдер,KZYUZ,1.52
2023,100 000 халыққа,Ұлытау,қала,әйелдер,KZULU,1.1
2023,100 000 халыққа,Шығыс Қазақстан,қала,әйелдер,KZVOS,0.39
2023,100 000 халыққа,Астана қаласы,қала,әйелдер,KZNS,0.55
2023,100 000 халыққа,Алматы қаласы,қала,әйелдер,KZALA,0.09
2023,100 000 халыққа,Шымкент қаласы,қала,әйелдер,KZSHY,0.8
2023,100 000 халыққа,,ауыл,әйелдер,,1.24
2023,100 000 халыққа,Абай,ауыл,әйелдер,KZABY,0.85
2023,100 000 халыққа,Ақмола,ауыл,әйелдер,KZAKM,0.59
2023,100 000 халыққа,Ақтөбе,ауыл,әйелдер,KZAKT,0.0
2023,100 000 халыққа,Алматы,ауыл,әйелдер,KZALM,0.33
2023,100 000 халыққа,Атырау,ауыл,әйелдер,KZATY,0.65
2023,100 000 халыққа,Батыс Қазақстан,ауыл,әйелдер,KZZAP,0.0
2023,100 000 халыққа,Жамбыл,ауыл,әйелдер,KZZHA,0.0
2023,100 000 халыққа,Жетісу,ауыл,әйелдер,KZZHS,0.0
2023,100 000 халыққа,Қарағанды,ауыл,әйелдер,KZKAR,0.97
2023,100 000 халыққа,Қостанай,ауыл,әйелдер,KZKUS,0.0
2023,100 000 халыққа,Қызылорда,ауыл,әйелдер,KZKZY,0.0
2023,100 000 халыққа,Маңғыстау,ауыл,әйелдер,KZMAN,0.0
2023,100 000 халыққа,Павлодар,ауыл,әйелдер,KZPAV,0.0
2023,100 000 халыққа,Солтүстік Қазақстан,ауыл,әйелдер,KZSEV,0.0
2023,100 000 халыққа,Түркістан,ауыл,әйелдер,KZYUZ,4.86
2023,100 000 халыққа,Ұлытау,ауыл,әйелдер,KZULU,0.0
2023,100 000 халыққа,Шығыс Қазақстан,ауыл,әйелдер,KZVOS,1.64
2024,100 000 халыққа,,,,,0.75
2024,100 000 халыққа,Абай,,,KZABY,0.33
2024,100 000 халыққа,Ақмола,,,KZAKM,0.25
2024,100 000 халыққа,Ақтөбе,,,KZAKT,0.32
2024,100 000 халыққа,Алматы,,,KZALM,0.26
2024,100 000 халыққа,Атырау,,,KZATY,0.14
2024,100 000 халыққа,Батыс Қазақстан,,,KZZAP,0.43
2024,100 000 халыққа,Жамбыл,,,KZZHA,0.08
2024,100 000 халыққа,Жетісу,,,KZZHS,0.0
2024,100 000 халыққа,Қарағанды,,,KZKAR,1.41
2024,100 000 халыққа,Қостанай,,,KZKUS,0.48
2024,100 000 халыққа,Қызылорда,,,KZKZY,0.12
2024,100 000 халыққа,Маңғыстау,,,KZMAN,0.38
2024,100 000 халыққа,Павлодар,,,KZPAV,0.27
2024,100 000 халыққа,Солтүстік Қазақстан,,,KZSEV,0.38
2024,100 000 халыққа,Түркістан,,,KZYUZ,3.91
2024,100 000 халыққа,Ұлытау,,,KZULU,1.35
2024,100 000 халыққа,Шығыс Қазақстан,,,KZVOS,0.69
2024,100 000 халыққа,Астана қаласы,,,KZNS,0.34
2024,100 000 халыққа,Алматы қаласы,,,KZALA,0.09
2024,100 000 халыққа,Шымкент қаласы,,,KZSHY,0.65
2024,100 000 халыққа,,қала,,,0.41
2024,100 000 халыққа,Абай,қала,,KZABY,0.27
2024,100 000 халыққа,Ақмола,қала,,KZAKM,0.45
2024,100 000 халыққа,Ақтөбе,қала,,KZAKT,0.28
2024,100 000 халыққа,Алматы,қала,,KZALM,0.0
2024,100 000 халыққа,Атырау,қала,,KZATY,0.26
2024,100 000 халыққа,Батыс Қазақстан,қала,,KZZAP,0.76
2024,100 000 халыққа,Жамбыл,қала,,KZZHA,0.0
2024,100 000 халыққа,Жетісу,қала,,KZZHS,0.0
2024,100 000 халыққа,Қарағанды,қала,,KZKAR,1.51
2024,100 000 халыққа,Қостанай,қала,,KZKUS,0.39
2024,100 000 халыққа,Қызылорда,қала,,KZKZY,0.25
2024,100 000 халыққа,Маңғыстау,қала,,KZMAN,0.0
2024,100 000 халыққа,Павлодар,қала,,KZPAV,0.19
2024,100 000 халыққа,Солтүстік Қазақстан,қала,,KZSEV,0.77
2024,100 000 халыққа,Түркістан,қала,,KZYUZ,0.37
2024,100 000 халыққа,Ұлытау,қала,,KZULU,1.71
2024,100 000 халыққа,Шығыс Қазақстан,қала,,KZVOS,0.62
2024,100 000 халыққа,Астана қаласы,қала,,KZNS,0.34
2024,100 000 халыққа,Алматы қаласы,қала,,KZALA,0.09
2024,100 000 халыққа,Шымкент қаласы,қала,,KZSHY,0.65
2024,100 000 халыққа,,ауыл,,,1.32
2024,100 000 халыққа,Абай,ауыл,,KZABY,0.43
2024,100 000 халыққа,Ақмола,ауыл,,KZAKM,0.0
2024,100 000 халыққа,Ақтөбе,ауыл,,KZAKT,0.43
2024,100 000 халыққа,Алматы,ауыл,,KZALM,0.32
2024,100 000 халыққа,Атырау,ауыл,,KZATY,0.0
2024,100 000 халыққа,Батыс Қазақстан,ауыл,,KZZAP,0.0
2024,100 000 халыққа,Жамбыл,ауыл,,KZZHA,0.15
2024,100 000 халыққа,Жетісу,ауыл,,KZZHS,0.0
2024,100 000 халыққа,Қарағанды,ауыл,,KZKAR,0.97
2024,100 000 халыққа,Қостанай,ауыл,,KZKUS,0.65
2024,100 000 халыққа,Қызылорда,ауыл,,KZKZY,0.0
2024,100 000 халыққа,Маңғыстау,ауыл,,KZMAN,0.7
2024,100 000 халыққа,Павлодар,ауыл,,KZPAV,0.46
2024,100 000 халыққа,Солтүстік Қазақстан,ауыл,,KZSEV,0.0
2024,100 000 халыққа,Түркістан,ауыл,,KZYUZ,5.09
2024,100 000 халыққа,Ұлытау,ауыл,,KZULU,0.0
2024,100 000 халыққа,Шығыс Қазақстан,ауыл,,KZVOS,0.83
2024,100 000 халыққа,,,ерлер,,0.81
2024,100 000 халыққа,Абай,,ерлер,KZABY,0.34
2024,100 000 халыққа,Ақмола,,ерлер,KZAKM,0.52
2024,100 000 халыққа,Ақтөбе,,ерлер,KZAKT,0.43
2024,100 000 халыққа,Алматы,,ерлер,KZALM,0.26
2024,100 000 халыққа,Атырау,,ерлер,KZATY,0.29
2024,100 000 халыққа,Батыс Қазақстан,,ерлер,KZZAP,0.29
2024,100 000 халыққа,Жамбыл,,ерлер,KZZHA,0.16
2024,100 000 халыққа,Жетісу,,ерлер,KZZHS,0.0
2024,100 000 халыққа,Қарағанды,,ерлер,KZKAR,1.1
2024,100 000 халыққа,Қостанай,,ерлер,KZKUS,0.25
2024,100 000 халыққа,Қызылорда,,ерлер,KZKZY,0.0
2024,100 000 халыққа,Маңғыстау,,ерлер,KZMAN,0.5
2024,100 000 халыққа,Павлодар,,ерлер,KZPAV,0.55
2024,100 000 халыққа,Солтүстік Қазақстан,,ерлер,KZSEV,0.0
2024,100 000 халыққа,Түркістан,,ерлер,KZYUZ,4.11
2024,100 000 халыққа,Ұлытау,,ерлер,KZULU,1.84
2024,100 000 халыққа,Шығыс Қазақстан,,ерлер,KZVOS,0.58
2024,100 000 халыққа,Астана қаласы,,ерлер,KZNS,0.57
2024,100 000 халыққа,Алматы қаласы,,ерлер,KZALA,0.1
2024,100 000 халыққа,Шымкент қаласы,,ерлер,KZSHY,0.83
2024,100 000 халыққа,,қала,ерлер,,0.46
2024,100 000 халыққа,Абай,қала,ерлер,KZABY,0.56
2024,100 000 халыққа,Ақмола,қала,ерлер,KZAKM,0.94
2024,100 000 халыққа,Ақтөбе,қала,ерлер,KZAKT,0.29
2024,100 000 халыққа,Алматы,қала,ерлер,KZALM,0.0
2024,100 000 халыққа,Атырау,қала,ерлер,KZATY,0.53
2024,100 000 халыққа,Батыс Қазақстан,қала,ерлер,KZZAP,0.53
2024,100 000 халыққа,Жамбыл,қала,ерлер,KZZHA,0.0
2024,100 000 халыққа,Жетісу,қала,ерлер,KZZHS,0.0
2024,100 000 халыққа,Қарағанды,қала,ерлер,KZKAR,1.14
2024,100 000 халыққа,Қостанай,қала,ерлер,KZKUS,0.41
2024,100 000 халыққа,Қызылорда,қала,ерлер,KZKZY,0.0
2024,100 000 халыққа,Маңғыстау,қала,ерлер,KZMAN,0.0
2024,100 000 халыққа,Павлодар,қала,ерлер,KZPAV,0.4
2024,100 000 халыққа,Солтүстік Қазақстан,қала,ерлер,KZSEV,0.0
2024,100 000 халыққа,Түркістан,қала,ерлер,KZYUZ,0.37
2024,100 000 халыққа,Ұлытау,қала,ерлер,KZULU,2.36
2024,100 000 халыққа,Шығыс Қазақстан,қала,ерлер,KZVOS,0.88
2024,100 000 халыққа,Астана қаласы,қала,ерлер,KZNS,0.57
2024,100 000 халыққа,Алматы қаласы,қала,ерлер,KZALA,0.1
2024,100 000 халыққа,Шымкент қаласы,қала,ерлер,KZSHY,0.83
2024,100 000 халыққа,,ауыл,ерлер,,1.36
2024,100 000 халыққа,Абай,ауыл,ерлер,KZABY,0.0
2024,100 000 халыққа,Ақмола,ауыл,ерлер,KZAKM,0.0
2024,100 000 халыққа,Ақтөбе,ауыл,ерлер,KZAKT,0.83
2024,100 000 халыққа,Алматы,ауыл,ерлер,KZALM,0.32
2024,100 000 халыққа,Атырау,ауыл,ерлер,KZATY,0.0
2024,100 000 халыққа,Батыс Қазақстан,ауыл,ерлер,KZZAP,0.0
2024,100 000 халыққа,Жамбыл,ауыл,ерлер,KZZHA,0.29
2024,100 000 халыққа,Жетісу,ауыл,ерлер,KZZHS,0.0
2024,100 000 халыққа,Қарағанды,ауыл,ерлер,KZKAR,0.95
2024,100 000 халыққа,Қостанай,ауыл,ерлер,KZKUS,0.0
2024,100 000 халыққа,Қызылорда,ауыл,ерлер,KZKZY,0.0
2024,100 000 халыққа,Маңғыстау,ауыл,ерлер,KZMAN,0.91
2024,100 000 халыққа,Павлодар,ауыл,ерлер,KZPAV,0.9
2024,100 000 халыққа,Солтүстік Қазақстан,ауыл,ерлер,KZSEV,0.0
2024,100 000 халыққа,Түркістан,ауыл,ерлер,KZYUZ,5.33
2024,100 000 халыққа,Ұлытау,ауыл,ерлер,KZULU,0.0
2024,100 000 халыққа,Шығыс Қазақстан,ауыл,ерлер,KZVOS,0.0
2024,100 000 халыққа,,,әйелдер,,0.69
2024,100 000 халыққа,Абай,,әйелдер,KZABY,0.32
2024,100 000 халыққа,Ақмола,,әйелдер,KZAKM,0.0
2024,100 000 халыққа,Ақтөбе,,әйелдер,KZAKT,0.21
2024,100 000 халыққа,Алматы,,әйелдер,KZALM,0.26
2024,100 000 халыққа,Атырау,,әйелдер,KZATY,0.0
2024,100 000 халыққа,Батыс Қазақстан,,әйелдер,KZZAP,0.56
2024,100 000 халыққа,Жамбыл,,әйелдер,KZZHA,0.0
2024,100 000 халыққа,Жетісу,,әйелдер,KZZHS,0.0
2024,100 000 халыққа,Қарағанды,,әйелдер,KZKAR,1.69
2024,100 000 халыққа,Қостанай,,әйелдер,KZKUS,0.7
2024,100 000 халыққа,Қызылорда,,әйелдер,KZKZY,0.24
2024,100 000 халыққа,Маңғыстау,,әйелдер,KZMAN,0.25
2024,100 000 халыққа,Павлодар,,әйелдер,KZPAV,0.0
2024,100 000 халыққа,Солтүстік Қазақстан,,әйелдер,KZSEV,0.74
2024,100 000 халыққа,Түркістан,,әйелдер,KZYUZ,3.7
2024,100 000 халыққа,Ұлытау,,әйелдер,KZULU,0.89
2024,100 000 халыққа,Шығыс Қазақстан,,әйелдер,KZVOS,0.79
2024,100 000 халыққа,Астана қаласы,,әйелдер,KZNS,0.13
2024,100 000 халыққа,Алматы қаласы,,әйелдер,KZALA,0.08
2024,100 000 халыққа,Шымкент қаласы,,әйелдер,KZSHY,0.47
2024,100 000 халыққа,,қала,әйелдер,,0.36
2024,100 000 халыққа,Абай,қала,әйелдер,KZABY,0.0
2024,100 000 халыққа,Ақмола,қала,әйелдер,KZAKM,0.0
2024,100 000 халыққа,Ақтөбе,қала,әйелдер,KZAKT,0.27
2024,100 000 халыққа,Алматы,қала,әйелдер,KZALM,0.0
2024,100 000 халыққа,Атырау,қала,әйелдер,KZATY,0.0
2024,100 000 халыққа,Батыс Қазақстан,қала,әйелдер,KZZAP,0.96
2024,100 000 халыққа,Жамбыл,қала,әйелдер,KZZHA,0.0
2024,100 000 халыққа,Жетісу,қала,әйелдер,KZZHS,0.0
2024,100 000 халыққа,Қарағанды,қала,әйелдер,KZKAR,1.84
2024,100 000 халыққа,Қостанай,қала,әйелдер,KZKUS,0.36
2024,100 000 халыққа,Қызылорда,қала,әйелдер,KZKZY,0.5
2024,100 000 халыққа,Маңғыстау,қала,әйелдер,KZMAN,0.0
2024,100 000 халыққа,Павлодар,қала,әйелдер,KZPAV,0.0
2024,100 000 халыққа,Солтүстік Қазақстан,қала,әйелдер,KZSEV,1.45
2024,100 000 халыққа,Түркістан,қала,әйелдер,KZYUZ,0.37
2024,100 000 халыққа,Ұлытау,қала,әйелдер,KZULU,1.1
2024,100 000 халыққа,Шығыс Қазақстан,қала,әйелдер,KZVOS,0.39
2024,100 000 халыққа,Астана қаласы,қала,әйелдер,KZNS,0.13
2024,100 000 халыққа,Алматы қаласы,қала,әйелдер,KZALA,0.08
2024,100 000 халыққа,Шымкент қаласы,қала,әйелдер,KZSHY,0.47
2024,100 000 халыққа,,ауыл,әйелдер,,1.27
2024,100 000 халыққа,Абай,ауыл,әйелдер,KZABY,0.87
2024,100 000 халыққа,Ақмола,ауыл,әйелдер,KZAKM,0.0
2024,100 000 халыққа,Ақтөбе,ауыл,әйелдер,KZAKT,0.0
2024,100 000 халыққа,Алматы,ауыл,әйелдер,KZALM,0.32
2024,100 000 халыққа,Атырау,ауыл,әйелдер,KZATY,0.0
2024,100 000 халыққа,Батыс Қазақстан,ауыл,әйелдер,KZZAP,0.0
2024,100 000 халыққа,Жамбыл,ауыл,әйелдер,KZZHA,0.0
2024,100 000 халыққа,Жетісу,ауыл,әйелдер,KZZHS,0.0
2024,100 000 халыққа,Қарағанды,ауыл,әйелдер,KZKAR,0.99
2024,100 000 халыққа,Қостанай,ауыл,әйелдер,KZKUS,1.32
2024,100 000 халыққа,Қызылорда,ауыл,әйелдер,KZKZY,0.0
2024,100 000 халыққа,Маңғыстау,ауыл,әйелдер,KZMAN,0.47
2024,100 000 халыққа,Павлодар,ауыл,әйелдер,KZPAV,0.0
2024,100 000 халыққа,Солтүстік Қазақстан,ауыл,әйелдер,KZSEV,0.0
2024,100 000 халыққа,Түркістан,ауыл,әйелдер,KZYUZ,4.84
2024,100 000 халыққа,Ұлытау,ауыл,әйелдер,KZULU,0.0
2024,100 000 халыққа,Шығыс Қазақстан,ауыл,әйелдер,KZVOS,1.67
