Year,UNIT_MEASURE,SERIES,Өңірлер,GeoCode,Value
2010,млн.тонна,Көліктің барлық түрлерімен жүк тасымалдау,,,538.8
2010,млн.тонна,Құбыр жүргізетін көлікпен,,,193.9
2010,млн.тонна,Темір жол көлігі,,,267.9
2010,млн.тонна,Автокөлік,,,71.1
2010,млн.тонна,Әуе көлігімен,,,0.03
2010,млн.тонна,Ішкі су көлігімен,,,1.1
2010,млн.тонна,Теңіз көлігімен,,,4.7
2010,млн.тонна,,Абай,KZABY,16.7
2010,млн.тонна,,Ақмола,KZAKM,27.1
2010,млн.тонна,,Ақтөбе,KZAKT,39.8
2010,млн.тонна,,Алматы,KZALM,13.3
2010,млн.тонна,,Атырау,KZATY,77.5
2010,млн.тонна,,Батыс Қазақстан,KZZAP,33.5
2010,млн.тонна,,Жамбыл,KZZHA,23.0
2010,млн.тонна,,Жетісу,KZZHS,10.9
2010,млн.тонна,,Қарағанды,KZKAR,49.0
2010,млн.тонна,,Қостанай,KZKUS,23.3
2010,млн.тонна,,Қызылорда,KZKZY,26.0
2010,млн.тонна,,Маңғыстау,KZMAN,42.4
2010,млн.тонна,,Павлодар,KZPAV,34.9
2010,млн.тонна,,Солтүстік Қазақстан,KZSEV,8.4
2010,млн.тонна,,Түркістан,KZYUZ,16.4
2010,млн.тонна,,Ұлытау,KZULU,21.1
2010,млн.тонна,,Шығыс Қазақстан,KZVOS,22.5
2010,млн.тонна,,Астана қаласы,KZNS,26.9
2010,млн.тонна,,Алматы қаласы,KZALA,14.4
2010,млн.тонна,,Шымкент қаласы,KZSHY,11.8
2010,млн.адам,Көліктің барлық түрлерімен жолаушыларды тасымалдау,,,1333.4
2010,млн.адам,Темір жол көлігімен,,,19.6
2010,млн.адам,Автокөлік,,,1230.8
2010,млн.адам,Ішкі су көлігімен,,,0.1
2010,млн.адам,Әуе көлігімен,,,3.4
2010,млн.адам,Қалалық электр көлігі,,,79.5
2010,млн.адам,,Ақмола,KZAKM,47.5
2010,млн.адам,,Ақмола,KZAKM,28.4
2010,млн.адам,,Ақтөбе,KZAKT,38.7
2010,млн.адам,,Алматы,KZALM,18.3
2010,млн.адам,,Атырау,KZATY,31.5
2010,млн.адам,,Батыс Қазақстан,KZZAP,64.7
2010,млн.адам,,Жамбыл,KZZHA,107.3
2010,млн.адам,,Жетісу,KZZHS,30.8
2010,млн.адам,,Қарағанды,KZKAR,181.4
2010,млн.адам,,Қостанай,KZKUS,37.3
2010,млн.адам,,Қызылорда,KZKZY,18.1
2010,млн.адам,,Маңғыстау,KZMAN,21.6
2010,млн.адам,,Павлодар,KZPAV,108.3
2010,млн.адам,,Солтүстік Қазақстан,KZSEV,27.4
2010,млн.адам,,Түркістан,KZYUZ,17.4
2010,млн.адам,,Ұлытау,KZULU,25.2
2010,млн.адам,,Шығыс Қазақстан,KZVOS,103.4
2010,млн.адам,,Астана қаласы,KZNS,229.8
2010,млн.адам,,Алматы қаласы,KZALA,155.0
2010,млн.адам,,Шымкент қаласы,KZSHY,41.1
2010,млн.тонна,Автомобиль және қалалық электр көлігі,,,71.1
2010,млн.тонна,Автомобиль және қалалық электр көлігі,Абай,KZABY,1.0
2010,млн.тонна,Автомобиль және қалалық электр көлігі,Ақмола,KZAKM,3.9
2010,млн.тонна,Автомобиль және қалалық электр көлігі,Ақтөбе,KZAKT,2.6
2010,млн.тонна,Автомобиль және қалалық электр көлігі,Алматы,KZALM,2.2
2010,млн.тонна,Автомобиль және қалалық электр көлігі,Атырау,KZATY,1.0
2010,млн.тонна,Автомобиль және қалалық электр көлігі,Батыс Қазақстан,KZZAP,1.4
2010,млн.тонна,Автомобиль және қалалық электр көлігі,Жамбыл,KZZHA,0.9
2010,млн.тонна,Автомобиль және қалалық электр көлігі,Жетісу,KZZHS,0.8
2010,млн.тонна,Автомобиль және қалалық электр көлігі,Қарағанды,KZKAR,18.5
2010,млн.тонна,Автомобиль және қалалық электр көлігі,Қостанай,KZKUS,3.6
2010,млн.тонна,Автомобиль және қалалық электр көлігі,Қызылорда,KZKZY,4.5
2010,млн.тонна,Автомобиль және қалалық электр көлігі,Маңғыстау,KZMAN,1.4
2010,млн.тонна,Автомобиль және қалалық электр көлігі,Павлодар,KZPAV,2.9
2010,млн.тонна,Автомобиль және қалалық электр көлігі,Солтүстік Қазақстан,KZSEV,2.4
2010,млн.тонна,Автомобиль және қалалық электр көлігі,Түркістан,KZYUZ,1.3
2010,млн.тонна,Автомобиль және қалалық электр көлігі,Ұлытау,KZULU,0.8
2010,млн.тонна,Автомобиль және қалалық электр көлігі,Шығыс Қазақстан,KZVOS,15.1
2010,млн.тонна,Автомобиль және қалалық электр көлігі,Астана қаласы,KZNS,2.0
2010,млн.тонна,Автомобиль және қалалық электр көлігі,Алматы қаласы,KZALA,2.7
2010,млн.тонна,Автомобиль және қалалық электр көлігі,Шымкент қаласы,KZSHY,2.0
2010,млн.адам,Көліктің барлық түрлерімен жолаушыларды тасымалдау,,,1310.4
2010,млн.адам,Көліктің барлық түрлерімен жолаушыларды тасымалдау,Абай,KZABY,46.5
2010,млн.адам,Көліктің барлық түрлерімен жолаушыларды тасымалдау,Ақмола,KZAKM,26.8
2010,млн.адам,Көліктің барлық түрлерімен жолаушыларды тасымалдау,Ақтөбе,KZAKT,36.7
2010,млн.адам,Көліктің барлық түрлерімен жолаушыларды тасымалдау,Алматы,KZALM,17.9
2010,млн.адам,Көліктің барлық түрлерімен жолаушыларды тасымалдау,Атырау,KZATY,30.1
2010,млн.адам,Көліктің барлық түрлерімен жолаушыларды тасымалдау,Батыс Қазақстан,KZZAP,64.2
2010,млн.адам,Көліктің барлық түрлерімен жолаушыларды тасымалдау,Жамбыл,KZZHA,106.1
2010,млн.адам,Көліктің барлық түрлерімен жолаушыларды тасымалдау,Қарағанды,KZKAR,179.9
2010,млн.адам,Көліктің барлық түрлерімен жолаушыларды тасымалдау,Қостанай,KZKUS,36.0
2010,млн.адам,Көліктің барлық түрлерімен жолаушыларды тасымалдау,Қызылорда,KZKZY,16.9
2010,млн.адам,Көліктің барлық түрлерімен жолаушыларды тасымалдау,Маңғыстау,KZMAN,20.7
2010,млн.адам,Көліктің барлық түрлерімен жолаушыларды тасымалдау,Павлодар,KZPAV,106.6
2010,млн.адам,Көліктің барлық түрлерімен жолаушыларды тасымалдау,Солтүстік Қазақстан,KZSEV,27.1
2010,млн.адам,Көліктің барлық түрлерімен жолаушыларды тасымалдау,Түркістан,KZYUZ,17.1
2010,млн.адам,Көліктің барлық түрлерімен жолаушыларды тасымалдау,Ұлытау,KZULU,24.7
2010,млн.адам,Көліктің барлық түрлерімен жолаушыларды тасымалдау,Шығыс Қазақстан,KZVOS,102.9
2010,млн.адам,Көліктің барлық түрлерімен жолаушыларды тасымалдау,Астана қаласы,KZNS,227.5
2010,млн.адам,Көліктің барлық түрлерімен жолаушыларды тасымалдау,Алматы қаласы,KZALA,152.3
2010,млн.адам,Көліктің барлық түрлерімен жолаушыларды тасымалдау,Шымкент қаласы,KZSHY,40.3
2010,тонна,әуе көлікпен тасымалданған жүктер,,,28869.7
2010,тонна,әуе көлікпен тасымалданған жүктер,Абай,KZABY,32.5
2010,тонна,әуе көлікпен тасымалданған жүктер,Ұлытау,KZULU,9.2
2010,тонна,әуе көлікпен тасымалданған жүктер,Алматы қаласы,KZALA,28091.0
2010,тонна,әуе көлікпен тасымалданған жүктер,Шымкент қаласы,KZSHY,737.0
2010,мың.адам,әуе көлікпен тасымалданған жолаушылар,,,3379.2
2010,мың.адам,әуе көлікпен тасымалданған жолаушылар,Абай,KZABY,33.1
2010,мың.адам,әуе көлікпен тасымалданған жолаушылар,Ақмола,KZAKM,1.8
2010,мың.адам,әуе көлікпен тасымалданған жолаушылар,Ақтөбе,KZAKT,62.1
2010,мың.адам,әуе көлікпен тасымалданған жолаушылар,Алматы,KZALM,3.3
2010,мың.адам,әуе көлікпен тасымалданған жолаушылар,Атырау,KZATY,310.6
2010,мың.адам,әуе көлікпен тасымалданған жолаушылар,Қарағанды,KZKAR,31.2
2010,мың.адам,әуе көлікпен тасымалданған жолаушылар,Қостанай,KZKUS,5.2
2010,мың.адам,әуе көлікпен тасымалданған жолаушылар,Қызылорда,KZKZY,26.5
2010,мың.адам,әуе көлікпен тасымалданған жолаушылар,Батыс Қазақстан,KZZAP,23.0
2010,мың.адам,әуе көлікпен тасымалданған жолаушылар,Жамбыл,KZZHA,16.9
2010,мың.адам,әуе көлікпен тасымалданған жолаушылар,Жетісу,KZZHS,19.3
2010,мың.адам,әуе көлікпен тасымалданған жолаушылар,Маңғыстау,KZMAN,173.4
2010,мың.адам,әуе көлікпен тасымалданған жолаушылар,Павлодар,KZPAV,14.1
2010,мың.адам,әуе көлікпен тасымалданған жолаушылар,Солтүстік Қазақстан,KZSEV,4.5
2010,мың.адам,әуе көлікпен тасымалданған жолаушылар,Түркістан,KZYUZ,72.0
2010,мың.адам,әуе көлікпен тасымалданған жолаушылар,Ұлытау,KZULU,9.6
2010,мың.адам,әуе көлікпен тасымалданған жолаушылар,Шығыс Қазақстан,KZVOS,18.9
2010,мың.адам,әуе көлікпен тасымалданған жолаушылар,Астана қаласы,KZNS,863.6
2010,мың.адам,әуе көлікпен тасымалданған жолаушылар,Алматы қаласы,KZALA,1505.3
2010,мың.адам,әуе көлікпен тасымалданған жолаушылар,Шымкент қаласы,KZSHY,184.9
2010,млн.тонна,құбыр көлігінің жұмыс көрсеткіштері,,,194.0
2010,млн.тонна,құбыр көлігінің жұмыс көрсеткіштері,Абай,KZABY,2.3
2010,млн.тонна,құбыр көлігінің жұмыс көрсеткіштері,Ақтөбе,KZAKT,11.5
2010,млн.тонна,құбыр көлігінің жұмыс көрсеткіштері,Алматы,KZALM,5.0
2010,млн.тонна,құбыр көлігінің жұмыс көрсеткіштері,Атырау,KZATY,60.7
2010,млн.тонна,құбыр көлігінің жұмыс көрсеткіштері,Батыс Қазақстан,KZZAP,26.0
2010,млн.тонна,құбыр көлігінің жұмыс көрсеткіштері,Жамбыл,KZZHA,4.7
2010,млн.тонна,құбыр көлігінің жұмыс көрсеткіштері,Жетісу,KZZHS,4.5
2010,млн.тонна,құбыр көлігінің жұмыс көрсеткіштері,Қарағанды,KZKAR,7.9
2010,млн.тонна,құбыр көлігінің жұмыс көрсеткіштері,Қостанай,KZKUS,0.9
2010,млн.тонна,құбыр көлігінің жұмыс көрсеткіштері,Қызылорда,KZKZY,6.6
2010,млн.тонна,құбыр көлігінің жұмыс көрсеткіштері,Маңғыстау,KZMAN,25.9
2010,млн.тонна,құбыр көлігінің жұмыс көрсеткіштері,Павлодар,KZPAV,7.9
2010,млн.тонна,құбыр көлігінің жұмыс көрсеткіштері,Солтүстік Қазақстан,KZSEV,0.7
2010,млн.тонна,құбыр көлігінің жұмыс көрсеткіштері,Түркістан,KZYUZ,11.6
2010,млн.тонна,құбыр көлігінің жұмыс көрсеткіштері,Ұлытау,KZULU,12.2
2010,млн.тонна,құбыр көлігінің жұмыс көрсеткіштері,Астана қаласы,KZNS,4.5
2010,млн.тонна,құбыр көлігінің жұмыс көрсеткіштері,Алматы қаласы,KZALA,0.8
2010,млн.тонна,құбыр көлігінің жұмыс көрсеткіштері,Шымкент қаласы,KZSHY,0.3
2010,млн.тонна,Теңіз көлігімен жүк тасымалдау,,,4.7
2010,млн.тонна,Теңіз көлігімен жүк тасымалдау,Маңғыстау,KZMAN,4.7
2011,млн.тонна,Көліктің барлық түрлерімен жүк тасымалдау,,,573.0
2011,млн.тонна,Құбыр жүргізетін көлікпен,,,214.1
2011,млн.тонна,Темір жол көлігі,,,279.7
2011,млн.тонна,Автокөлік,,,73.6
2011,млн.тонна,Әуе көлігімен,,,0.03
2011,млн.тонна,Ішкі су көлігімен,,,1.1
2011,млн.тонна,Теңіз көлігімен,,,4.6
2011,млн.тонна,,Абай,KZABY,17.8
2011,млн.тонна,,Ақмола,KZAKM,27.2
2011,млн.тонна,,Ақтөбе,KZAKT,41.3
2011,млн.тонна,,Алматы,KZALM,21.8
2011,млн.тонна,,Атырау,KZATY,75.2
2011,млн.тонна,,Батыс Қазақстан,KZZAP,28.3
2011,млн.тонна,,Жамбыл,KZZHA,34.3
2011,млн.тонна,,Қарағанды,KZKAR,45.5
2011,млн.тонна,,Қостанай,KZKUS,24.0
2011,млн.тонна,,Қызылорда,KZKZY,29.7
2011,млн.тонна,,Маңғыстау,KZMAN,40.6
2011,млн.тонна,,Павлодар,KZPAV,33.5
2011,млн.тонна,,Солтүстік Қазақстан,KZSEV,10.4
2011,млн.тонна,,Түркістан,KZYUZ,24.1
2011,млн.тонна,,Ұлытау,KZULU,20.8
2011,млн.тонна,,Шығыс Қазақстан,KZVOS,25.2
2011,млн.тонна,,Астана қаласы,KZNS,34.5
2011,млн.тонна,,Алматы қаласы,KZALA,13.7
2011,млн.тонна,,Шымкент қаласы,KZSHY,12.0
2011,млн.адам,Көліктің барлық түрлерімен жолаушыларды тасымалдау,,,1386.1
2011,млн.адам,Темір жол көлігімен,,,20.5
2011,млн.адам,Автокөлік,,,1284.4
2011,млн.адам,Ішкі су көлігімен,,,0.1
2011,млн.адам,Әуе көлігімен,,,4.1
2011,млн.адам,Қалалық электр көлігі,,,77.0
2011,млн.адам,,Абай,KZABY,50.4
2011,млн.адам,,Ақмола,KZAKM,27.6
2011,млн.адам,,Ақтөбе,KZAKT,39.7
2011,млн.адам,,Алматы,KZALM,16.8
2011,млн.адам,,Атырау,KZATY,31.7
2011,млн.адам,,Батыс Қазақстан,KZZAP,66.8
2011,млн.адам,,Жамбыл,KZZHA,111.1
2011,млн.адам,,Жетісу,KZZHS,31.6
2011,млн.адам,,Қарағанды,KZKAR,173.9
2011,млн.адам,,Қостанай,KZKUS,37.9
2011,млн.адам,,Қызылорда,KZKZY,18.4
2011,млн.адам,,Маңғыстау,KZMAN,21.4
2011,млн.адам,,Павлодар,KZPAV,119.0
2011,млн.адам,,Солтүстік Қазақстан,KZSEV,25.3
2011,млн.адам,,Түркістан,KZYUZ,20.5
2011,млн.адам,,Ұлытау,KZULU,25.4
2011,млн.адам,,Шығыс Қазақстан,KZVOS,104.2
2011,млн.адам,,Астана қаласы,KZNS,230.7
2011,млн.адам,,Алматы қаласы,KZALA,189.0
2011,млн.адам,,Шымкент қаласы,KZSHY,44.5
2011,млн.тонна,Автомобиль және қалалық электр көлігі,,,73.6
2011,млн.тонна,Автомобиль және қалалық электр көлігі,Абай,KZABY,1.6
2011,млн.тонна,Автомобиль және қалалық электр көлігі,Ақмола,KZAKM,3.7
2011,млн.тонна,Автомобиль және қалалық электр көлігі,Ақтөбе,KZAKT,3.3
2011,млн.тонна,Автомобиль және қалалық электр көлігі,Алматы,KZALM,1.7
2011,млн.тонна,Автомобиль және қалалық электр көлігі,Атырау,KZATY,2.3
2011,млн.тонна,Автомобиль және қалалық электр көлігі,Батыс Қазақстан,KZZAP,1.1
2011,млн.тонна,Автомобиль және қалалық электр көлігі,Жамбыл,KZZHA,0.7
2011,млн.тонна,Автомобиль және қалалық электр көлігі,Жетісу,KZZHS,0.8
2011,млн.тонна,Автомобиль және қалалық электр көлігі,Қарағанды,KZKAR,13.8
2011,млн.тонна,Автомобиль және қалалық электр көлігі,Қостанай,KZKUS,3.3
2011,млн.тонна,Автомобиль және қалалық электр көлігі,Қызылорда,KZKZY,7.0
2011,млн.тонна,Автомобиль және қалалық электр көлігі,Маңғыстау,KZMAN,1.7
2011,млн.тонна,Автомобиль және қалалық электр көлігі,Павлодар,KZPAV,4.0
2011,млн.тонна,Автомобиль және қалалық электр көлігі,Солтүстік Қазақстан,KZSEV,2.4
2011,млн.тонна,Автомобиль және қалалық электр көлігі,Түркістан,KZYUZ,1.6
2011,млн.тонна,Автомобиль және қалалық электр көлігі,Ұлытау,KZULU,0.7
2011,млн.тонна,Автомобиль және қалалық электр көлігі,Шығыс Қазақстан,KZVOS,17.7
2011,млн.тонна,Автомобиль және қалалық электр көлігі,Астана қаласы,KZNS,2.6
2011,млн.тонна,Автомобиль және қалалық электр көлігі,Алматы қаласы,KZALA,1.8
2011,млн.тонна,Автомобиль және қалалық электр көлігі,Шымкент қаласы,KZSHY,1.8
2011,млн.адам,Көліктің барлық түрлерімен жолаушыларды тасымалдау,,,1361.3
2011,млн.адам,Көліктің барлық түрлерімен жолаушыларды тасымалдау,Абай,KZABY,49.4
2011,млн.адам,Көліктің барлық түрлерімен жолаушыларды тасымалдау,Ақмола,KZAKM,26.0
2011,млн.адам,Көліктің барлық түрлерімен жолаушыларды тасымалдау,Ақтөбе,KZAKT,37.7
2011,млн.адам,Көліктің барлық түрлерімен жолаушыларды тасымалдау,Алматы,KZALM,16.4
2011,млн.адам,Көліктің барлық түрлерімен жолаушыларды тасымалдау,Атырау,KZATY,30.1
2011,млн.адам,Көліктің барлық түрлерімен жолаушыларды тасымалдау,Батыс Қазақстан,KZZAP,66.3
2011,млн.адам,Көліктің барлық түрлерімен жолаушыларды тасымалдау,Жамбыл,KZZHA,109.8
2011,млн.адам,Көліктің барлық түрлерімен жолаушыларды тасымалдау,Жетісу,KZZHS,31.2
2011,млн.адам,Көліктің барлық түрлерімен жолаушыларды тасымалдау,Қарағанды,KZKAR,172.2
2011,млн.адам,Көліктің барлық түрлерімен жолаушыларды тасымалдау,Қостанай,KZKUS,36.5
2011,млн.адам,Көліктің барлық түрлерімен жолаушыларды тасымалдау,Қызылорда,KZKZY,17.2
2011,млн.адам,Көліктің барлық түрлерімен жолаушыларды тасымалдау,Маңғыстау,KZMAN,19.8
2011,млн.адам,Көліктің барлық түрлерімен жолаушыларды тасымалдау,Павлодар,KZPAV,117.5
2011,млн.адам,Көліктің барлық түрлерімен жолаушыларды тасымалдау,Солтүстік Қазақстан,KZSEV,24.8
2011,млн.адам,Көліктің барлық түрлерімен жолаушыларды тасымалдау,Түркістан,KZYUZ,20.2
2011,млн.адам,Көліктің барлық түрлерімен жолаушыларды тасымалдау,Ұлытау,KZULU,24.8
2011,млн.адам,Көліктің барлық түрлерімен жолаушыларды тасымалдау,Шығыс Қазақстан,KZVOS,103.7
2011,млн.адам,Көліктің барлық түрлерімен жолаушыларды тасымалдау,Астана қаласы,KZNS,227.9
2011,млн.адам,Көліктің барлық түрлерімен жолаушыларды тасымалдау,Алматы қаласы,KZALA,186.1
2011,млн.адам,Көліктің барлық түрлерімен жолаушыларды тасымалдау,Шымкент қаласы,KZSHY,43.6
2011,тонна,әуе көлікпен тасымалданған жүктер,,,31554.9
2011,тонна,әуе көлікпен тасымалданған жүктер,Абай,KZABY,44.0
2011,тонна,әуе көлікпен тасымалданған жүктер,Ұлытау,KZULU,6.6
2011,тонна,әуе көлікпен тасымалданған жүктер,Алматы қаласы,KZALA,30921.3
2011,тонна,әуе көлікпен тасымалданған жүктер,Шымкент қаласы,KZSHY,583.0
2011,мың.адам,әуе көлікпен тасымалданған жолаушылар,,,4131.3
2011,мың.адам,әуе көлікпен тасымалданған жолаушылар,Абай,KZABY,37.4
2011,мың.адам,әуе көлікпен тасымалданған жолаушылар,Ақмола,KZAKM,2.4
2011,мың.адам,әуе көлікпен тасымалданған жолаушылар,Ақтөбе,KZAKT,79.8
2011,мың.адам,әуе көлікпен тасымалданған жолаушылар,Алматы,KZALM,1.3
2011,мың.адам,әуе көлікпен тасымалданған жолаушылар,Атырау,KZATY,388.1
2011,мың.адам,әуе көлікпен тасымалданған жолаушылар,Қарағанды,KZKAR,37.2
2011,мың.адам,әуе көлікпен тасымалданған жолаушылар,Қостанай,KZKUS,7.0
2011,мың.адам,әуе көлікпен тасымалданған жолаушылар,Қызылорда,KZKZY,27.3
2011,мың.адам,әуе көлікпен тасымалданған жолаушылар,Батыс Қазақстан,KZZAP,17.5
2011,мың.адам,әуе көлікпен тасымалданған жолаушылар,Жамбыл,KZZHA,20.1
2011,мың.адам,әуе көлікпен тасымалданған жолаушылар,Жетісу,KZZHS,22.9
2011,мың.адам,әуе көлікпен тасымалданған жолаушылар,Маңғыстау,KZMAN,233.8
2011,мың.адам,әуе көлікпен тасымалданған жолаушылар,Павлодар,KZPAV,12.9
2011,мың.адам,әуе көлікпен тасымалданған жолаушылар,Солтүстік Қазақстан,KZSEV,6.0
2011,мың.адам,әуе көлікпен тасымалданған жолаушылар,Түркістан,KZYUZ,86.0
2011,мың.адам,әуе көлікпен тасымалданған жолаушылар,Ұлытау,KZULU,11.4
2011,мың.адам,әуе көлікпен тасымалданған жолаушылар,Шығыс Қазақстан,KZVOS,23.7
2011,мың.адам,әуе көлікпен тасымалданған жолаушылар,Астана қаласы,KZNS,1057.9
2011,мың.адам,әуе көлікпен тасымалданған жолаушылар,Алматы қаласы,KZALA,1821.4
2011,мың.адам,әуе көлікпен тасымалданған жолаушылар,Шымкент қаласы,KZSHY,237.3
2011,млн.тонна,құбыр көлігінің жұмыс көрсеткіштері,,,214.1
2011,млн.тонна,құбыр көлігінің жұмыс көрсеткіштері,Абай,KZABY,2.6
2011,млн.тонна,құбыр көлігінің жұмыс көрсеткіштері,Ақтөбе,KZAKT,11.6
2011,млн.тонна,құбыр көлігінің жұмыс көрсеткіштері,Алматы,KZALM,13.7
2011,млн.тонна,құбыр көлігінің жұмыс көрсеткіштері,Атырау,KZATY,56.0
2011,млн.тонна,құбыр көлігінің жұмыс көрсеткіштері,Батыс Қазақстан,KZZAP,20.8
2011,млн.тонна,құбыр көлігінің жұмыс көрсеткіштері,Жамбыл,KZZHA,15.3
2011,млн.тонна,құбыр көлігінің жұмыс көрсеткіштері,Жетісу,KZZHS,6.4
2011,млн.тонна,құбыр көлігінің жұмыс көрсеткіштері,Қарағанды,KZKAR,8.2
2011,млн.тонна,құбыр көлігінің жұмыс көрсеткіштері,Қостанай,KZKUS,1.2
2011,млн.тонна,құбыр көлігінің жұмыс көрсеткіштері,Қызылорда,KZKZY,7.3
2011,млн.тонна,құбыр көлігінің жұмыс көрсеткіштері,Маңғыстау,KZMAN,22.5
2011,млн.тонна,құбыр көлігінің жұмыс көрсеткіштері,Павлодар,KZPAV,8.4
2011,млн.тонна,құбыр көлігінің жұмыс көрсеткіштері,Солтүстік Қазақстан,KZSEV,1.0
2011,млн.тонна,құбыр көлігінің жұмыс көрсеткіштері,Түркістан,KZYUZ,19.2
2011,млн.тонна,құбыр көлігінің жұмыс көрсеткіштері,Ұлытау,KZULU,11.7
2011,млн.тонна,құбыр көлігінің жұмыс көрсеткіштері,Астана қаласы,KZNS,6.2
2011,млн.тонна,құбыр көлігінің жұмыс көрсеткіштері,Алматы қаласы,KZALA,1.3
2011,млн.тонна,құбыр көлігінің жұмыс көрсеткіштері,Шымкент қаласы,KZSHY,0.6
2011,млн.тонна,Теңіз көлігімен жүк тасымалдау,,,4.6
2011,млн.тонна,Теңіз көлігімен жүк тасымалдау,Маңғыстау,KZMAN,4.6
2012,млн.тонна,Көліктің барлық түрлерімен жүк тасымалдау,,,585.2
2012,млн.тонна,Құбыр жүргізетін көлікпен,,,213.2
2012,млн.тонна,Темір жол көлігі,,,294.8
2012,млн.тонна,Автокөлік,,,71.8
2012,млн.тонна,Әуе көлігімен,,,0.02
2012,млн.тонна,Ішкі су көлігімен,,,1.3
2012,млн.тонна,Теңіз көлігімен,,,4.0
2012,млн.тонна,,Абай,KZABY,18.1
2012,млн.тонна,,Ақмола,KZAKM,27.4
2012,млн.тонна,,Ақтөбе,KZAKT,43.1
2012,млн.тонна,,Алматы,KZALM,29.2
2012,млн.тонна,,Атырау,KZATY,67.4
2012,млн.тонна,,Батыс Қазақстан,KZZAP,25.9
2012,млн.тонна,,Жамбыл,KZZHA,39.6
2012,млн.тонна,,Жетісу,KZZHS,14.0
2012,млн.тонна,,Қарағанды,KZKAR,45.3
2012,млн.тонна,,Қостанай,KZKUS,25.1
2012,млн.тонна,,Қызылорда,KZKZY,28.6
2012,млн.тонна,,Маңғыстау,KZMAN,41.7
2012,млн.тонна,,Павлодар,KZPAV,34.6
2012,млн.тонна,,Солтүстік Қазақстан,KZSEV,10.3
2012,млн.тонна,,Түркістан,KZYUZ,29.1
2012,млн.тонна,,Ұлытау,KZULU,23.4
2012,млн.тонна,,Шығыс Қазақстан,KZVOS,27.3
2012,млн.тонна,,Астана қаласы,KZNS,29.2
2012,млн.тонна,,Алматы қаласы,KZALA,11.9
2012,млн.тонна,,Шымкент қаласы,KZSHY,13.9
2012,млн.адам,Көліктің барлық түрлерімен жолаушыларды тасымалдау,,,1543.3
2012,млн.адам,Темір жол көлігімен,,,24.4
2012,млн.адам,Автокөлік,,,1444.7
2012,млн.адам,Ішкі су көлігімен,,,0.1
2012,млн.адам,Әуе көлігімен,,,4.5
2012,млн.адам,Қалалық электр көлігі,,,69.6
2012,млн.адам,,Абай,KZABY,49.1
2012,млн.адам,,Ақмола,KZAKM,31.4
2012,млн.адам,,Ақтөбе,KZAKT,44.4
2012,млн.адам,,Алматы,KZALM,16.4
2012,млн.адам,,Атырау,KZATY,26.8
2012,млн.адам,,Батыс Қазақстан,KZZAP,67.5
2012,млн.адам,,Жамбыл,KZZHA,105.3
2012,млн.адам,,Жетісу,KZZHS,31.7
2012,млн.адам,,Қарағанды,KZKAR,175.8
2012,млн.адам,,Қостанай,KZKUS,38.2
2012,млн.адам,,Қызылорда,KZKZY,19.2
2012,млн.адам,,Маңғыстау,KZMAN,19.5
2012,млн.адам,,Павлодар,KZPAV,125.4
2012,млн.адам,,Солтүстік Қазақстан,KZSEV,23.6
2012,млн.адам,,Түркістан,KZYUZ,22.3
2012,млн.адам,,Ұлытау,KZULU,26.4
2012,млн.адам,,Шығыс Қазақстан,KZVOS,104.3
2012,млн.адам,,Астана қаласы,KZNS,337.5
2012,млн.адам,,Алматы қаласы,KZALA,227.7
2012,млн.адам,,Шымкент қаласы,KZSHY,51.1
2012,млн.тонна,Автомобиль және қалалық электр көлігі,,,71.8
2012,млн.тонна,Автомобиль және қалалық электр көлігі,Абай,KZABY,1.5
2012,млн.тонна,Автомобиль және қалалық электр көлігі,Ақмола,KZAKM,2.4
2012,млн.тонна,Автомобиль және қалалық электр көлігі,Ақтөбе,KZAKT,3.8
2012,млн.тонна,Автомобиль және қалалық электр көлігі,Алматы,KZALM,2.2
2012,млн.тонна,Автомобиль және қалалық электр көлігі,Атырау,KZATY,1.3
2012,млн.тонна,Автомобиль және қалалық электр көлігі,Батыс Қазақстан,KZZAP,1.4
2012,млн.тонна,Автомобиль және қалалық электр көлігі,Жамбыл,KZZHA,0.9
2012,млн.тонна,Автомобиль және қалалық электр көлігі,Қарағанды,KZKAR,12.3
2012,млн.тонна,Автомобиль және қалалық электр көлігі,Қостанай,KZKUS,3.2
2012,млн.тонна,Автомобиль және қалалық электр көлігі,Қызылорда,KZKZY,5.9
2012,млн.тонна,Автомобиль және қалалық электр көлігі,Маңғыстау,KZMAN,1.5
2012,млн.тонна,Автомобиль және қалалық электр көлігі,Павлодар,KZPAV,4.5
2012,млн.тонна,Автомобиль және қалалық электр көлігі,Солтүстік Қазақстан,KZSEV,1.4
2012,млн.тонна,Автомобиль және қалалық электр көлігі,Түркістан,KZYUZ,1.1
2012,млн.тонна,Автомобиль және қалалық электр көлігі,Ұлытау,KZULU,0.7
2012,млн.тонна,Автомобиль және қалалық электр көлігі,Шығыс Қазақстан,KZVOS,19.3
2012,млн.тонна,Автомобиль және қалалық электр көлігі,Астана қаласы,KZNS,2.3
2012,млн.тонна,Автомобиль және қалалық электр көлігі,Алматы қаласы,KZALA,2.4
2012,млн.тонна,Автомобиль және қалалық электр көлігі,Шымкент қаласы,KZSHY,3.0
2012,млн.адам,Көліктің барлық түрлерімен жолаушыларды тасымалдау,,,1514.3
2012,млн.адам,Көліктің барлық түрлерімен жолаушыларды тасымалдау,Абай,KZABY,47.9
2012,млн.адам,Көліктің барлық түрлерімен жолаушыларды тасымалдау,Ақмола,KZAKM,29.4
2012,млн.адам,Көліктің барлық түрлерімен жолаушыларды тасымалдау,Ақтөбе,KZAKT,42.0
2012,млн.адам,Көліктің барлық түрлерімен жолаушыларды тасымалдау,Алматы,KZALM,15.6
2012,млн.адам,Көліктің барлық түрлерімен жолаушыларды тасымалдау,Атырау,KZATY,25.0
2012,млн.адам,Көліктің барлық түрлерімен жолаушыларды тасымалдау,Батыс Қазақстан,KZZAP,66.8
2012,млн.адам,Көліктің барлық түрлерімен жолаушыларды тасымалдау,Жамбыл,KZZHA,103.8
2012,млн.адам,Көліктің барлық түрлерімен жолаушыларды тасымалдау,Жетісу,KZZHS,31.1
2012,млн.адам,Көліктің барлық түрлерімен жолаушыларды тасымалдау,Қарағанды,KZKAR,173.7
2012,млн.адам,Көліктің барлық түрлерімен жолаушыларды тасымалдау,Қостанай,KZKUS,36.4
2012,млн.адам,Көліктің барлық түрлерімен жолаушыларды тасымалдау,Қызылорда,KZKZY,17.7
2012,млн.адам,Көліктің барлық түрлерімен жолаушыларды тасымалдау,Маңғыстау,KZMAN,18.1
2012,млн.адам,Көліктің барлық түрлерімен жолаушыларды тасымалдау,Павлодар,KZPAV,123.7
2012,млн.адам,Көліктің барлық түрлерімен жолаушыларды тасымалдау,Солтүстік Қазақстан,KZSEV,22.9
2012,млн.адам,Көліктің барлық түрлерімен жолаушыларды тасымалдау,Түркістан,KZYUZ,21.8
2012,млн.адам,Көліктің барлық түрлерімен жолаушыларды тасымалдау,Ұлытау,KZULU,25.6
2012,млн.адам,Көліктің барлық түрлерімен жолаушыларды тасымалдау,Шығыс Қазақстан,KZVOS,103.7
2012,млн.адам,Көліктің барлық түрлерімен жолаушыларды тасымалдау,Астана қаласы,KZNS,334.6
2012,млн.адам,Көліктің барлық түрлерімен жолаушыларды тасымалдау,Алматы қаласы,KZALA,224.7
2012,млн.адам,Көліктің барлық түрлерімен жолаушыларды тасымалдау,Шымкент қаласы,KZSHY,50.0
2012,тонна,әуе көлікпен тасымалданған жүктер,,,21954.2
2012,тонна,әуе көлікпен тасымалданған жүктер,Абай,KZABY,5.8
2012,тонна,әуе көлікпен тасымалданған жүктер,Батыс Қазақстан,KZZAP,183.0
2012,тонна,әуе көлікпен тасымалданған жүктер,Алматы қаласы,KZALA,20997.4
2012,тонна,әуе көлікпен тасымалданған жүктер,Шымкент қаласы,KZSHY,768.0
2012,мың.адам,әуе көлікпен тасымалданған жолаушылар,,,4512.0
2012,мың.адам,әуе көлікпен тасымалданған жолаушылар,Абай,KZABY,26.5
2012,мың.адам,әуе көлікпен тасымалданған жолаушылар,Ақмола,KZAKM,2.9
2012,мың.адам,әуе көлікпен тасымалданған жолаушылар,Алматы,KZALM,2.1
2012,мың.адам,әуе көлікпен тасымалданған жолаушылар,Атырау,KZATY,441.8
2012,мың.адам,әуе көлікпен тасымалданған жолаушылар,Қарағанды,KZKAR,99.0
2012,мың.адам,әуе көлікпен тасымалданған жолаушылар,Қостанай,KZKUS,8.4
2012,мың.адам,әуе көлікпен тасымалданған жолаушылар,Қызылорда,KZKZY,28.9
2012,мың.адам,әуе көлікпен тасымалданған жолаушылар,Батыс Қазақстан,KZZAP,17.7
2012,мың.адам,әуе көлікпен тасымалданған жолаушылар,Жамбыл,KZZHA,21.3
2012,мың.адам,әуе көлікпен тасымалданған жолаушылар,Жетісу,KZZHS,24.3
2012,мың.адам,әуе көлікпен тасымалданған жолаушылар,Маңғыстау,KZMAN,227.2
2012,мың.адам,әуе көлікпен тасымалданған жолаушылар,Павлодар,KZPAV,12.8
2012,мың.адам,әуе көлікпен тасымалданған жолаушылар,Солтүстік Қазақстан,KZSEV,7.3
2012,мың.адам,әуе көлікпен тасымалданған жолаушылар,Түркістан,KZYUZ,91.4
2012,мың.адам,әуе көлікпен тасымалданған жолаушылар,Ұлытау,KZULU,7.2
2012,мың.адам,әуе көлікпен тасымалданған жолаушылар,Шығыс Қазақстан,KZVOS,26.9
2012,мың.адам,әуе көлікпен тасымалданған жолаушылар,Астана қаласы,KZNS,1131.1
2012,мың.адам,әуе көлікпен тасымалданған жолаушылар,Алматы қаласы,KZALA,1967.7
2012,мың.адам,әуе көлікпен тасымалданған жолаушылар,Шымкент қаласы,KZSHY,274.8
2012,млн.тонна,құбыр көлігінің жұмыс көрсеткіштері,,,213.2
2012,млн.тонна,құбыр көлігінің жұмыс көрсеткіштері,Абай,KZABY,2.1
2012,млн.тонна,құбыр көлігінің жұмыс көрсеткіштері,Ақтөбе,KZAKT,11.4
2012,млн.тонна,құбыр көлігінің жұмыс көрсеткіштері,Алматы,KZALM,16.6
2012,млн.тонна,құбыр көлігінің жұмыс көрсеткіштері,Атырау,KZATY,49.1
2012,млн.тонна,құбыр көлігінің жұмыс көрсеткіштері,Батыс Қазақстан,KZZAP,17.9
2012,млн.тонна,құбыр көлігінің жұмыс көрсеткіштері,Жамбыл,KZZHA,19.6
2012,млн.тонна,құбыр көлігінің жұмыс көрсеткіштері,Жетісу,KZZHS,6.3
2012,млн.тонна,құбыр көлігінің жұмыс көрсеткіштері,Қарағанды,KZKAR,7.9
2012,млн.тонна,құбыр көлігінің жұмыс көрсеткіштері,Қостанай,KZKUS,1.0
2012,млн.тонна,құбыр көлігінің жұмыс көрсеткіштері,Қызылорда,KZKZY,6.1
2012,млн.тонна,құбыр көлігінің жұмыс көрсеткіштері,Маңғыстау,KZMAN,21.9
2012,млн.тонна,құбыр көлігінің жұмыс көрсеткіштері,Павлодар,KZPAV,8.8
2012,млн.тонна,құбыр көлігінің жұмыс көрсеткіштері,Солтүстік Қазақстан,KZSEV,0.7
2012,млн.тонна,құбыр көлігінің жұмыс көрсеткіштері,Түркістан,KZYUZ,23.8
2012,млн.тонна,құбыр көлігінің жұмыс көрсеткіштері,Ұлытау,KZULU,13.1
2012,млн.тонна,құбыр көлігінің жұмыс көрсеткіштері,Астана қаласы,KZNS,5.0
2012,млн.тонна,құбыр көлігінің жұмыс көрсеткіштері,Алматы қаласы,KZALA,1.1
2012,млн.тонна,құбыр көлігінің жұмыс көрсеткіштері,Шымкент қаласы,KZSHY,0.9
2012,млн.тонна,Теңіз көлігімен жүк тасымалдау,,,4.0
2012,млн.тонна,Теңіз көлігімен жүк тасымалдау,Маңғыстау,KZMAN,4.0
2013,млн.тонна,Көліктің барлық түрлерімен жүк тасымалдау,,,623.7
2013,млн.тонна,Құбыр жүргізетін көлікпен,,,225.9
2013,млн.тонна,Темір жол көлігі,,,293.7
2013,млн.тонна,Автокөлік,,,99.0
2013,млн.тонна,Әуе көлігімен,,,0.02
2013,млн.тонна,Ішкі су көлігімен,,,1.1
2013,млн.тонна,Теңіз көлігімен,,,4.0
2013,млн.тонна,,Абай,KZABY,17.9
2013,млн.тонна,,Ақмола,KZAKM,26.4
2013,млн.тонна,,Ақтөбе,KZAKT,44.9
2013,млн.тонна,,Алматы,KZALM,32.2
2013,млн.тонна,,Атырау,KZATY,70.6
2013,млн.тонна,,Батыс Қазақстан,KZZAP,23.7
2013,млн.тонна,,Жамбыл,KZZHA,41.4
2013,млн.тонна,,Жетісу,KZZHS,13.4
2013,млн.тонна,,Қарағанды,KZKAR,52.6
2013,млн.тонна,,Қостанай,KZKUS,26.0
2013,млн.тонна,,Қызылорда,KZKZY,29.3
2013,млн.тонна,,Маңғыстау,KZMAN,42.3
2013,млн.тонна,,Павлодар,KZPAV,49.9
2013,млн.тонна,,Солтүстік Қазақстан,KZSEV,8.8
2013,млн.тонна,,Түркістан,KZYUZ,28.7
2013,млн.тонна,,Ұлытау,KZULU,25.1
2013,млн.тонна,,Шығыс Қазақстан,KZVOS,27.8
2013,млн.тонна,,Астана қаласы,KZNS,34.3
2013,млн.тонна,,Алматы қаласы,KZALA,14.1
2013,млн.тонна,,Шымкент қаласы,KZSHY,14.3
2013,млн.адам,Көліктің барлық түрлерімен жолаушыларды тасымалдау,,,1554.2
2013,млн.адам,Темір жол көлігімен,,,28.6
2013,млн.адам,Автокөлік,,,1455.2
2013,млн.адам,Ішкі су көлігімен,,,0.1
2013,млн.адам,Әуе көлігімен,,,5.0
2013,млн.адам,Қалалық электр көлігі,,,65.4
2013,млн.адам,,Ақмола,KZAKM,45.7
2013,млн.адам,,Ақмола,KZAKM,32.4
2013,млн.адам,,Ақтөбе,KZAKT,49.1
2013,млн.адам,,Алматы,KZALM,17.0
2013,млн.адам,,Атырау,KZATY,24.5
2013,млн.адам,,Батыс Қазақстан,KZZAP,73.5
2013,млн.адам,,Жамбыл,KZZHA,100.8
2013,млн.адам,,Жетісу,KZZHS,35.8
2013,млн.адам,,Қарағанды,KZKAR,170.7
2013,млн.адам,,Қостанай,KZKUS,38.3
2013,млн.адам,,Қызылорда,KZKZY,20.8
2013,млн.адам,,Маңғыстау,KZMAN,21.3
2013,млн.адам,,Павлодар,KZPAV,103.1
2013,млн.адам,,Солтүстік Қазақстан,KZSEV,20.2
2013,млн.адам,,Түркістан,KZYUZ,19.3
2013,млн.адам,,Ұлытау,KZULU,26.1
2013,млн.адам,,Шығыс Қазақстан,KZVOS,101.2
2013,млн.адам,,Астана қаласы,KZNS,365.0
2013,млн.адам,,Алматы қаласы,KZALA,239.1
2013,млн.адам,,Шымкент қаласы,KZSHY,50.7
2013,млн.тонна,Автомобиль және қалалық электр көлігі,,,99.0
2013,млн.тонна,Автомобиль және қалалық электр көлігі,Абай,KZABY,1.3
2013,млн.тонна,Автомобиль және қалалық электр көлігі,Ақмола,KZAKM,2.1
2013,млн.тонна,Автомобиль және қалалық электр көлігі,Ақтөбе,KZAKT,5.1
2013,млн.тонна,Автомобиль және қалалық электр көлігі,Алматы,KZALM,2.9
2013,млн.тонна,Автомобиль және қалалық электр көлігі,Атырау,KZATY,2.6
2013,млн.тонна,Автомобиль және қалалық электр көлігі,Батыс Қазақстан,KZZAP,1.1
2013,млн.тонна,Автомобиль және қалалық электр көлігі,Жамбыл,KZZHA,0.6
2013,млн.тонна,Автомобиль және қалалық электр көлігі,Қарағанды,KZKAR,18.4
2013,млн.тонна,Автомобиль және қалалық электр көлігі,Қостанай,KZKUS,4.8
2013,млн.тонна,Автомобиль және қалалық электр көлігі,Қызылорда,KZKZY,5.6
2013,млн.тонна,Автомобиль және қалалық электр көлігі,Маңғыстау,KZMAN,1.9
2013,млн.тонна,Автомобиль және қалалық электр көлігі,Павлодар,KZPAV,18.5
2013,млн.тонна,Автомобиль және қалалық электр көлігі,Солтүстік Қазақстан,KZSEV,0.9
2013,млн.тонна,Автомобиль және қалалық электр көлігі,Түркістан,KZYUZ,0.8
2013,млн.тонна,Автомобиль және қалалық электр көлігі,Ұлытау,KZULU,1.5
2013,млн.тонна,Автомобиль және қалалық электр көлігі,Шығыс Қазақстан,KZVOS,19.8
2013,млн.тонна,Автомобиль және қалалық электр көлігі,Астана қаласы,KZNS,4.3
2013,млн.тонна,Автомобиль және қалалық электр көлігі,Алматы қаласы,KZALA,3.4
2013,млн.тонна,Автомобиль және қалалық электр көлігі,Шымкент қаласы,KZSHY,2.5
2013,млн.адам,Көліктің барлық түрлерімен жолаушыларды тасымалдау,,,1520.6
2013,млн.адам,Көліктің барлық түрлерімен жолаушыларды тасымалдау,Абай,KZABY,44.3
2013,млн.адам,Көліктің барлық түрлерімен жолаушыларды тасымалдау,Ақмола,KZAKM,30.1
2013,млн.адам,Көліктің барлық түрлерімен жолаушыларды тасымалдау,Ақтөбе,KZAKT,46.3
2013,млн.адам,Көліктің барлық түрлерімен жолаушыларды тасымалдау,Алматы,KZALM,16.0
2013,млн.адам,Көліктің барлық түрлерімен жолаушыларды тасымалдау,Атырау,KZATY,22.4
2013,млн.адам,Көліктің барлық түрлерімен жолаушыларды тасымалдау,Батыс Қазақстан,KZZAP,72.6
2013,млн.адам,Көліктің барлық түрлерімен жолаушыларды тасымалдау,Жамбыл,KZZHA,99.0
2013,млн.адам,Көліктің барлық түрлерімен жолаушыларды тасымалдау,Жетісу,KZZHS,35.2
2013,млн.адам,Көліктің барлық түрлерімен жолаушыларды тасымалдау,Қарағанды,KZKAR,168.0
2013,млн.адам,Көліктің барлық түрлерімен жолаушыларды тасымалдау,Қостанай,KZKUS,36.3
2013,млн.адам,Көліктің барлық түрлерімен жолаушыларды тасымалдау,Қызылорда,KZKZY,19.0
2013,млн.адам,Көліктің барлық түрлерімен жолаушыларды тасымалдау,Маңғыстау,KZMAN,19.7
2013,млн.адам,Көліктің барлық түрлерімен жолаушыларды тасымалдау,Павлодар,KZPAV,101.1
2013,млн.адам,Көліктің барлық түрлерімен жолаушыларды тасымалдау,Солтүстік Қазақстан,KZSEV,19.5
2013,млн.адам,Көліктің барлық түрлерімен жолаушыларды тасымалдау,Түркістан,KZYUZ,18.8
2013,млн.адам,Көліктің барлық түрлерімен жолаушыларды тасымалдау,Ұлытау,KZULU,25.2
2013,млн.адам,Көліктің барлық түрлерімен жолаушыларды тасымалдау,Шығыс Қазақстан,KZVOS,100.4
2013,млн.адам,Көліктің барлық түрлерімен жолаушыларды тасымалдау,Астана қаласы,KZNS,361.4
2013,млн.адам,Көліктің барлық түрлерімен жолаушыларды тасымалдау,Алматы қаласы,KZALA,235.7
2013,млн.адам,Көліктің барлық түрлерімен жолаушыларды тасымалдау,Шымкент қаласы,KZSHY,49.4
2013,тонна,әуе көлікпен тасымалданған жүктер,,,23873.5
2013,тонна,әуе көлікпен тасымалданған жүктер,Батыс Қазақстан,KZZAP,227.2
2013,тонна,әуе көлікпен тасымалданған жүктер,Алматы қаласы,KZALA,22584.3
2013,тонна,әуе көлікпен тасымалданған жүктер,Шымкент қаласы,KZSHY,1062.0
2013,мың.адам,әуе көлікпен тасымалданған жолаушылар,,,4985.6
2013,мың.адам,әуе көлікпен тасымалданған жолаушылар,Абай,KZABY,23.9
2013,мың.адам,әуе көлікпен тасымалданған жолаушылар,Ақмола,KZAKM,3.0
2013,мың.адам,әуе көлікпен тасымалданған жолаушылар,Ақтөбе,KZAKT,97.0
2013,мың.адам,әуе көлікпен тасымалданған жолаушылар,Алматы,KZALM,2.6
2013,мың.адам,әуе көлікпен тасымалданған жолаушылар,Атырау,KZATY,468.2
2013,мың.адам,әуе көлікпен тасымалданған жолаушылар,Қарағанды,KZKAR,184.1
2013,мың.адам,әуе көлікпен тасымалданған жолаушылар,Қостанай,KZKUS,8.6
2013,мың.адам,әуе көлікпен тасымалданған жолаушылар,Қызылорда,KZKZY,23.9
2013,мың.адам,әуе көлікпен тасымалданған жолаушылар,Батыс Қазақстан,KZZAP,19.7
2013,мың.адам,әуе көлікпен тасымалданған жолаушылар,Жамбыл,KZZHA,23.8
2013,мың.адам,әуе көлікпен тасымалданған жолаушылар,Жетісу,KZZHS,27.2
2013,мың.адам,әуе көлікпен тасымалданған жолаушылар,Маңғыстау,KZMAN,250.1
2013,мың.адам,әуе көлікпен тасымалданған жолаушылар,Павлодар,KZPAV,14.3
2013,мың.адам,әуе көлікпен тасымалданған жолаушылар,Солтүстік Қазақстан,KZSEV,7.4
2013,мың.адам,әуе көлікпен тасымалданған жолаушылар,Түркістан,KZYUZ,101.9
2013,мың.адам,әуе көлікпен тасымалданған жолаушылар,Ұлытау,KZULU,10.0
2013,мың.адам,әуе көлікпен тасымалданған жолаушылар,Шығыс Қазақстан,KZVOS,28.6
2013,мың.адам,әуе көлікпен тасымалданған жолаушылар,Астана қаласы,KZNS,1234.6
2013,мың.адам,әуе көлікпен тасымалданған жолаушылар,Алматы қаласы,KZALA,2168.5
2013,мың.адам,әуе көлікпен тасымалданған жолаушылар,Шымкент қаласы,KZSHY,288.2
2013,млн.тонна,құбыр көлігінің жұмыс көрсеткіштері,,,225.9
2013,млн.тонна,құбыр көлігінің жұмыс көрсеткіштері,Абай,KZABY,2.4
2013,млн.тонна,құбыр көлігінің жұмыс көрсеткіштері,Ақтөбе,KZAKT,12.2
2013,млн.тонна,құбыр көлігінің жұмыс көрсеткіштері,Алматы,KZALM,18.8
2013,млн.тонна,құбыр көлігінің жұмыс көрсеткіштері,Атырау,KZATY,50.8
2013,млн.тонна,құбыр көлігінің жұмыс көрсеткіштері,Батыс Қазақстан,KZZAP,16.2
2013,млн.тонна,құбыр көлігінің жұмыс көрсеткіштері,Жамбыл,KZZHA,22.2
2013,млн.тонна,құбыр көлігінің жұмыс көрсеткіштері,Жетісу,KZZHS,7.0
2013,млн.тонна,құбыр көлігінің жұмыс көрсеткіштері,Қарағанды,KZKAR,8.9
2013,млн.тонна,құбыр көлігінің жұмыс көрсеткіштері,Қостанай,KZKUS,0.9
2013,млн.тонна,құбыр көлігінің жұмыс көрсеткіштері,Қызылорда,KZKZY,6.8
2013,млн.тонна,құбыр көлігінің жұмыс көрсеткіштері,Маңғыстау,KZMAN,22.6
2013,млн.тонна,құбыр көлігінің жұмыс көрсеткіштері,Павлодар,KZPAV,10.8
2013,млн.тонна,құбыр көлігінің жұмыс көрсеткіштері,Солтүстік Қазақстан,KZSEV,0.7
2013,млн.тонна,құбыр көлігінің жұмыс көрсеткіштері,Түркістан,KZYUZ,24.5
2013,млн.тонна,құбыр көлігінің жұмыс көрсеткіштері,Ұлытау,KZULU,14.7
2013,млн.тонна,құбыр көлігінің жұмыс көрсеткіштері,Астана қаласы,KZNS,5.5
2013,млн.тонна,құбыр көлігінің жұмыс көрсеткіштері,Алматы қаласы,KZALA,1.3
2013,млн.тонна,құбыр көлігінің жұмыс көрсеткіштері,Шымкент қаласы,KZSHY,0.6
2013,млн.тонна,Теңіз көлігімен жүк тасымалдау,,,4.0
2013,млн.тонна,Теңіз көлігімен жүк тасымалдау,Маңғыстау,KZMAN,4.0
2014,млн.тонна,Көліктің барлық түрлерімен жүк тасымалдау,,,728.8
2014,млн.тонна,Құбыр жүргізетін көлікпен,,,225.0
2014,млн.тонна,Темір жол көлігі,,,390.7
2014,млн.тонна,Автокөлік,,,108.1
2014,млн.тонна,Әуе көлігімен,,,0.02
2014,млн.тонна,Ішкі су көлігімен,,,1.3
2014,млн.тонна,Теңіз көлігімен,,,3.6
2014,млн.тонна,,Абай,KZABY,22.2
2014,млн.тонна,,Ақмола,KZAKM,35.4
2014,млн.тонна,,Ақтөбе,KZAKT,53.5
2014,млн.тонна,,Алматы,KZALM,35.5
2014,млн.тонна,,Атырау,KZATY,74.9
2014,млн.тонна,,Батыс Қазақстан,KZZAP,25.1
2014,млн.тонна,,Жамбыл,KZZHA,50.1
2014,млн.тонна,,Жетісу,KZZHS,16.2
2014,млн.тонна,,Қарағанды,KZKAR,62.0
2014,млн.тонна,,Қостанай,KZKUS,31.7
2014,млн.тонна,,Қызылорда,KZKZY,30.0
2014,млн.тонна,,Маңғыстау,KZMAN,46.3
2014,млн.тонна,,Павлодар,KZPAV,59.2
2014,млн.тонна,,Солтүстік Қазақстан,KZSEV,15.2
2014,млн.тонна,,Түркістан,KZYUZ,32.9
2014,млн.тонна,,Ұлытау,KZULU,28.0
2014,млн.тонна,,Шығыс Қазақстан,KZVOS,29.4
2014,млн.тонна,,Астана қаласы,KZNS,45.3
2014,млн.тонна,,Алматы қаласы,KZALA,19.5
2014,млн.тонна,,Алматы қаласы,KZALA,16.3
2014,млн.адам,Көліктің барлық түрлерімен жолаушыларды тасымалдау,,,1669.7
2014,млн.адам,Темір жол көлігімен,,,23.2
2014,млн.адам,Автокөлік,,,1578.4
2014,млн.адам,Ішкі су көлігімен,,,0.1
2014,млн.адам,Әуе көлігімен,,,5.4
2014,млн.адам,Қалалық электр көлігі,,,62.6
2014,млн.адам,,Абай,KZABY,42.9
2014,млн.адам,,Ақмола,KZAKM,32.7
2014,млн.адам,,Ақтөбе,KZAKT,51.4
2014,млн.адам,,Алматы,KZALM,15.3
2014,млн.адам,,Атырау,KZATY,23.3
2014,млн.адам,,Батыс Қазақстан,KZZAP,73.0
2014,млн.адам,,Жамбыл,KZZHA,94.0
2014,млн.адам,,Жетісу,KZZHS,34.7
2014,млн.адам,,Қарағанды,KZKAR,166.5
2014,млн.адам,,Қостанай,KZKUS,38.1
2014,млн.адам,,Қызылорда,KZKZY,24.5
2014,млн.адам,,Маңғыстау,KZMAN,20.0
2014,млн.адам,,Павлодар,KZPAV,100.6
2014,млн.адам,,Солтүстік Қазақстан,KZSEV,19.3
2014,млн.адам,,Түркістан,KZYUZ,18.8
2014,млн.адам,,Ұлытау,KZULU,25.0
2014,млн.адам,,Шығыс Қазақстан,KZVOS,95.1
2014,млн.адам,,Астана қаласы,KZNS,467.5
2014,млн.адам,,Алматы қаласы,KZALA,279.9
2014,млн.адам,,Шымкент қаласы,KZSHY,47.0
2014,млн.тонна,Автомобиль және қалалық электр көлігі,,,108.1
2014,млн.тонна,Автомобиль және қалалық электр көлігі,Абай,KZABY,1.4
2014,млн.тонна,Автомобиль және қалалық электр көлігі,Ақмола,KZAKM,2.2
2014,млн.тонна,Автомобиль және қалалық электр көлігі,Ақтөбе,KZAKT,6.0
2014,млн.тонна,Автомобиль және қалалық электр көлігі,Алматы,KZALM,1.8
2014,млн.тонна,Автомобиль және қалалық электр көлігі,Атырау,KZATY,4.4
2014,млн.тонна,Автомобиль және қалалық электр көлігі,Батыс Қазақстан,KZZAP,1.3
2014,млн.тонна,Автомобиль және қалалық электр көлігі,Жамбыл,KZZHA,0.6
2014,млн.тонна,Автомобиль және қалалық электр көлігі,Қарағанды,KZKAR,21.2
2014,млн.тонна,Автомобиль және қалалық электр көлігі,Қостанай,KZKUS,3.8
2014,млн.тонна,Автомобиль және қалалық электр көлігі,Қызылорда,KZKZY,4.1
2014,млн.тонна,Автомобиль және қалалық электр көлігі,Маңғыстау,KZMAN,2.1
2014,млн.тонна,Автомобиль және қалалық электр көлігі,Павлодар,KZPAV,20.8
2014,млн.тонна,Автомобиль және қалалық электр көлігі,Солтүстік Қазақстан,KZSEV,1.0
2014,млн.тонна,Автомобиль және қалалық электр көлігі,Түркістан,KZYUZ,0.7
2014,млн.тонна,Автомобиль және қалалық электр көлігі,Ұлытау,KZULU,0.7
2014,млн.тонна,Автомобиль және қалалық электр көлігі,Шығыс Қазақстан,KZVOS,18.7
2014,млн.тонна,Автомобиль және қалалық электр көлігі,Астана қаласы,KZNS,9.0
2014,млн.тонна,Автомобиль және қалалық электр көлігі,Алматы қаласы,KZALA,4.5
2014,млн.тонна,Автомобиль және қалалық электр көлігі,Шымкент қаласы,KZSHY,3.1
2014,млн.адам,Көліктің барлық түрлерімен жолаушыларды тасымалдау,,,1640.9
2014,млн.адам,Көліктің барлық түрлерімен жолаушыларды тасымалдау,Ақмола,KZAKM,41.7
2014,млн.адам,Көліктің барлық түрлерімен жолаушыларды тасымалдау,Ақтөбе,KZAKT,30.8
2014,млн.адам,Көліктің барлық түрлерімен жолаушыларды тасымалдау,Алматы,KZALM,49.1
2014,млн.адам,Көліктің барлық түрлерімен жолаушыларды тасымалдау,Атырау,KZATY,14.6
2014,млн.адам,Көліктің барлық түрлерімен жолаушыларды тасымалдау,Батыс Қазақстан,KZZAP,72.1
2014,млн.адам,Көліктің барлық түрлерімен жолаушыларды тасымалдау,Жамбыл,KZZHA,92.5
2014,млн.адам,Көліктің барлық түрлерімен жолаушыларды тасымалдау,Жетісу,KZZHS,34.1
2014,млн.адам,Көліктің барлық түрлерімен жолаушыларды тасымалдау,Қарағанды,KZKAR,164.5
2014,млн.адам,Көліктің барлық түрлерімен жолаушыларды тасымалдау,Қостанай,KZKUS,36.5
2014,млн.адам,Көліктің барлық түрлерімен жолаушыларды тасымалдау,Қызылорда,KZKZY,23.0
2014,млн.адам,Көліктің барлық түрлерімен жолаушыларды тасымалдау,Маңғыстау,KZMAN,18.7
2014,млн.адам,Көліктің барлық түрлерімен жолаушыларды тасымалдау,Павлодар,KZPAV,99.0
2014,млн.адам,Көліктің барлық түрлерімен жолаушыларды тасымалдау,Солтүстік Қазақстан,KZSEV,18.7
2014,млн.адам,Көліктің барлық түрлерімен жолаушыларды тасымалдау,Түркістан,KZYUZ,18.4
2014,млн.адам,Көліктің барлық түрлерімен жолаушыларды тасымалдау,Ұлытау,KZULU,24.2
2014,млн.адам,Көліктің барлық түрлерімен жолаушыларды тасымалдау,Шығыс Қазақстан,KZVOS,94.4
2014,млн.адам,Көліктің барлық түрлерімен жолаушыларды тасымалдау,Астана қаласы,KZNS,464.5
2014,млн.адам,Көліктің барлық түрлерімен жолаушыларды тасымалдау,Алматы қаласы,KZALA,276.6
2014,млн.адам,Көліктің барлық түрлерімен жолаушыларды тасымалдау,Шымкент қаласы,KZSHY,46.0
2014,тонна,әуе көлікпен тасымалданған жүктер,,,19082.4
2014,тонна,әуе көлікпен тасымалданған жүктер,Батыс Қазақстан,KZZAP,239.4
2014,тонна,әуе көлікпен тасымалданған жүктер,Алматы қаласы,KZALA,17865.0
2014,тонна,әуе көлікпен тасымалданған жүктер,Шымкент қаласы,KZSHY,978.0
2014,мың.адам,әуе көлікпен тасымалданған жолаушылар,,,5434.6
2014,мың.адам,әуе көлікпен тасымалданған жолаушылар,Абай,KZABY,24.5
2014,мың.адам,әуе көлікпен тасымалданған жолаушылар,Ақмола,KZAKM,3.4
2014,мың.адам,әуе көлікпен тасымалданған жолаушылар,Ақтөбе,KZAKT,106.0
2014,мың.адам,әуе көлікпен тасымалданған жолаушылар,Алматы,KZALM,1.8
2014,мың.адам,әуе көлікпен тасымалданған жолаушылар,Атырау,KZATY,505.4
2014,мың.адам,әуе көлікпен тасымалданған жолаушылар,Қарағанды,KZKAR,399.7
2014,мың.адам,әуе көлікпен тасымалданған жолаушылар,Қостанай,KZKUS,9.6
2014,мың.адам,әуе көлікпен тасымалданған жолаушылар,Қызылорда,KZKZY,27.7
2014,мың.адам,әуе көлікпен тасымалданған жолаушылар,Батыс Қазақстан,KZZAP,20.3
2014,мың.адам,әуе көлікпен тасымалданған жолаушылар,Жамбыл,KZZHA,24.4
2014,мың.адам,әуе көлікпен тасымалданған жолаушылар,Жетісу,KZZHS,27.8
2014,мың.адам,әуе көлікпен тасымалданған жолаушылар,Маңғыстау,KZMAN,260.0
2014,мың.адам,әуе көлікпен тасымалданған жолаушылар,Павлодар,KZPAV,14.6
2014,мың.адам,әуе көлікпен тасымалданған жолаушылар,Солтүстік Қазақстан,KZSEV,8.4
2014,мың.адам,әуе көлікпен тасымалданған жолаушылар,Түркістан,KZYUZ,104.6
2014,мың.адам,әуе көлікпен тасымалданған жолаушылар,Ұлытау,KZULU,8.6
2014,мың.адам,әуе көлікпен тасымалданған жолаушылар,Шығыс Қазақстан,KZVOS,30.8
2014,мың.адам,әуе көлікпен тасымалданған жолаушылар,Астана қаласы,KZNS,1289.9
2014,мың.адам,әуе көлікпен тасымалданған жолаушылар,Алматы қаласы,KZALA,2252.5
2014,мың.адам,әуе көлікпен тасымалданған жолаушылар,Шымкент қаласы,KZSHY,314.6
2014,млн.тонна,құбыр көлігінің жұмыс көрсеткіштері,,,225.0
2014,млн.тонна,құбыр көлігінің жұмыс көрсеткіштері,Абай,KZABY,1.4
2014,млн.тонна,құбыр көлігінің жұмыс көрсеткіштері,Ақтөбе,KZAKT,10.4
2014,млн.тонна,құбыр көлігінің жұмыс көрсеткіштері,Алматы,KZALM,21.1
2014,млн.тонна,құбыр көлігінің жұмыс көрсеткіштері,Атырау,KZATY,49.9
2014,млн.тонна,құбыр көлігінің жұмыс көрсеткіштері,Батыс Қазақстан,KZZAP,15.1
2014,млн.тонна,құбыр көлігінің жұмыс көрсеткіштері,Жамбыл,KZZHA,23.5
2014,млн.тонна,құбыр көлігінің жұмыс көрсеткіштері,Жетісу,KZZHS,5.7
2014,млн.тонна,құбыр көлігінің жұмыс көрсеткіштері,Қарағанды,KZKAR,7.1
2014,млн.тонна,құбыр көлігінің жұмыс көрсеткіштері,Қостанай,KZKUS,0.9
2014,млн.тонна,құбыр көлігінің жұмыс көрсеткіштері,Қызылорда,KZKZY,4.1
2014,млн.тонна,құбыр көлігінің жұмыс көрсеткіштері,Маңғыстау,KZMAN,22.1
2014,млн.тонна,құбыр көлігінің жұмыс көрсеткіштері,Павлодар,KZPAV,10.2
2014,млн.тонна,құбыр көлігінің жұмыс көрсеткіштері,Солтүстік Қазақстан,KZSEV,3.0
2014,млн.тонна,құбыр көлігінің жұмыс көрсеткіштері,Түркістан,KZYUZ,26.2
2014,млн.тонна,құбыр көлігінің жұмыс көрсеткіштері,Ұлытау,KZULU,14.1
2014,млн.тонна,құбыр көлігінің жұмыс көрсеткіштері,Астана қаласы,KZNS,7.6
2014,млн.тонна,құбыр көлігінің жұмыс көрсеткіштері,Алматы қаласы,KZALA,1.8
2014,млн.тонна,құбыр көлігінің жұмыс көрсеткіштері,Шымкент қаласы,KZSHY,1.0
2014,млн.тонна,Теңіз көлігімен жүк тасымалдау,,,3.6
2014,млн.тонна,Теңіз көлігімен жүк тасымалдау,Маңғыстау,KZMAN,3.6
2015,млн.тонна,Көліктің барлық түрлерімен жүк тасымалдау,,,662.2
2015,млн.тонна,Құбыр жүргізетін көлікпен,,,214.6
2015,млн.тонна,Темір жол көлігі,,,341.4
2015,млн.тонна,Автокөлік,,,102.5
2015,млн.тонна,Әуе көлігімен,,,0.02
2015,млн.тонна,Ішкі су көлігімен,,,1.2
2015,млн.тонна,Теңіз көлігімен,,,2.5
2015,млн.тонна,,Абай,KZABY,19.3
2015,млн.тонна,,Ақмола,KZAKM,30.9
2015,млн.тонна,,Ақтөбе,KZAKT,50.3
2015,млн.тонна,,Алматы,KZALM,34.9
2015,млн.тонна,,Атырау,KZATY,71.2
2015,млн.тонна,,Батыс Қазақстан,KZZAP,23.2
2015,млн.тонна,,Жамбыл,KZZHA,47.5
2015,млн.тонна,,Жетісу,KZZHS,14.3
2015,млн.тонна,,Қарағанды,KZKAR,48.8
2015,млн.тонна,,Қостанай,KZKUS,28.0
2015,млн.тонна,,Қызылорда,KZKZY,26.5
2015,млн.тонна,,Маңғыстау,KZMAN,34.7
2015,млн.тонна,,Павлодар,KZPAV,56.3
2015,млн.тонна,,Солтүстік Қазақстан,KZSEV,13.3
2015,млн.тонна,,Түркістан,KZYUZ,30.7
2015,млн.тонна,,Ұлытау,KZULU,28.6
2015,млн.тонна,,Шығыс Қазақстан,KZVOS,26.9
2015,млн.тонна,,Астана қаласы,KZNS,42.3
2015,млн.тонна,,Алматы қаласы,KZALA,18.1
2015,млн.тонна,,Шымкент қаласы,KZSHY,16.4
2015,млн.адам,Көліктің барлық түрлерімен жолаушыларды тасымалдау,,,1703.8
2015,млн.адам,Темір жол көлігімен,,,22.5
2015,млн.адам,Автокөлік,,,1609.3
2015,млн.адам,Ішкі су көлігімен,,,0.0
2015,млн.адам,Әуе көлігімен,,,5.9
2015,млн.адам,Қалалық электр көлігі,,,66.0
2015,млн.адам,,Абай,KZABY,44.4
2015,млн.адам,,Ақмола,KZAKM,30.3
2015,млн.адам,,Ақтөбе,KZAKT,60.7
2015,млн.адам,,Алматы,KZALM,14.4
2015,млн.адам,,Атырау,KZATY,19.5
2015,млн.адам,,Батыс Қазақстан,KZZAP,70.3
2015,млн.адам,,Жамбыл,KZZHA,120.6
2015,млн.адам,,Жетісу,KZZHS,42.5
2015,млн.адам,,Қарағанды,KZKAR,159.0
2015,млн.адам,,Қостанай,KZKUS,37.3
2015,млн.адам,,Қызылорда,KZKZY,28.2
2015,млн.адам,,Маңғыстау,KZMAN,19.6
2015,млн.адам,,Павлодар,KZPAV,102.5
2015,млн.адам,,Солтүстік Қазақстан,KZSEV,18.5
2015,млн.адам,,Түркістан,KZYUZ,22.9
2015,млн.адам,,Ұлытау,KZULU,16.8
2015,млн.адам,,Шығыс Қазақстан,KZVOS,89.3
2015,млн.адам,,Астана қаласы,KZNS,485.3
2015,млн.адам,,Алматы қаласы,KZALA,269.1
2015,млн.адам,,Шымкент қаласы,KZSHY,52.7
2015,млн.тонна,Автомобиль және қалалық электр көлігі,,,102.5
2015,млн.тонна,Автомобиль және қалалық электр көлігі,Абай,KZABY,1.3
2015,млн.тонна,Автомобиль және қалалық электр көлігі,Ақмола,KZAKM,2.5
2015,млн.тонна,Автомобиль және қалалық электр көлігі,Ақтөбе,KZAKT,8.5
2015,млн.тонна,Автомобиль және қалалық электр көлігі,Алматы,KZALM,2.4
2015,млн.тонна,Автомобиль және қалалық электр көлігі,Атырау,KZATY,2.0
2015,млн.тонна,Автомобиль және қалалық электр көлігі,Батыс Қазақстан,KZZAP,1.3
2015,млн.тонна,Автомобиль және қалалық электр көлігі,Жамбыл,KZZHA,0.7
2015,млн.тонна,Автомобиль және қалалық электр көлігі,Қарағанды,KZKAR,11.8
2015,млн.тонна,Автомобиль және қалалық электр көлігі,Қостанай,KZKUS,3.8
2015,млн.тонна,Автомобиль және қалалық электр көлігі,Қызылорда,KZKZY,4.2
2015,млн.тонна,Автомобиль және қалалық электр көлігі,Маңғыстау,KZMAN,2.5
2015,млн.тонна,Автомобиль және қалалық электр көлігі,Павлодар,KZPAV,20.4
2015,млн.тонна,Автомобиль және қалалық электр көлігі,Солтүстік Қазақстан,KZSEV,1.1
2015,млн.тонна,Автомобиль және қалалық электр көлігі,Шығыс Қазақстан,KZVOS,2.1
2015,млн.тонна,Автомобиль және қалалық электр көлігі,Ұлытау,KZULU,0.5
2015,млн.тонна,Автомобиль және қалалық электр көлігі,Астана қаласы,KZNS,17.5
2015,млн.тонна,Автомобиль және қалалық электр көлігі,Алматы қаласы,KZALA,4.7
2015,млн.тонна,Автомобиль және қалалық электр көлігі,Шымкент қаласы,KZSHY,4.4
2015,млн.адам,Көліктің барлық түрлерімен жолаушыларды тасымалдау,,,1675.4
2015,млн.адам,Көліктің барлық түрлерімен жолаушыларды тасымалдау,Абай,KZABY,43.3
2015,млн.адам,Көліктің барлық түрлерімен жолаушыларды тасымалдау,Ақмола,KZAKM,28.4
2015,млн.адам,Көліктің барлық түрлерімен жолаушыларды тасымалдау,Ақтөбе,KZAKT,58.5
2015,млн.адам,Көліктің барлық түрлерімен жолаушыларды тасымалдау,Алматы,KZALM,13.7
2015,млн.адам,Көліктің барлық түрлерімен жолаушыларды тасымалдау,Атырау,KZATY,17.8
2015,млн.адам,Көліктің барлық түрлерімен жолаушыларды тасымалдау,Батыс Қазақстан,KZZAP,69.4
2015,млн.адам,Көліктің барлық түрлерімен жолаушыларды тасымалдау,Жамбыл,KZZHA,119.1
2015,млн.адам,Көліктің барлық түрлерімен жолаушыларды тасымалдау,Жетісу,KZZHS,41.9
2015,млн.адам,Көліктің барлық түрлерімен жолаушыларды тасымалдау,Қарағанды,KZKAR,157.1
2015,млн.адам,Көліктің барлық түрлерімен жолаушыларды тасымалдау,Қостанай,KZKUS,35.8
2015,млн.адам,Көліктің барлық түрлерімен жолаушыларды тасымалдау,Қызылорда,KZKZY,26.7
2015,млн.адам,Көліктің барлық түрлерімен жолаушыларды тасымалдау,Маңғыстау,KZMAN,18.3
2015,млн.адам,Көліктің барлық түрлерімен жолаушыларды тасымалдау,Павлодар,KZPAV,100.9
2015,млн.адам,Көліктің барлық түрлерімен жолаушыларды тасымалдау,Солтүстік Қазақстан,KZSEV,17.9
2015,млн.адам,Көліктің барлық түрлерімен жолаушыларды тасымалдау,Түркістан,KZYUZ,22.4
2015,млн.адам,Көліктің барлық түрлерімен жолаушыларды тасымалдау,Ұлытау,KZULU,16.0
2015,млн.адам,Көліктің барлық түрлерімен жолаушыларды тасымалдау,Шығыс Қазақстан,KZVOS,88.7
2015,млн.адам,Көліктің барлық түрлерімен жолаушыларды тасымалдау,Астана қаласы,KZNS,482.2
2015,млн.адам,Көліктің барлық түрлерімен жолаушыларды тасымалдау,Алматы қаласы,KZALA,265.8
2015,млн.адам,Көліктің барлық түрлерімен жолаушыларды тасымалдау,Шымкент қаласы,KZSHY,51.7
2015,тонна,әуе көлікпен тасымалданған жүктер,,,17178.2
2015,тонна,әуе көлікпен тасымалданған жүктер,Батыс Қазақстан,KZZAP,131.0
2015,тонна,әуе көлікпен тасымалданған жүктер,Алматы қаласы,KZALA,15956.2
2015,тонна,әуе көлікпен тасымалданған жүктер,Шымкент қаласы,KZSHY,1091.0
2015,мың.адам,әуе көлікпен тасымалданған жолаушылар,,,5922.8
2015,мың.адам,әуе көлікпен тасымалданған жолаушылар,Абай,KZABY,27.9
2015,мың.адам,әуе көлікпен тасымалданған жолаушылар,Ақмола,KZAKM,3.3
2015,мың.адам,әуе көлікпен тасымалданған жолаушылар,Ақтөбе,KZAKT,109.8
2015,мың.адам,әуе көлікпен тасымалданған жолаушылар,Алматы,KZALM,2.0
2015,мың.адам,әуе көлікпен тасымалданған жолаушылар,Атырау,KZATY,535.7
2015,мың.адам,әуе көлікпен тасымалданған жолаушылар,Қарағанды,KZKAR,384.0
2015,мың.адам,әуе көлікпен тасымалданған жолаушылар,Қостанай,KZKUS,9.5
2015,мың.адам,әуе көлікпен тасымалданған жолаушылар,Қызылорда,KZKZY,24.6
2015,мың.адам,әуе көлікпен тасымалданған жолаушылар,Батыс Қазақстан,KZZAP,23.2
2015,мың.адам,әуе көлікпен тасымалданған жолаушылар,Жамбыл,KZZHA,28.0
2015,мың.адам,әуе көлікпен тасымалданған жолаушылар,Жетісу,KZZHS,31.8
2015,мың.адам,әуе көлікпен тасымалданған жолаушылар,Маңғыстау,KZMAN,290.1
2015,мың.адам,әуе көлікпен тасымалданған жолаушылар,Павлодар,KZPAV,16.7
2015,мың.адам,әуе көлікпен тасымалданған жолаушылар,Солтүстік Қазақстан,KZSEV,8.2
2015,мың.адам,әуе көлікпен тасымалданған жолаушылар,Түркістан,KZYUZ,119.2
2015,мың.адам,әуе көлікпен тасымалданған жолаушылар,Ұлытау,KZULU,7.0
2015,мың.адам,әуе көлікпен тасымалданған жолаушылар,Шығыс Қазақстан,KZVOS,32.7
2015,мың.адам,әуе көлікпен тасымалданған жолаушылар,Астана қаласы,KZNS,1428.1
2015,мың.адам,әуе көлікпен тасымалданған жолаушылар,Алматы қаласы,KZALA,2515.7
2015,мың.адам,әуе көлікпен тасымалданған жолаушылар,Шымкент қаласы,KZSHY,325.4
2015,млн.тонна,құбыр көлігінің жұмыс көрсеткіштері,,,214.6
2015,млн.тонна,құбыр көлігінің жұмыс көрсеткіштері,Абай,KZABY,1.1
2015,млн.тонна,құбыр көлігінің жұмыс көрсеткіштері,Ақтөбе,KZAKT,9.4
2015,млн.тонна,құбыр көлігінің жұмыс көрсеткіштері,Алматы,KZALM,21.4
2015,млн.тонна,құбыр көлігінің жұмыс көрсеткіштері,Атырау,KZATY,51.2
2015,млн.тонна,құбыр көлігінің жұмыс көрсеткіштері,Батыс Қазақстан,KZZAP,14.4
2015,млн.тонна,құбыр көлігінің жұмыс көрсеткіштері,Жамбыл,KZZHA,24.0
2015,млн.тонна,құбыр көлігінің жұмыс көрсеткіштері,Жетісу,KZZHS,5.2
2015,млн.тонна,құбыр көлігінің жұмыс көрсеткіштері,Қарағанды,KZKAR,7.4
2015,млн.тонна,құбыр көлігінің жұмыс көрсеткіштері,Қостанай,KZKUS,0.7
2015,млн.тонна,құбыр көлігінің жұмыс көрсеткіштері,Қызылорда,KZKZY,3.2
2015,млн.тонна,құбыр көлігінің жұмыс көрсеткіштері,Маңғыстау,KZMAN,13.7
2015,млн.тонна,құбыр көлігінің жұмыс көрсеткіштері,Павлодар,KZPAV,11.1
2015,млн.тонна,құбыр көлігінің жұмыс көрсеткіштері,Солтүстік Қазақстан,KZSEV,2.6
2015,млн.тонна,құбыр көлігінің жұмыс көрсеткіштері,Түркістан,KZYUZ,23.5
2015,млн.тонна,құбыр көлігінің жұмыс көрсеткіштері,Ұлытау,KZULU,16.7
2015,млн.тонна,құбыр көлігінің жұмыс көрсеткіштері,Астана қаласы,KZNS,6.2
2015,млн.тонна,құбыр көлігінің жұмыс көрсеткіштері,Алматы қаласы,KZALA,1.7
2015,млн.тонна,құбыр көлігінің жұмыс көрсеткіштері,Шымкент қаласы,KZSHY,1.1
2015,млн.тонна,Теңіз көлігімен жүк тасымалдау,,,2.5
2015,млн.тонна,Теңіз көлігімен жүк тасымалдау,Маңғыстау,KZMAN,2.5
2016,млн.тонна,Көліктің барлық түрлерімен жүк тасымалдау,,,657.9
2016,млн.тонна,Құбыр жүргізетін көлікпен,,,205.8
2016,млн.тонна,Темір жол көлігі,,,338.9
2016,млн.тонна,Автокөлік,,,109.4
2016,млн.тонна,Әуе көлігімен,,,0.02
2016,млн.тонна,Ішкі су көлігімен,,,1.2
2016,млн.тонна,Теңіз көлігімен,,,2.6
2016,млн.тонна,,Абай,KZABY,18.3
2016,млн.тонна,,Ақмола,KZAKM,32.5
2016,млн.тонна,,Ақтөбе,KZAKT,49.0
2016,млн.тонна,,Алматы,KZALM,36.4
2016,млн.тонна,,Атырау,KZATY,71.3
2016,млн.тонна,,Батыс Қазақстан,KZZAP,20.2
2016,млн.тонна,,Жамбыл,KZZHA,45.5
2016,млн.тонна,,Жетісу,KZZHS,17.2
2016,млн.тонна,,Қарағанды,KZKAR,61.4
2016,млн.тонна,,Қостанай,KZKUS,29.2
2016,млн.тонна,,Қызылорда,KZKZY,24.3
2016,млн.тонна,,Маңғыстау,KZMAN,33.1
2016,млн.тонна,,Павлодар,KZPAV,55.5
2016,млн.тонна,,Солтүстік Қазақстан,KZSEV,17.4
2016,млн.тонна,,Түркістан,KZYUZ,33.0
2016,млн.тонна,,Ұлытау,KZULU,24.6
2016,млн.тонна,,Шығыс Қазақстан,KZVOS,23.2
2016,млн.тонна,,Астана қаласы,KZNS,34.4
2016,млн.тонна,,Алматы қаласы,KZALA,16.5
2016,млн.тонна,,Шымкент қаласы,KZSHY,14.9
2016,млн.адам,Көліктің барлық түрлерімен жолаушыларды тасымалдау,,,1640.1
2016,млн.адам,Темір жол көлігімен,,,23.1
2016,млн.адам,Автокөлік,,,1546.2
2016,млн.адам,Ішкі су көлігімен,,,0.1
2016,млн.адам,Әуе көлігімен,,,6.0
2016,млн.адам,Қалалық электр көлігі,,,64.7
2016,млн.адам,,Абай,KZABY,46.2
2016,млн.адам,,Ақмола,KZAKM,29.1
2016,млн.адам,,Ақтөбе,KZAKT,58.8
2016,млн.адам,,Алматы,KZALM,15.2
2016,млн.адам,,Атырау,KZATY,22.1
2016,млн.адам,,Батыс Қазақстан,KZZAP,66.1
2016,млн.адам,,Жамбыл,KZZHA,116.8
2016,млн.адам,,Жетісу,KZZHS,55.0
2016,млн.адам,,Қарағанды,KZKAR,148.7
2016,млн.адам,,Қостанай,KZKUS,37.8
2016,млн.адам,,Қызылорда,KZKZY,34.6
2016,млн.адам,,Маңғыстау,KZMAN,20.9
2016,млн.адам,,Павлодар,KZPAV,93.5
2016,млн.адам,,Солтүстік Қазақстан,KZSEV,16.1
2016,млн.адам,,Түркістан,KZYUZ,22.8
2016,млн.адам,,Ұлытау,KZULU,16.0
2016,млн.адам,,Шығыс Қазақстан,KZVOS,88.6
2016,млн.адам,,Астана қаласы,KZNS,508.2
2016,млн.адам,,Алматы қаласы,KZALA,190.1
2016,млн.адам,,Шымкент қаласы,KZSHY,53.4
2016,млн.тонна,Автомобиль және қалалық электр көлігі,,,109.4
2016,млн.тонна,Автомобиль және қалалық электр көлігі,Абай,KZABY,1.2
2016,млн.тонна,Автомобиль және қалалық электр көлігі,Ақмола,KZAKM,1.8
2016,млн.тонна,Автомобиль және қалалық электр көлігі,Ақтөбе,KZAKT,10.5
2016,млн.тонна,Автомобиль және қалалық электр көлігі,Алматы,KZALM,3.8
2016,млн.тонна,Автомобиль және қалалық электр көлігі,Атырау,KZATY,2.7
2016,млн.тонна,Автомобиль және қалалық электр көлігі,Батыс Қазақстан,KZZAP,1.2
2016,млн.тонна,Автомобиль және қалалық электр көлігі,Жамбыл,KZZHA,0.6
2016,млн.тонна,Автомобиль және қалалық электр көлігі,Жетісу,KZZHS,1.0
2016,млн.тонна,Автомобиль және қалалық электр көлігі,Қарағанды,KZKAR,16.4
2016,млн.тонна,Автомобиль және қалалық электр көлігі,Қостанай,KZKUS,3.5
2016,млн.тонна,Автомобиль және қалалық электр көлігі,Қызылорда,KZKZY,3.4
2016,млн.тонна,Автомобиль және қалалық электр көлігі,Маңғыстау,KZMAN,2.4
2016,млн.тонна,Автомобиль және қалалық электр көлігі,Павлодар,KZPAV,23.6
2016,млн.тонна,Автомобиль және қалалық электр көлігі,Солтүстік Қазақстан,KZSEV,1.0
2016,млн.тонна,Автомобиль және қалалық электр көлігі,Түркістан,KZYUZ,1.1
2016,млн.тонна,Автомобиль және қалалық электр көлігі,Ұлытау,KZULU,0.6
2016,млн.тонна,Автомобиль және қалалық электр көлігі,Шығыс Қазақстан,KZVOS,13.8
2016,млн.тонна,Автомобиль және қалалық электр көлігі,Астана қаласы,KZNS,9.1
2016,млн.тонна,Автомобиль және қалалық электр көлігі,Алматы қаласы,KZALA,5.9
2016,млн.тонна,Автомобиль және қалалық электр көлігі,Шымкент қаласы,KZSHY,5.9
2016,млн.адам,Көліктің барлық түрлерімен жолаушыларды тасымалдау,,,1610.9
2016,млн.адам,Көліктің барлық түрлерімен жолаушыларды тасымалдау,Абай,KZABY,45.0
2016,млн.адам,Көліктің барлық түрлерімен жолаушыларды тасымалдау,Ақмола,KZAKM,27.0
2016,млн.адам,Көліктің барлық түрлерімен жолаушыларды тасымалдау,Ақтөбе,KZAKT,56.7
2016,млн.адам,Көліктің барлық түрлерімен жолаушыларды тасымалдау,Алматы,KZALM,14.5
2016,млн.адам,Көліктің барлық түрлерімен жолаушыларды тасымалдау,Атырау,KZATY,20.5
2016,млн.адам,Көліктің барлық түрлерімен жолаушыларды тасымалдау,Батыс Қазақстан,KZZAP,64.9
2016,млн.адам,Көліктің барлық түрлерімен жолаушыларды тасымалдау,Жамбыл,KZZHA,115.3
2016,млн.адам,Көліктің барлық түрлерімен жолаушыларды тасымалдау,Жетісу,KZZHS,54.2
2016,млн.адам,Көліктің барлық түрлерімен жолаушыларды тасымалдау,Қарағанды,KZKAR,146.3
2016,млн.адам,Көліктің барлық түрлерімен жолаушыларды тасымалдау,Қостанай,KZKUS,36.1
2016,млн.адам,Көліктің барлық түрлерімен жолаушыларды тасымалдау,Қызылорда,KZKZY,33.1
2016,млн.адам,Көліктің барлық түрлерімен жолаушыларды тасымалдау,Маңғыстау,KZMAN,19.5
2016,млн.адам,Көліктің барлық түрлерімен жолаушыларды тасымалдау,Павлодар,KZPAV,92.1
2016,млн.адам,Көліктің барлық түрлерімен жолаушыларды тасымалдау,Солтүстік Қазақстан,KZSEV,15.2
2016,млн.адам,Көліктің барлық түрлерімен жолаушыларды тасымалдау,Түркістан,KZYUZ,22.3
2016,млн.адам,Көліктің барлық түрлерімен жолаушыларды тасымалдау,Ұлытау,KZULU,15.1
2016,млн.адам,Көліктің барлық түрлерімен жолаушыларды тасымалдау,Шығыс Қазақстан,KZVOS,88.0
2016,млн.адам,Көліктің барлық түрлерімен жолаушыларды тасымалдау,Астана қаласы,KZNS,505.6
2016,млн.адам,Көліктің барлық түрлерімен жолаушыларды тасымалдау,Алматы қаласы,KZALA,187.0
2016,млн.адам,Көліктің барлық түрлерімен жолаушыларды тасымалдау,Шымкент қаласы,KZSHY,52.6
2016,тонна,әуе көлікпен тасымалданған жүктер,,,18015.9
2016,тонна,әуе көлікпен тасымалданған жүктер,Батыс Қазақстан,KZZAP,171.0
2016,тонна,әуе көлікпен тасымалданған жүктер,Алматы қаласы,KZALA,16810.9
2016,тонна,әуе көлікпен тасымалданған жүктер,Шымкент қаласы,KZSHY,1034.0
2016,мың.адам,әуе көлікпен тасымалданған жолаушылар,,,6021.7
2016,мың.адам,әуе көлікпен тасымалданған жолаушылар,Абай,KZABY,25.5
2016,мың.адам,әуе көлікпен тасымалданған жолаушылар,Ақмола,KZAKM,3.5
2016,мың.адам,әуе көлікпен тасымалданған жолаушылар,Ақтөбе,KZAKT,113.2
2016,мың.адам,әуе көлікпен тасымалданған жолаушылар,Алматы,KZALM,2.6
2016,мың.адам,әуе көлікпен тасымалданған жолаушылар,Атырау,KZATY,522.6
2016,мың.адам,әуе көлікпен тасымалданған жолаушылар,Қарағанды,KZKAR,777.6
2016,мың.адам,әуе көлікпен тасымалданған жолаушылар,Қостанай,KZKUS,9.9
2016,мың.адам,әуе көлікпен тасымалданған жолаушылар,Қызылорда,KZKZY,16.1
2016,мың.адам,әуе көлікпен тасымалданған жолаушылар,Батыс Қазақстан,KZZAP,22.6
2016,мың.адам,әуе көлікпен тасымалданған жолаушылар,Жамбыл,KZZHA,26.6
2016,мың.адам,әуе көлікпен тасымалданған жолаушылар,Жетісу,KZZHS,29.2
2016,мың.адам,әуе көлікпен тасымалданған жолаушылар,Маңғыстау,KZMAN,271.3
2016,мың.адам,әуе көлікпен тасымалданған жолаушылар,Павлодар,KZPAV,15.4
2016,мың.адам,әуе көлікпен тасымалданған жолаушылар,Солтүстік Қазақстан,KZSEV,8.6
2016,мың.адам,әуе көлікпен тасымалданған жолаушылар,Түркістан,KZYUZ,110.5
2016,мың.адам,әуе көлікпен тасымалданған жолаушылар,Ұлытау,KZULU,9.6
2016,мың.адам,әуе көлікпен тасымалданған жолаушылар,Шығыс Қазақстан,KZVOS,32.7
2016,мың.адам,әуе көлікпен тасымалданған жолаушылар,Астана қаласы,KZNS,1352.4
2016,мың.адам,әуе көлікпен тасымалданған жолаушылар,Алматы қаласы,KZALA,2344.8
2016,мың.адам,әуе көлікпен тасымалданған жолаушылар,Шымкент қаласы,KZSHY,327.2
2016,млн.тонна,құбыр көлігінің жұмыс көрсеткіштері,,,205.8
2016,млн.тонна,құбыр көлігінің жұмыс көрсеткіштері,Абай,KZABY,0.7
2016,млн.тонна,құбыр көлігінің жұмыс көрсеткіштері,Ақтөбе,KZAKT,8.0
2016,млн.тонна,құбыр көлігінің жұмыс көрсеткіштері,Алматы,KZALM,22.3
2016,млн.тонна,құбыр көлігінің жұмыс көрсеткіштері,Атырау,KZATY,51.3
2016,млн.тонна,құбыр көлігінің жұмыс көрсеткіштері,Батыс Қазақстан,KZZAP,12.1
2016,млн.тонна,құбыр көлігінің жұмыс көрсеткіштері,Жамбыл,KZZHA,23.5
2016,млн.тонна,құбыр көлігінің жұмыс көрсеткіштері,Жетісу,KZZHS,4.5
2016,млн.тонна,құбыр көлігінің жұмыс көрсеткіштері,Қарағанды,KZKAR,9.8
2016,млн.тонна,құбыр көлігінің жұмыс көрсеткіштері,Қостанай,KZKUS,0.6
2016,млн.тонна,құбыр көлігінің жұмыс көрсеткіштері,Қызылорда,KZKZY,2.1
2016,млн.тонна,құбыр көлігінің жұмыс көрсеткіштері,Маңғыстау,KZMAN,11.6
2016,млн.тонна,құбыр көлігінің жұмыс көрсеткіштері,Павлодар,KZPAV,11.0
2016,млн.тонна,құбыр көлігінің жұмыс көрсеткіштері,Солтүстік Қазақстан,KZSEV,2.5
2016,млн.тонна,құбыр көлігінің жұмыс көрсеткіштері,Түркістан,KZYUZ,24.7
2016,млн.тонна,құбыр көлігінің жұмыс көрсеткіштері,Ұлытау,KZULU,10.7
2016,млн.тонна,құбыр көлігінің жұмыс көрсеткіштері,Астана қаласы,KZNS,6.8
2016,млн.тонна,құбыр көлігінің жұмыс көрсеткіштері,Алматы қаласы,KZALA,1.2
2016,млн.тонна,құбыр көлігінің жұмыс көрсеткіштері,Шымкент қаласы,KZSHY,1.9
2016,млн.тонна,Теңіз көлігімен жүк тасымалдау,,,2.6
2016,млн.тонна,Теңіз көлігімен жүк тасымалдау,Маңғыстау,KZMAN,2.6
2017,млн.тонна,Көліктің барлық түрлерімен жүк тасымалдау,,,762.4
2017,млн.тонна,Құбыр жүргізетін көлікпен,,,232.8
2017,млн.тонна,Темір жол көлігі,,,387.2
2017,млн.тонна,Автокөлік,,,138.6
2017,млн.тонна,Әуе көлігімен,,,0.02
2017,млн.тонна,Ішкі су көлігімен,,,1.6
2017,млн.тонна,Теңіз көлігімен,,,2.1
2017,млн.тонна,,Абай,KZABY,50.8
2017,млн.тонна,,Ақмола,KZAKM,37.8
2017,млн.тонна,,Ақтөбе,KZAKT,56.8
2017,млн.тонна,,Алматы,KZALM,38.8
2017,млн.тонна,,Атырау,KZATY,80.3
2017,млн.тонна,,Батыс Қазақстан,KZZAP,23.0
2017,млн.тонна,,Жамбыл,KZZHA,52.4
2017,млн.тонна,,Жетісу,KZZHS,19.6
2017,млн.тонна,,Қарағанды,KZKAR,75.8
2017,млн.тонна,,Қостанай,KZKUS,32.5
2017,млн.тонна,,Қызылорда,KZKZY,25.8
2017,млн.тонна,,Маңғыстау,KZMAN,40.9
2017,млн.тонна,,Павлодар,KZPAV,58.7
2017,млн.тонна,,Солтүстік Қазақстан,KZSEV,20.0
2017,млн.тонна,,Түркістан,KZYUZ,37.6
2017,млн.тонна,,Ұлытау,KZULU,28.3
2017,млн.тонна,,Шығыс Қазақстан,KZVOS,16.5
2017,млн.тонна,,Астана қаласы,KZNS,36.3
2017,млн.тонна,,Алматы қаласы,KZALA,17.2
2017,млн.тонна,,Шымкент қаласы,KZSHY,13.3
2017,млн.адам,Көліктің барлық түрлерімен жолаушыларды тасымалдау,,,1654.6
2017,млн.адам,Темір жол көлігімен,,,22.9
2017,млн.адам,Автокөлік,,,1553.0
2017,млн.адам,Ішкі су көлігімен,,,0.1
2017,млн.адам,Әуе көлігімен,,,7.4
2017,млн.адам,Қалалық электр көлігі,,,71.3
2017,млн.адам,,Абай,KZABY,45.1
2017,млн.адам,,Ақмола,KZAKM,25.0
2017,млн.адам,,Ақтөбе,KZAKT,64.8
2017,млн.адам,,Алматы,KZALM,16.4
2017,млн.адам,,Батыс Қазақстан,KZZAP,88.9
2017,млн.адам,,Жамбыл,KZZHA,98.1
2017,млн.адам,,Жетісу,KZZHS,56.2
2017,млн.адам,,Қарағанды,KZKAR,146.4
2017,млн.адам,,Қостанай,KZKUS,37.3
2017,млн.адам,,Қызылорда,KZKZY,33.1
2017,млн.адам,,Маңғыстау,KZMAN,22.4
2017,млн.адам,,Павлодар,KZPAV,83.6
2017,млн.адам,,Солтүстік Қазақстан,KZSEV,15.7
2017,млн.адам,,Түркістан,KZYUZ,22.4
2017,млн.адам,,Ұлытау,KZULU,14.9
2017,млн.адам,,Шығыс Қазақстан,KZVOS,81.9
2017,млн.адам,,Астана қаласы,KZNS,501.6
2017,млн.адам,,Алматы қаласы,KZALA,223.4
2017,млн.адам,,Шымкент қаласы,KZSHY,57.3
2017,млн.тонна,Автомобиль және қалалық электр көлігі,,,138.6
2017,млн.тонна,Автомобиль және қалалық электр көлігі,Абай,KZABY,31.7
2017,млн.тонна,Автомобиль және қалалық электр көлігі,Ақмола,KZAKM,3.3
2017,млн.тонна,Автомобиль және қалалық электр көлігі,Ақтөбе,KZAKT,8.0
2017,млн.тонна,Автомобиль және қалалық электр көлігі,Алматы,KZALM,2.7
2017,млн.тонна,Автомобиль және қалалық электр көлігі,Атырау,KZATY,2.6
2017,млн.тонна,Автомобиль және қалалық электр көлігі,Батыс Қазақстан,KZZAP,1.3
2017,млн.тонна,Автомобиль және қалалық электр көлігі,Жамбыл,KZZHA,2.8
2017,млн.тонна,Автомобиль және қалалық электр көлігі,Жетісу,KZZHS,0.9
2017,млн.тонна,Автомобиль және қалалық электр көлігі,Қарағанды,KZKAR,24.9
2017,млн.тонна,Автомобиль және қалалық электр көлігі,Қостанай,KZKUS,3.4
2017,млн.тонна,Автомобиль және қалалық электр көлігі,Қызылорда,KZKZY,2.5
2017,млн.тонна,Автомобиль және қалалық электр көлігі,Маңғыстау,KZMAN,3.9
2017,млн.тонна,Автомобиль және қалалық электр көлігі,Павлодар,KZPAV,22.0
2017,млн.тонна,Автомобиль және қалалық электр көлігі,Солтүстік Қазақстан,KZSEV,1.2
2017,млн.тонна,Автомобиль және қалалық электр көлігі,Түркістан,KZYUZ,1.8
2017,млн.тонна,Автомобиль және қалалық электр көлігі,Ұлытау,KZULU,0.5
2017,млн.тонна,Автомобиль және қалалық электр көлігі,Шығыс Қазақстан,KZVOS,6.1
2017,млн.тонна,Автомобиль және қалалық электр көлігі,Астана қаласы,KZNS,9.3
2017,млн.тонна,Автомобиль және қалалық электр көлігі,Алматы қаласы,KZALA,6.0
2017,млн.тонна,Автомобиль және қалалық электр көлігі,Шымкент қаласы,KZSHY,3.7
2017,млн.адам,Көліктің барлық түрлерімен жолаушыларды тасымалдау,,,1624.3
2017,млн.адам,Көліктің барлық түрлерімен жолаушыларды тасымалдау,Абай,KZABY,44.0
2017,млн.адам,Көліктің барлық түрлерімен жолаушыларды тасымалдау,Ақмола,KZAKM,23.0
2017,млн.адам,Көліктің барлық түрлерімен жолаушыларды тасымалдау,Ақтөбе,KZAKT,62.3
2017,млн.адам,Көліктің барлық түрлерімен жолаушыларды тасымалдау,Алматы,KZALM,15.7
2017,млн.адам,Көліктің барлық түрлерімен жолаушыларды тасымалдау,Атырау,KZATY,18.1
2017,млн.адам,Көліктің барлық түрлерімен жолаушыларды тасымалдау,Батыс Қазақстан,KZZAP,87.4
2017,млн.адам,Көліктің барлық түрлерімен жолаушыларды тасымалдау,Жамбыл,KZZHA,96.7
2017,млн.адам,Көліктің барлық түрлерімен жолаушыларды тасымалдау,Жетісу,KZZHS,55.4
2017,млн.адам,Көліктің барлық түрлерімен жолаушыларды тасымалдау,Қарағанды,KZKAR,144.1
2017,млн.адам,Көліктің барлық түрлерімен жолаушыларды тасымалдау,Қостанай,KZKUS,35.7
2017,млн.адам,Көліктің барлық түрлерімен жолаушыларды тасымалдау,Қызылорда,KZKZY,31.6
2017,млн.адам,Көліктің барлық түрлерімен жолаушыларды тасымалдау,Маңғыстау,KZMAN,20.9
2017,млн.адам,Көліктің барлық түрлерімен жолаушыларды тасымалдау,Павлодар,KZPAV,82.3
2017,млн.адам,Көліктің барлық түрлерімен жолаушыларды тасымалдау,Солтүстік Қазақстан,KZSEV,14.7
2017,млн.адам,Көліктің барлық түрлерімен жолаушыларды тасымалдау,Түркістан,KZYUZ,21.7
2017,млн.адам,Көліктің барлық түрлерімен жолаушыларды тасымалдау,Ұлытау,KZULU,14.0
2017,млн.адам,Көліктің барлық түрлерімен жолаушыларды тасымалдау,Шығыс Қазақстан,KZVOS,81.3
2017,млн.адам,Көліктің барлық түрлерімен жолаушыларды тасымалдау,Астана қаласы,KZNS,498.9
2017,млн.адам,Көліктің барлық түрлерімен жолаушыларды тасымалдау,Алматы қаласы,KZALA,220.0
2017,млн.адам,Көліктің барлық түрлерімен жолаушыларды тасымалдау,Шымкент қаласы,KZSHY,56.5
2017,тонна,әуе көлікпен тасымалданған жүктер,,,22531.0
2017,тонна,әуе көлікпен тасымалданған жүктер,Батыс Қазақстан,KZZAP,302.0
2017,тонна,әуе көлікпен тасымалданған жүктер,Алматы қаласы,KZALA,20432.0
2017,тонна,әуе көлікпен тасымалданған жүктер,Шымкент қаласы,KZSHY,1797.0
2017,мың.адам,әуе көлікпен тасымалданған жолаушылар,,,7363.7
2017,мың.адам,әуе көлікпен тасымалданған жолаушылар,Абай,KZABY,28.7
2017,мың.адам,әуе көлікпен тасымалданған жолаушылар,Ақмола,KZAKM,5.2
2017,мың.адам,әуе көлікпен тасымалданған жолаушылар,Ақтөбе,KZAKT,153.7
2017,мың.адам,әуе көлікпен тасымалданған жолаушылар,Алматы,KZALM,2.7
2017,мың.адам,әуе көлікпен тасымалданған жолаушылар,Атырау,KZATY,693.7
2017,мың.адам,әуе көлікпен тасымалданған жолаушылар,Қарағанды,KZKAR,966.1
2017,мың.адам,әуе көлікпен тасымалданған жолаушылар,Қостанай,KZKUS,14.6
2017,мың.адам,әуе көлікпен тасымалданған жолаушылар,Қызылорда,KZKZY,10.7
2017,мың.адам,әуе көлікпен тасымалданған жолаушылар,Жамбыл,KZZHA,29.6
2017,мың.адам,әуе көлікпен тасымалданған жолаушылар,Жетісу,KZZHS,32.8
2017,мың.адам,әуе көлікпен тасымалданған жолаушылар,Маңғыстау,KZMAN,320.9
2017,мың.адам,әуе көлікпен тасымалданған жолаушылар,Павлодар,KZPAV,17.3
2017,мың.адам,әуе көлікпен тасымалданған жолаушылар,Солтүстік Қазақстан,KZSEV,12.9
2017,мың.адам,әуе көлікпен тасымалданған жолаушылар,Түркістан,KZYUZ,125.0
2017,мың.адам,әуе көлікпен тасымалданған жолаушылар,Ұлытау,KZULU,11.0
2017,мың.адам,әуе көлікпен тасымалданған жолаушылар,Шығыс Қазақстан,KZVOS,42.5
2017,мың.адам,әуе көлікпен тасымалданған жолаушылар,Астана қаласы,KZNS,1625.4
2017,мың.адам,әуе көлікпен тасымалданған жолаушылар,Алматы қаласы,KZALA,2798.6
2017,мың.адам,әуе көлікпен тасымалданған жолаушылар,Шымкент қаласы,KZSHY,446.8
2017,млн.тонна,құбыр көлігінің жұмыс көрсеткіштері,,,232.8
2017,млн.тонна,құбыр көлігінің жұмыс көрсеткіштері,Абай,KZABY,0.8
2017,млн.тонна,құбыр көлігінің жұмыс көрсеткіштері,Ақтөбе,KZAKT,9.2
2017,млн.тонна,құбыр көлігінің жұмыс көрсеткіштері,Алматы,KZALM,24.6
2017,млн.тонна,құбыр көлігінің жұмыс көрсеткіштері,Атырау,KZATY,59.1
2017,млн.тонна,құбыр көлігінің жұмыс көрсеткіштері,Батыс Қазақстан,KZZAP,13.6
2017,млн.тонна,құбыр көлігінің жұмыс көрсеткіштері,Жамбыл,KZZHA,25.4
2017,млн.тонна,құбыр көлігінің жұмыс көрсеткіштері,Жетісу,KZZHS,4.9
2017,млн.тонна,құбыр көлігінің жұмыс көрсеткіштері,Қарағанды,KZKAR,11.4
2017,млн.тонна,құбыр көлігінің жұмыс көрсеткіштері,Қостанай,KZKUS,0.6
2017,млн.тонна,құбыр көлігінің жұмыс көрсеткіштері,Қызылорда,KZKZY,2.2
2017,млн.тонна,құбыр көлігінің жұмыс көрсеткіштері,Маңғыстау,KZMAN,13.5
2017,млн.тонна,құбыр көлігінің жұмыс көрсеткіштері,Павлодар,KZPAV,13.0
2017,млн.тонна,құбыр көлігінің жұмыс көрсеткіштері,Солтүстік Қазақстан,KZSEV,2.9
2017,млн.тонна,құбыр көлігінің жұмыс көрсеткіштері,Түркістан,KZYUZ,27.3
2017,млн.тонна,құбыр көлігінің жұмыс көрсеткіштері,Ұлытау,KZULU,12.5
2017,млн.тонна,құбыр көлігінің жұмыс көрсеткіштері,Астана қаласы,KZNS,8.0
2017,млн.тонна,құбыр көлігінің жұмыс көрсеткіштері,Алматы қаласы,KZALA,1.4
2017,млн.тонна,құбыр көлігінің жұмыс көрсеткіштері,Шымкент қаласы,KZSHY,2.2
2017,млн.тонна,Теңіз көлігімен жүк тасымалдау,,,2.1
2017,млн.тонна,Теңіз көлігімен жүк тасымалдау,Маңғыстау,KZMAN,2.1
2018,млн.тонна,Көліктің барлық түрлерімен жүк тасымалдау,,,840.8
2018,млн.тонна,Құбыр жүргізетін көлікпен,,,281.4
2018,млн.тонна,Темір жол көлігі,,,397.9
2018,млн.тонна,Автокөлік,,,158.5
2018,млн.тонна,Әуе көлігімен,,,0.04
2018,млн.тонна,Ішкі су көлігімен,,,1.2
2018,млн.тонна,,Абай,KZABY,66.4
2018,млн.тонна,,Ақмола,KZAKM,37.6
2018,млн.тонна,,Ақтөбе,KZAKT,57.8
2018,млн.тонна,,Алматы,KZALM,37.5
2018,млн.тонна,,Атырау,KZATY,85.5
2018,млн.тонна,,Жамбыл,KZZHA,74.8
2018,млн.тонна,,Жетісу,KZZHS,20.0
2018,млн.тонна,,Қарағанды,KZKAR,67.6
2018,млн.тонна,,Қостанай,KZKUS,37.4
2018,млн.тонна,,Қызылорда,KZKZY,26.0
2018,млн.тонна,,Маңғыстау,KZMAN,59.7
2018,млн.тонна,,Павлодар,KZPAV,59.9
2018,млн.тонна,,Солтүстік Қазақстан,KZSEV,20.1
2018,млн.тонна,,Түркістан,KZYUZ,43.6
2018,млн.тонна,,Ұлытау,KZULU,23.7
2018,млн.тонна,,Шығыс Қазақстан,KZVOS,18.2
2018,млн.тонна,,Астана қаласы,KZNS,44.8
2018,млн.тонна,,Алматы қаласы,KZALA,21.9
2018,млн.тонна,,Шымкент қаласы,KZSHY,15.2
2018,млн.адам,Көліктің барлық түрлерімен жолаушыларды тасымалдау,,,1633.5
2018,млн.адам,Темір жол көлігімен,,,23.1
2018,млн.адам,Автокөлік,,,1531.9
2018,млн.адам,Әуе көлігімен,,,7.6
2018,млн.адам,Қалалық электр көлігі,,,70.5
2018,млн.адам,,Абай,KZABY,41.5
2018,млн.адам,,Ақмола,KZAKM,25.3
2018,млн.адам,,Ақтөбе,KZAKT,62.6
2018,млн.адам,,Алматы,KZALM,17.1
2018,млн.адам,,Атырау,KZATY,16.6
2018,млн.адам,,Батыс Қазақстан,KZZAP,59.8
2018,млн.адам,,Жамбыл,KZZHA,102.8
2018,млн.адам,,Жетісу,KZZHS,56.1
2018,млн.адам,,Қарағанды,KZKAR,150.1
2018,млн.адам,,Қостанай,KZKUS,38.3
2018,млн.адам,,Қызылорда,KZKZY,34.4
2018,млн.адам,,Маңғыстау,KZMAN,25.7
2018,млн.адам,,Павлодар,KZPAV,80.4
2018,млн.адам,,Солтүстік Қазақстан,KZSEV,16.4
2018,млн.адам,,Түркістан,KZYUZ,21.4
2018,млн.адам,,Ұлытау,KZULU,15.2
2018,млн.адам,,Шығыс Қазақстан,KZVOS,80.3
2018,млн.адам,,Астана қаласы,KZNS,433.5
2018,млн.адам,,Алматы қаласы,KZALA,301.4
2018,млн.адам,,Шымкент қаласы,KZSHY,54.7
2018,млн.тонна,Автомобиль және қалалық электр көлігі,Абай,KZABY,46.7
2018,млн.тонна,Автомобиль және қалалық электр көлігі,Ақмола,KZAKM,1.9
2018,млн.тонна,Автомобиль және қалалық электр көлігі,Ақтөбе,KZAKT,10.6
2018,млн.тонна,Автомобиль және қалалық электр көлігі,Алматы,KZALM,2.4
2018,млн.тонна,Автомобиль және қалалық электр көлігі,Атырау,KZATY,3.4
2018,млн.тонна,Автомобиль және қалалық электр көлігі,Батыс Қазақстан,KZZAP,1.5
2018,млн.тонна,Автомобиль және қалалық электр көлігі,Жамбыл,KZZHA,2.2
2018,млн.тонна,Автомобиль және қалалық электр көлігі,Жетісу,KZZHS,0.9
2018,млн.тонна,Автомобиль және қалалық электр көлігі,Қарағанды,KZKAR,23.0
2018,млн.тонна,Автомобиль және қалалық электр көлігі,Қостанай,KZKUS,7.7
2018,млн.тонна,Автомобиль және қалалық электр көлігі,Қызылорда,KZKZY,3.0
2018,млн.тонна,Автомобиль және қалалық электр көлігі,Маңғыстау,KZMAN,3.3
2018,млн.тонна,Автомобиль және қалалық электр көлігі,Павлодар,KZPAV,25.4
2018,млн.тонна,Автомобиль және қалалық электр көлігі,Солтүстік Қазақстан,KZSEV,1.3
2018,млн.тонна,Автомобиль және қалалық электр көлігі,Түркістан,KZYUZ,1.5
2018,млн.тонна,Автомобиль және қалалық электр көлігі,Ұлытау,KZULU,0.5
2018,млн.тонна,Автомобиль және қалалық электр көлігі,Шығыс Қазақстан,KZVOS,7.7
2018,млн.тонна,Автомобиль және қалалық электр көлігі,Астана қаласы,KZNS,8.1
2018,млн.тонна,Автомобиль және қалалық электр көлігі,Алматы қаласы,KZALA,4.8
2018,млн.тонна,Автомобиль және қалалық электр көлігі,Шымкент қаласы,KZSHY,2.5
2018,млн.адам,Көліктің барлық түрлерімен жолаушыларды тасымалдау,,,1602.7
2018,млн.адам,Көліктің барлық түрлерімен жолаушыларды тасымалдау,Абай,KZABY,40.5
2018,млн.адам,Көліктің барлық түрлерімен жолаушыларды тасымалдау,Ақмола,KZAKM,23.4
2018,млн.адам,Көліктің барлық түрлерімен жолаушыларды тасымалдау,Ақтөбе,KZAKT,60.2
2018,млн.адам,Көліктің барлық түрлерімен жолаушыларды тасымалдау,Алматы,KZALM,16.4
2018,млн.адам,Көліктің барлық түрлерімен жолаушыларды тасымалдау,Атырау,KZATY,14.8
2018,млн.адам,Көліктің барлық түрлерімен жолаушыларды тасымалдау,Батыс Қазақстан,KZZAP,58.4
2018,млн.адам,Көліктің барлық түрлерімен жолаушыларды тасымалдау,Жамбыл,KZZHA,101.5
2018,млн.адам,Көліктің барлық түрлерімен жолаушыларды тасымалдау,Жетісу,KZZHS,55.3
2018,млн.адам,Көліктің барлық түрлерімен жолаушыларды тасымалдау,Қарағанды,KZKAR,147.9
2018,млн.адам,Көліктің барлық түрлерімен жолаушыларды тасымалдау,Қостанай,KZKUS,36.7
2018,млн.адам,Көліктің барлық түрлерімен жолаушыларды тасымалдау,Қызылорда,KZKZY,33.2
2018,млн.адам,Көліктің барлық түрлерімен жолаушыларды тасымалдау,Маңғыстау,KZMAN,24.2
2018,млн.адам,Көліктің барлық түрлерімен жолаушыларды тасымалдау,Павлодар,KZPAV,79.2
2018,млн.адам,Көліктің барлық түрлерімен жолаушыларды тасымалдау,Солтүстік Қазақстан,KZSEV,15.6
2018,млн.адам,Көліктің барлық түрлерімен жолаушыларды тасымалдау,Түркістан,KZYUZ,20.7
2018,млн.адам,Көліктің барлық түрлерімен жолаушыларды тасымалдау,Шығыс Қазақстан,KZVOS,79.7
2018,млн.адам,Көліктің барлық түрлерімен жолаушыларды тасымалдау,Астана қаласы,KZNS,428.9
2018,млн.адам,Көліктің барлық түрлерімен жолаушыларды тасымалдау,Алматы қаласы,KZALA,298.0
2018,млн.адам,Көліктің барлық түрлерімен жолаушыларды тасымалдау,Шымкент қаласы,KZSHY,53.8
2018,тонна,әуе көлікпен тасымалданған жүктер,,,44140.0
2018,тонна,әуе көлікпен тасымалданған жүктер,Батыс Қазақстан,KZZAP,793.0
2018,тонна,әуе көлікпен тасымалданған жүктер,Алматы қаласы,KZALA,40560.0
2018,тонна,әуе көлікпен тасымалданған жүктер,Шымкент қаласы,KZSHY,2787.0
2018,мың.адам,әуе көлікпен тасымалданған жолаушылар,,,7555.6
2018,мың.адам,әуе көлікпен тасымалданған жолаушылар,Абай,KZABY,27.9
2018,мың.адам,әуе көлікпен тасымалданған жолаушылар,Ақмола,KZAKM,5.8
2018,мың.адам,әуе көлікпен тасымалданған жолаушылар,Ақтөбе,KZAKT,163.3
2018,мың.адам,әуе көлікпен тасымалданған жолаушылар,Алматы,KZALM,2.7
2018,мың.адам,әуе көлікпен тасымалданған жолаушылар,Атырау,KZATY,741.0
2018,мың.адам,әуе көлікпен тасымалданған жолаушылар,Қарағанды,KZKAR,961.5
2018,мың.адам,әуе көлікпен тасымалданған жолаушылар,Қостанай,KZKUS,16.4
2018,мың.адам,әуе көлікпен тасымалданған жолаушылар,Қызылорда,KZKZY,6.5
2018,мың.адам,әуе көлікпен тасымалданған жолаушылар,Батыс Қазақстан,KZZAP,24.0
2018,мың.адам,әуе көлікпен тасымалданған жолаушылар,Жамбыл,KZZHA,27.8
2018,мың.адам,әуе көлікпен тасымалданған жолаушылар,Жетісу,KZZHS,31.7
2018,мың.адам,әуе көлікпен тасымалданған жолаушылар,Маңғыстау,KZMAN,321.8
2018,мың.адам,әуе көлікпен тасымалданған жолаушылар,Павлодар,KZPAV,16.7
2018,мың.адам,әуе көлікпен тасымалданған жолаушылар,Солтүстік Қазақстан,KZSEV,14.5
2018,мың.адам,әуе көлікпен тасымалданған жолаушылар,Түркістан,KZYUZ,121.2
2018,мың.адам,әуе көлікпен тасымалданған жолаушылар,Ұлытау,KZULU,8.0
2018,мың.адам,әуе көлікпен тасымалданған жолаушылар,Шығыс Қазақстан,KZVOS,44.4
2018,мың.адам,әуе көлікпен тасымалданған жолаушылар,Астана қаласы,KZNS,1667.1
2018,мың.адам,әуе көлікпен тасымалданған жолаушылар,Алматы қаласы,KZALA,2833.4
2018,мың.адам,әуе көлікпен тасымалданған жолаушылар,Шымкент қаласы,KZSHY,519.7
2018,млн.тонна,құбыр көлігінің жұмыс көрсеткіштері,,,281.4
2018,млн.тонна,құбыр көлігінің жұмыс көрсеткіштері,Абай,KZABY,0.7
2018,млн.тонна,құбыр көлігінің жұмыс көрсеткіштері,Ақтөбе,KZAKT,6.9
2018,млн.тонна,құбыр көлігінің жұмыс көрсеткіштері,Алматы,KZALM,23.2
2018,млн.тонна,құбыр көлігінің жұмыс көрсеткіштері,Атырау,KZATY,62.9
2018,млн.тонна,құбыр көлігінің жұмыс көрсеткіштері,Батыс Қазақстан,KZZAP,13.3
2018,млн.тонна,құбыр көлігінің жұмыс көрсеткіштері,Жамбыл,KZZHA,47.9
2018,млн.тонна,құбыр көлігінің жұмыс көрсеткіштері,Жетісу,KZZHS,5.4
2018,млн.тонна,құбыр көлігінің жұмыс көрсеткіштері,Қарағанды,KZKAR,4.0
2018,млн.тонна,құбыр көлігінің жұмыс көрсеткіштері,Қостанай,KZKUS,0.7
2018,млн.тонна,құбыр көлігінің жұмыс көрсеткіштері,Қызылорда,KZKZY,1.5
2018,млн.тонна,құбыр көлігінің жұмыс көрсеткіштері,Маңғыстау,KZMAN,32.8
2018,млн.тонна,құбыр көлігінің жұмыс көрсеткіштері,Павлодар,KZPAV,12.6
2018,млн.тонна,құбыр көлігінің жұмыс көрсеткіштері,Солтүстік Қазақстан,KZSEV,3.5
2018,млн.тонна,құбыр көлігінің жұмыс көрсеткіштері,Түркістан,KZYUZ,30.8
2018,млн.тонна,құбыр көлігінің жұмыс көрсеткіштері,Ұлытау,KZULU,7.9
2018,млн.тонна,құбыр көлігінің жұмыс көрсеткіштері,Астана қаласы,KZNS,15.9
2018,млн.тонна,құбыр көлігінің жұмыс көрсеткіштері,Алматы қаласы,KZALA,6.6
2018,млн.тонна,құбыр көлігінің жұмыс көрсеткіштері,Шымкент қаласы,KZSHY,4.7
2019,млн.тонна,Көліктің барлық түрлерімен жүк тасымалдау,,,869.9
2019,млн.тонна,Құбыр жүргізетін көлікпен,,,273.0
2019,млн.тонна,Темір жол көлігі,,,397.0
2019,млн.тонна,Автокөлік,,,197.6
2019,млн.тонна,Әуе көлігімен,,,0.03
2019,млн.тонна,Ішкі су көлігімен,,,1.3
2019,млн.тонна,Теңіз көлігімен,,,0.8
2019,млн.тонна,,Абай,KZABY,85.2
2019,млн.тонна,,Ақмола,KZAKM,36.9
2019,млн.тонна,,Ақтөбе,KZAKT,63.8
2019,млн.тонна,,Алматы,KZALM,42.8
2019,млн.тонна,,Атырау,KZATY,82.9
2019,млн.тонна,,Батыс Қазақстан,KZZAP,19.6
2019,млн.тонна,,Жамбыл,KZZHA,51.0
2019,млн.тонна,,Жетісу,KZZHS,15.0
2019,млн.тонна,,Қарағанды,KZKAR,82.7
2019,млн.тонна,,Қостанай,KZKUS,47.6
2019,млн.тонна,,Қызылорда,KZKZY,27.0
2019,млн.тонна,,Маңғыстау,KZMAN,54.9
2019,млн.тонна,,Павлодар,KZPAV,50.2
2019,млн.тонна,,Солтүстік Қазақстан,KZSEV,17.1
2019,млн.тонна,,Түркістан,KZYUZ,36.1
2019,млн.тонна,,Ұлытау,KZULU,31.4
2019,млн.тонна,,Шығыс Қазақстан,KZVOS,19.8
2019,млн.тонна,,Астана қаласы,KZNS,59.2
2019,млн.тонна,,Алматы қаласы,KZALA,27.2
2019,млн.тонна,,Шымкент қаласы,KZSHY,19.5
2019,млн.адам,Көліктің барлық түрлерімен жолаушыларды тасымалдау,,,1614.1
2019,млн.адам,Темір жол көлігімен,,,22.4
2019,млн.адам,Автокөлік,,,1497.8
2019,млн.адам,Ішкі су көлігімен,,,0.0
2019,млн.адам,Теңіз көлігімен,,,0.06
2019,млн.адам,Әуе көлігімен,,,8.6
2019,млн.адам,Қалалық электр көлігі,,,85.1
2019,млн.адам,,Абай,KZABY,46.2
2019,млн.адам,,Ақмола,KZAKM,27.7
2019,млн.адам,,Ақтөбе,KZAKT,60.2
2019,млн.адам,,Алматы,KZALM,20.8
2019,млн.адам,,Атырау,KZATY,27.0
2019,млн.адам,,Батыс Қазақстан,KZZAP,56.9
2019,млн.адам,,Жамбыл,KZZHA,105.6
2019,млн.адам,,Жетісу,KZZHS,57.6
2019,млн.адам,,Қарағанды,KZKAR,146.6
2019,млн.адам,,Қостанай,KZKUS,38.1
2019,млн.адам,,Қызылорда,KZKZY,31.4
2019,млн.адам,,Маңғыстау,KZMAN,26.6
2019,млн.адам,,Павлодар,KZPAV,82.2
2019,млн.адам,,Солтүстік Қазақстан,KZSEV,16.3
2019,млн.адам,,Түркістан,KZYUZ,25.1
2019,млн.адам,,Ұлытау,KZULU,15.9
2019,млн.адам,,Шығыс Қазақстан,KZVOS,81.7
2019,млн.адам,,Астана қаласы,KZNS,328.4
2019,млн.адам,,Алматы қаласы,KZALA,362.5
2019,млн.адам,,Шымкент қаласы,KZSHY,57.2
2019,млн.тонна,Автомобиль және қалалық электр көлігі,,,197.6
2019,млн.тонна,Автомобиль және қалалық электр көлігі,Абай,KZABY,65.4
2019,млн.тонна,Автомобиль және қалалық электр көлігі,Ақмола,KZAKM,2.0
2019,млн.тонна,Автомобиль және қалалық электр көлігі,Ақтөбе,KZAKT,14.2
2019,млн.тонна,Автомобиль және қалалық электр көлігі,Алматы,KZALM,3.1
2019,млн.тонна,Автомобиль және қалалық электр көлігі,Атырау,KZATY,2.7
2019,млн.тонна,Автомобиль және қалалық электр көлігі,Батыс Қазақстан,KZZAP,2.1
2019,млн.тонна,Автомобиль және қалалық электр көлігі,Жамбыл,KZZHA,0.9
2019,млн.тонна,Автомобиль және қалалық электр көлігі,Қарағанды,KZKAR,26.7
2019,млн.тонна,Автомобиль және қалалық электр көлігі,Қостанай,KZKUS,20.5
2019,млн.тонна,Автомобиль және қалалық электр көлігі,Қызылорда,KZKZY,3.4
2019,млн.тонна,Автомобиль және қалалық электр көлігі,Маңғыстау,KZMAN,2.3
2019,млн.тонна,Автомобиль және қалалық электр көлігі,Павлодар,KZPAV,14.7
2019,млн.тонна,Автомобиль және қалалық электр көлігі,Солтүстік Қазақстан,KZSEV,1.4
2019,млн.тонна,Автомобиль және қалалық электр көлігі,Түркістан,KZYUZ,1.0
2019,млн.тонна,Автомобиль және қалалық электр көлігі,Ұлытау,KZULU,2.1
2019,млн.тонна,Автомобиль және қалалық электр көлігі,Шығыс Қазақстан,KZVOS,9.0
2019,млн.тонна,Автомобиль және қалалық электр көлігі,Астана қаласы,KZNS,14.3
2019,млн.тонна,Автомобиль және қалалық электр көлігі,Алматы қаласы,KZALA,8.1
2019,млн.тонна,Автомобиль және қалалық электр көлігі,Шымкент қаласы,KZSHY,2.7
2019,млн.адам,Көліктің барлық түрлерімен жолаушыларды тасымалдау,,,1583.0
2019,млн.адам,Көліктің барлық түрлерімен жолаушыларды тасымалдау,Абай,KZABY,45.5
2019,млн.адам,Көліктің барлық түрлерімен жолаушыларды тасымалдау,Ақмола,KZAKM,26.5
2019,млн.адам,Көліктің барлық түрлерімен жолаушыларды тасымалдау,Ақтөбе,KZAKT,58.7
2019,млн.адам,Көліктің барлық түрлерімен жолаушыларды тасымалдау,Алматы,KZALM,20.4
2019,млн.адам,Көліктің барлық түрлерімен жолаушыларды тасымалдау,Атырау,KZATY,25.5
2019,млн.адам,Көліктің барлық түрлерімен жолаушыларды тасымалдау,Батыс Қазақстан,KZZAP,55.9
2019,млн.адам,Көліктің барлық түрлерімен жолаушыларды тасымалдау,Жамбыл,KZZHA,104.7
2019,млн.адам,Көліктің барлық түрлерімен жолаушыларды тасымалдау,Жетісу,KZZHS,57.3
2019,млн.адам,Көліктің барлық түрлерімен жолаушыларды тасымалдау,Қарағанды,KZKAR,145.1
2019,млн.адам,Көліктің барлық түрлерімен жолаушыларды тасымалдау,Қостанай,KZKUS,37.1
2019,млн.адам,Көліктің барлық түрлерімен жолаушыларды тасымалдау,Қызылорда,KZKZY,30.2
2019,млн.адам,Көліктің барлық түрлерімен жолаушыларды тасымалдау,Маңғыстау,KZMAN,25.5
2019,млн.адам,Көліктің барлық түрлерімен жолаушыларды тасымалдау,Павлодар,KZPAV,81.4
2019,млн.адам,Көліктің барлық түрлерімен жолаушыларды тасымалдау,Солтүстік Қазақстан,KZSEV,15.9
2019,млн.адам,Көліктің барлық түрлерімен жолаушыларды тасымалдау,Түркістан,KZYUZ,24.7
2019,млн.адам,Көліктің барлық түрлерімен жолаушыларды тасымалдау,Ұлытау,KZULU,15.4
2019,млн.адам,Көліктің барлық түрлерімен жолаушыларды тасымалдау,Шығыс Қазақстан,KZVOS,81.3
2019,млн.адам,Көліктің барлық түрлерімен жолаушыларды тасымалдау,Астана қаласы,KZNS,317.8
2019,млн.адам,Көліктің барлық түрлерімен жолаушыларды тасымалдау,Алматы қаласы,KZALA,358.2
2019,млн.адам,Көліктің барлық түрлерімен жолаушыларды тасымалдау,Шымкент қаласы,KZSHY,56.1
2019,тонна,әуе көлікпен тасымалданған жүктер,,,26721.1
2019,тонна,әуе көлікпен тасымалданған жүктер,Батыс Қазақстан,KZZAP,726.0
2019,тонна,әуе көлікпен тасымалданған жүктер,Алматы қаласы,KZALA,22551.1
2019,тонна,әуе көлікпен тасымалданған жүктер,Алматы қаласы,KZALA,3444.0
2019,мың.адам,әуе көлікпен тасымалданған жолаушылар,,,8644.9
2019,мың.адам,әуе көлікпен тасымалданған жолаушылар,Абай,KZABY,33.0
2019,мың.адам,әуе көлікпен тасымалданған жолаушылар,Ақмола,KZAKM,6.2
2019,мың.адам,әуе көлікпен тасымалданған жолаушылар,Ақтөбе,KZAKT,220.3
2019,мың.адам,әуе көлікпен тасымалданған жолаушылар,Алматы,KZALM,0.4
2019,мың.адам,әуе көлікпен тасымалданған жолаушылар,Атырау,KZATY,821.2
2019,мың.адам,әуе көлікпен тасымалданған жолаушылар,Қарағанды,KZKAR,774.1
2019,мың.адам,әуе көлікпен тасымалданған жолаушылар,Қостанай,KZKUS,17.6
2019,мың.адам,әуе көлікпен тасымалданған жолаушылар,Қызылорда,KZKZY,28.3
2019,мың.адам,әуе көлікпен тасымалданған жолаушылар,Батыс Қазақстан,KZZAP,43.8
2019,мың.адам,әуе көлікпен тасымалданған жолаушылар,Жамбыл,KZZHA,46.0
2019,мың.адам,әуе көлікпен тасымалданған жолаушылар,Жетісу,KZZHS,40.3
2019,мың.адам,әуе көлікпен тасымалданған жолаушылар,Маңғыстау,KZMAN,383.2
2019,мың.адам,әуе көлікпен тасымалданған жолаушылар,Павлодар,KZPAV,21.5
2019,мың.адам,әуе көлікпен тасымалданған жолаушылар,Солтүстік Қазақстан,KZSEV,15.8
2019,мың.адам,әуе көлікпен тасымалданған жолаушылар,Түркістан,KZYUZ,159.6
2019,мың.адам,әуе көлікпен тасымалданған жолаушылар,Ұлытау,KZULU,40.8
2019,мың.адам,әуе көлікпен тасымалданған жолаушылар,Шығыс Қазақстан,KZVOS,58.9
2019,мың.адам,әуе көлікпен тасымалданған жолаушылар,Астана қаласы,KZNS,2031.7
2019,мың.адам,әуе көлікпен тасымалданған жолаушылар,Алматы қаласы,KZALA,3293.6
2019,мың.адам,әуе көлікпен тасымалданған жолаушылар,Шымкент қаласы,KZSHY,608.6
2019,млн.тонна,құбыр көлігінің жұмыс көрсеткіштері,,,273.0
2019,млн.тонна,құбыр көлігінің жұмыс көрсеткіштері,Абай,KZABY,0.8
2019,млн.тонна,құбыр көлігінің жұмыс көрсеткіштері,Ақтөбе,KZAKT,11.6
2019,млн.тонна,құбыр көлігінің жұмыс көрсеткіштері,Алматы,KZALM,27.4
2019,млн.тонна,құбыр көлігінің жұмыс көрсеткіштері,Батыс Қазақстан,KZZAP,11.8
2019,млн.тонна,құбыр көлігінің жұмыс көрсеткіштері,Жамбыл,KZZHA,27.0
2019,млн.тонна,құбыр көлігінің жұмыс көрсеткіштері,Жетісу,KZZHS,5.0
2019,млн.тонна,құбыр көлігінің жұмыс көрсеткіштері,Қарағанды,KZKAR,15.0
2019,млн.тонна,құбыр көлігінің жұмыс көрсеткіштері,Қостанай,KZKUS,0.6
2019,млн.тонна,құбыр көлігінің жұмыс көрсеткіштері,Қызылорда,KZKZY,1.5
2019,млн.тонна,құбыр көлігінің жұмыс көрсеткіштері,Маңғыстау,KZMAN,32.8
2019,млн.тонна,құбыр көлігінің жұмыс көрсеткіштері,Павлодар,KZPAV,12.1
2019,млн.тонна,құбыр көлігінің жұмыс көрсеткіштері,Солтүстік Қазақстан,KZSEV,3.6
2019,млн.тонна,құбыр көлігінің жұмыс көрсеткіштері,Түркістан,KZYUZ,29.6
2019,млн.тонна,құбыр көлігінің жұмыс көрсеткіштері,Ұлытау,KZULU,16.2
2019,млн.тонна,құбыр көлігінің жұмыс көрсеткіштері,Астана қаласы,KZNS,11.5
2019,млн.тонна,құбыр көлігінің жұмыс көрсеткіштері,Алматы қаласы,KZALA,2.7
2019,млн.тонна,құбыр көлігінің жұмыс көрсеткіштері,Шымкент қаласы,KZSHY,3.8
2019,млн.тонна,Теңіз көлігімен жүк тасымалдау,,,0.8
2019,млн.тонна,Теңіз көлігімен жүк тасымалдау,Маңғыстау,KZMAN,0.8
2020,млн.тонна,Көліктің барлық түрлерімен жүк тасымалдау,,,851.1
2020,млн.тонна,Құбыр жүргізетін көлікпен,,,253.7
2020,млн.тонна,Темір жол көлігі,,,402.3
2020,млн.тонна,Автокөлік,,,193.2
2020,млн.тонна,Әуе көлігімен,,,0.02
2020,млн.тонна,Ішкі су көлігімен,,,0.9
2020,млн.тонна,,Абай,KZABY,78.8
2020,млн.тонна,,Ақмола,KZAKM,38.2
2020,млн.тонна,,Ақтөбе,KZAKT,68.7
2020,млн.тонна,,Алматы,KZALM,18.1
2020,млн.тонна,,Атырау,KZATY,105.2
2020,млн.тонна,,Батыс Қазақстан,KZZAP,36.9
2020,млн.тонна,,Жамбыл,KZZHA,46.2
2020,млн.тонна,,Жетісу,KZZHS,18.8
2020,млн.тонна,,Қарағанды,KZKAR,77.3
2020,млн.тонна,,Қостанай,KZKUS,65.1
2020,млн.тонна,,Қызылорда,KZKZY,30.3
2020,млн.тонна,,Маңғыстау,KZMAN,44.6
2020,млн.тонна,,Павлодар,KZPAV,52.0
2020,млн.тонна,,Солтүстік Қазақстан,KZSEV,22.9
2020,млн.тонна,,Түркістан,KZYUZ,25.3
2020,млн.тонна,,Ұлытау,KZULU,14.8
2020,млн.тонна,,Шығыс Қазақстан,KZVOS,19.2
2020,млн.тонна,,Астана қаласы,KZNS,48.1
2020,млн.тонна,,Алматы қаласы,KZALA,25.1
2020,млн.тонна,,Шымкент қаласы,KZSHY,15.6
2020,млн.адам,Көліктің барлық түрлерімен жолаушыларды тасымалдау,,,989.6
2020,млн.адам,Темір жол көлігімен,,,13.2
2020,млн.адам,Автокөлік,,,917.2
2020,млн.адам,Ішкі су көлігімен,,,0.0
2020,млн.адам,Теңіз көлігімен,,,0.04
2020,млн.адам,Әуе көлігімен,,,5.5
2020,млн.адам,Қалалық электр көлігі,,,53.7
2020,млн.адам,,Абай,KZABY,38.6
2020,млн.адам,,Ақмола,KZAKM,17.7
2020,млн.адам,,Ақтөбе,KZAKT,24.7
2020,млн.адам,,Алматы,KZALM,10.3
2020,млн.адам,,Атырау,KZATY,24.9
2020,млн.адам,,Батыс Қазақстан,KZZAP,30.3
2020,млн.адам,,Жамбыл,KZZHA,48.3
2020,млн.адам,,Қарағанды,KZKAR,107.5
2020,млн.адам,,Қостанай,KZKUS,27.9
2020,млн.адам,,Қызылорда,KZKZY,12.2
2020,млн.адам,,Маңғыстау,KZMAN,14.6
2020,млн.адам,,Павлодар,KZPAV,61.2
2020,млн.адам,,Солтүстік Қазақстан,KZSEV,10.1
2020,млн.адам,,Түркістан,KZYUZ,15.8
2020,млн.адам,,Ұлытау,KZULU,15.0
2020,млн.адам,,Шығыс Қазақстан,KZVOS,54.9
2020,млн.адам,,Астана қаласы,KZNS,142.9
2020,млн.адам,,Алматы қаласы,KZALA,264.6
2020,млн.адам,,Шымкент қаласы,KZSHY,38.1
2020,млн.тонна,Автомобиль және қалалық электр көлігі,,,193.2
2020,млн.тонна,Автомобиль және қалалық электр көлігі,Абай,KZABY,59.8
2020,млн.тонна,Автомобиль және қалалық электр көлігі,Ақмола,KZAKM,5.9
2020,млн.тонна,Автомобиль және қалалық электр көлігі,Ақтөбе,KZAKT,14.1
2020,млн.тонна,Автомобиль және қалалық электр көлігі,Алматы,KZALM,2.7
2020,млн.тонна,Автомобиль және қалалық электр көлігі,Атырау,KZATY,1.4
2020,млн.тонна,Автомобиль және қалалық электр көлігі,Батыс Қазақстан,KZZAP,1.4
2020,млн.тонна,Автомобиль және қалалық электр көлігі,Жамбыл,KZZHA,0.9
2020,млн.тонна,Автомобиль және қалалық электр көлігі,Жетісу,KZZHS,0.8
2020,млн.тонна,Автомобиль және қалалық электр көлігі,Қарағанды,KZKAR,17.5
2020,млн.тонна,Автомобиль және қалалық электр көлігі,Қостанай,KZKUS,26.2
2020,млн.тонна,Автомобиль және қалалық электр көлігі,Қызылорда,KZKZY,2.2
2020,млн.тонна,Автомобиль және қалалық электр көлігі,Маңғыстау,KZMAN,2.9
2020,млн.тонна,Автомобиль және қалалық электр көлігі,Павлодар,KZPAV,18.9
2020,млн.тонна,Автомобиль және қалалық электр көлігі,Солтүстік Қазақстан,KZSEV,1.5
2020,млн.тонна,Автомобиль және қалалық электр көлігі,Түркістан,KZYUZ,1.2
2020,млн.тонна,Автомобиль және қалалық электр көлігі,Ұлытау,KZULU,0.4
2020,млн.тонна,Автомобиль және қалалық электр көлігі,Шығыс Қазақстан,KZVOS,10.1
2020,млн.тонна,Автомобиль және қалалық электр көлігі,Астана қаласы,KZNS,12.2
2020,млн.тонна,Автомобиль және қалалық электр көлігі,Алматы қаласы,KZALA,10.7
2020,млн.тонна,Автомобиль және қалалық электр көлігі,Шымкент қаласы,KZSHY,2.4
2020,млн.адам,Көліктің барлық түрлерімен жолаушыларды тасымалдау,,,970.9
2020,млн.адам,Көліктің барлық түрлерімен жолаушыларды тасымалдау,Абай,KZABY,38.3
2020,млн.адам,Көліктің барлық түрлерімен жолаушыларды тасымалдау,Ақмола,KZAKM,17.0
2020,млн.адам,Көліктің барлық түрлерімен жолаушыларды тасымалдау,Ақтөбе,KZAKT,23.7
2020,млн.адам,Көліктің барлық түрлерімен жолаушыларды тасымалдау,Алматы,KZALM,10.1
2020,млн.адам,Көліктің барлық түрлерімен жолаушыларды тасымалдау,Атырау,KZATY,24.0
2020,млн.адам,Көліктің барлық түрлерімен жолаушыларды тасымалдау,Батыс Қазақстан,KZZAP,30.1
2020,млн.адам,Көліктің барлық түрлерімен жолаушыларды тасымалдау,Жамбыл,KZZHA,47.6
2020,млн.адам,Көліктің барлық түрлерімен жолаушыларды тасымалдау,Жетісу,KZZHS,30.0
2020,млн.адам,Көліктің барлық түрлерімен жолаушыларды тасымалдау,Қарағанды,KZKAR,106.6
2020,млн.адам,Көліктің барлық түрлерімен жолаушыларды тасымалдау,Қостанай,KZKUS,27.3
2020,млн.адам,Көліктің барлық түрлерімен жолаушыларды тасымалдау,Қызылорда,KZKZY,11.2
2020,млн.адам,Көліктің барлық түрлерімен жолаушыларды тасымалдау,Маңғыстау,KZMAN,13.8
2020,млн.адам,Көліктің барлық түрлерімен жолаушыларды тасымалдау,Павлодар,KZPAV,60.7
2020,млн.адам,Көліктің барлық түрлерімен жолаушыларды тасымалдау,Солтүстік Қазақстан,KZSEV,9.9
2020,млн.адам,Көліктің барлық түрлерімен жолаушыларды тасымалдау,Түркістан,KZYUZ,15.5
2020,млн.адам,Көліктің барлық түрлерімен жолаушыларды тасымалдау,Ұлытау,KZULU,14.7
2020,млн.адам,Көліктің барлық түрлерімен жолаушыларды тасымалдау,Шығыс Қазақстан,KZVOS,54.6
2020,млн.адам,Көліктің барлық түрлерімен жолаушыларды тасымалдау,Астана қаласы,KZNS,136.5
2020,млн.адам,Көліктің барлық түрлерімен жолаушыларды тасымалдау,Алматы қаласы,KZALA,261.7
2020,млн.адам,Көліктің барлық түрлерімен жолаушыларды тасымалдау,Шымкент қаласы,KZSHY,37.5
2020,тонна,әуе көлікпен тасымалданған жүктер,,,23421.6
2020,тонна,әуе көлікпен тасымалданған жүктер,Астана қаласы,KZNS,1709.4
2020,тонна,әуе көлікпен тасымалданған жүктер,Алматы қаласы,KZALA,15819.7
2020,тонна,әуе көлікпен тасымалданған жүктер,Шымкент қаласы,KZSHY,5892.5
2020,мың.адам,әуе көлікпен тасымалданған жолаушылар,,,5494.5
2020,мың.адам,әуе көлікпен тасымалданған жолаушылар,Абай,KZABY,23.9
2020,мың.адам,әуе көлікпен тасымалданған жолаушылар,Ақмола,KZAKM,3.4
2020,мың.адам,әуе көлікпен тасымалданған жолаушылар,Ақтөбе,KZAKT,153.3
2020,мың.адам,әуе көлікпен тасымалданған жолаушылар,Алматы,KZALM,0.8
2020,мың.адам,әуе көлікпен тасымалданған жолаушылар,Атырау,KZATY,501.8
2020,мың.адам,әуе көлікпен тасымалданған жолаушылар,Қарағанды,KZKAR,52.6
2020,мың.адам,әуе көлікпен тасымалданған жолаушылар,Қостанай,KZKUS,9.7
2020,мың.адам,әуе көлікпен тасымалданған жолаушылар,Қызылорда,KZKZY,28.1
2020,мың.адам,әуе көлікпен тасымалданған жолаушылар,Батыс Қазақстан,KZZAP,37.9
2020,мың.адам,әуе көлікпен тасымалданған жолаушылар,Жамбыл,KZZHA,37.9
2020,мың.адам,әуе көлікпен тасымалданған жолаушылар,Жетісу,KZZHS,30.3
2020,мың.адам,әуе көлікпен тасымалданған жолаушылар,Маңғыстау,KZMAN,267.6
2020,мың.адам,әуе көлікпен тасымалданған жолаушылар,Павлодар,KZPAV,16.3
2020,мың.адам,әуе көлікпен тасымалданған жолаушылар,Солтүстік Қазақстан,KZSEV,8.7
2020,мың.адам,әуе көлікпен тасымалданған жолаушылар,Түркістан,KZYUZ,121.5
2020,мың.адам,әуе көлікпен тасымалданған жолаушылар,Ұлытау,KZULU,44.3
2020,мың.адам,әуе көлікпен тасымалданған жолаушылар,Шығыс Қазақстан,KZVOS,41.5
2020,мың.адам,әуе көлікпен тасымалданған жолаушылар,Астана қаласы,KZNS,1440.4
2020,мың.адам,әуе көлікпен тасымалданған жолаушылар,Алматы қаласы,KZALA,2260.8
2020,мың.адам,әуе көлікпен тасымалданған жолаушылар,Шымкент қаласы,KZSHY,412.9
2020,млн.тонна,құбыр көлігінің жұмыс көрсеткіштері,,,253.7
2020,млн.тонна,құбыр көлігінің жұмыс көрсеткіштері,Абай,KZABY,1.8
2020,млн.тонна,құбыр көлігінің жұмыс көрсеткіштері,Ақтөбе,KZAKT,12.4
2020,млн.тонна,құбыр көлігінің жұмыс көрсеткіштері,Алматы,KZALM,9.0
2020,млн.тонна,құбыр көлігінің жұмыс көрсеткіштері,Атырау,KZATY,85.2
2020,млн.тонна,құбыр көлігінің жұмыс көрсеткіштері,Батыс Қазақстан,KZZAP,29.3
2020,млн.тонна,құбыр көлігінің жұмыс көрсеткіштері,Жамбыл,KZZHA,12.9
2020,млн.тонна,құбыр көлігінің жұмыс көрсеткіштері,Жетісу,KZZHS,6.5
2020,млн.тонна,құбыр көлігінің жұмыс көрсеткіштері,Қарағанды,KZKAR,19.5
2020,млн.тонна,құбыр көлігінің жұмыс көрсеткіштері,Қостанай,KZKUS,9.8
2020,млн.тонна,құбыр көлігінің жұмыс көрсеткіштері,Қызылорда,KZKZY,3.5
2020,млн.тонна,құбыр көлігінің жұмыс көрсеткіштері,Маңғыстау,KZMAN,18.8
2020,млн.тонна,құбыр көлігінің жұмыс көрсеткіштері,Павлодар,KZPAV,11.0
2020,млн.тонна,құбыр көлігінің жұмыс көрсеткіштері,Солтүстік Қазақстан,KZSEV,11.0
2020,млн.тонна,құбыр көлігінің жұмыс көрсеткіштері,Түркістан,KZYUZ,17.1
2020,млн.тонна,құбыр көлігінің жұмыс көрсеткіштері,Ұлытау,KZULU,0.7
2020,млн.тонна,құбыр көлігінің жұмыс көрсеткіштері,Астана қаласы,KZNS,0.0
2020,млн.тонна,құбыр көлігінің жұмыс көрсеткіштері,Шымкент қаласы,KZSHY,5.2
2020,млн.тонна,Теңіз көлігімен жолаушыларды тасымалдау,,,0.0
2020,млн.тонна,Теңіз көлігімен жолаушыларды тасымалдау,Маңғыстау,KZMAN,0.0
2021,млн.тонна,Көліктің барлық түрлерімен жүк тасымалдау,,,910.5
2021,млн.тонна,Құбыр жүргізетін көлікпен,,,281.4
2021,млн.тонна,Темір жол көлігі,,,410.3
2021,млн.тонна,Автокөлік,,,217.1
2021,млн.тонна,Әуе көлігімен,,,0.03
2021,млн.тонна,Ішкі су көлігімен,,,0.8
2021,млн.тонна,Теңіз көлігімен,,,0.8
2021,млн.тонна,,Абай,KZABY,74.4
2021,млн.тонна,,Ақмола,KZAKM,41.3
2021,млн.тонна,,Ақтөбе,KZAKT,68.3
2021,млн.тонна,,Алматы,KZALM,22.6
2021,млн.тонна,,Атырау,KZATY,114.3
2021,млн.тонна,,Батыс Қазақстан,KZZAP,34.3
2021,млн.тонна,,Жамбыл,KZZHA,53.8
2021,млн.тонна,,Жетісу,KZZHS,21.2
2021,млн.тонна,,Қарағанды,KZKAR,77.7
2021,млн.тонна,,Қостанай,KZKUS,68.6
2021,млн.тонна,,Қызылорда,KZKZY,42.4
2021,млн.тонна,,Маңғыстау,KZMAN,50.5
2021,млн.тонна,,Түркістан,KZYUZ,29.7
2021,млн.тонна,,Ұлытау,KZULU,15.0
2021,млн.тонна,,Павлодар,KZPAV,53.1
2021,млн.тонна,,Солтүстік Қазақстан,KZSEV,22.5
2021,млн.тонна,,Шығыс Қазақстан,KZVOS,22.9
2021,млн.тонна,,Астана қаласы,KZNS,53.6
2021,млн.тонна,,Алматы қаласы,KZALA,25.8
2021,млн.тонна,,Шымкент қаласы,KZSHY,18.4
2021,млн.адам,Көліктің барлық түрлерімен жолаушыларды тасымалдау,,,1289.9
2021,млн.адам,Темір жол көлігімен,,,16.1
2021,млн.адам,Автокөлік,,,1199.1
2021,млн.адам,Ішкі су көлігімен,,,0.1
2021,млн.адам,Теңіз көлігімен,,,0.08
2021,млн.адам,Әуе көлігімен,,,9.4
2021,млн.адам,Қалалық электр көлігі,,,65.2
2021,млн.адам,,Абай,KZABY,42.2
2021,млн.адам,,Ақмола,KZAKM,24.1
2021,млн.адам,,Ақтөбе,KZAKT,38.0
2021,млн.адам,,Алматы,KZALM,13.4
2021,млн.адам,,Атырау,KZATY,40.2
2021,млн.адам,,Батыс Қазақстан,KZZAP,42.5
2021,млн.адам,,Жамбыл,KZZHA,49.1
2021,млн.адам,,Жетісу,KZZHS,15.8
2021,млн.адам,,Қарағанды,KZKAR,126.5
2021,млн.адам,,Қостанай,KZKUS,43.3
2021,млн.адам,,Қызылорда,KZKZY,16.5
2021,млн.адам,,Маңғыстау,KZMAN,30.9
2021,млн.адам,,Түркістан,KZYUZ,15.7
2021,млн.адам,,Ұлытау,KZULU,16.2
2021,млн.адам,,Павлодар,KZPAV,69.9
2021,млн.адам,,Солтүстік Қазақстан,KZSEV,21.0
2021,млн.адам,,Шығыс Қазақстан,KZVOS,69.0
2021,млн.адам,,Астана қаласы,KZNS,176.7
2021,млн.адам,,Алматы қаласы,KZALA,357.5
2021,млн.адам,,Шымкент қаласы,KZSHY,81.6
2021,млн.тонна,Автомобиль және қалалық электр көлігі,,,217.1
2021,млн.тонна,Автомобиль және қалалық электр көлігі,Абай,KZABY,55.3
2021,млн.тонна,Автомобиль және қалалық электр көлігі,Ақмола,KZAKM,7.2
2021,млн.тонна,Автомобиль және қалалық электр көлігі,Ақтөбе,KZAKT,17.3
2021,млн.тонна,Автомобиль және қалалық электр көлігі,Алматы,KZALM,4.7
2021,млн.тонна,Автомобиль және қалалық электр көлігі,Атырау,KZATY,3.2
2021,млн.тонна,Автомобиль және қалалық электр көлігі,Батыс Қазақстан,KZZAP,1.5
2021,млн.тонна,Автомобиль және қалалық электр көлігі,Жамбыл,KZZHA,1.2
2021,млн.тонна,Автомобиль және қалалық электр көлігі,Жетісу,KZZHS,0.9
2021,млн.тонна,Автомобиль және қалалық электр көлігі,Қарағанды,KZKAR,23.5
2021,млн.тонна,Автомобиль және қалалық электр көлігі,Қостанай,KZKUS,31.0
2021,млн.тонна,Автомобиль және қалалық электр көлігі,Қызылорда,KZKZY,3.4
2021,млн.тонна,Автомобиль және қалалық электр көлігі,Маңғыстау,KZMAN,3.2
2021,млн.тонна,Автомобиль және қалалық электр көлігі,Түркістан,KZYUZ,1.3
2021,млн.тонна,Автомобиль және қалалық электр көлігі,Ұлытау,KZULU,0.7
2021,млн.тонна,Автомобиль және қалалық электр көлігі,Павлодар,KZPAV,23.7
2021,млн.тонна,Автомобиль және қалалық электр көлігі,Солтүстік Қазақстан,KZSEV,2.3
2021,млн.тонна,Автомобиль және қалалық электр көлігі,Шығыс Қазақстан,KZVOS,13.8
2021,млн.тонна,Автомобиль және қалалық электр көлігі,Астана қаласы,KZNS,12.7
2021,млн.тонна,Автомобиль және қалалық электр көлігі,Алматы қаласы,KZALA,7.3
2021,млн.тонна,Автомобиль және қалалық электр көлігі,Шымкент қаласы,KZSHY,2.9
2021,млн.адам,Көліктің барлық түрлерімен жолаушыларды тасымалдау,,,1264.3
2021,млн.адам,Көліктің барлық түрлерімен жолаушыларды тасымалдау,Абай,KZABY,41.5
2021,млн.адам,Көліктің барлық түрлерімен жолаушыларды тасымалдау,Ақмола,KZAKM,23.1
2021,млн.адам,Көліктің барлық түрлерімен жолаушыларды тасымалдау,Ақтөбе,KZAKT,36.4
2021,млн.адам,Көліктің барлық түрлерімен жолаушыларды тасымалдау,Алматы,KZALM,13.1
2021,млн.адам,Көліктің барлық түрлерімен жолаушыларды тасымалдау,Атырау,KZATY,39.1
2021,млн.адам,Көліктің барлық түрлерімен жолаушыларды тасымалдау,Батыс Қазақстан,KZZAP,42.2
2021,млн.адам,Көліктің барлық түрлерімен жолаушыларды тасымалдау,Жамбыл,KZZHA,48.0
2021,млн.адам,Көліктің барлық түрлерімен жолаушыларды тасымалдау,Жетісу,KZZHS,15.4
2021,млн.адам,Көліктің барлық түрлерімен жолаушыларды тасымалдау,Қарағанды,KZKAR,125.4
2021,млн.адам,Көліктің барлық түрлерімен жолаушыларды тасымалдау,Қостанай,KZKUS,42.4
2021,млн.адам,Көліктің барлық түрлерімен жолаушыларды тасымалдау,Қызылорда,KZKZY,14.9
2021,млн.адам,Көліктің барлық түрлерімен жолаушыларды тасымалдау,Маңғыстау,KZMAN,29.0
2021,млн.адам,Көліктің барлық түрлерімен жолаушыларды тасымалдау,Түркістан,KZYUZ,15.2
2021,млн.адам,Көліктің барлық түрлерімен жолаушыларды тасымалдау,Ұлытау,KZULU,15.8
2021,млн.адам,Көліктің барлық түрлерімен жолаушыларды тасымалдау,Павлодар,KZPAV,69.3
2021,млн.адам,Көліктің барлық түрлерімен жолаушыларды тасымалдау,Солтүстік Қазақстан,KZSEV,20.7
2021,млн.адам,Көліктің барлық түрлерімен жолаушыларды тасымалдау,Шығыс Қазақстан,KZVOS,68.6
2021,млн.адам,Көліктің барлық түрлерімен жолаушыларды тасымалдау,Астана қаласы,KZNS,170.2
2021,млн.адам,Көліктің барлық түрлерімен жолаушыларды тасымалдау,Алматы қаласы,KZALA,353.4
2021,млн.адам,Көліктің барлық түрлерімен жолаушыларды тасымалдау,Шымкент қаласы,KZSHY,80.6
2021,тонна,әуе көлікпен тасымалданған жүктер,,,33730.8
2021,тонна,әуе көлікпен тасымалданған жүктер,Абай,KZABY,0.0
2021,тонна,әуе көлікпен тасымалданған жүктер,Батыс Қазақстан,KZZAP,0.0
2021,тонна,әуе көлікпен тасымалданған жүктер,Ұлытау,KZULU,0.0
2021,тонна,әуе көлікпен тасымалданған жүктер,Астана қаласы,KZNS,2564.0
2021,тонна,әуе көлікпен тасымалданған жүктер,Алматы қаласы,KZALA,20824.0
2021,тонна,әуе көлікпен тасымалданған жүктер,Шымкент қаласы,KZSHY,10342.8
2021,мың.адам,әуе көлікпен тасымалданған жолаушылар,,,9442.0
2021,мың.адам,әуе көлікпен тасымалданған жолаушылар,Абай,KZABY,231.4
2021,мың.адам,әуе көлікпен тасымалданған жолаушылар,Ақмола,KZAKM,1.9
2021,мың.адам,әуе көлікпен тасымалданған жолаушылар,Ақтөбе,KZAKT,286.1
2021,мың.адам,әуе көлікпен тасымалданған жолаушылар,Алматы,KZALM,5.9
2021,мың.адам,әуе көлікпен тасымалданған жолаушылар,Атырау,KZATY,565.0
2021,мың.адам,әуе көлікпен тасымалданған жолаушылар,Қарағанды,KZKAR,215.7
2021,мың.адам,әуе көлікпен тасымалданған жолаушылар,Қостанай,KZKUS,16.4
2021,мың.адам,әуе көлікпен тасымалданған жолаушылар,Қызылорда,KZKZY,19.8
2021,мың.адам,әуе көлікпен тасымалданған жолаушылар,Батыс Қазақстан,KZZAP,146.8
2021,мың.адам,әуе көлікпен тасымалданған жолаушылар,Жамбыл,KZZHA,153.2
2021,мың.адам,әуе көлікпен тасымалданған жолаушылар,Жетісу,KZZHS,170.2
2021,мың.адам,әуе көлікпен тасымалданған жолаушылар,Маңғыстау,KZMAN,638.9
2021,мың.адам,әуе көлікпен тасымалданған жолаушылар,Түркістан,KZYUZ,208.5
2021,мың.адам,әуе көлікпен тасымалданған жолаушылар,Ұлытау,KZULU,22.5
2021,мың.адам,әуе көлікпен тасымалданған жолаушылар,Павлодар,KZPAV,100.2
2021,мың.адам,әуе көлікпен тасымалданған жолаушылар,Солтүстік Қазақстан,KZSEV,3.9
2021,мың.адам,әуе көлікпен тасымалданған жолаушылар,Шығыс Қазақстан,KZVOS,44.3
2021,мың.адам,әуе көлікпен тасымалданған жолаушылар,Астана қаласы,KZNS,2477.8
2021,мың.адам,әуе көлікпен тасымалданған жолаушылар,Алматы қаласы,KZALA,3399.1
2021,мың.адам,әуе көлікпен тасымалданған жолаушылар,Шымкент қаласы,KZSHY,714.4
2021,млн.тонна,құбыр көлігінің жұмыс көрсеткіштері,,,281.4
2021,млн.тонна,құбыр көлігінің жұмыс көрсеткіштері,Абай,KZABY,2.0
2021,млн.тонна,құбыр көлігінің жұмыс көрсеткіштері,Ақтөбе,KZAKT,13.9
2021,млн.тонна,құбыр көлігінің жұмыс көрсеткіштері,Алматы,KZALM,10.5
2021,млн.тонна,құбыр көлігінің жұмыс көрсеткіштері,Атырау,KZATY,92.4
2021,млн.тонна,құбыр көлігінің жұмыс көрсеткіштері,Батыс Қазақстан,KZZAP,28.0
2021,млн.тонна,құбыр көлігінің жұмыс көрсеткіштері,Жамбыл,KZZHA,15.2
2021,млн.тонна,құбыр көлігінің жұмыс көрсеткіштері,Жетісу,KZZHS,7.3
2021,млн.тонна,құбыр көлігінің жұмыс көрсеткіштері,Қарағанды,KZKAR,20.3
2021,млн.тонна,құбыр көлігінің жұмыс көрсеткіштері,Қостанай,KZKUS,12.6
2021,млн.тонна,құбыр көлігінің жұмыс көрсеткіштері,Қызылорда,KZKZY,9.9
2021,млн.тонна,құбыр көлігінің жұмыс көрсеткіштері,Маңғыстау,KZMAN,20.6
2021,млн.тонна,құбыр көлігінің жұмыс көрсеткіштері,Павлодар,KZPAV,11.0
2021,млн.тонна,құбыр көлігінің жұмыс көрсеткіштері,Солтүстік Қазақстан,KZSEV,11.0
2021,млн.тонна,құбыр көлігінің жұмыс көрсеткіштері,Түркістан,KZYUZ,20.5
2021,млн.тонна,құбыр көлігінің жұмыс көрсеткіштері,Ұлытау,KZULU,0.8
2021,млн.тонна,құбыр көлігінің жұмыс көрсеткіштері,Астана қаласы,KZNS,0.0
2021,млн.тонна,құбыр көлігінің жұмыс көрсеткіштері,Алматы қаласы,KZALA,0.0
2021,млн.тонна,құбыр көлігінің жұмыс көрсеткіштері,Шымкент қаласы,KZSHY,5.2
2021,млн.тонна,Теңіз көлігімен жүк тасымалдау,,,0.8
2021,млн.тонна,Теңіз көлігімен жүк тасымалдау,Маңғыстау,KZMAN,0.8
2021,млн.тонна,Теңіз көлігімен жолаушыларды тасымалдау,,,0.1
2021,млн.тонна,Теңіз көлігімен жолаушыларды тасымалдау,Маңғыстау,KZMAN,0.1
2022,млн.тонна,Көліктің барлық түрлерімен жүк тасымалдау,,,927.2
2022,млн.тонна,Құбыр жүргізетін көлікпен,,,266.7
2022,млн.тонна,Темір жол көлігі,,,395.5
2022,млн.тонна,Автокөлік,,,263.2
2022,млн.тонна,Әуе көлігімен,,,0.02
2022,млн.тонна,Ішкі су көлігімен,,,0.6
2022,млн.тонна,Теңіз көлігімен,,,1.2
2022,млн.тонна,,Абай,KZABY,76.8
2022,млн.тонна,,Ақмола,KZAKM,49.5
2022,млн.тонна,,Ақтөбе,KZAKT,82.0
2022,млн.тонна,,Алматы,KZALM,21.9
2022,млн.тонна,,Атырау,KZATY,101.8
2022,млн.тонна,,Батыс Қазақстан,KZZAP,31.0
2022,млн.тонна,,Жамбыл,KZZHA,44.5
2022,млн.тонна,,Жетісу,KZZHS,16.2
2022,млн.тонна,,Қарағанды,KZKAR,89.4
2022,млн.тонна,,Қостанай,KZKUS,67.0
2022,млн.тонна,,Қызылорда,KZKZY,36.1
2022,млн.тонна,,Маңғыстау,KZMAN,43.6
2022,млн.тонна,,Түркістан,KZYUZ,28.4
2022,млн.тонна,,Ұлытау,KZULU,23.8
2022,млн.тонна,,Павлодар,KZPAV,70.7
2022,млн.тонна,,Солтүстік Қазақстан,KZSEV,23.2
2022,млн.тонна,,Шығыс Қазақстан,KZVOS,24.8
2022,млн.тонна,,Астана қаласы,KZNS,47.9
2022,млн.тонна,,Алматы қаласы,KZALA,27.2
2022,млн.тонна,,Шымкент қаласы,KZSHY,21.3
2022,млн.адам,Көліктің барлық түрлерімен жолаушыларды тасымалдау,,,1486.1
2022,млн.адам,Темір жол көлігімен,,,20.1
2022,млн.адам,Автокөлік,,,1374.0
2022,млн.адам,Ішкі су көлігімен,,,0.1
2022,млн.адам,Теңіз көлігімен,,,0.09
2022,млн.адам,Әуе көлігімен,,,11.5
2022,млн.адам,Қалалық электр көлігі,,,80.3
2022,млн.адам,,Абай,KZABY,43.8
2022,млн.адам,,Ақмола,KZAKM,27.9
2022,млн.адам,,Ақтөбе,KZAKT,60.9
2022,млн.адам,,Алматы,KZALM,13.1
2022,млн.адам,,Атырау,KZATY,50.6
2022,млн.адам,,Батыс Қазақстан,KZZAP,55.2
2022,млн.адам,,Жамбыл,KZZHA,57.6
2022,млн.адам,,Жетісу,KZZHS,17.3
2022,млн.адам,,Қарағанды,KZKAR,127.7
2022,млн.адам,,Қостанай,KZKUS,45.0
2022,млн.адам,,Қызылорда,KZKZY,16.7
2022,млн.адам,,Маңғыстау,KZMAN,36.6
2022,млн.адам,,Түркістан,KZYUZ,17.4
2022,млн.адам,,Ұлытау,KZULU,11.4
2022,млн.адам,,Павлодар,KZPAV,69.2
2022,млн.адам,,Солтүстік Қазақстан,KZSEV,36.5
2022,млн.адам,,Шығыс Қазақстан,KZVOS,89.3
2022,млн.адам,,Астана қаласы,KZNS,212.6
2022,млн.адам,,Алматы қаласы,KZALA,407.5
2022,млн.адам,,Шымкент қаласы,KZSHY,89.9
2022,млн.тонна,Автомобиль және қалалық электр көлігі,,,263.2
2022,млн.тонна,Автомобиль және қалалық электр көлігі,Абай,KZABY,59.6
2022,млн.тонна,Автомобиль және қалалық электр көлігі,Ақмола,KZAKM,19.2
2022,млн.тонна,Автомобиль және қалалық электр көлігі,Ақтөбе,KZAKT,28.4
2022,млн.тонна,Автомобиль және қалалық электр көлігі,Алматы,KZALM,3.9
2022,млн.тонна,Автомобиль және қалалық электр көлігі,Атырау,KZATY,2.5
2022,млн.тонна,Автомобиль және қалалық электр көлігі,Батыс Қазақстан,KZZAP,1.8
2022,млн.тонна,Автомобиль және қалалық электр көлігі,Жамбыл,KZZHA,0.7
2022,млн.тонна,Автомобиль және қалалық электр көлігі,Жетісу,KZZHS,1.1
2022,млн.тонна,Автомобиль және қалалық электр көлігі,Қарағанды,KZKAR,45.4
2022,млн.тонна,Автомобиль және қалалық электр көлігі,Қостанай,KZKUS,27.5
2022,млн.тонна,Автомобиль және қалалық электр көлігі,Қызылорда,KZKZY,3.5
2022,млн.тонна,Автомобиль және қалалық электр көлігі,Маңғыстау,KZMAN,2.6
2022,млн.тонна,Автомобиль және қалалық электр көлігі,Түркістан,KZYUZ,1.3
2022,млн.тонна,Автомобиль және қалалық электр көлігі,Ұлытау,KZULU,0.9
2022,млн.тонна,Автомобиль және қалалық электр көлігі,Павлодар,KZPAV,20.5
2022,млн.тонна,Автомобиль және қалалық электр көлігі,Солтүстік Қазақстан,KZSEV,2.8
2022,млн.тонна,Автомобиль және қалалық электр көлігі,Шығыс Қазақстан,KZVOS,16.6
2022,млн.тонна,Автомобиль және қалалық электр көлігі,Астана қаласы,KZNS,11.5
2022,млн.тонна,Автомобиль және қалалық электр көлігі,Алматы қаласы,KZALA,10.8
2022,млн.тонна,Автомобиль және қалалық электр көлігі,Шымкент қаласы,KZSHY,2.5
2022,млн.адам,Көліктің барлық түрлерімен жолаушыларды тасымалдау,,,1454.3
2022,млн.адам,Көліктің барлық түрлерімен жолаушыларды тасымалдау,Абай,KZABY,43.1
2022,млн.адам,Көліктің барлық түрлерімен жолаушыларды тасымалдау,Ақмола,KZAKM,26.7
2022,млн.адам,Көліктің барлық түрлерімен жолаушыларды тасымалдау,Ақтөбе,KZAKT,58.5
2022,млн.адам,Көліктің барлық түрлерімен жолаушыларды тасымалдау,Алматы,KZALM,12.9
2022,млн.адам,Көліктің барлық түрлерімен жолаушыларды тасымалдау,Атырау,KZATY,48.8
2022,млн.адам,Көліктің барлық түрлерімен жолаушыларды тасымалдау,Батыс Қазақстан,KZZAP,54.8
2022,млн.адам,Көліктің барлық түрлерімен жолаушыларды тасымалдау,Жамбыл,KZZHA,56.5
2022,млн.адам,Көліктің барлық түрлерімен жолаушыларды тасымалдау,Жетісу,KZZHS,16.9
2022,млн.адам,Көліктің барлық түрлерімен жолаушыларды тасымалдау,Қарағанды,KZKAR,126.2
2022,млн.адам,Көліктің барлық түрлерімен жолаушыларды тасымалдау,Қостанай,KZKUS,43.9
2022,млн.адам,Көліктің барлық түрлерімен жолаушыларды тасымалдау,Қызылорда,KZKZY,15.0
2022,млн.адам,Көліктің барлық түрлерімен жолаушыларды тасымалдау,Маңғыстау,KZMAN,34.6
2022,млн.адам,Көліктің барлық түрлерімен жолаушыларды тасымалдау,Түркістан,KZYUZ,16.9
2022,млн.адам,Көліктің барлық түрлерімен жолаушыларды тасымалдау,Ұлытау,KZULU,10.8
2022,млн.адам,Көліктің барлық түрлерімен жолаушыларды тасымалдау,Павлодар,KZPAV,68.4
2022,млн.адам,Көліктің барлық түрлерімен жолаушыларды тасымалдау,Солтүстік Қазақстан,KZSEV,36.1
2022,млн.адам,Көліктің барлық түрлерімен жолаушыларды тасымалдау,Шығыс Қазақстан,KZVOS,88.7
2022,млн.адам,Көліктің барлық түрлерімен жолаушыларды тасымалдау,Астана қаласы,KZNS,204.0
2022,млн.адам,Көліктің барлық түрлерімен жолаушыларды тасымалдау,Алматы қаласы,KZALA,402.8
2022,млн.адам,Көліктің барлық түрлерімен жолаушыларды тасымалдау,Шымкент қаласы,KZSHY,88.7
2022,тонна,әуе көлікпен тасымалданған жүктер,,,22467.4
2022,тонна,әуе көлікпен тасымалданған жүктер,Абай,KZABY,0.0
2022,тонна,әуе көлікпен тасымалданған жүктер,Батыс Қазақстан,KZZAP,0.0
2022,тонна,әуе көлікпен тасымалданған жүктер,Ұлытау,KZULU,0.0
2022,тонна,әуе көлікпен тасымалданған жүктер,Астана қаласы,KZNS,3501.0
2022,тонна,әуе көлікпен тасымалданған жүктер,Алматы қаласы,KZALA,14674.2
2022,тонна,әуе көлікпен тасымалданған жүктер,Шымкент қаласы,KZSHY,6292.2
2022,мың.адам,әуе көлікпен тасымалданған жолаушылар,,,11493.6
2022,мың.адам,әуе көлікпен тасымалданған жолаушылар,Абай,KZABY,111.8
2022,мың.адам,әуе көлікпен тасымалданған жолаушылар,Ақмола,KZAKM,13.8
2022,мың.адам,әуе көлікпен тасымалданған жолаушылар,Ақтөбе,KZAKT,452.8
2022,мың.адам,әуе көлікпен тасымалданған жолаушылар,Алматы,KZALM,0.0
2022,мың.адам,әуе көлікпен тасымалданған жолаушылар,Атырау,KZATY,1017.6
2022,мың.адам,әуе көлікпен тасымалданған жолаушылар,Қарағанды,KZKAR,173.8
2022,мың.адам,әуе көлікпен тасымалданған жолаушылар,Қостанай,KZKUS,39.7
2022,мың.адам,әуе көлікпен тасымалданған жолаушылар,Қызылорда,KZKZY,39.1
2022,мың.адам,әуе көлікпен тасымалданған жолаушылар,Батыс Қазақстан,KZZAP,116.3
2022,мың.адам,әуе көлікпен тасымалданған жолаушылар,Жамбыл,KZZHA,140.4
2022,мың.адам,әуе көлікпен тасымалданған жолаушылар,Жетісу,KZZHS,138.7
2022,мың.адам,әуе көлікпен тасымалданған жолаушылар,Маңғыстау,KZMAN,675.1
2022,мың.адам,әуе көлікпен тасымалданған жолаушылар,Түркістан,KZYUZ,213.1
2022,мың.адам,әуе көлікпен тасымалданған жолаушылар,Ұлытау,KZULU,76.5
2022,мың.адам,әуе көлікпен тасымалданған жолаушылар,Павлодар,KZPAV,70.8
2022,мың.адам,әуе көлікпен тасымалданған жолаушылар,Солтүстік Қазақстан,KZSEV,34.9
2022,мың.адам,әуе көлікпен тасымалданған жолаушылар,Шығыс Қазақстан,KZVOS,217.2
2022,мың.адам,әуе көлікпен тасымалданған жолаушылар,Астана қаласы,KZNS,3182.9
2022,мың.адам,әуе көлікпен тасымалданған жолаушылар,Алматы қаласы,KZALA,3858.8
2022,мың.адам,әуе көлікпен тасымалданған жолаушылар,Шымкент қаласы,KZSHY,920.5
2022,млн.тонна,құбыр көлігінің жұмыс көрсеткіштері,,,266.7
2022,млн.тонна,құбыр көлігінің жұмыс көрсеткіштері,Абай,KZABY,2.2
2022,млн.тонна,құбыр көлігінің жұмыс көрсеткіштері,Ақтөбе,KZAKT,14.3
2022,млн.тонна,құбыр көлігінің жұмыс көрсеткіштері,Алматы,KZALM,12.5
2022,млн.тонна,құбыр көлігінің жұмыс көрсеткіштері,Атырау,KZATY,80.4
2022,млн.тонна,құбыр көлігінің жұмыс көрсеткіштері,Батыс Қазақстан,KZZAP,23.6
2022,млн.тонна,құбыр көлігінің жұмыс көрсеткіштері,Жамбыл,KZZHA,15.4
2022,млн.тонна,құбыр көлігінің жұмыс көрсеткіштері,Жетісу,KZZHS,5.6
2022,млн.тонна,құбыр көлігінің жұмыс көрсеткіштері,Қарағанды,KZKAR,10.0
2022,млн.тонна,құбыр көлігінің жұмыс көрсеткіштері,Қостанай,KZKUS,11.3
2022,млн.тонна,құбыр көлігінің жұмыс көрсеткіштері,Қызылорда,KZKZY,10.0
2022,млн.тонна,құбыр көлігінің жұмыс көрсеткіштері,Маңғыстау,KZMAN,20.4
2022,млн.тонна,құбыр көлігінің жұмыс көрсеткіштері,Павлодар,KZPAV,11.1
2022,млн.тонна,құбыр көлігінің жұмыс көрсеткіштері,Солтүстік Қазақстан,KZSEV,11.1
2022,млн.тонна,құбыр көлігінің жұмыс көрсеткіштері,Түркістан,KZYUZ,21.3
2022,млн.тонна,құбыр көлігінің жұмыс көрсеткіштері,Ұлытау,KZULU,11.0
2022,млн.тонна,құбыр көлігінің жұмыс көрсеткіштері,Астана қаласы,KZNS,0.2
2022,млн.тонна,құбыр көлігінің жұмыс көрсеткіштері,Алматы қаласы,KZALA,0.0
2022,млн.тонна,құбыр көлігінің жұмыс көрсеткіштері,Шымкент қаласы,KZSHY,6.3
2022,млн.тонна,Теңіз көлігімен жүк тасымалдау,,,1.2
2022,млн.тонна,Теңіз көлігімен жүк тасымалдау,Маңғыстау,KZMAN,1.2
2022,млн.тонна,Теңіз көлігімен жолаушыларды тасымалдау,,,0.1
2022,млн.тонна,Теңіз көлігімен жолаушыларды тасымалдау,Маңғыстау,KZMAN,0.1
2023,млн.тонна,Көліктің барлық түрлерімен жүк тасымалдау,,,999.2
2023,млн.тонна,Құбыр жүргізетін көлікпен,,,282.9
2023,млн.тонна,Темір жол көлігі,,,414.9
2023,млн.тонна,Автокөлік,,,299.9
2023,млн.тонна,Әуе көлігімен,,,0.02
2023,млн.тонна,Ішкі су көлігімен,,,0.2
2023,млн.тонна,Теңіз көлігімен,,,1.3
2023,млн.тонна,,Абай,KZABY,74.2
2023,млн.тонна,,Ақмола,KZAKM,86.2
2023,млн.тонна,,Ақтөбе,KZAKT,92.1
2023,млн.тонна,,Алматы,KZALM,19.4
2023,млн.тонна,,Атырау,KZATY,110.8
2023,млн.тонна,,Батыс Қазақстан,KZZAP,30.5
2023,млн.тонна,,Жамбыл,KZZHA,48.8
2023,млн.тонна,,Жетісу,KZZHS,11.8
2023,млн.тонна,,Қарағанды,KZKAR,85.7
2023,млн.тонна,,Қостанай,KZKUS,43.0
2023,млн.тонна,,Қызылорда,KZKZY,37.9
2023,млн.тонна,,Маңғыстау,KZMAN,44.1
2023,млн.тонна,,Түркістан,KZYUZ,26.3
2023,млн.тонна,,Ұлытау,KZULU,39.5
2023,млн.тонна,,Павлодар,KZPAV,84.0
2023,млн.тонна,,Солтүстік Қазақстан,KZSEV,22.8
2023,млн.тонна,,Шығыс Қазақстан,KZVOS,20.3
2023,млн.тонна,,Астана қаласы,KZNS,63.1
2023,млн.тонна,,Алматы қаласы,KZALA,29.7
2023,млн.тонна,,Шымкент қаласы,KZSHY,29.0
2023,млн.адам,Көліктің барлық түрлерімен жолаушыларды тасымалдау,,,1607.3
2023,млн.адам,Темір жол көлігімен,,,20.5
2023,млн.адам,Автокөлік,,,1489.4
2023,млн.адам,Ішкі су көлігімен,,,0.1
2023,млн.адам,Теңіз көлігімен,,,0.04
2023,млн.адам,Әуе көлігімен,,,13.3
2023,млн.адам,Қалалық электр көлігі,,,83.9
2023,млн.адам,,Абай,KZABY,57.5
2023,млн.адам,,Ақмола,KZAKM,29.1
2023,млн.адам,,Ақтөбе,KZAKT,63.9
2023,млн.адам,,Алматы,KZALM,16.5
2023,млн.адам,,Атырау,KZATY,52.3
2023,млн.адам,,Батыс Қазақстан,KZZAP,64.5
2023,млн.адам,,Жамбыл,KZZHA,61.1
2023,млн.адам,,Жетісу,KZZHS,22.3
2023,млн.адам,,Қарағанды,KZKAR,117.4
2023,млн.адам,,Қостанай,KZKUS,49.7
2023,млн.адам,,Қызылорда,KZKZY,24.7
2023,млн.адам,,Маңғыстау,KZMAN,34.7
2023,млн.адам,,Түркістан,KZYUZ,19.2
2023,млн.адам,,Ұлытау,KZULU,15.6
2023,млн.адам,,Павлодар,KZPAV,66.6
2023,млн.адам,,Солтүстік Қазақстан,KZSEV,32.2
2023,млн.адам,,Шығыс Қазақстан,KZVOS,88.7
2023,млн.адам,,Астана қаласы,KZNS,237.5
2023,млн.адам,,Алматы қаласы,KZALA,451.3
2023,млн.адам,,Шымкент қаласы,KZSHY,102.6
2023,млн.тонна,Автомобиль және қалалық электр көлігі,,,299.9
2023,млн.тонна,Автомобиль және қалалық электр көлігі,Абай,KZABY,58.3
2023,млн.тонна,Автомобиль және қалалық электр көлігі,Ақмола,KZAKM,55.9
2023,млн.тонна,Автомобиль және қалалық электр көлігі,Ақтөбе,KZAKT,39.9
2023,млн.тонна,Автомобиль және қалалық электр көлігі,Алматы,KZALM,3.6
2023,млн.тонна,Автомобиль және қалалық электр көлігі,Атырау,KZATY,4.3
2023,млн.тонна,Автомобиль және қалалық электр көлігі,Батыс Қазақстан,KZZAP,2.4
2023,млн.тонна,Автомобиль және қалалық электр көлігі,Жамбыл,KZZHA,0.8
2023,млн.тонна,Автомобиль және қалалық электр көлігі,Жетісу,KZZHS,1.1
2023,млн.тонна,Автомобиль және қалалық электр көлігі,Қарағанды,KZKAR,40.0
2023,млн.тонна,Автомобиль және қалалық электр көлігі,Қостанай,KZKUS,5.7
2023,млн.тонна,Автомобиль және қалалық электр көлігі,Қызылорда,KZKZY,3.4
2023,млн.тонна,Автомобиль және қалалық электр көлігі,Маңғыстау,KZMAN,2.8
2023,млн.тонна,Автомобиль және қалалық электр көлігі,Түркістан,KZYUZ,1.8
2023,млн.тонна,Автомобиль және қалалық электр көлігі,Ұлытау,KZULU,12.5
2023,млн.тонна,Автомобиль және қалалық электр көлігі,Павлодар,KZPAV,25.7
2023,млн.тонна,Автомобиль және қалалық электр көлігі,Солтүстік Қазақстан,KZSEV,4.0
2023,млн.тонна,Автомобиль және қалалық электр көлігі,Шығыс Қазақстан,KZVOS,12.7
2023,млн.тонна,Автомобиль және қалалық электр көлігі,Астана қаласы,KZNS,14.2
2023,млн.тонна,Автомобиль және қалалық электр көлігі,Алматы қаласы,KZALA,7.6
2023,млн.тонна,Автомобиль және қалалық электр көлігі,Шымкент қаласы,KZSHY,3.0
2023,млн.адам,Көліктің барлық түрлерімен жолаушыларды тасымалдау,,,1573.3
2023,млн.адам,Көліктің барлық түрлерімен жолаушыларды тасымалдау,Абай,KZABY,56.9
2023,млн.адам,Көліктің барлық түрлерімен жолаушыларды тасымалдау,Ақмола,KZAKM,28.0
2023,млн.адам,Көліктің барлық түрлерімен жолаушыларды тасымалдау,Ақтөбе,KZAKT,61.7
2023,млн.адам,Көліктің барлық түрлерімен жолаушыларды тасымалдау,Алматы,KZALM,16.4
2023,млн.адам,Көліктің барлық түрлерімен жолаушыларды тасымалдау,Атырау,KZATY,50.8
2023,млн.адам,Көліктің барлық түрлерімен жолаушыларды тасымалдау,Батыс Қазақстан,KZZAP,64.1
2023,млн.адам,Көліктің барлық түрлерімен жолаушыларды тасымалдау,Жамбыл,KZZHA,59.8
2023,млн.адам,Көліктің барлық түрлерімен жолаушыларды тасымалдау,Жетісу,KZZHS,22.0
2023,млн.адам,Көліктің барлық түрлерімен жолаушыларды тасымалдау,Қарағанды,KZKAR,116.1
2023,млн.адам,Көліктің барлық түрлерімен жолаушыларды тасымалдау,Қостанай,KZKUS,48.6
2023,млн.адам,Көліктің барлық түрлерімен жолаушыларды тасымалдау,Қызылорда,KZKZY,22.9
2023,млн.адам,Көліктің барлық түрлерімен жолаушыларды тасымалдау,Маңғыстау,KZMAN,32.5
2023,млн.адам,Көліктің барлық түрлерімен жолаушыларды тасымалдау,Түркістан,KZYUZ,18.9
2023,млн.адам,Көліктің барлық түрлерімен жолаушыларды тасымалдау,Ұлытау,KZULU,15.2
2023,млн.адам,Көліктің барлық түрлерімен жолаушыларды тасымалдау,Павлодар,KZPAV,65.8
2023,млн.адам,Көліктің барлық түрлерімен жолаушыларды тасымалдау,Солтүстік Қазақстан,KZSEV,31.9
2023,млн.адам,Көліктің барлық түрлерімен жолаушыларды тасымалдау,Шығыс Қазақстан,KZVOS,88.1
2023,млн.адам,Көліктің барлық түрлерімен жолаушыларды тасымалдау,Астана қаласы,KZNS,227.6
2023,млн.адам,Көліктің барлық түрлерімен жолаушыларды тасымалдау,Алматы қаласы,KZALA,445.0
2023,млн.адам,Көліктің барлық түрлерімен жолаушыларды тасымалдау,Шымкент қаласы,KZSHY,101.1
2023,тонна,әуе көлікпен тасымалданған жүктер,,,23800.0
2023,тонна,әуе көлікпен тасымалданған жүктер,Абай,KZABY,0.0
2023,тонна,әуе көлікпен тасымалданған жүктер,Батыс Қазақстан,KZZAP,0.0
2023,тонна,әуе көлікпен тасымалданған жүктер,Ұлытау,KZULU,0.0
2023,тонна,әуе көлікпен тасымалданған жүктер,Астана қаласы,KZNS,0.0
2023,тонна,әуе көлікпен тасымалданған жүктер,Алматы қаласы,KZALA,1400.0
2023,тонна,әуе көлікпен тасымалданған жүктер,Шымкент қаласы,KZSHY,0.0
2023,мың.адам,әуе көлікпен тасымалданған жолаушылар,,,13307.6
2023,мың.адам,әуе көлікпен тасымалданған жолаушылар,Абай,KZABY,114.2
2023,мың.адам,әуе көлікпен тасымалданған жолаушылар,Ақмола,KZAKM,22.7
2023,мың.адам,әуе көлікпен тасымалданған жолаушылар,Ақтөбе,KZAKT,446.0
2023,мың.адам,әуе көлікпен тасымалданған жолаушылар,Алматы,KZALM,0.0
2023,мың.адам,әуе көлікпен тасымалданған жолаушылар,Атырау,KZATY,723.2
2023,мың.адам,әуе көлікпен тасымалданған жолаушылар,Қарағанды,KZKAR,200.2
2023,мың.адам,әуе көлікпен тасымалданған жолаушылар,Қостанай,KZKUS,0.0
2023,мың.адам,әуе көлікпен тасымалданған жолаушылар,Қызылорда,KZKZY,34.2
2023,мың.адам,әуе көлікпен тасымалданған жолаушылар,Батыс Қазақстан,KZZAP,96.2
2023,мың.адам,әуе көлікпен тасымалданған жолаушылар,Жамбыл,KZZHA,138.8
2023,мың.адам,әуе көлікпен тасымалданған жолаушылар,Жетісу,KZZHS,152.5
2023,мың.адам,әуе көлікпен тасымалданған жолаушылар,Маңғыстау,KZMAN,942.6
2023,мың.адам,әуе көлікпен тасымалданған жолаушылар,Түркістан,KZYUZ,180.3
2023,мың.адам,әуе көлікпен тасымалданған жолаушылар,Ұлытау,KZULU,46.2
2023,мың.адам,әуе көлікпен тасымалданған жолаушылар,Павлодар,KZPAV,104.7
2023,мың.адам,әуе көлікпен тасымалданған жолаушылар,Солтүстік Қазақстан,KZSEV,55.9
2023,мың.адам,әуе көлікпен тасымалданған жолаушылар,Шығыс Қазақстан,KZVOS,250.9
2023,мың.адам,әуе көлікпен тасымалданған жолаушылар,Астана қаласы,KZNS,3731.4
2023,мың.адам,әуе көлікпен тасымалданған жолаушылар,Алматы қаласы,KZALA,4905.0
2023,мың.адам,әуе көлікпен тасымалданған жолаушылар,Шымкент қаласы,KZSHY,1062.4
2023,млн.тонна,құбыр көлігінің жұмыс көрсеткіштері,,,282.9
2023,млн.тонна,құбыр көлігінің жұмыс көрсеткіштері,Абай,KZABY,2.2
2023,млн.тонна,құбыр көлігінің жұмыс көрсеткіштері,Ақтөбе,KZAKT,16.0
2023,млн.тонна,құбыр көлігінің жұмыс көрсеткіштері,Алматы,KZALM,12.1
2023,млн.тонна,құбыр көлігінің жұмыс көрсеткіштері,Атырау,KZATY,85.7
2023,млн.тонна,құбыр көлігінің жұмыс көрсеткіштері,Батыс Қазақстан,KZZAP,23.2
2023,млн.тонна,құбыр көлігінің жұмыс көрсеткіштері,Жамбыл,KZZHA,15.6
2023,млн.тонна,құбыр көлігінің жұмыс көрсеткіштері,Жетісу,KZZHS,5.5
2023,млн.тонна,құбыр көлігінің жұмыс көрсеткіштері,Қарағанды,KZKAR,10.3
2023,млн.тонна,құбыр көлігінің жұмыс көрсеткіштері,Қостанай,KZKUS,10.3
2023,млн.тонна,құбыр көлігінің жұмыс көрсеткіштері,Қызылорда,KZKZY,11.3
2023,млн.тонна,құбыр көлігінің жұмыс көрсеткіштері,Маңғыстау,KZMAN,22.7
2023,млн.тонна,құбыр көлігінің жұмыс көрсеткіштері,Павлодар,KZPAV,11.3
2023,млн.тонна,құбыр көлігінің жұмыс көрсеткіштері,Солтүстік Қазақстан,KZSEV,11.3
2023,млн.тонна,құбыр көлігінің жұмыс көрсеткіштері,Түркістан,KZYUZ,21.3
2023,млн.тонна,құбыр көлігінің жұмыс көрсеткіштері,Ұлытау,KZULU,18.0
2023,млн.тонна,құбыр көлігінің жұмыс көрсеткіштері,Астана қаласы,KZNS,0.3
2023,млн.тонна,құбыр көлігінің жұмыс көрсеткіштері,Алматы қаласы,KZALA,0.0
2023,млн.тонна,құбыр көлігінің жұмыс көрсеткіштері,Шымкент қаласы,KZSHY,5.9
2023,млн.тонна,Теңіз көлігімен жүк тасымалдау,,,1.3
2023,млн.тонна,Теңіз көлігімен жүк тасымалдау,Маңғыстау,KZMAN,1.3
2023,млн.тонна,Теңіз көлігімен жолаушыларды тасымалдау,,,0.0
2023,млн.тонна,Теңіз көлігімен жолаушыларды тасымалдау,Маңғыстау,KZMAN,0.0
2024,млн.тонна,Көліктің барлық түрлерімен жүк тасымалдау,,,1090.0
2024,млн.тонна,Құбыр жүргізетін көлікпен,,,299.8
2024,млн.тонна,Темір жол көлігі,,,438.7
2024,млн.тонна,Автокөлік,,,347.1
2024,млн.тонна,Әуе көлігімен,,,0.0
2024,млн.тонна,Ішкі су көлігімен,,,0.3
2024,млн.тонна,Теңіз көлігімен,,,4.0
2024,млн.тонна,,Абай,KZABY,98.7
2024,млн.тонна,,Ақмола,KZAKM,100.6
2024,млн.тонна,,Ақтөбе,KZAKT,91.0
2024,млн.тонна,,Алматы,KZALM,22.1
2024,млн.тонна,,Атырау,KZATY,112.7
2024,млн.тонна,,Батыс Қазақстан,KZZAP,34.8
2024,млн.тонна,,Жамбыл,KZZHA,42.4
2024,млн.тонна,,Жетісу,KZZHS,20.6
2024,млн.тонна,,Қарағанды,KZKAR,87.8
2024,млн.тонна,,Қостанай,KZKUS,46.7
2024,млн.тонна,,Қызылорда,KZKZY,39.8
2024,млн.тонна,,Маңғыстау,KZMAN,57.1
2024,млн.тонна,,Түркістан,KZYUZ,34.2
2024,млн.тонна,,Ұлытау,KZULU,29.7
2024,млн.тонна,,Павлодар,KZPAV,114.2
2024,млн.тонна,,Солтүстік Қазақстан,KZSEV,22.8
2024,млн.тонна,,Шығыс Қазақстан,KZVOS,21.6
2024,млн.тонна,,Астана қаласы,KZNS,68.4
2024,млн.тонна,,Алматы қаласы,KZALA,21.0
2024,млн.тонна,,Шымкент қаласы,KZSHY,23.6
2024,млн.адам,Көліктің барлық түрлерімен жолаушыларды тасымалдау,,,1773.9
2024,млн.адам,Темір жол көлігімен,,,20.7
2024,млн.адам,Автокөлік,,,1658.0
2024,млн.адам,Ішкі су көлігімен,,,0.2
2024,млн.адам,Теңіз көлігімен,,,0.1
2024,млн.адам,Әуе көлігімен,,,14.4
2024,млн.адам,Қалалық электр көлігі,,,80.4
2024,млн.адам,,Абай,KZABY,63.7
2024,млн.адам,,Ақмола,KZAKM,30.7
2024,млн.адам,,Ақтөбе,KZAKT,70.4
2024,млн.адам,,Алматы,KZALM,29.2
2024,млн.адам,,Атырау,KZATY,49.4
2024,млн.адам,,Батыс Қазақстан,KZZAP,68.9
2024,млн.адам,,Жамбыл,KZZHA,93.4
2024,млн.адам,,Жетісу,KZZHS,24.5
2024,млн.адам,,Қарағанды,KZKAR,121.4
2024,млн.адам,,Қостанай,KZKUS,54.5
2024,млн.адам,,Қызылорда,KZKZY,36.5
2024,млн.адам,,Маңғыстау,KZMAN,56.6
2024,млн.адам,,Түркістан,KZYUZ,22.0
2024,млн.адам,,Ұлытау,KZULU,18.4
2024,млн.адам,,Павлодар,KZPAV,73.4
2024,млн.адам,,Солтүстік Қазақстан,KZSEV,30.9
2024,млн.адам,,Шығыс Қазақстан,KZVOS,83.5
2024,млн.адам,,Астана қаласы,KZNS,297.8
2024,млн.адам,,Алматы қаласы,KZALA,466.3
2024,млн.адам,,Шымкент қаласы,KZSHY,82.3
2024,млн.тонна,Автомобиль және қалалық электр көлігі,,,347.1
2024,млн.тонна,Автомобиль және қалалық электр көлігі,Абай,KZABY,78.2
2024,млн.тонна,Автомобиль және қалалық электр көлігі,Ақмола,KZAKM,73.0
2024,млн.тонна,Автомобиль және қалалық электр көлігі,Ақтөбе,KZAKT,35.4
2024,млн.тонна,Автомобиль және қалалық электр көлігі,Алматы,KZALM,5.3
2024,млн.тонна,Автомобиль және қалалық электр көлігі,Атырау,KZATY,1.3
2024,млн.тонна,Автомобиль және қалалық электр көлігі,Батыс Қазақстан,KZZAP,2.6
2024,млн.тонна,Автомобиль және қалалық электр көлігі,Жамбыл,KZZHA,1.2
2024,млн.тонна,Автомобиль және қалалық электр көлігі,Жетісу,KZZHS,3.6
2024,млн.тонна,Автомобиль және қалалық электр көлігі,Қарағанды,KZKAR,34.5
2024,млн.тонна,Автомобиль және қалалық электр көлігі,Қостанай,KZKUS,7.2
2024,млн.тонна,Автомобиль және қалалық электр көлігі,Қызылорда,KZKZY,4.3
2024,млн.тонна,Автомобиль және қалалық электр көлігі,Маңғыстау,KZMAN,3.9
2024,млн.тонна,Автомобиль және қалалық электр көлігі,Түркістан,KZYUZ,1.9
2024,млн.тонна,Автомобиль және қалалық электр көлігі,Ұлытау,KZULU,2.9
2024,млн.тонна,Автомобиль және қалалық электр көлігі,Павлодар,KZPAV,48.0
2024,млн.тонна,Автомобиль және қалалық электр көлігі,Солтүстік Қазақстан,KZSEV,3.7
2024,млн.тонна,Автомобиль және қалалық электр көлігі,Шығыс Қазақстан,KZVOS,15.6
2024,млн.тонна,Автомобиль және қалалық электр көлігі,Астана қаласы,KZNS,12.6
2024,млн.тонна,Автомобиль және қалалық электр көлігі,Алматы қаласы,KZALA,7.9
2024,млн.тонна,Автомобиль және қалалық электр көлігі,Шымкент қаласы,KZSHY,4.0
2024,млн.адам,Көліктің барлық түрлерімен жолаушыларды тасымалдау,,,1738.4
2024,млн.адам,Көліктің барлық түрлерімен жолаушыларды тасымалдау,Абай,KZABY,62.9
2024,млн.адам,Көліктің барлық түрлерімен жолаушыларды тасымалдау,Ақмола,KZAKM,29.7
2024,млн.адам,Көліктің барлық түрлерімен жолаушыларды тасымалдау,Ақтөбе,KZAKT,68.1
2024,млн.адам,Көліктің барлық түрлерімен жолаушыларды тасымалдау,Алматы,KZALM,29.0
2024,млн.адам,Көліктің барлық түрлерімен жолаушыларды тасымалдау,Атырау,KZATY,47.9
2024,млн.адам,Көліктің барлық түрлерімен жолаушыларды тасымалдау,Батыс Қазақстан,KZZAP,68.4
2024,млн.адам,Көліктің барлық түрлерімен жолаушыларды тасымалдау,Жамбыл,KZZHA,92.4
2024,млн.адам,Көліктің барлық түрлерімен жолаушыларды тасымалдау,Жетісу,KZZHS,24.0
2024,млн.адам,Көліктің барлық түрлерімен жолаушыларды тасымалдау,Қарағанды,KZKAR,119.8
2024,млн.адам,Көліктің барлық түрлерімен жолаушыларды тасымалдау,Қостанай,KZKUS,53.5
2024,млн.адам,Көліктің барлық түрлерімен жолаушыларды тасымалдау,Қызылорда,KZKZY,35.0
2024,млн.адам,Көліктің барлық түрлерімен жолаушыларды тасымалдау,Маңғыстау,KZMAN,54.5
2024,млн.адам,Көліктің барлық түрлерімен жолаушыларды тасымалдау,Түркістан,KZYUZ,21.5
2024,млн.адам,Көліктің барлық түрлерімен жолаушыларды тасымалдау,Ұлытау,KZULU,17.5
2024,млн.адам,Көліктің барлық түрлерімен жолаушыларды тасымалдау,Павлодар,KZPAV,72.6
2024,млн.адам,Көліктің барлық түрлерімен жолаушыларды тасымалдау,Солтүстік Қазақстан,KZSEV,30.6
2024,млн.адам,Көліктің барлық түрлерімен жолаушыларды тасымалдау,Шығыс Қазақстан,KZVOS,82.8
2024,млн.адам,Көліктің барлық түрлерімен жолаушыларды тасымалдау,Астана қаласы,KZNS,287.4
2024,млн.адам,Көліктің барлық түрлерімен жолаушыларды тасымалдау,Алматы қаласы,KZALA,460.0
2024,млн.адам,Көліктің барлық түрлерімен жолаушыларды тасымалдау,Шымкент қаласы,KZSHY,80.9
2024,тонна,әуе көлікпен тасымалданған жүктер,,,27734.3
2024,тонна,әуе көлікпен тасымалданған жүктер,Абай,KZABY,0.0
2024,тонна,әуе көлікпен тасымалданған жүктер,Батыс Қазақстан,KZZAP,0.0
2024,тонна,әуе көлікпен тасымалданған жүктер,Ұлытау,KZULU,0.0
2024,тонна,әуе көлікпен тасымалданған жүктер,Астана қаласы,KZNS,3500.0
2024,тонна,әуе көлікпен тасымалданған жүктер,Алматы қаласы,KZALA,16782.8
2024,тонна,әуе көлікпен тасымалданған жүктер,Шымкент қаласы,KZSHY,7500.0
2024,мың.адам,әуе көлікпен тасымалданған жолаушылар,,,14449.7
2024,мың.адам,әуе көлікпен тасымалданған жолаушылар,Абай,KZABY,138.2
2024,мың.адам,әуе көлікпен тасымалданған жолаушылар,Ақмола,KZAKM,25.1
2024,мың.адам,әуе көлікпен тасымалданған жолаушылар,Ақтөбе,KZAKT,480.9
2024,мың.адам,әуе көлікпен тасымалданған жолаушылар,Алматы,KZALM,0.0
2024,мың.адам,әуе көлікпен тасымалданған жолаушылар,Атырау,KZATY,710.0
2024,мың.адам,әуе көлікпен тасымалданған жолаушылар,Қарағанды,KZKAR,252.7
2024,мың.адам,әуе көлікпен тасымалданған жолаушылар,Қостанай,KZKUS,96.8
2024,мың.адам,әуе көлікпен тасымалданған жолаушылар,Қызылорда,KZKZY,28.2
2024,мың.адам,әуе көлікпен тасымалданған жолаушылар,Батыс Қазақстан,KZZAP,134.6
2024,мың.адам,әуе көлікпен тасымалданған жолаушылар,Жамбыл,KZZHA,170.2
2024,мың.адам,әуе көлікпен тасымалданған жолаушылар,Жетісу,KZZHS,176.1
2024,мың.адам,әуе көлікпен тасымалданған жолаушылар,Маңғыстау,KZMAN,924.0
2024,мың.адам,әуе көлікпен тасымалданған жолаушылар,Түркістан,KZYUZ,107.2
2024,мың.адам,әуе көлікпен тасымалданған жолаушылар,Ұлытау,KZULU,59.9
2024,мың.адам,әуе көлікпен тасымалданған жолаушылар,Павлодар,KZPAV,94.8
2024,мың.адам,әуе көлікпен тасымалданған жолаушылар,Солтүстік Қазақстан,KZSEV,60.2
2024,мың.адам,әуе көлікпен тасымалданған жолаушылар,Шығыс Қазақстан,KZVOS,332.9
2024,мың.адам,әуе көлікпен тасымалданған жолаушылар,Астана қаласы,KZNS,3954.3
2024,мың.адам,әуе көлікпен тасымалданған жолаушылар,Алматы қаласы,KZALA,5453.2
2024,мың.адам,әуе көлікпен тасымалданған жолаушылар,Шымкент қаласы,KZSHY,1250.5
2024,млн.тонна,құбыр көлігінің жұмыс көрсеткіштері,,,299.8
2024,млн.тонна,құбыр көлігінің жұмыс көрсеткіштері,Абай,KZABY,2.2
2024,млн.тонна,құбыр көлігінің жұмыс көрсеткіштері,Ақтөбе,KZAKT,16.3
2024,млн.тонна,құбыр көлігінің жұмыс көрсеткіштері,Алматы,KZALM,12.5
2024,млн.тонна,құбыр көлігінің жұмыс көрсеткіштері,Атырау,KZATY,89.3
2024,млн.тонна,құбыр көлігінің жұмыс көрсеткіштері,Батыс Қазақстан,KZZAP,27.2
2024,млн.тонна,құбыр көлігінің жұмыс көрсеткіштері,Жамбыл,KZZHA,15.7
2024,млн.тонна,құбыр көлігінің жұмыс көрсеткіштері,Жетісу,KZZHS,5.6
2024,млн.тонна,құбыр көлігінің жұмыс көрсеткіштері,Қарағанды,KZKAR,10.8
2024,млн.тонна,құбыр көлігінің жұмыс көрсеткіштері,Қостанай,KZKUS,11.7
2024,млн.тонна,құбыр көлігінің жұмыс көрсеткіштері,Қызылорда,KZKZY,11.7
2024,млн.тонна,құбыр көлігінің жұмыс көрсеткіштері,Маңғыстау,KZMAN,27.0
2024,млн.тонна,құбыр көлігінің жұмыс көрсеткіштері,Павлодар,KZPAV,11.8
2024,млн.тонна,құбыр көлігінің жұмыс көрсеткіштері,Солтүстік Қазақстан,KZSEV,11.8
2024,млн.тонна,құбыр көлігінің жұмыс көрсеткіштері,Түркістан,KZYUZ,21.6
2024,млн.тонна,құбыр көлігінің жұмыс көрсеткіштері,Ұлытау,KZULU,18.1
2024,млн.тонна,құбыр көлігінің жұмыс көрсеткіштері,Астана қаласы,KZNS,0.5
2024,млн.тонна,құбыр көлігінің жұмыс көрсеткіштері,Алматы қаласы,KZALA,0.0
2024,млн.тонна,құбыр көлігінің жұмыс көрсеткіштері,Шымкент қаласы,KZSHY,6.0
2024,млн.тонна,Теңіз көлігімен жүк тасымалдау,,,4.0
2024,млн.тонна,Теңіз көлігімен жүк тасымалдау,Маңғыстау,KZMAN,4.0
2024,млн.тонна,Теңіз көлігімен жолаушыларды тасымалдау,,,0.1
2024,млн.тонна,Теңіз көлігімен жолаушыларды тасымалдау,Маңғыстау,KZMAN,0.1
2025,млн.тонна,Көліктің барлық түрлерімен жүк тасымалдау,,,964.7
2025,млн.тонна,Құбыр жүргізетін көлікпен,,,257.6
2025,млн.тонна,Темір жол көлігі,,,339.7
2025,млн.тонна,Автокөлік,,,362.9
2025,млн.тонна,Әуе көлігімен,,,0.0
2025,млн.тонна,Ішкі су көлігімен,,,0.2
2025,млн.тонна,Теңіз көлігімен,,,4.3
2025,млн.тонна,,Абай,KZABY,100.9
2025,млн.тонна,,Ақмола,KZAKM,106.1
2025,млн.тонна,,Ақтөбе,KZAKT,81.5
2025,млн.тонна,,Алматы,KZALM,13.6
2025,млн.тонна,,Атырау,KZATY,132.3
2025,млн.тонна,,Батыс Қазақстан,KZZAP,36.7
2025,млн.тонна,,Жамбыл,KZZHA,24.0
2025,млн.тонна,,Жетісу,KZZHS,24.6
2025,млн.тонна,,Қарағанды,KZKAR,108.9
2025,млн.тонна,,Қостанай,KZKUS,45.5
2025,млн.тонна,,Қызылорда,KZKZY,36.4
2025,млн.тонна,,Маңғыстау,KZMAN,63.8
2025,млн.тонна,,Түркістан,KZYUZ,66.3
2025,млн.тонна,,Ұлытау,KZULU,23.8
2025,млн.тонна,,Павлодар,KZPAV,21.4
2025,млн.тонна,,Солтүстік Қазақстан,KZSEV,44.9
2025,млн.тонна,,Шығыс Қазақстан,KZVOS,20.7
2025,млн.тонна,,Астана қаласы,KZNS,56.6
2025,млн.тонна,,Алматы қаласы,KZALA,60.1
2025,млн.тонна,,Шымкент қаласы,KZSHY,29.9
2025,млн.адам,Көліктің барлық түрлерімен жолаушыларды тасымалдау,,,1960.2
2025,млн.адам,Темір жол көлігімен,,,19.6
2025,млн.адам,Автокөлік,,,1845.4
2025,млн.адам,Ішкі су көлігімен,,,0.3
2025,млн.адам,Теңіз көлігімен,,,0.0
2025,млн.адам,Әуе көлігімен,,,15.4
2025,млн.адам,Қалалық электр көлігі,,,79.5
2025,млн.адам,,Абай,KZABY,56.0
2025,млн.адам,,Ақмола,KZAKM,35.7
2025,млн.адам,,Ақтөбе,KZAKT,81.9
2025,млн.адам,,Алматы,KZALM,49.5
2025,млн.адам,,Атырау,KZATY,56.2
2025,млн.адам,,Батыс Қазақстан,KZZAP,62.6
2025,млн.адам,,Жамбыл,KZZHA,114.1
2025,млн.адам,,Жетісу,KZZHS,30.1
2025,млн.адам,,Қарағанды,KZKAR,137.4
2025,млн.адам,,Қостанай,KZKUS,52.8
2025,млн.адам,,Қызылорда,KZKZY,47.7
2025,млн.адам,,Маңғыстау,KZMAN,63.0
2025,млн.адам,,Түркістан,KZYUZ,29.2
2025,млн.адам,,Ұлытау,KZULU,19.4
2025,млн.адам,,Павлодар,KZPAV,82.9
2025,млн.адам,,Солтүстік Қазақстан,KZSEV,33.4
2025,млн.адам,,Шығыс Қазақстан,KZVOS,84.6
2025,млн.адам,,Астана қаласы,KZNS,328.6
2025,млн.адам,,Алматы қаласы,KZALA,479.7
2025,млн.адам,,Шымкент қаласы,KZSHY,115.2
2025,млн.тонна,Автомобиль және қалалық электр көлігі,,,362.9
2025,млн.тонна,Автомобиль және қалалық электр көлігі,Абай,KZABY,75.2
2025,млн.тонна,Автомобиль және қалалық электр көлігі,Ақмола,KZAKM,84.7
2025,млн.тонна,Автомобиль және қалалық электр көлігі,Ақтөбе,KZAKT,34.4
2025,млн.тонна,Автомобиль және қалалық электр көлігі,Алматы,KZALM,7.3
2025,млн.тонна,Автомобиль және қалалық электр көлігі,Атырау,KZATY,0.8
2025,млн.тонна,Автомобиль және қалалық электр көлігі,Батыс Қазақстан,KZZAP,3.2
2025,млн.тонна,Автомобиль және қалалық электр көлігі,Жамбыл,KZZHA,1.7
2025,млн.тонна,Автомобиль және қалалық электр көлігі,Жетісу,KZZHS,4.0
2025,млн.тонна,Автомобиль және қалалық электр көлігі,Қарағанды,KZKAR,52.2
2025,млн.тонна,Автомобиль және қалалық электр көлігі,Қостанай,KZKUS,9.0
2025,млн.тонна,Автомобиль және қалалық электр көлігі,Қызылорда,KZKZY,6.7
2025,млн.тонна,Автомобиль және қалалық электр көлігі,Маңғыстау,KZMAN,3.6
2025,млн.тонна,Автомобиль және қалалық электр көлігі,Түркістан,KZYUZ,3.0
2025,млн.тонна,Автомобиль және қалалық электр көлігі,Ұлытау,KZULU,1.0
2025,млн.тонна,Автомобиль және қалалық электр көлігі,Павлодар,KZPAV,21.2
2025,млн.тонна,Автомобиль және қалалық электр көлігі,Солтүстік Қазақстан,KZSEV,6.6
2025,млн.тонна,Автомобиль және қалалық электр көлігі,Шығыс Қазақстан,KZVOS,16.0
2025,млн.тонна,Автомобиль және қалалық электр көлігі,Астана қаласы,KZNS,13.6
2025,млн.тонна,Автомобиль және қалалық электр көлігі,Алматы қаласы,KZALA,14.9
2025,млн.тонна,Автомобиль және қалалық электр көлігі,Шымкент қаласы,KZSHY,3.9
2025,млн.адам,Көліктің барлық түрлерімен жолаушыларды тасымалдау,,,1924.9
2025,млн.адам,Көліктің барлық түрлерімен жолаушыларды тасымалдау,Абай,KZABY,54.8
2025,млн.адам,Көліктің барлық түрлерімен жолаушыларды тасымалдау,Ақмола,KZAKM,34.5
2025,млн.адам,Көліктің барлық түрлерімен жолаушыларды тасымалдау,Ақтөбе,KZAKT,79.5
2025,млн.адам,Көліктің барлық түрлерімен жолаушыларды тасымалдау,Алматы,KZALM,49.4
2025,млн.адам,Көліктің барлық түрлерімен жолаушыларды тасымалдау,Атырау,KZATY,54.8
2025,млн.адам,Көліктің барлық түрлерімен жолаушыларды тасымалдау,Батыс Қазақстан,KZZAP,61.9
2025,млн.адам,Көліктің барлық түрлерімен жолаушыларды тасымалдау,Жамбыл,KZZHA,113.0
2025,млн.адам,Көліктің барлық түрлерімен жолаушыларды тасымалдау,Жетісу,KZZHS,29.8
2025,млн.адам,Көліктің барлық түрлерімен жолаушыларды тасымалдау,Қарағанды,KZKAR,135.6
2025,млн.адам,Көліктің барлық түрлерімен жолаушыларды тасымалдау,Қостанай,KZKUS,51.7
2025,млн.адам,Көліктің барлық түрлерімен жолаушыларды тасымалдау,Қызылорда,KZKZY,46.3
2025,млн.адам,Көліктің барлық түрлерімен жолаушыларды тасымалдау,Маңғыстау,KZMAN,61.5
2025,млн.адам,Көліктің барлық түрлерімен жолаушыларды тасымалдау,Түркістан,KZYUZ,28.6
2025,млн.адам,Көліктің барлық түрлерімен жолаушыларды тасымалдау,Ұлытау,KZULU,17.5
2025,млн.адам,Көліктің барлық түрлерімен жолаушыларды тасымалдау,Павлодар,KZPAV,82.3
2025,млн.адам,Көліктің барлық түрлерімен жолаушыларды тасымалдау,Солтүстік Қазақстан,KZSEV,33.1
2025,млн.адам,Көліктің барлық түрлерімен жолаушыларды тасымалдау,Шығыс Қазақстан,KZVOS,83.9
2025,млн.адам,Көліктің барлық түрлерімен жолаушыларды тасымалдау,Астана қаласы,KZNS,321.2
2025,млн.адам,Көліктің барлық түрлерімен жолаушыларды тасымалдау,Алматы қаласы,KZALA,471.5
2025,млн.адам,Көліктің барлық түрлерімен жолаушыларды тасымалдау,Шымкент қаласы,KZSHY,112.9
2025,тонна,әуе көлікпен тасымалданған жүктер,,,26700.0
2025,тонна,әуе көлікпен тасымалданған жүктер,Абай,KZABY,0.0
2025,тонна,әуе көлікпен тасымалданған жүктер,Батыс Қазақстан,KZZAP,0.0
2025,тонна,әуе көлікпен тасымалданған жүктер,Ұлытау,KZULU,0.0
2025,тонна,әуе көлікпен тасымалданған жүктер,Ақтөбе,KZAKT,300.0
2025,тонна,әуе көлікпен тасымалданған жүктер,Атырау,KZATY,500.0
2025,тонна,әуе көлікпен тасымалданған жүктер,Қостанай,KZKUS,100.0
2025,тонна,әуе көлікпен тасымалданған жүктер,Маңғыстау,KZMAN,300.0
2025,тонна,әуе көлікпен тасымалданған жүктер,Түркістан,KZYUZ,700.0
2025,тонна,әуе көлікпен тасымалданған жүктер,Шығыс Қазақстан,KZVOS,100.0
2025,тонна,әуе көлікпен тасымалданған жүктер,Астана қаласы,KZNS,4800.0
2025,тонна,әуе көлікпен тасымалданған жүктер,Алматы қаласы,KZALA,19100.0
2025,тонна,әуе көлікпен тасымалданған жүктер,Шымкент қаласы,KZSHY,600.0
2025,мың.адам,әуе көлікпен тасымалданған жолаушылар,,,15435.2
2025,мың.адам,әуе көлікпен тасымалданған жолаушылар,Абай,KZABY,162.3
2025,мың.адам,әуе көлікпен тасымалданған жолаушылар,Ақмола,KZAKM,26.5
2025,мың.адам,әуе көлікпен тасымалданған жолаушылар,Ақтөбе,KZAKT,568.1
2025,мың.адам,әуе көлікпен тасымалданған жолаушылар,Алматы,KZALM,0.3
2025,мың.адам,әуе көлікпен тасымалданған жолаушылар,Атырау,KZATY,747.8
2025,мың.адам,әуе көлікпен тасымалданған жолаушылар,Қарағанды,KZKAR,332.4
2025,мың.адам,әуе көлікпен тасымалданған жолаушылар,Қостанай,KZKUS,157.8
2025,мың.адам,әуе көлікпен тасымалданған жолаушылар,Қызылорда,KZKZY,23.0
2025,мың.адам,әуе көлікпен тасымалданған жолаушылар,Батыс Қазақстан,KZZAP,165.7
2025,мың.адам,әуе көлікпен тасымалданған жолаушылар,Жамбыл,KZZHA,238.0
2025,мың.адам,әуе көлікпен тасымалданған жолаушылар,Жетісу,KZZHS,203.6
2025,мың.адам,әуе көлікпен тасымалданған жолаушылар,Маңғыстау,KZMAN,818.8
2025,мың.адам,әуе көлікпен тасымалданған жолаушылар,Түркістан,KZYUZ,127.8
2025,мың.адам,әуе көлікпен тасымалданған жолаушылар,Ұлытау,KZULU,59.2
2025,мың.адам,әуе көлікпен тасымалданған жолаушылар,Павлодар,KZPAV,22.6
2025,мың.адам,әуе көлікпен тасымалданған жолаушылар,Солтүстік Қазақстан,KZSEV,69.4
2025,мың.адам,әуе көлікпен тасымалданған жолаушылар,Шығыс Қазақстан,KZVOS,350.6
2025,мың.адам,әуе көлікпен тасымалданған жолаушылар,Астана қаласы,KZNS,4420.0
2025,мың.адам,әуе көлікпен тасымалданған жолаушылар,Алматы қаласы,KZALA,5547.4
2025,мың.адам,әуе көлікпен тасымалданған жолаушылар,Шымкент қаласы,KZSHY,1394.1
2025,млн.тонна,құбыр көлігінің жұмыс көрсеткіштері,,,257.6
2025,млн.тонна,құбыр көлігінің жұмыс көрсеткіштері,Абай,KZABY,11.1
2025,млн.тонна,құбыр көлігінің жұмыс көрсеткіштері,Ақтөбе,KZAKT,16.6
2025,млн.тонна,құбыр көлігінің жұмыс көрсеткіштері,Алматы,KZALM,2.5
2025,млн.тонна,құбыр көлігінің жұмыс көрсеткіштері,Атырау,KZATY,113.5
2025,млн.тонна,құбыр көлігінің жұмыс көрсеткіштері,Батыс Қазақстан,KZZAP,29.8
2025,млн.тонна,құбыр көлігінің жұмыс көрсеткіштері,Жамбыл,KZZHA,2.6
2025,млн.тонна,құбыр көлігінің жұмыс көрсеткіштері,Жетісу,KZZHS,11.3
2025,млн.тонна,құбыр көлігінің жұмыс көрсеткіштері,Қарағанды,KZKAR,17.3
2025,млн.тонна,құбыр көлігінің жұмыс көрсеткіштері,Қостанай,KZKUS,11.7
2025,млн.тонна,құбыр көлігінің жұмыс көрсеткіштері,Қызылорда,KZKZY,11.6
2025,млн.тонна,құбыр көлігінің жұмыс көрсеткіштері,Маңғыстау,KZMAN,41.7
2025,млн.тонна,құбыр көлігінің жұмыс көрсеткіштері,Павлодар,KZPAV,11.9
2025,млн.тонна,құбыр көлігінің жұмыс көрсеткіштері,Солтүстік Қазақстан,KZSEV,11.9
2025,млн.тонна,құбыр көлігінің жұмыс көрсеткіштері,Түркістан,KZYUZ,9.5
2025,млн.тонна,құбыр көлігінің жұмыс көрсеткіштері,Ұлытау,KZULU,37.5
2025,млн.тонна,құбыр көлігінің жұмыс көрсеткіштері,Астана қаласы,KZNS,0.6
2025,млн.тонна,құбыр көлігінің жұмыс көрсеткіштері,Алматы қаласы,KZALA,34.3
2025,млн.тонна,құбыр көлігінің жұмыс көрсеткіштері,Шымкент қаласы,KZSHY,15.4
2025,млн.тонна,Теңіз көлігімен жүк тасымалдау,,,4.3
2025,млн.тонна,Теңіз көлігімен жүк тасымалдау,Маңғыстау,KZMAN,4.3
2025,млн.тонна,Теңіз көлігімен жолаушыларды тасымалдау,,,0.0
2025,млн.тонна,Теңіз көлігімен жолаушыларды тасымалдау,Маңғыстау,KZMAN,0.0
