Year,UNIT_MEASURE,SEX,URBANISATION,REF_AREA,GeoCode,Value
2010,PER_1000_LIVE_BIRTHS,_T,,,,19.62
2010,PER_1000_LIVE_BIRTHS,_T,,KZABY,KZABY,22.27
2010,PER_1000_LIVE_BIRTHS,_T,,KZAKM,KZAKM,16.98
2010,PER_1000_LIVE_BIRTHS,_T,,KZAKT,KZAKT,19.56
2010,PER_1000_LIVE_BIRTHS,_T,,KZALM,KZALM,16.06
2010,PER_1000_LIVE_BIRTHS,_T,,KZATY,KZATY,19.78
2010,PER_1000_LIVE_BIRTHS,_T,,KZZAP,KZZAP,17.17
2010,PER_1000_LIVE_BIRTHS,_T,,KZZHA,KZZHA,20.5
2010,PER_1000_LIVE_BIRTHS,_T,,KZZHS,KZZHS,16.61
2010,PER_1000_LIVE_BIRTHS,_T,,KZKAR,KZKAR,16.67
2010,PER_1000_LIVE_BIRTHS,_T,,KZKUS,KZKUS,16.51
2010,PER_1000_LIVE_BIRTHS,_T,,KZKZY,KZKZY,26.52
2010,PER_1000_LIVE_BIRTHS,_T,,KZMAN,KZMAN,21.98
2010,PER_1000_LIVE_BIRTHS,_T,,KZPAV,KZPAV,15.03
2010,PER_1000_LIVE_BIRTHS,_T,,KZSEV,KZSEV,16.4
2010,PER_1000_LIVE_BIRTHS,_T,,KZYUZ,KZYUZ,24.39
2010,PER_1000_LIVE_BIRTHS,_T,,KZULU,KZULU,19.96
2010,PER_1000_LIVE_BIRTHS,_T,,KZVOS,KZVOS,22.21
2010,PER_1000_LIVE_BIRTHS,_T,,KZNS,KZNS,12.68
2010,PER_1000_LIVE_BIRTHS,_T,,KZALA,KZALA,18.7
2010,PER_1000_LIVE_BIRTHS,_T,,KZSHY,KZSHY,19.57
2010,PER_1000_LIVE_BIRTHS,_T,U,,,19.11
2010,PER_1000_LIVE_BIRTHS,_T,U,KZABY,KZABY,19.71
2010,PER_1000_LIVE_BIRTHS,_T,U,KZAKM,KZAKM,16.55
2010,PER_1000_LIVE_BIRTHS,_T,U,KZAKT,KZAKT,19.25
2010,PER_1000_LIVE_BIRTHS,_T,U,KZALM,KZALM,17.57
2010,PER_1000_LIVE_BIRTHS,_T,U,KZATY,KZATY,18.94
2010,PER_1000_LIVE_BIRTHS,_T,U,KZZAP,KZZAP,14.81
2010,PER_1000_LIVE_BIRTHS,_T,U,KZZHA,KZZHA,21.62
2010,PER_1000_LIVE_BIRTHS,_T,U,KZZHS,KZZHS,19.9
2010,PER_1000_LIVE_BIRTHS,_T,U,KZKAR,KZKAR,16.11
2010,PER_1000_LIVE_BIRTHS,_T,U,KZKUS,KZKUS,15.27
2010,PER_1000_LIVE_BIRTHS,_T,U,KZKZY,KZKZY,25.36
2010,PER_1000_LIVE_BIRTHS,_T,U,KZMAN,KZMAN,22.43
2010,PER_1000_LIVE_BIRTHS,_T,U,KZPAV,KZPAV,14.18
2010,PER_1000_LIVE_BIRTHS,_T,U,KZSEV,KZSEV,14.71
2010,PER_1000_LIVE_BIRTHS,_T,U,KZYUZ,KZYUZ,30.33
2010,PER_1000_LIVE_BIRTHS,_T,U,KZULU,KZULU,21.29
2010,PER_1000_LIVE_BIRTHS,_T,U,KZVOS,KZVOS,22.76
2010,PER_1000_LIVE_BIRTHS,_T,U,KZNS,KZNS,12.68
2010,PER_1000_LIVE_BIRTHS,_T,U,KZALA,KZALA,18.7
2010,PER_1000_LIVE_BIRTHS,_T,U,KZSHY,KZSHY,19.57
2010,PER_1000_LIVE_BIRTHS,_T,R,,,20.23
2010,PER_1000_LIVE_BIRTHS,_T,R,KZABY,KZABY,25.18
2010,PER_1000_LIVE_BIRTHS,_T,R,KZAKM,KZAKM,17.49
2010,PER_1000_LIVE_BIRTHS,_T,R,KZAKT,KZAKT,20.23
2010,PER_1000_LIVE_BIRTHS,_T,R,KZALM,KZALM,15.74
2010,PER_1000_LIVE_BIRTHS,_T,R,KZATY,KZATY,20.92
2010,PER_1000_LIVE_BIRTHS,_T,R,KZZAP,KZZAP,19.83
2010,PER_1000_LIVE_BIRTHS,_T,R,KZZHA,KZZHA,19.82
2010,PER_1000_LIVE_BIRTHS,_T,R,KZZHS,KZZHS,14.28
2010,PER_1000_LIVE_BIRTHS,_T,R,KZKAR,KZKAR,18.66
2010,PER_1000_LIVE_BIRTHS,_T,R,KZKUS,KZKUS,17.96
2010,PER_1000_LIVE_BIRTHS,_T,R,KZKZY,KZKZY,27.45
2010,PER_1000_LIVE_BIRTHS,_T,R,KZMAN,KZMAN,21.54
2010,PER_1000_LIVE_BIRTHS,_T,R,KZPAV,KZPAV,16.75
2010,PER_1000_LIVE_BIRTHS,_T,R,KZSEV,KZSEV,17.67
2010,PER_1000_LIVE_BIRTHS,_T,R,KZYUZ,KZYUZ,22.68
2010,PER_1000_LIVE_BIRTHS,_T,R,KZULU,KZULU,15.49
2010,PER_1000_LIVE_BIRTHS,_T,R,KZVOS,KZVOS,21.44
2010,PER_1000_LIVE_BIRTHS,M,,,,21.81
2010,PER_1000_LIVE_BIRTHS,M,,KZABY,KZABY,25.29
2010,PER_1000_LIVE_BIRTHS,M,,KZAKM,KZAKM,19.91
2010,PER_1000_LIVE_BIRTHS,M,,KZAKT,KZAKT,22.42
2010,PER_1000_LIVE_BIRTHS,M,,KZALM,KZALM,17.54
2010,PER_1000_LIVE_BIRTHS,M,,KZATY,KZATY,20.66
2010,PER_1000_LIVE_BIRTHS,M,,KZZAP,KZZAP,17.91
2010,PER_1000_LIVE_BIRTHS,M,,KZZHA,KZZHA,23.26
2010,PER_1000_LIVE_BIRTHS,M,,KZZHS,KZZHS,17.71
2010,PER_1000_LIVE_BIRTHS,M,,KZKAR,KZKAR,18.83
2010,PER_1000_LIVE_BIRTHS,M,,KZKUS,KZKUS,19.6
2010,PER_1000_LIVE_BIRTHS,M,,KZKZY,KZKZY,28.14
2010,PER_1000_LIVE_BIRTHS,M,,KZMAN,KZMAN,21.6
2010,PER_1000_LIVE_BIRTHS,M,,KZPAV,KZPAV,16.75
2010,PER_1000_LIVE_BIRTHS,M,,KZSEV,KZSEV,17.48
2010,PER_1000_LIVE_BIRTHS,M,,KZYUZ,KZYUZ,27.7
2010,PER_1000_LIVE_BIRTHS,M,,KZULU,KZULU,22.44
2010,PER_1000_LIVE_BIRTHS,M,,KZVOS,KZVOS,23.95
2010,PER_1000_LIVE_BIRTHS,M,,KZNS,KZNS,14.49
2010,PER_1000_LIVE_BIRTHS,M,,KZALA,KZALA,21.47
2010,PER_1000_LIVE_BIRTHS,M,,KZSHY,KZSHY,22.35
2010,PER_1000_LIVE_BIRTHS,M,U,,,21.34
2010,PER_1000_LIVE_BIRTHS,M,U,KZABY,KZABY,20.6
2010,PER_1000_LIVE_BIRTHS,M,U,KZAKM,KZAKM,19.57
2010,PER_1000_LIVE_BIRTHS,M,U,KZAKT,KZAKT,22.28
2010,PER_1000_LIVE_BIRTHS,M,U,KZALM,KZALM,21.82
2010,PER_1000_LIVE_BIRTHS,M,U,KZATY,KZATY,18.49
2010,PER_1000_LIVE_BIRTHS,M,U,KZZAP,KZZAP,11.5
2010,PER_1000_LIVE_BIRTHS,M,U,KZZHA,KZZHA,22.86
2010,PER_1000_LIVE_BIRTHS,M,U,KZZHS,KZZHS,22.37
2010,PER_1000_LIVE_BIRTHS,M,U,KZKAR,KZKAR,19.58
2010,PER_1000_LIVE_BIRTHS,M,U,KZKUS,KZKUS,16.78
2010,PER_1000_LIVE_BIRTHS,M,U,KZKZY,KZKZY,28.69
2010,PER_1000_LIVE_BIRTHS,M,U,KZMAN,KZMAN,21.84
2010,PER_1000_LIVE_BIRTHS,M,U,KZPAV,KZPAV,15.25
2010,PER_1000_LIVE_BIRTHS,M,U,KZSEV,KZSEV,15.81
2010,PER_1000_LIVE_BIRTHS,M,U,KZYUZ,KZYUZ,35.83
2010,PER_1000_LIVE_BIRTHS,M,U,KZULU,KZULU,24.54
2010,PER_1000_LIVE_BIRTHS,M,U,KZVOS,KZVOS,24.57
2010,PER_1000_LIVE_BIRTHS,M,U,KZNS,KZNS,14.49
2010,PER_1000_LIVE_BIRTHS,M,U,KZALA,KZALA,21.74
2010,PER_1000_LIVE_BIRTHS,M,U,KZSHY,KZSHY,22.35
2010,PER_1000_LIVE_BIRTHS,M,R,,,22.37
2010,PER_1000_LIVE_BIRTHS,M,R,KZABY,KZABY,30.43
2010,PER_1000_LIVE_BIRTHS,M,R,KZAKM,KZAKM,20.3
2010,PER_1000_LIVE_BIRTHS,M,R,KZAKT,KZAKT,22.73
2010,PER_1000_LIVE_BIRTHS,M,R,KZALM,KZALM,16.65
2010,PER_1000_LIVE_BIRTHS,M,R,KZATY,KZATY,23.67
2010,PER_1000_LIVE_BIRTHS,M,R,KZZAP,KZZAP,24.97
2010,PER_1000_LIVE_BIRTHS,M,R,KZZHA,KZZHA,23.51
2010,PER_1000_LIVE_BIRTHS,M,R,KZZHS,KZZHS,14.48
2010,PER_1000_LIVE_BIRTHS,M,R,KZKAR,KZKAR,16.23
2010,PER_1000_LIVE_BIRTHS,M,R,KZKUS,KZKUS,22.97
2010,PER_1000_LIVE_BIRTHS,M,R,KZKZY,KZKZY,27.69
2010,PER_1000_LIVE_BIRTHS,M,R,KZMAN,KZMAN,21.37
2010,PER_1000_LIVE_BIRTHS,M,R,KZPAV,KZPAV,19.79
2010,PER_1000_LIVE_BIRTHS,M,R,KZSEV,KZSEV,18.72
2010,PER_1000_LIVE_BIRTHS,M,R,KZYUZ,KZYUZ,25.35
2010,PER_1000_LIVE_BIRTHS,M,R,KZULU,KZULU,15.36
2010,PER_1000_LIVE_BIRTHS,M,R,KZVOS,KZVOS,23.09
2010,PER_1000_LIVE_BIRTHS,F,,,,17.3
2010,PER_1000_LIVE_BIRTHS,F,,KZAKM,KZAKM,13.86
2010,PER_1000_LIVE_BIRTHS,F,,KZAKT,KZAKT,16.57
2010,PER_1000_LIVE_BIRTHS,F,,KZALM,KZALM,14.47
2010,PER_1000_LIVE_BIRTHS,F,,KZATY,KZATY,18.84
2010,PER_1000_LIVE_BIRTHS,F,,KZZAP,KZZAP,16.38
2010,PER_1000_LIVE_BIRTHS,F,,KZZHA,KZZHA,17.54
2010,PER_1000_LIVE_BIRTHS,F,,KZZHS,KZZHS,15.46
2010,PER_1000_LIVE_BIRTHS,F,,KZKAR,KZKAR,14.4
2010,PER_1000_LIVE_BIRTHS,F,,KZKUS,KZKUS,13.15
2010,PER_1000_LIVE_BIRTHS,F,,KZKZY,KZKZY,24.78
2010,PER_1000_LIVE_BIRTHS,F,,KZMAN,KZMAN,22.39
2010,PER_1000_LIVE_BIRTHS,F,,KZPAV,KZPAV,13.24
2010,PER_1000_LIVE_BIRTHS,F,,KZSEV,KZSEV,15.26
2010,PER_1000_LIVE_BIRTHS,M,R,KZYUZ,KZYUZ,20.9
2010,PER_1000_LIVE_BIRTHS,M,R,KZULU,KZULU,17.45
2010,PER_1000_LIVE_BIRTHS,F,,KZVOS,KZVOS,20.36
2010,PER_1000_LIVE_BIRTHS,F,,KZNS,KZNS,10.75
2010,PER_1000_LIVE_BIRTHS,F,,KZALA,KZALA,15.73
2010,PER_1000_LIVE_BIRTHS,F,,KZSHY,KZSHY,16.65
2010,PER_1000_LIVE_BIRTHS,F,U,,,16.75
2010,PER_1000_LIVE_BIRTHS,F,U,KZABY,KZABY,18.82
2010,PER_1000_LIVE_BIRTHS,F,U,KZAKM,KZAKM,13.3
2010,PER_1000_LIVE_BIRTHS,F,U,KZAKT,KZAKT,16.09
2010,PER_1000_LIVE_BIRTHS,F,U,KZALM,KZALM,13.0
2010,PER_1000_LIVE_BIRTHS,F,U,KZATY,KZATY,19.43
2010,PER_1000_LIVE_BIRTHS,F,U,KZZAP,KZZAP,18.23
2010,PER_1000_LIVE_BIRTHS,F,U,KZZHA,KZZHA,20.27
2010,PER_1000_LIVE_BIRTHS,F,U,KZZHS,KZZHS,17.39
2010,PER_1000_LIVE_BIRTHS,F,U,KZKAR,KZKAR,12.48
2010,PER_1000_LIVE_BIRTHS,F,U,KZKUS,KZKUS,13.62
2010,PER_1000_LIVE_BIRTHS,F,U,KZKZY,KZKZY,21.82
2010,PER_1000_LIVE_BIRTHS,F,U,KZMAN,KZMAN,23.09
2010,PER_1000_LIVE_BIRTHS,F,U,KZPAV,KZPAV,13.07
2010,PER_1000_LIVE_BIRTHS,F,U,KZSEV,KZSEV,13.56
2010,PER_1000_LIVE_BIRTHS,F,U,KZYUZ,KZYUZ,24.46
2010,PER_1000_LIVE_BIRTHS,F,U,KZULU,KZULU,17.99
2010,PER_1000_LIVE_BIRTHS,F,U,KZVOS,KZVOS,20.85
2010,PER_1000_LIVE_BIRTHS,F,U,KZNS,KZNS,10.75
2010,PER_1000_LIVE_BIRTHS,F,U,KZALA,KZALA,15.73
2010,PER_1000_LIVE_BIRTHS,F,U,KZSHY,KZSHY,16.65
2010,PER_1000_LIVE_BIRTHS,F,R,,,17.95
2010,PER_1000_LIVE_BIRTHS,F,R,KZABY,KZABY,19.61
2010,PER_1000_LIVE_BIRTHS,F,R,KZAKM,KZAKM,14.5
2010,PER_1000_LIVE_BIRTHS,F,R,KZAKT,KZAKT,17.59
2010,PER_1000_LIVE_BIRTHS,F,R,KZALM,KZALM,14.77
2010,PER_1000_LIVE_BIRTHS,F,R,KZATY,KZATY,18.02
2010,PER_1000_LIVE_BIRTHS,F,R,KZZAP,KZZAP,14.21
2010,PER_1000_LIVE_BIRTHS,F,R,KZZHA,KZZHA,15.92
2010,PER_1000_LIVE_BIRTHS,F,R,KZZHS,KZZHS,14.08
2010,PER_1000_LIVE_BIRTHS,F,R,KZKAR,KZKAR,21.25
2010,PER_1000_LIVE_BIRTHS,F,R,KZKUS,KZKUS,12.61
2010,PER_1000_LIVE_BIRTHS,F,R,KZKZY,KZKZY,27.2
2010,PER_1000_LIVE_BIRTHS,F,R,KZMAN,KZMAN,21.71
2010,PER_1000_LIVE_BIRTHS,F,R,KZPAV,KZPAV,13.59
2010,PER_1000_LIVE_BIRTHS,F,R,KZSEV,KZSEV,16.55
2010,PER_1000_LIVE_BIRTHS,F,R,KZYUZ,KZYUZ,19.89
2010,PER_1000_LIVE_BIRTHS,F,R,KZULU,KZULU,15.63
2010,PER_1000_LIVE_BIRTHS,F,R,KZVOS,KZVOS,19.67
2011,PER_1000_LIVE_BIRTHS,_T,,,,18.03
2011,PER_1000_LIVE_BIRTHS,_T,,KZABY,KZABY,20.19
2011,PER_1000_LIVE_BIRTHS,_T,,KZAKM,KZAKM,18.3
2011,PER_1000_LIVE_BIRTHS,_T,,KZAKT,KZAKT,14.22
2011,PER_1000_LIVE_BIRTHS,_T,,KZALM,KZALM,14.09
2011,PER_1000_LIVE_BIRTHS,_T,,KZATY,KZATY,19.39
2011,PER_1000_LIVE_BIRTHS,_T,,KZZAP,KZZAP,14.54
2011,PER_1000_LIVE_BIRTHS,_T,,KZZHA,KZZHA,19.0
2011,PER_1000_LIVE_BIRTHS,_T,,KZZHS,KZZHS,17.3
2011,PER_1000_LIVE_BIRTHS,_T,,KZKAR,KZKAR,13.28
2011,PER_1000_LIVE_BIRTHS,_T,,KZKUS,KZKUS,16.24
2011,PER_1000_LIVE_BIRTHS,_T,,KZKZY,KZKZY,23.66
2011,PER_1000_LIVE_BIRTHS,_T,,KZMAN,KZMAN,20.28
2011,PER_1000_LIVE_BIRTHS,_T,,KZPAV,KZPAV,15.49
2011,PER_1000_LIVE_BIRTHS,_T,,KZSEV,KZSEV,15.0
2011,PER_1000_LIVE_BIRTHS,_T,,KZYUZ,KZYUZ,21.01
2011,PER_1000_LIVE_BIRTHS,_T,,KZULU,KZULU,14.62
2011,PER_1000_LIVE_BIRTHS,_T,,KZVOS,KZVOS,22.37
2011,PER_1000_LIVE_BIRTHS,_T,,KZNS,KZNS,12.87
2011,PER_1000_LIVE_BIRTHS,_T,,KZALA,KZALA,19.17
2011,PER_1000_LIVE_BIRTHS,_T,,KZSHY,KZSHY,19.88
2011,PER_1000_LIVE_BIRTHS,_T,U,,,17.86
2011,PER_1000_LIVE_BIRTHS,_T,U,KZABY,KZABY,17.13
2011,PER_1000_LIVE_BIRTHS,_T,U,KZAKM,KZAKM,20.1
2011,PER_1000_LIVE_BIRTHS,_T,U,KZAKT,KZAKT,13.54
2011,PER_1000_LIVE_BIRTHS,_T,U,KZALM,KZALM,15.62
2011,PER_1000_LIVE_BIRTHS,_T,U,KZATY,KZATY,18.27
2011,PER_1000_LIVE_BIRTHS,_T,U,KZZAP,KZZAP,12.64
2011,PER_1000_LIVE_BIRTHS,_T,U,KZZHA,KZZHA,20.75
2010,PER_1000_LIVE_BIRTHS,_T,U,KZZHS,KZZHS,16.29
2011,PER_1000_LIVE_BIRTHS,_T,U,KZKAR,KZKAR,12.16
2011,PER_1000_LIVE_BIRTHS,_T,U,KZKUS,KZKUS,14.48
2011,PER_1000_LIVE_BIRTHS,_T,U,KZKZY,KZKZY,21.65
2011,PER_1000_LIVE_BIRTHS,_T,U,KZMAN,KZMAN,19.97
2011,PER_1000_LIVE_BIRTHS,_T,U,KZPAV,KZPAV,14.1
2011,PER_1000_LIVE_BIRTHS,_T,U,KZSEV,KZSEV,14.16
2011,PER_1000_LIVE_BIRTHS,_T,U,KZYUZ,KZYUZ,30.12
2011,PER_1000_LIVE_BIRTHS,_T,U,KZULU,KZULU,13.94
2011,PER_1000_LIVE_BIRTHS,_T,U,KZVOS,KZVOS,22.62
2011,PER_1000_LIVE_BIRTHS,_T,U,KZNS,KZNS,12.87
2011,PER_1000_LIVE_BIRTHS,_T,U,KZALA,KZALA,19.17
2011,PER_1000_LIVE_BIRTHS,_T,U,KZSHY,KZSHY,19.88
2011,PER_1000_LIVE_BIRTHS,_T,R,,,18.23
2011,PER_1000_LIVE_BIRTHS,_T,R,KZABY,KZABY,24.11
2011,PER_1000_LIVE_BIRTHS,_T,R,KZAKM,KZAKM,16.3
2011,PER_1000_LIVE_BIRTHS,_T,R,KZAKT,KZAKT,15.81
2011,PER_1000_LIVE_BIRTHS,_T,R,KZALM,KZALM,13.78
2011,PER_1000_LIVE_BIRTHS,_T,R,KZATY,KZATY,20.78
2011,PER_1000_LIVE_BIRTHS,_T,R,KZZAP,KZZAP,16.77
2011,PER_1000_LIVE_BIRTHS,_T,R,KZZHA,KZZHA,17.9
2011,PER_1000_LIVE_BIRTHS,_T,R,KZZHS,KZZHS,18.01
2011,PER_1000_LIVE_BIRTHS,_T,R,KZKAR,KZKAR,17.27
2011,PER_1000_LIVE_BIRTHS,_T,R,KZKUS,KZKUS,18.42
2011,PER_1000_LIVE_BIRTHS,_T,R,KZKZY,KZKZY,25.36
2011,PER_1000_LIVE_BIRTHS,_T,R,KZMAN,KZMAN,20.58
2011,PER_1000_LIVE_BIRTHS,_T,R,KZPAV,KZPAV,18.31
2011,PER_1000_LIVE_BIRTHS,_T,R,KZSEV,KZSEV,15.66
2011,PER_1000_LIVE_BIRTHS,_T,R,KZYUZ,KZYUZ,18.33
2011,PER_1000_LIVE_BIRTHS,_T,R,KZULU,KZULU,17.52
2011,PER_1000_LIVE_BIRTHS,_T,R,KZVOS,KZVOS,21.97
2011,PER_1000_LIVE_BIRTHS,M,,,,20.07
2011,PER_1000_LIVE_BIRTHS,M,,KZABY,KZABY,23.53
2011,PER_1000_LIVE_BIRTHS,M,,KZAKM,KZAKM,20.89
2011,PER_1000_LIVE_BIRTHS,M,,KZAKT,KZAKT,16.72
2011,PER_1000_LIVE_BIRTHS,M,,KZALM,KZALM,16.21
2011,PER_1000_LIVE_BIRTHS,M,,KZATY,KZATY,21.68
2011,PER_1000_LIVE_BIRTHS,M,,KZZAP,KZZAP,15.11
2011,PER_1000_LIVE_BIRTHS,M,,KZZHA,KZZHA,20.55
2010,PER_1000_LIVE_BIRTHS,M,,KZZHS,KZZHS,19.91
2011,PER_1000_LIVE_BIRTHS,M,,KZKAR,KZKAR,16.1
2011,PER_1000_LIVE_BIRTHS,M,,KZKUS,KZKUS,18.69
2011,PER_1000_LIVE_BIRTHS,M,,KZKZY,KZKZY,26.77
2011,PER_1000_LIVE_BIRTHS,M,,KZMAN,KZMAN,21.58
2011,PER_1000_LIVE_BIRTHS,M,,KZPAV,KZPAV,16.26
2011,PER_1000_LIVE_BIRTHS,M,,KZSEV,KZSEV,18.25
2011,PER_1000_LIVE_BIRTHS,M,,KZYUZ,KZYUZ,22.87
2011,PER_1000_LIVE_BIRTHS,M,,KZULU,KZULU,16.02
2011,PER_1000_LIVE_BIRTHS,M,,KZVOS,KZVOS,25.68
2011,PER_1000_LIVE_BIRTHS,M,,KZNS,KZNS,13.22
2011,PER_1000_LIVE_BIRTHS,M,,KZALA,KZALA,20.97
2011,PER_1000_LIVE_BIRTHS,M,,KZSHY,KZSHY,21.78
2011,PER_1000_LIVE_BIRTHS,M,U,,,20.09
2011,PER_1000_LIVE_BIRTHS,M,U,KZABY,KZABY,19.83
2011,PER_1000_LIVE_BIRTHS,M,U,KZAKM,KZAKM,23.12
2011,PER_1000_LIVE_BIRTHS,M,U,KZAKT,KZAKT,15.97
2011,PER_1000_LIVE_BIRTHS,M,U,KZALM,KZALM,16.06
2011,PER_1000_LIVE_BIRTHS,M,U,KZATY,KZATY,22.26
2011,PER_1000_LIVE_BIRTHS,M,U,KZZAP,KZZAP,12.29
2011,PER_1000_LIVE_BIRTHS,M,U,KZZHA,KZZHA,23.15
2011,PER_1000_LIVE_BIRTHS,M,U,KZZHS,KZZHS,20.74
2011,PER_1000_LIVE_BIRTHS,M,U,KZKAR,KZKAR,15.32
2011,PER_1000_LIVE_BIRTHS,M,U,KZKUS,KZKUS,16.33
2011,PER_1000_LIVE_BIRTHS,M,U,KZKZY,KZKZY,22.65
2011,PER_1000_LIVE_BIRTHS,M,U,KZMAN,KZMAN,22.35
2011,PER_1000_LIVE_BIRTHS,M,U,KZPAV,KZPAV,16.53
2011,PER_1000_LIVE_BIRTHS,M,U,KZSEV,KZSEV,18.51
2011,PER_1000_LIVE_BIRTHS,M,U,KZYUZ,KZYUZ,33.9
2011,PER_1000_LIVE_BIRTHS,M,U,KZULU,KZULU,15.33
2011,PER_1000_LIVE_BIRTHS,M,U,KZVOS,KZVOS,25.98
2011,PER_1000_LIVE_BIRTHS,M,U,KZNS,KZNS,13.22
2011,PER_1000_LIVE_BIRTHS,M,U,KZALA,KZALA,20.97
2011,PER_1000_LIVE_BIRTHS,M,U,KZSHY,KZSHY,21.78
2011,PER_1000_LIVE_BIRTHS,M,R,,,20.05
2011,PER_1000_LIVE_BIRTHS,M,R,KZABY,KZABY,28.25
2011,PER_1000_LIVE_BIRTHS,M,R,KZAKM,KZAKM,18.3
2011,PER_1000_LIVE_BIRTHS,M,R,KZAKT,KZAKT,18.51
2011,PER_1000_LIVE_BIRTHS,M,R,KZALM,KZALM,16.24
2011,PER_1000_LIVE_BIRTHS,M,R,KZATY,KZATY,20.97
2011,PER_1000_LIVE_BIRTHS,M,R,KZZAP,KZZAP,18.47
2011,PER_1000_LIVE_BIRTHS,M,R,KZZHA,KZZHA,18.91
2011,PER_1000_LIVE_BIRTHS,M,R,KZZHS,KZZHS,19.34
2011,PER_1000_LIVE_BIRTHS,M,R,KZKAR,KZKAR,18.87
2011,PER_1000_LIVE_BIRTHS,M,R,KZKUS,KZKUS,21.67
2011,PER_1000_LIVE_BIRTHS,M,R,KZKZY,KZKZY,30.27
2011,PER_1000_LIVE_BIRTHS,M,R,KZMAN,KZMAN,20.84
2011,PER_1000_LIVE_BIRTHS,M,R,KZPAV,KZPAV,15.73
2011,PER_1000_LIVE_BIRTHS,M,R,KZSEV,KZSEV,18.04
2011,PER_1000_LIVE_BIRTHS,M,R,KZYUZ,KZYUZ,19.62
2011,PER_1000_LIVE_BIRTHS,M,R,KZULU,KZULU,18.83
2011,PER_1000_LIVE_BIRTHS,M,R,KZVOS,KZVOS,25.21
2011,PER_1000_LIVE_BIRTHS,F,,,,15.85
2011,PER_1000_LIVE_BIRTHS,F,,KZABY,KZABY,16.61
2011,PER_1000_LIVE_BIRTHS,F,,KZAKM,KZAKM,15.48
2011,PER_1000_LIVE_BIRTHS,F,,KZAKT,KZAKT,11.58
2011,PER_1000_LIVE_BIRTHS,F,,KZALM,KZALM,11.9
2011,PER_1000_LIVE_BIRTHS,F,,KZATY,KZATY,16.96
2011,PER_1000_LIVE_BIRTHS,F,,KZZAP,KZZAP,13.93
2011,PER_1000_LIVE_BIRTHS,F,,KZZHA,KZZHA,17.36
2011,PER_1000_LIVE_BIRTHS,F,,KZZHS,KZZHS,14.45
2011,PER_1000_LIVE_BIRTHS,F,,KZKAR,KZKAR,10.35
2011,PER_1000_LIVE_BIRTHS,F,,KZKUS,KZKUS,13.71
2011,PER_1000_LIVE_BIRTHS,F,,KZKZY,KZKZY,20.34
2011,PER_1000_LIVE_BIRTHS,F,,KZMAN,KZMAN,18.88
2011,PER_1000_LIVE_BIRTHS,F,,KZPAV,KZPAV,14.67
2011,PER_1000_LIVE_BIRTHS,F,,KZSEV,KZSEV,11.5
2011,PER_1000_LIVE_BIRTHS,F,,KZYUZ,KZYUZ,19.02
2011,PER_1000_LIVE_BIRTHS,F,,KZULU,KZULU,13.17
2011,PER_1000_LIVE_BIRTHS,F,,KZVOS,KZVOS,18.86
2011,PER_1000_LIVE_BIRTHS,F,,KZNS,KZNS,12.51
2011,PER_1000_LIVE_BIRTHS,F,,KZALA,KZALA,17.2
2011,PER_1000_LIVE_BIRTHS,F,,KZSHY,KZSHY,17.91
2011,PER_1000_LIVE_BIRTHS,F,U,,,15.47
2011,PER_1000_LIVE_BIRTHS,F,U,KZABY,KZABY,14.27
2011,PER_1000_LIVE_BIRTHS,F,U,KZAKM,KZAKM,16.66
2011,PER_1000_LIVE_BIRTHS,F,U,KZAKT,KZAKT,10.9
2011,PER_1000_LIVE_BIRTHS,F,U,KZALM,KZALM,15.15
2011,PER_1000_LIVE_BIRTHS,F,U,KZATY,KZATY,14.15
2011,PER_1000_LIVE_BIRTHS,F,U,KZZAP,KZZAP,13.02
2011,PER_1000_LIVE_BIRTHS,F,U,KZZHA,KZZHA,18.19
2011,PER_1000_LIVE_BIRTHS,F,U,KZZHS,KZZHS,11.55
2011,PER_1000_LIVE_BIRTHS,F,U,KZKAR,KZKAR,8.86
2011,PER_1000_LIVE_BIRTHS,F,U,KZKUS,KZKUS,12.53
2011,PER_1000_LIVE_BIRTHS,F,U,KZKZY,KZKZY,20.59
2011,PER_1000_LIVE_BIRTHS,F,U,KZMAN,KZMAN,17.48
2011,PER_1000_LIVE_BIRTHS,F,U,KZPAV,KZPAV,11.56
2011,PER_1000_LIVE_BIRTHS,F,U,KZSEV,KZSEV,9.37
2011,PER_1000_LIVE_BIRTHS,F,U,KZYUZ,KZYUZ,26.07
2011,PER_1000_LIVE_BIRTHS,F,U,KZULU,KZULU,12.51
2011,PER_1000_LIVE_BIRTHS,F,U,KZVOS,KZVOS,19.02
2011,PER_1000_LIVE_BIRTHS,F,U,KZNS,KZNS,12.51
2011,PER_1000_LIVE_BIRTHS,F,U,KZALA,KZALA,17.2
2011,PER_1000_LIVE_BIRTHS,F,U,KZSHY,KZSHY,17.91
2011,PER_1000_LIVE_BIRTHS,F,R,,,16.31
2011,PER_1000_LIVE_BIRTHS,F,R,KZABY,KZABY,19.64
2011,PER_1000_LIVE_BIRTHS,F,R,KZAKM,KZAKM,14.23
2011,PER_1000_LIVE_BIRTHS,F,R,KZAKT,KZAKT,13.07
2011,PER_1000_LIVE_BIRTHS,F,R,KZALM,KZALM,11.24
2011,PER_1000_LIVE_BIRTHS,F,R,KZATY,KZATY,20.57
2011,PER_1000_LIVE_BIRTHS,F,R,KZZAP,KZZAP,14.98
2011,PER_1000_LIVE_BIRTHS,F,R,KZZHA,KZZHA,16.84
2011,PER_1000_LIVE_BIRTHS,F,R,KZZHS,KZZHS,16.53
2011,PER_1000_LIVE_BIRTHS,F,R,KZKAR,KZKAR,15.62
2011,PER_1000_LIVE_BIRTHS,F,R,KZKUS,KZKUS,15.15
2011,PER_1000_LIVE_BIRTHS,F,R,KZKZY,KZKZY,20.13
2011,PER_1000_LIVE_BIRTHS,F,R,KZMAN,KZMAN,20.3
2011,PER_1000_LIVE_BIRTHS,F,R,KZPAV,KZPAV,21.14
2011,PER_1000_LIVE_BIRTHS,F,R,KZSEV,KZSEV,13.14
2011,PER_1000_LIVE_BIRTHS,F,R,KZYUZ,KZYUZ,16.96
2011,PER_1000_LIVE_BIRTHS,F,R,KZULU,KZULU,16.09
2011,PER_1000_LIVE_BIRTHS,F,R,KZVOS,KZVOS,18.61
2012,PER_1000_LIVE_BIRTHS,_T,,,,16.43
2012,PER_1000_LIVE_BIRTHS,_T,,KZABY,KZABY,18.76
2012,PER_1000_LIVE_BIRTHS,_T,,KZAKM,KZAKM,13.91
2012,PER_1000_LIVE_BIRTHS,_T,,KZAKT,KZAKT,16.35
2012,PER_1000_LIVE_BIRTHS,_T,,KZALM,KZALM,14.93
2012,PER_1000_LIVE_BIRTHS,_T,,KZATY,KZATY,19.12
2012,PER_1000_LIVE_BIRTHS,_T,,KZZAP,KZZAP,11.99
2012,PER_1000_LIVE_BIRTHS,_T,,KZZHA,KZZHA,17.16
2012,PER_1000_LIVE_BIRTHS,_T,,KZZHS,KZZHS,14.54
2012,PER_1000_LIVE_BIRTHS,_T,,KZKAR,KZKAR,13.4
2012,PER_1000_LIVE_BIRTHS,_T,,KZKUS,KZKUS,17.01
2012,PER_1000_LIVE_BIRTHS,_T,,KZKZY,KZKZY,24.38
2012,PER_1000_LIVE_BIRTHS,_T,,KZMAN,KZMAN,16.39
2012,PER_1000_LIVE_BIRTHS,_T,,KZPAV,KZPAV,10.88
2012,PER_1000_LIVE_BIRTHS,_T,,KZSEV,KZSEV,13.07
2012,PER_1000_LIVE_BIRTHS,_T,,KZYUZ,KZYUZ,19.82
2012,PER_1000_LIVE_BIRTHS,_T,,KZULU,KZULU,19.23
2012,PER_1000_LIVE_BIRTHS,_T,,KZVOS,KZVOS,17.84
2012,PER_1000_LIVE_BIRTHS,_T,,KZNS,KZNS,13.25
2012,PER_1000_LIVE_BIRTHS,_T,,KZALA,KZALA,13.98
2012,PER_1000_LIVE_BIRTHS,_T,,KZSHY,KZSHY,15.33
2012,PER_1000_LIVE_BIRTHS,_T,U,,,15.62
2012,PER_1000_LIVE_BIRTHS,_T,U,KZABY,KZABY,19.46
2012,PER_1000_LIVE_BIRTHS,_T,U,KZAKM,KZAKM,15.63
2012,PER_1000_LIVE_BIRTHS,_T,U,KZAKT,KZAKT,16.7
2012,PER_1000_LIVE_BIRTHS,_T,U,KZALM,KZALM,14.12
2012,PER_1000_LIVE_BIRTHS,_T,U,KZATY,KZATY,18.73
2012,PER_1000_LIVE_BIRTHS,_T,U,KZZAP,KZZAP,8.83
2012,PER_1000_LIVE_BIRTHS,_T,U,KZZHA,KZZHA,15.61
2012,PER_1000_LIVE_BIRTHS,_T,U,KZZHS,KZZHS,13.95
2012,PER_1000_LIVE_BIRTHS,_T,U,KZKAR,KZKAR,13.36
2012,PER_1000_LIVE_BIRTHS,_T,U,KZKUS,KZKUS,15.1
2012,PER_1000_LIVE_BIRTHS,_T,U,KZKZY,KZKZY,21.36
2012,PER_1000_LIVE_BIRTHS,_T,U,KZMAN,KZMAN,15.26
2012,PER_1000_LIVE_BIRTHS,_T,U,KZPAV,KZPAV,10.1
2012,PER_1000_LIVE_BIRTHS,_T,U,KZSEV,KZSEV,13.0
2012,PER_1000_LIVE_BIRTHS,_T,U,KZYUZ,KZYUZ,24.74
2012,PER_1000_LIVE_BIRTHS,_T,U,KZULU,KZULU,18.58
2012,PER_1000_LIVE_BIRTHS,_T,U,KZVOS,KZVOS,16.91
2012,PER_1000_LIVE_BIRTHS,_T,U,KZNS,KZNS,13.25
2012,PER_1000_LIVE_BIRTHS,_T,U,KZALA,KZALA,13.98
2012,PER_1000_LIVE_BIRTHS,_T,U,KZSHY,KZSHY,15.33
2012,PER_1000_LIVE_BIRTHS,_T,R,,,17.47
2012,PER_1000_LIVE_BIRTHS,_T,R,KZABY,KZABY,17.76
2012,PER_1000_LIVE_BIRTHS,_T,R,KZAKM,KZAKM,12.03
2012,PER_1000_LIVE_BIRTHS,_T,R,KZAKT,KZAKT,15.53
2012,PER_1000_LIVE_BIRTHS,_T,R,KZALM,KZALM,15.1
2012,PER_1000_LIVE_BIRTHS,_T,R,KZATY,KZATY,19.63
2012,PER_1000_LIVE_BIRTHS,_T,R,KZZAP,KZZAP,15.81
2012,PER_1000_LIVE_BIRTHS,_T,R,KZZHA,KZZHA,18.23
2012,PER_1000_LIVE_BIRTHS,_T,R,KZZHS,KZZHS,14.96
2012,PER_1000_LIVE_BIRTHS,_T,R,KZKAR,KZKAR,13.52
2012,PER_1000_LIVE_BIRTHS,_T,R,KZKUS,KZKUS,19.67
2012,PER_1000_LIVE_BIRTHS,_T,R,KZKZY,KZKZY,26.99
2012,PER_1000_LIVE_BIRTHS,_T,R,KZMAN,KZMAN,17.41
2012,PER_1000_LIVE_BIRTHS,_T,R,KZPAV,KZPAV,12.58
2012,PER_1000_LIVE_BIRTHS,_T,R,KZSEV,KZSEV,13.13
2012,PER_1000_LIVE_BIRTHS,_T,U,KZYUZ,KZYUZ,18.33
2012,PER_1000_LIVE_BIRTHS,_T,U,KZULU,KZULU,22.0
2012,PER_1000_LIVE_BIRTHS,_T,R,KZVOS,KZVOS,19.54
2012,PER_1000_LIVE_BIRTHS,M,,,,18.28
2012,PER_1000_LIVE_BIRTHS,M,,KZABY,KZABY,18.81
2012,PER_1000_LIVE_BIRTHS,M,,KZAKM,KZAKM,15.0
2012,PER_1000_LIVE_BIRTHS,M,,KZAKT,KZAKT,16.92
2012,PER_1000_LIVE_BIRTHS,M,,KZALM,KZALM,17.95
2012,PER_1000_LIVE_BIRTHS,M,,KZATY,KZATY,19.82
2012,PER_1000_LIVE_BIRTHS,M,,KZZAP,KZZAP,15.23
2012,PER_1000_LIVE_BIRTHS,M,,KZZHA,KZZHA,19.75
2012,PER_1000_LIVE_BIRTHS,M,,KZZHS,KZZHS,17.14
2012,PER_1000_LIVE_BIRTHS,M,,KZKAR,KZKAR,15.12
2012,PER_1000_LIVE_BIRTHS,M,,KZKUS,KZKUS,20.03
2012,PER_1000_LIVE_BIRTHS,M,,KZKZY,KZKZY,27.51
2012,PER_1000_LIVE_BIRTHS,M,,KZMAN,KZMAN,17.32
2012,PER_1000_LIVE_BIRTHS,M,,KZPAV,KZPAV,12.08
2012,PER_1000_LIVE_BIRTHS,M,,KZSEV,KZSEV,14.57
2012,PER_1000_LIVE_BIRTHS,M,,KZYUZ,KZYUZ,21.65
2012,PER_1000_LIVE_BIRTHS,M,,KZULU,KZULU,20.58
2012,PER_1000_LIVE_BIRTHS,M,,KZVOS,KZVOS,21.33
2012,PER_1000_LIVE_BIRTHS,M,,KZNS,KZNS,14.33
2012,PER_1000_LIVE_BIRTHS,M,,KZALA,KZALA,15.15
2012,PER_1000_LIVE_BIRTHS,M,,KZSHY,KZSHY,16.71
2012,PER_1000_LIVE_BIRTHS,M,U,,,17.17
2012,PER_1000_LIVE_BIRTHS,M,U,KZABY,KZABY,19.5
2012,PER_1000_LIVE_BIRTHS,M,U,KZAKM,KZAKM,17.82
2012,PER_1000_LIVE_BIRTHS,M,U,KZAKT,KZAKT,17.07
2012,PER_1000_LIVE_BIRTHS,M,U,KZALM,KZALM,16.12
2012,PER_1000_LIVE_BIRTHS,M,U,KZATY,KZATY,19.82
2012,PER_1000_LIVE_BIRTHS,M,U,KZZAP,KZZAP,11.94
2012,PER_1000_LIVE_BIRTHS,M,U,KZZHA,KZZHA,16.51
2012,PER_1000_LIVE_BIRTHS,M,U,KZZHS,KZZHS,15.93
2012,PER_1000_LIVE_BIRTHS,M,U,KZKAR,KZKAR,15.24
2012,PER_1000_LIVE_BIRTHS,M,U,KZKUS,KZKUS,17.48
2012,PER_1000_LIVE_BIRTHS,M,U,KZKZY,KZKZY,24.73
2012,PER_1000_LIVE_BIRTHS,M,U,KZMAN,KZMAN,14.8
2012,PER_1000_LIVE_BIRTHS,M,U,KZPAV,KZPAV,11.7
2012,PER_1000_LIVE_BIRTHS,M,U,KZSEV,KZSEV,12.64
2012,PER_1000_LIVE_BIRTHS,M,U,KZYUZ,KZYUZ,28.03
2012,PER_1000_LIVE_BIRTHS,M,U,KZULU,KZULU,20.89
2012,PER_1000_LIVE_BIRTHS,M,U,KZVOS,KZVOS,19.65
2012,PER_1000_LIVE_BIRTHS,M,U,KZNS,KZNS,14.33
2012,PER_1000_LIVE_BIRTHS,M,U,KZALA,KZALA,15.15
2012,PER_1000_LIVE_BIRTHS,M,U,KZSHY,KZSHY,16.71
2012,PER_1000_LIVE_BIRTHS,M,R,,,19.68
2012,PER_1000_LIVE_BIRTHS,M,R,KZABY,KZABY,17.83
2012,PER_1000_LIVE_BIRTHS,M,R,KZAKM,KZAKM,11.94
2012,PER_1000_LIVE_BIRTHS,M,R,KZAKT,KZAKT,16.55
2012,PER_1000_LIVE_BIRTHS,M,R,KZALM,KZALM,18.33
2012,PER_1000_LIVE_BIRTHS,M,R,KZATY,KZATY,19.83
2012,PER_1000_LIVE_BIRTHS,M,R,KZZAP,KZZAP,19.19
2012,PER_1000_LIVE_BIRTHS,M,R,KZZHA,KZZHA,21.93
2012,PER_1000_LIVE_BIRTHS,M,R,KZZHS,KZZHS,18.03
2012,PER_1000_LIVE_BIRTHS,M,R,KZKAR,KZKAR,15.46
2012,PER_1000_LIVE_BIRTHS,M,R,KZKUS,KZKUS,23.5
2012,PER_1000_LIVE_BIRTHS,M,R,KZKZY,KZKZY,29.89
2012,PER_1000_LIVE_BIRTHS,M,R,KZMAN,KZMAN,19.6
2012,PER_1000_LIVE_BIRTHS,M,R,KZPAV,KZPAV,12.91
2012,PER_1000_LIVE_BIRTHS,M,R,KZSEV,KZSEV,16.22
2012,PER_1000_LIVE_BIRTHS,M,R,KZYUZ,KZYUZ,19.71
2012,PER_1000_LIVE_BIRTHS,M,R,KZULU,KZULU,19.31
2012,PER_1000_LIVE_BIRTHS,M,R,KZVOS,KZVOS,24.41
2012,PER_1000_LIVE_BIRTHS,F,,,,14.49
2012,PER_1000_LIVE_BIRTHS,F,,KZABY,KZABY,18.7
2012,PER_1000_LIVE_BIRTHS,F,,KZAKM,KZAKM,12.8
2012,PER_1000_LIVE_BIRTHS,F,,KZAKT,KZAKT,15.74
2012,PER_1000_LIVE_BIRTHS,F,,KZALM,KZALM,11.78
2012,PER_1000_LIVE_BIRTHS,F,,KZATY,KZATY,18.38
2012,PER_1000_LIVE_BIRTHS,F,,KZZAP,KZZAP,8.51
2012,PER_1000_LIVE_BIRTHS,F,,KZZHA,KZZHA,14.47
2012,PER_1000_LIVE_BIRTHS,F,,KZZHS,KZZHS,11.89
2012,PER_1000_LIVE_BIRTHS,F,,KZKAR,KZKAR,11.57
2012,PER_1000_LIVE_BIRTHS,F,,KZKUS,KZKUS,13.91
2012,PER_1000_LIVE_BIRTHS,F,,KZKZY,KZKZY,20.97
2012,PER_1000_LIVE_BIRTHS,F,,KZMAN,KZMAN,15.42
2012,PER_1000_LIVE_BIRTHS,F,,KZPAV,KZPAV,9.6
2012,PER_1000_LIVE_BIRTHS,F,,KZSEV,KZSEV,11.51
2012,PER_1000_LIVE_BIRTHS,F,,KZYUZ,KZYUZ,17.85
2012,PER_1000_LIVE_BIRTHS,F,,KZULU,KZULU,17.81
2012,PER_1000_LIVE_BIRTHS,F,,KZVOS,KZVOS,14.23
2012,PER_1000_LIVE_BIRTHS,F,,KZNS,KZNS,12.12
2012,PER_1000_LIVE_BIRTHS,F,,KZALA,KZALA,12.72
2012,PER_1000_LIVE_BIRTHS,F,,KZSHY,KZSHY,13.89
2012,PER_1000_LIVE_BIRTHS,F,U,,,13.99
2012,PER_1000_LIVE_BIRTHS,F,U,KZABY,KZABY,19.41
2012,PER_1000_LIVE_BIRTHS,F,U,KZAKM,KZAKM,13.41
2012,PER_1000_LIVE_BIRTHS,F,U,KZAKT,KZAKT,16.29
2012,PER_1000_LIVE_BIRTHS,F,U,KZALM,KZALM,12.11
2012,PER_1000_LIVE_BIRTHS,F,U,KZATY,KZATY,17.6
2012,PER_1000_LIVE_BIRTHS,F,U,KZZAP,KZZAP,5.49
2012,PER_1000_LIVE_BIRTHS,F,U,KZZHA,KZZHA,14.71
2012,PER_1000_LIVE_BIRTHS,F,U,KZZHS,KZZHS,11.88
2012,PER_1000_LIVE_BIRTHS,F,U,KZKAR,KZKAR,11.37
2012,PER_1000_LIVE_BIRTHS,F,U,KZKUS,KZKUS,12.68
2012,PER_1000_LIVE_BIRTHS,F,U,KZKZY,KZKZY,17.74
2012,PER_1000_LIVE_BIRTHS,F,U,KZMAN,KZMAN,15.73
2012,PER_1000_LIVE_BIRTHS,F,U,KZPAV,KZPAV,8.4
2012,PER_1000_LIVE_BIRTHS,F,U,KZSEV,KZSEV,13.4
2012,PER_1000_LIVE_BIRTHS,F,U,KZYUZ,KZYUZ,21.19
2012,PER_1000_LIVE_BIRTHS,F,U,KZULU,KZULU,16.14
2012,PER_1000_LIVE_BIRTHS,F,U,KZVOS,KZVOS,14.07
2012,PER_1000_LIVE_BIRTHS,F,U,KZNS,KZNS,12.12
2012,PER_1000_LIVE_BIRTHS,F,U,KZALA,KZALA,12.72
2012,PER_1000_LIVE_BIRTHS,F,U,KZSHY,KZSHY,13.89
2012,PER_1000_LIVE_BIRTHS,F,R,,,15.13
2012,PER_1000_LIVE_BIRTHS,F,R,KZABY,KZABY,17.68
2012,PER_1000_LIVE_BIRTHS,F,R,KZAKM,KZAKM,12.11
2012,PER_1000_LIVE_BIRTHS,F,R,KZAKT,KZAKT,14.42
2012,PER_1000_LIVE_BIRTHS,F,R,KZALM,KZALM,11.71
2012,PER_1000_LIVE_BIRTHS,F,R,KZATY,KZATY,19.42
2012,PER_1000_LIVE_BIRTHS,F,R,KZZAP,KZZAP,12.18
2012,PER_1000_LIVE_BIRTHS,F,R,KZZHA,KZZHA,14.31
2012,PER_1000_LIVE_BIRTHS,F,R,KZZHS,KZZHS,11.9
2012,PER_1000_LIVE_BIRTHS,F,R,KZKAR,KZKAR,12.3
2012,PER_1000_LIVE_BIRTHS,F,R,KZKUS,KZKUS,15.65
2012,PER_1000_LIVE_BIRTHS,F,R,KZKZY,KZKZY,23.8
2012,PER_1000_LIVE_BIRTHS,F,R,KZMAN,KZMAN,15.13
2012,PER_1000_LIVE_BIRTHS,F,R,KZPAV,KZPAV,12.23
2012,PER_1000_LIVE_BIRTHS,F,R,KZSEV,KZSEV,10.03
2012,PER_1000_LIVE_BIRTHS,F,R,KZYUZ,KZYUZ,16.84
2012,PER_1000_LIVE_BIRTHS,F,R,KZULU,KZULU,24.83
2012,PER_1000_LIVE_BIRTHS,F,R,KZVOS,KZVOS,14.53
2013,PER_1000_LIVE_BIRTHS,_T,,,,14.25
2013,PER_1000_LIVE_BIRTHS,_T,,KZABY,KZABY,16.37
2013,PER_1000_LIVE_BIRTHS,_T,,KZAKM,KZAKM,14.78
2013,PER_1000_LIVE_BIRTHS,_T,,KZAKT,KZAKT,13.54
2013,PER_1000_LIVE_BIRTHS,_T,,KZALM,KZALM,12.29
2013,PER_1000_LIVE_BIRTHS,_T,,KZATY,KZATY,11.89
2013,PER_1000_LIVE_BIRTHS,_T,,KZZAP,KZZAP,9.82
2013,PER_1000_LIVE_BIRTHS,_T,,KZZHA,KZZHA,16.65
2013,PER_1000_LIVE_BIRTHS,_T,,KZZHS,KZZHS,12.74
2013,PER_1000_LIVE_BIRTHS,_T,,KZKAR,KZKAR,11.06
2013,PER_1000_LIVE_BIRTHS,_T,,KZKUS,KZKUS,14.2
2013,PER_1000_LIVE_BIRTHS,_T,,KZKZY,KZKZY,19.82
2013,PER_1000_LIVE_BIRTHS,_T,,KZMAN,KZMAN,12.17
2013,PER_1000_LIVE_BIRTHS,_T,,KZPAV,KZPAV,10.45
2013,PER_1000_LIVE_BIRTHS,_T,,KZSEV,KZSEV,13.78
2013,PER_1000_LIVE_BIRTHS,_T,,KZYUZ,KZYUZ,18.41
2013,PER_1000_LIVE_BIRTHS,_T,,KZULU,KZULU,13.73
2013,PER_1000_LIVE_BIRTHS,_T,,KZVOS,KZVOS,15.07
2013,PER_1000_LIVE_BIRTHS,_T,,KZNS,KZNS,11.6
2013,PER_1000_LIVE_BIRTHS,_T,,KZALA,KZALA,11.72
2013,PER_1000_LIVE_BIRTHS,_T,,KZSHY,KZSHY,15.15
2013,PER_1000_LIVE_BIRTHS,_T,U,,,13.61
2013,PER_1000_LIVE_BIRTHS,_T,U,KZABY,KZABY,14.56
2013,PER_1000_LIVE_BIRTHS,_T,U,KZAKM,KZAKM,15.91
2013,PER_1000_LIVE_BIRTHS,_T,U,KZAKT,KZAKT,13.06
2013,PER_1000_LIVE_BIRTHS,_T,U,KZALM,KZALM,12.28
2013,PER_1000_LIVE_BIRTHS,_T,U,KZATY,KZATY,11.94
2013,PER_1000_LIVE_BIRTHS,_T,U,KZZAP,KZZAP,9.36
2013,PER_1000_LIVE_BIRTHS,_T,U,KZZHA,KZZHA,21.21
2013,PER_1000_LIVE_BIRTHS,_T,U,KZZHS,KZZHS,13.19
2013,PER_1000_LIVE_BIRTHS,_T,U,KZKAR,KZKAR,10.56
2013,PER_1000_LIVE_BIRTHS,_T,U,KZKUS,KZKUS,12.72
2013,PER_1000_LIVE_BIRTHS,_T,U,KZKZY,KZKZY,17.5
2013,PER_1000_LIVE_BIRTHS,_T,U,KZMAN,KZMAN,10.96
2013,PER_1000_LIVE_BIRTHS,_T,U,KZPAV,KZPAV,9.96
2013,PER_1000_LIVE_BIRTHS,_T,U,KZSEV,KZSEV,13.75
2013,PER_1000_LIVE_BIRTHS,_T,U,KZYUZ,KZYUZ,20.37
2013,PER_1000_LIVE_BIRTHS,_T,U,KZULU,KZULU,12.32
2013,PER_1000_LIVE_BIRTHS,_T,U,KZVOS,KZVOS,14.63
2013,PER_1000_LIVE_BIRTHS,_T,U,KZNS,KZNS,11.6
2013,PER_1000_LIVE_BIRTHS,_T,U,KZALA,KZALA,11.72
2013,PER_1000_LIVE_BIRTHS,_T,U,KZSHY,KZSHY,15.15
2013,PER_1000_LIVE_BIRTHS,_T,R,,,15.07
2013,PER_1000_LIVE_BIRTHS,_T,R,KZABY,KZABY,14.56
2013,PER_1000_LIVE_BIRTHS,_T,R,KZAKM,KZAKM,15.91
2013,PER_1000_LIVE_BIRTHS,_T,R,KZAKT,KZAKT,13.06
2013,PER_1000_LIVE_BIRTHS,_T,R,KZALM,KZALM,12.28
2013,PER_1000_LIVE_BIRTHS,_T,R,KZATY,KZATY,11.94
2013,PER_1000_LIVE_BIRTHS,_T,R,KZZAP,KZZAP,9.36
2013,PER_1000_LIVE_BIRTHS,_T,R,KZZHA,KZZHA,21.21
2013,PER_1000_LIVE_BIRTHS,_T,R,KZZHS,KZZHS,13.19
2013,PER_1000_LIVE_BIRTHS,_T,R,KZKAR,KZKAR,12.95
2013,PER_1000_LIVE_BIRTHS,_T,R,KZKUS,KZKUS,16.33
2013,PER_1000_LIVE_BIRTHS,_T,R,KZKZY,KZKZY,21.79
2013,PER_1000_LIVE_BIRTHS,_T,R,KZMAN,KZMAN,13.27
2013,PER_1000_LIVE_BIRTHS,_T,R,KZPAV,KZPAV,11.52
2013,PER_1000_LIVE_BIRTHS,_T,R,KZSEV,KZSEV,13.81
2013,PER_1000_LIVE_BIRTHS,_T,R,KZYUZ,KZYUZ,17.82
2013,PER_1000_LIVE_BIRTHS,_T,R,KZULU,KZULU,19.96
2013,PER_1000_LIVE_BIRTHS,_T,R,KZVOS,KZVOS,15.81
2013,PER_1000_LIVE_BIRTHS,M,,,,15.96
2013,PER_1000_LIVE_BIRTHS,M,,KZABY,KZABY,18.94
2013,PER_1000_LIVE_BIRTHS,M,,KZAKM,KZAKM,17.35
2013,PER_1000_LIVE_BIRTHS,M,,KZAKT,KZAKT,15.36
2013,PER_1000_LIVE_BIRTHS,M,,KZALM,KZALM,14.62
2013,PER_1000_LIVE_BIRTHS,M,,KZATY,KZATY,12.63
2013,PER_1000_LIVE_BIRTHS,M,,KZZAP,KZZAP,11.81
2013,PER_1000_LIVE_BIRTHS,M,,KZZHA,KZZHA,17.32
2013,PER_1000_LIVE_BIRTHS,M,,KZZHS,KZZHS,14.71
2013,PER_1000_LIVE_BIRTHS,M,,KZKAR,KZKAR,11.88
2013,PER_1000_LIVE_BIRTHS,M,,KZKUS,KZKUS,17.03
2013,PER_1000_LIVE_BIRTHS,M,,KZKZY,KZKZY,20.94
2013,PER_1000_LIVE_BIRTHS,M,,KZMAN,KZMAN,13.5
2013,PER_1000_LIVE_BIRTHS,M,,KZPAV,KZPAV,12.13
2013,PER_1000_LIVE_BIRTHS,M,,KZSEV,KZSEV,13.9
2013,PER_1000_LIVE_BIRTHS,M,,KZYUZ,KZYUZ,20.78
2013,PER_1000_LIVE_BIRTHS,M,,KZULU,KZULU,15.76
2013,PER_1000_LIVE_BIRTHS,M,,KZVOS,KZVOS,17.65
2013,PER_1000_LIVE_BIRTHS,M,,KZNS,KZNS,12.56
2013,PER_1000_LIVE_BIRTHS,M,,KZALA,KZALA,13.99
2013,PER_1000_LIVE_BIRTHS,M,,KZSHY,KZSHY,16.11
2013,PER_1000_LIVE_BIRTHS,M,U,,,14.95
2013,PER_1000_LIVE_BIRTHS,M,U,KZABY,KZABY,16.75
2013,PER_1000_LIVE_BIRTHS,M,U,KZAKM,KZAKM,16.93
2013,PER_1000_LIVE_BIRTHS,M,U,KZAKT,KZAKT,14.23
2013,PER_1000_LIVE_BIRTHS,M,U,KZALM,KZALM,14.33
2013,PER_1000_LIVE_BIRTHS,M,U,KZATY,KZATY,12.29
2013,PER_1000_LIVE_BIRTHS,M,U,KZZAP,KZZAP,10.88
2013,PER_1000_LIVE_BIRTHS,M,U,KZZHA,KZZHA,20.8
2013,PER_1000_LIVE_BIRTHS,M,U,KZZHS,KZZHS,16.3
2013,PER_1000_LIVE_BIRTHS,M,U,KZKAR,KZKAR,10.3
2013,PER_1000_LIVE_BIRTHS,M,U,KZKUS,KZKUS,16.63
2013,PER_1000_LIVE_BIRTHS,M,U,KZKZY,KZKZY,16.17
2013,PER_1000_LIVE_BIRTHS,M,U,KZMAN,KZMAN,11.68
2013,PER_1000_LIVE_BIRTHS,M,U,KZPAV,KZPAV,10.56
2013,PER_1000_LIVE_BIRTHS,M,U,KZSEV,KZSEV,15.47
2013,PER_1000_LIVE_BIRTHS,M,U,KZYUZ,KZYUZ,24.07
2013,PER_1000_LIVE_BIRTHS,M,U,KZULU,KZULU,13.87
2013,PER_1000_LIVE_BIRTHS,M,U,KZVOS,KZVOS,17.12
2013,PER_1000_LIVE_BIRTHS,M,U,KZNS,KZNS,12.56
2013,PER_1000_LIVE_BIRTHS,M,U,KZALA,KZALA,13.99
2013,PER_1000_LIVE_BIRTHS,M,U,KZSHY,KZSHY,16.11
2013,PER_1000_LIVE_BIRTHS,M,R,,,17.26
2013,PER_1000_LIVE_BIRTHS,M,R,KZABY,KZABY,22.27
2013,PER_1000_LIVE_BIRTHS,M,R,KZAKM,KZAKM,17.83
2013,PER_1000_LIVE_BIRTHS,M,R,KZAKT,KZAKT,18.25
2013,PER_1000_LIVE_BIRTHS,M,R,KZALM,KZALM,14.68
2013,PER_1000_LIVE_BIRTHS,M,R,KZATY,KZATY,13.06
2013,PER_1000_LIVE_BIRTHS,M,R,KZZAP,KZZAP,12.95
2013,PER_1000_LIVE_BIRTHS,M,R,KZZHA,KZZHA,15.14
2013,PER_1000_LIVE_BIRTHS,M,R,KZZHS,KZZHS,13.48
2013,PER_1000_LIVE_BIRTHS,M,R,KZKAR,KZKAR,17.83
2013,PER_1000_LIVE_BIRTHS,M,R,KZKUS,KZKUS,17.59
2013,PER_1000_LIVE_BIRTHS,M,R,KZKZY,KZKZY,24.9
2013,PER_1000_LIVE_BIRTHS,M,R,KZMAN,KZMAN,15.18
2013,PER_1000_LIVE_BIRTHS,M,R,KZPAV,KZPAV,15.44
2013,PER_1000_LIVE_BIRTHS,M,R,KZSEV,KZSEV,12.63
2013,PER_1000_LIVE_BIRTHS,M,R,KZYUZ,KZYUZ,19.78
2013,PER_1000_LIVE_BIRTHS,M,R,KZULU,KZULU,24.12
2013,PER_1000_LIVE_BIRTHS,M,R,KZVOS,KZVOS,18.59
2013,PER_1000_LIVE_BIRTHS,F,,,,12.42
2013,PER_1000_LIVE_BIRTHS,F,,KZABY,KZABY,13.59
2013,PER_1000_LIVE_BIRTHS,F,,KZAKM,KZAKM,12.04
2013,PER_1000_LIVE_BIRTHS,F,,KZAKT,KZAKT,11.59
2013,PER_1000_LIVE_BIRTHS,F,,KZALM,KZALM,9.84
2013,PER_1000_LIVE_BIRTHS,F,,KZATY,KZATY,11.11
2013,PER_1000_LIVE_BIRTHS,F,,KZZAP,KZZAP,7.62
2013,PER_1000_LIVE_BIRTHS,F,,KZZHA,KZZHA,15.93
2013,PER_1000_LIVE_BIRTHS,F,,KZZHS,KZZHS,10.67
2013,PER_1000_LIVE_BIRTHS,F,,KZKAR,KZKAR,10.19
2013,PER_1000_LIVE_BIRTHS,F,,KZKUS,KZKUS,11.21
2013,PER_1000_LIVE_BIRTHS,F,,KZKZY,KZKZY,18.62
2013,PER_1000_LIVE_BIRTHS,F,,KZMAN,KZMAN,10.74
2013,PER_1000_LIVE_BIRTHS,F,,KZPAV,KZPAV,8.62
2013,PER_1000_LIVE_BIRTHS,F,,KZSEV,KZSEV,13.65
2013,PER_1000_LIVE_BIRTHS,F,,KZYUZ,KZYUZ,15.91
2013,PER_1000_LIVE_BIRTHS,F,,KZULU,KZULU,11.64
2013,PER_1000_LIVE_BIRTHS,F,,KZVOS,KZVOS,12.36
2013,PER_1000_LIVE_BIRTHS,F,,KZNS,KZNS,10.56
2013,PER_1000_LIVE_BIRTHS,F,,KZALA,KZALA,9.3
2013,PER_1000_LIVE_BIRTHS,F,,KZSHY,KZSHY,14.12
2013,PER_1000_LIVE_BIRTHS,F,U,,,12.17
2013,PER_1000_LIVE_BIRTHS,F,U,KZABY,KZABY,12.15
2013,PER_1000_LIVE_BIRTHS,F,U,KZAKM,KZAKM,14.81
2013,PER_1000_LIVE_BIRTHS,F,U,KZAKT,KZAKT,11.81
2013,PER_1000_LIVE_BIRTHS,F,U,KZALM,KZALM,10.11
2013,PER_1000_LIVE_BIRTHS,F,U,KZATY,KZATY,11.57
2013,PER_1000_LIVE_BIRTHS,F,U,KZZAP,KZZAP,7.65
2013,PER_1000_LIVE_BIRTHS,F,U,KZZHA,KZZHA,21.63
2013,PER_1000_LIVE_BIRTHS,F,U,KZZHS,KZZHS,9.89
2013,PER_1000_LIVE_BIRTHS,F,U,KZKAR,KZKAR,10.83
2013,PER_1000_LIVE_BIRTHS,F,U,KZKUS,KZKUS,8.7
2013,PER_1000_LIVE_BIRTHS,F,U,KZKZY,KZKZY,18.91
2013,PER_1000_LIVE_BIRTHS,F,U,KZMAN,KZMAN,10.19
2013,PER_1000_LIVE_BIRTHS,F,U,KZPAV,KZPAV,9.31
2013,PER_1000_LIVE_BIRTHS,F,U,KZSEV,KZSEV,11.89
2013,PER_1000_LIVE_BIRTHS,F,U,KZYUZ,KZYUZ,16.4
2013,PER_1000_LIVE_BIRTHS,F,U,KZULU,KZULU,10.72
2013,PER_1000_LIVE_BIRTHS,F,U,KZVOS,KZVOS,12.0
2013,PER_1000_LIVE_BIRTHS,F,U,KZNS,KZNS,10.56
2013,PER_1000_LIVE_BIRTHS,F,U,KZALA,KZALA,9.3
2013,PER_1000_LIVE_BIRTHS,F,U,KZSHY,KZSHY,14.12
2013,PER_1000_LIVE_BIRTHS,F,R,,,12.74
2013,PER_1000_LIVE_BIRTHS,F,R,KZABY,KZABY,15.71
2013,PER_1000_LIVE_BIRTHS,F,R,KZAKM,KZAKM,8.89
2013,PER_1000_LIVE_BIRTHS,F,R,KZAKT,KZAKT,11.03
2013,PER_1000_LIVE_BIRTHS,F,R,KZALM,KZALM,9.79
2013,PER_1000_LIVE_BIRTHS,F,R,KZATY,KZATY,10.53
2013,PER_1000_LIVE_BIRTHS,F,R,KZZAP,KZZAP,7.59
2013,PER_1000_LIVE_BIRTHS,F,R,KZZHA,KZZHA,12.29
2013,PER_1000_LIVE_BIRTHS,F,R,KZZHS,KZZHS,11.26
2013,PER_1000_LIVE_BIRTHS,F,R,KZKAR,KZKAR,7.84
2013,PER_1000_LIVE_BIRTHS,F,R,KZKUS,KZKUS,14.95
2013,PER_1000_LIVE_BIRTHS,F,R,KZKZY,KZKZY,18.36
2013,PER_1000_LIVE_BIRTHS,F,R,KZMAN,KZMAN,11.24
2013,PER_1000_LIVE_BIRTHS,F,R,KZPAV,KZPAV,7.12
2013,PER_1000_LIVE_BIRTHS,F,R,KZSEV,KZSEV,15.1
2013,PER_1000_LIVE_BIRTHS,F,R,KZYUZ,KZYUZ,15.76
2013,PER_1000_LIVE_BIRTHS,F,R,KZULU,KZULU,15.7
2013,PER_1000_LIVE_BIRTHS,F,R,KZVOS,KZVOS,12.98
2014,PER_1000_LIVE_BIRTHS,_T,,,,12.4
2014,PER_1000_LIVE_BIRTHS,_T,,KZABY,KZABY,12.95
2014,PER_1000_LIVE_BIRTHS,_T,,KZAKM,KZAKM,12.02
2014,PER_1000_LIVE_BIRTHS,_T,,KZAKT,KZAKT,11.77
2014,PER_1000_LIVE_BIRTHS,_T,,KZALM,KZALM,11.23
2014,PER_1000_LIVE_BIRTHS,_T,,KZATY,KZATY,11.78
2014,PER_1000_LIVE_BIRTHS,_T,,KZZAP,KZZAP,10.89
2014,PER_1000_LIVE_BIRTHS,_T,,KZZHA,KZZHA,13.29
2014,PER_1000_LIVE_BIRTHS,_T,,KZZHS,KZZHS,11.62
2014,PER_1000_LIVE_BIRTHS,_T,,KZKAR,KZKAR,10.76
2014,PER_1000_LIVE_BIRTHS,_T,,KZKUS,KZKUS,14.18
2014,PER_1000_LIVE_BIRTHS,_T,,KZKZY,KZKZY,17.14
2014,PER_1000_LIVE_BIRTHS,_T,,KZMAN,KZMAN,11.52
2014,PER_1000_LIVE_BIRTHS,_T,,KZPAV,KZPAV,9.89
2014,PER_1000_LIVE_BIRTHS,_T,,KZSEV,KZSEV,10.83
2014,PER_1000_LIVE_BIRTHS,_T,,KZYUZ,KZYUZ,14.91
2014,PER_1000_LIVE_BIRTHS,_T,,KZULU,KZULU,11.55
2014,PER_1000_LIVE_BIRTHS,_T,,KZVOS,KZVOS,13.57
2014,PER_1000_LIVE_BIRTHS,_T,,KZNS,KZNS,8.35
2014,PER_1000_LIVE_BIRTHS,_T,,KZALA,KZALA,9.46
2014,PER_1000_LIVE_BIRTHS,_T,,KZSHY,KZSHY,15.51
2014,PER_1000_LIVE_BIRTHS,_T,U,,,11.98
2014,PER_1000_LIVE_BIRTHS,_T,U,KZABY,KZABY,14.15
2014,PER_1000_LIVE_BIRTHS,_T,U,KZAKM,KZAKM,11.42
2014,PER_1000_LIVE_BIRTHS,_T,U,KZAKT,KZAKT,12.11
2014,PER_1000_LIVE_BIRTHS,_T,U,KZALM,KZALM,10.28
2014,PER_1000_LIVE_BIRTHS,_T,U,KZATY,KZATY,10.64
2014,PER_1000_LIVE_BIRTHS,_T,U,KZZAP,KZZAP,10.76
2014,PER_1000_LIVE_BIRTHS,_T,U,KZZHA,KZZHA,17.59
2014,PER_1000_LIVE_BIRTHS,_T,U,KZZHS,KZZHS,10.46
2014,PER_1000_LIVE_BIRTHS,_T,U,KZKAR,KZKAR,9.98
2014,PER_1000_LIVE_BIRTHS,_T,U,KZKUS,KZKUS,14.0
2014,PER_1000_LIVE_BIRTHS,_T,U,KZKZY,KZKZY,17.21
2014,PER_1000_LIVE_BIRTHS,_T,U,KZMAN,KZMAN,11.73
2014,PER_1000_LIVE_BIRTHS,_T,U,KZPAV,KZPAV,8.8
2014,PER_1000_LIVE_BIRTHS,_T,U,KZSEV,KZSEV,9.02
2014,PER_1000_LIVE_BIRTHS,_T,U,KZYUZ,KZYUZ,16.16
2014,PER_1000_LIVE_BIRTHS,_T,U,KZULU,KZULU,10.36
2014,PER_1000_LIVE_BIRTHS,_T,U,KZVOS,KZVOS,12.0
2014,PER_1000_LIVE_BIRTHS,_T,U,KZNS,KZNS,8.35
2014,PER_1000_LIVE_BIRTHS,_T,U,KZALA,KZALA,9.46
2014,PER_1000_LIVE_BIRTHS,_T,U,KZSHY,KZSHY,15.51
2014,PER_1000_LIVE_BIRTHS,_T,R,,,12.96
2014,PER_1000_LIVE_BIRTHS,_T,R,KZABY,KZABY,14.15
2014,PER_1000_LIVE_BIRTHS,_T,R,KZAKM,KZAKM,11.42
2014,PER_1000_LIVE_BIRTHS,_T,R,KZAKT,KZAKT,12.11
2014,PER_1000_LIVE_BIRTHS,_T,R,KZALM,KZALM,10.28
2014,PER_1000_LIVE_BIRTHS,_T,R,KZATY,KZATY,10.64
2014,PER_1000_LIVE_BIRTHS,_T,R,KZZAP,KZZAP,10.76
2014,PER_1000_LIVE_BIRTHS,_T,R,KZZHA,KZZHA,17.59
2014,PER_1000_LIVE_BIRTHS,_T,R,KZZHS,KZZHS,10.46
2014,PER_1000_LIVE_BIRTHS,_T,R,KZKAR,KZKAR,13.64
2014,PER_1000_LIVE_BIRTHS,_T,R,KZKUS,KZKUS,14.44
2014,PER_1000_LIVE_BIRTHS,_T,R,KZKZY,KZKZY,17.08
2014,PER_1000_LIVE_BIRTHS,_T,R,KZMAN,KZMAN,11.32
2014,PER_1000_LIVE_BIRTHS,_T,R,KZPAV,KZPAV,12.31
2014,PER_1000_LIVE_BIRTHS,_T,R,KZSEV,KZSEV,12.45
2014,PER_1000_LIVE_BIRTHS,_T,R,KZYUZ,KZYUZ,14.52
2014,PER_1000_LIVE_BIRTHS,_T,R,KZULU,KZULU,17.08
2014,PER_1000_LIVE_BIRTHS,_T,R,KZVOS,KZVOS,16.29
2014,PER_1000_LIVE_BIRTHS,M,,,,13.6
2014,PER_1000_LIVE_BIRTHS,M,,KZABY,KZABY,14.57
2014,PER_1000_LIVE_BIRTHS,M,,KZAKM,KZAKM,13.72
2014,PER_1000_LIVE_BIRTHS,M,,KZAKT,KZAKT,12.08
2014,PER_1000_LIVE_BIRTHS,M,,KZALM,KZALM,11.91
2014,PER_1000_LIVE_BIRTHS,M,,KZATY,KZATY,12.61
2014,PER_1000_LIVE_BIRTHS,M,,KZZAP,KZZAP,12.04
2014,PER_1000_LIVE_BIRTHS,M,,KZZHA,KZZHA,14.04
2014,PER_1000_LIVE_BIRTHS,M,,KZZHS,KZZHS,13.23
2014,PER_1000_LIVE_BIRTHS,M,,KZKAR,KZKAR,12.25
2014,PER_1000_LIVE_BIRTHS,M,,KZKUS,KZKUS,15.01
2014,PER_1000_LIVE_BIRTHS,M,,KZKZY,KZKZY,18.48
2014,PER_1000_LIVE_BIRTHS,M,,KZMAN,KZMAN,13.59
2014,PER_1000_LIVE_BIRTHS,M,,KZPAV,KZPAV,10.15
2014,PER_1000_LIVE_BIRTHS,M,,KZSEV,KZSEV,11.85
2014,PER_1000_LIVE_BIRTHS,M,,KZYUZ,KZYUZ,16.56
2014,PER_1000_LIVE_BIRTHS,M,,KZULU,KZULU,15.03
2014,PER_1000_LIVE_BIRTHS,M,,KZVOS,KZVOS,13.29
2014,PER_1000_LIVE_BIRTHS,M,,KZNS,KZNS,9.54
2014,PER_1000_LIVE_BIRTHS,M,,KZALA,KZALA,10.65
2014,PER_1000_LIVE_BIRTHS,M,,KZSHY,KZSHY,17.2
2014,PER_1000_LIVE_BIRTHS,M,U,,,12.11
2014,PER_1000_LIVE_BIRTHS,M,U,KZABY,KZABY,16.86
2014,PER_1000_LIVE_BIRTHS,M,U,KZAKM,KZAKM,12.69
2014,PER_1000_LIVE_BIRTHS,M,U,KZAKT,KZAKT,11.94
2014,PER_1000_LIVE_BIRTHS,M,U,KZALM,KZALM,8.89
2014,PER_1000_LIVE_BIRTHS,M,U,KZATY,KZATY,11.16
2014,PER_1000_LIVE_BIRTHS,M,U,KZZAP,KZZAP,11.01
2014,PER_1000_LIVE_BIRTHS,M,U,KZZHA,KZZHA,18.3
2014,PER_1000_LIVE_BIRTHS,M,U,KZZHS,KZZHS,10.37
2014,PER_1000_LIVE_BIRTHS,M,U,KZKAR,KZKAR,11.19
2014,PER_1000_LIVE_BIRTHS,M,U,KZKUS,KZKUS,13.82
2014,PER_1000_LIVE_BIRTHS,M,U,KZKZY,KZKZY,18.45
2014,PER_1000_LIVE_BIRTHS,M,U,KZMAN,KZMAN,14.01
2014,PER_1000_LIVE_BIRTHS,M,U,KZPAV,KZPAV,8.03
2014,PER_1000_LIVE_BIRTHS,M,U,KZSEV,KZSEV,8.82
2014,PER_1000_LIVE_BIRTHS,M,U,KZYUZ,KZYUZ,19.17
2014,PER_1000_LIVE_BIRTHS,M,U,KZULU,KZULU,13.61
2014,PER_1000_LIVE_BIRTHS,M,U,KZVOS,KZVOS,11.43
2014,PER_1000_LIVE_BIRTHS,M,U,KZNS,KZNS,9.54
2014,PER_1000_LIVE_BIRTHS,M,U,KZALA,KZALA,10.65
2014,PER_1000_LIVE_BIRTHS,M,U,KZSHY,KZSHY,17.2
2014,PER_1000_LIVE_BIRTHS,M,R,,,14.39
2014,PER_1000_LIVE_BIRTHS,M,R,KZABY,KZABY,11.21
2014,PER_1000_LIVE_BIRTHS,M,R,KZAKM,KZAKM,14.94
2014,PER_1000_LIVE_BIRTHS,M,R,KZAKT,KZAKT,12.46
2014,PER_1000_LIVE_BIRTHS,M,R,KZALM,KZALM,12.51
2014,PER_1000_LIVE_BIRTHS,M,R,KZATY,KZATY,14.52
2014,PER_1000_LIVE_BIRTHS,M,R,KZZAP,KZZAP,13.19
2014,PER_1000_LIVE_BIRTHS,M,R,KZZHA,KZZHA,11.34
2014,PER_1000_LIVE_BIRTHS,M,R,KZZHS,KZZHS,15.38
2014,PER_1000_LIVE_BIRTHS,M,R,KZKAR,KZKAR,16.26
2014,PER_1000_LIVE_BIRTHS,M,R,KZKUS,KZKUS,16.72
2014,PER_1000_LIVE_BIRTHS,M,R,KZKZY,KZKZY,18.5
2014,PER_1000_LIVE_BIRTHS,M,R,KZMAN,KZMAN,13.2
2014,PER_1000_LIVE_BIRTHS,M,R,KZPAV,KZPAV,14.83
2014,PER_1000_LIVE_BIRTHS,M,R,KZSEV,KZSEV,14.69
2014,PER_1000_LIVE_BIRTHS,M,R,KZYUZ,KZYUZ,15.72
2014,PER_1000_LIVE_BIRTHS,M,R,KZULU,KZULU,21.19
2014,PER_1000_LIVE_BIRTHS,M,R,KZVOS,KZVOS,16.42
2014,PER_1000_LIVE_BIRTHS,F,,,,11.13
2014,PER_1000_LIVE_BIRTHS,F,,KZABY,KZABY,11.23
2014,PER_1000_LIVE_BIRTHS,F,,KZAKM,KZAKM,10.24
2014,PER_1000_LIVE_BIRTHS,F,,KZAKT,KZAKT,11.43
2014,PER_1000_LIVE_BIRTHS,F,,KZALM,KZALM,10.5
2014,PER_1000_LIVE_BIRTHS,F,,KZATY,KZATY,10.88
2014,PER_1000_LIVE_BIRTHS,F,,KZZAP,KZZAP,9.66
2014,PER_1000_LIVE_BIRTHS,F,,KZZHA,KZZHA,12.5
2014,PER_1000_LIVE_BIRTHS,F,,KZZHS,KZZHS,9.9
2014,PER_1000_LIVE_BIRTHS,F,,KZKAR,KZKAR,9.18
2014,PER_1000_LIVE_BIRTHS,F,,KZKUS,KZKUS,13.31
2014,PER_1000_LIVE_BIRTHS,F,,KZKZY,KZKZY,15.74
2014,PER_1000_LIVE_BIRTHS,F,,KZMAN,KZMAN,9.31
2014,PER_1000_LIVE_BIRTHS,F,,KZPAV,KZPAV,9.62
2014,PER_1000_LIVE_BIRTHS,F,,KZSEV,KZSEV,9.76
2014,PER_1000_LIVE_BIRTHS,F,,KZYUZ,KZYUZ,13.16
2014,PER_1000_LIVE_BIRTHS,F,,KZULU,KZULU,7.9
2014,PER_1000_LIVE_BIRTHS,F,,KZVOS,KZVOS,13.86
2014,PER_1000_LIVE_BIRTHS,F,,KZNS,KZNS,7.8
2014,PER_1000_LIVE_BIRTHS,F,,KZALA,KZALA,8.19
2014,PER_1000_LIVE_BIRTHS,F,,KZSHY,KZSHY,13.7
2014,PER_1000_LIVE_BIRTHS,F,U,,,10.9
2014,PER_1000_LIVE_BIRTHS,F,U,KZABY,KZABY,11.31
2014,PER_1000_LIVE_BIRTHS,F,U,KZAKM,KZAKM,10.1
2014,PER_1000_LIVE_BIRTHS,F,U,KZAKT,KZAKT,12.31
2014,PER_1000_LIVE_BIRTHS,F,U,KZALM,KZALM,11.73
2014,PER_1000_LIVE_BIRTHS,F,U,KZATY,KZATY,10.09
2014,PER_1000_LIVE_BIRTHS,F,U,KZZAP,KZZAP,10.48
2014,PER_1000_LIVE_BIRTHS,F,U,KZZHA,KZZHA,16.85
2014,PER_1000_LIVE_BIRTHS,F,U,KZZHS,KZZHS,10.55
2014,PER_1000_LIVE_BIRTHS,F,U,KZKAR,KZKAR,8.69
2014,PER_1000_LIVE_BIRTHS,F,U,KZKUS,KZKUS,14.19
2014,PER_1000_LIVE_BIRTHS,F,U,KZKZY,KZKZY,15.88
2014,PER_1000_LIVE_BIRTHS,F,U,KZMAN,KZMAN,9.34
2014,PER_1000_LIVE_BIRTHS,F,U,KZPAV,KZPAV,9.61
2014,PER_1000_LIVE_BIRTHS,F,U,KZSEV,KZSEV,9.24
2014,PER_1000_LIVE_BIRTHS,F,U,KZYUZ,KZYUZ,12.88
2014,PER_1000_LIVE_BIRTHS,F,U,KZULU,KZULU,7.0
2014,PER_1000_LIVE_BIRTHS,F,U,KZVOS,KZVOS,12.59
2014,PER_1000_LIVE_BIRTHS,F,U,KZNS,KZNS,7.08
2014,PER_1000_LIVE_BIRTHS,F,U,KZALA,KZALA,8.19
2014,PER_1000_LIVE_BIRTHS,F,U,KZSHY,KZSHY,13.7
2014,PER_1000_LIVE_BIRTHS,F,R,,,11.43
2014,PER_1000_LIVE_BIRTHS,F,R,KZABY,KZABY,11.1
2014,PER_1000_LIVE_BIRTHS,F,R,KZAKM,KZAKM,10.4
2014,PER_1000_LIVE_BIRTHS,F,R,KZAKT,KZAKT,9.17
2014,PER_1000_LIVE_BIRTHS,F,R,KZALM,KZALM,10.24
2014,PER_1000_LIVE_BIRTHS,F,R,KZATY,KZATY,11.92
2014,PER_1000_LIVE_BIRTHS,F,R,KZZAP,KZZAP,8.74
2014,PER_1000_LIVE_BIRTHS,F,R,KZZHA,KZZHA,9.78
2014,PER_1000_LIVE_BIRTHS,F,R,KZZHS,KZZHS,9.41
2014,PER_1000_LIVE_BIRTHS,F,R,KZKAR,KZKAR,10.96
2014,PER_1000_LIVE_BIRTHS,F,R,KZKUS,KZKUS,12.06
2014,PER_1000_LIVE_BIRTHS,F,R,KZKZY,KZKZY,15.62
2014,PER_1000_LIVE_BIRTHS,F,R,KZMAN,KZMAN,9.28
2014,PER_1000_LIVE_BIRTHS,F,R,KZPAV,KZPAV,9.64
2014,PER_1000_LIVE_BIRTHS,F,R,KZSEV,KZSEV,10.19
2014,PER_1000_LIVE_BIRTHS,F,R,KZYUZ,KZYUZ,13.25
2014,PER_1000_LIVE_BIRTHS,F,R,KZULU,KZULU,12.32
2014,PER_1000_LIVE_BIRTHS,F,R,KZVOS,KZVOS,16.15
2015,PER_1000_LIVE_BIRTHS,_T,,,,12.11
2015,PER_1000_LIVE_BIRTHS,_T,,KZABY,KZABY,13.38
2015,PER_1000_LIVE_BIRTHS,_T,,KZAKM,KZAKM,10.18
2015,PER_1000_LIVE_BIRTHS,_T,,KZAKT,KZAKT,12.26
2015,PER_1000_LIVE_BIRTHS,_T,,KZALM,KZALM,10.73
2015,PER_1000_LIVE_BIRTHS,_T,,KZATY,KZATY,9.62
2015,PER_1000_LIVE_BIRTHS,_T,,KZZAP,KZZAP,10.79
2015,PER_1000_LIVE_BIRTHS,_T,,KZZHA,KZZHA,13.9
2015,PER_1000_LIVE_BIRTHS,_T,,KZZHS,KZZHS,11.22
2015,PER_1000_LIVE_BIRTHS,_T,,KZKAR,KZKAR,10.71
2015,PER_1000_LIVE_BIRTHS,_T,,KZKUS,KZKUS,12.84
2015,PER_1000_LIVE_BIRTHS,_T,,KZKZY,KZKZY,15.25
2015,PER_1000_LIVE_BIRTHS,_T,,KZMAN,KZMAN,12.43
2015,PER_1000_LIVE_BIRTHS,_T,,KZPAV,KZPAV,9.08
2015,PER_1000_LIVE_BIRTHS,_T,,KZSEV,KZSEV,10.21
2015,PER_1000_LIVE_BIRTHS,_T,,KZYUZ,KZYUZ,15.56
2015,PER_1000_LIVE_BIRTHS,_T,,KZULU,KZULU,13.18
2015,PER_1000_LIVE_BIRTHS,_T,,KZVOS,KZVOS,10.89
2015,PER_1000_LIVE_BIRTHS,_T,,KZNS,KZNS,8.95
2015,PER_1000_LIVE_BIRTHS,_T,,KZALA,KZALA,10.46
2015,PER_1000_LIVE_BIRTHS,_T,,KZSHY,KZSHY,13.02
2015,PER_1000_LIVE_BIRTHS,_T,U,,,11.83
2015,PER_1000_LIVE_BIRTHS,_T,U,KZABY,KZABY,13.56
2015,PER_1000_LIVE_BIRTHS,_T,U,KZAKM,KZAKM,10.67
2015,PER_1000_LIVE_BIRTHS,_T,U,KZAKT,KZAKT,12.31
2015,PER_1000_LIVE_BIRTHS,_T,U,KZALM,KZALM,11.5
2015,PER_1000_LIVE_BIRTHS,_T,U,KZATY,KZATY,8.55
2015,PER_1000_LIVE_BIRTHS,_T,U,KZZAP,KZZAP,11.46
2015,PER_1000_LIVE_BIRTHS,_T,U,KZZHA,KZZHA,18.26
2015,PER_1000_LIVE_BIRTHS,_T,U,KZZHS,KZZHS,11.09
2015,PER_1000_LIVE_BIRTHS,_T,U,KZKAR,KZKAR,10.0
2015,PER_1000_LIVE_BIRTHS,_T,U,KZKUS,KZKUS,13.8
2015,PER_1000_LIVE_BIRTHS,_T,U,KZKZY,KZKZY,16.79
2015,PER_1000_LIVE_BIRTHS,_T,U,KZMAN,KZMAN,10.3
2015,PER_1000_LIVE_BIRTHS,_T,U,KZPAV,KZPAV,8.83
2015,PER_1000_LIVE_BIRTHS,_T,U,KZSEV,KZSEV,9.78
2015,PER_1000_LIVE_BIRTHS,_T,U,KZYUZ,KZYUZ,16.67
2015,PER_1000_LIVE_BIRTHS,_T,U,KZULU,KZULU,13.84
2015,PER_1000_LIVE_BIRTHS,_T,U,KZVOS,KZVOS,10.1
2015,PER_1000_LIVE_BIRTHS,_T,U,KZNS,KZNS,8.95
2015,PER_1000_LIVE_BIRTHS,_T,U,KZALA,KZALA,10.46
2015,PER_1000_LIVE_BIRTHS,_T,U,KZSHY,KZSHY,13.02
2015,PER_1000_LIVE_BIRTHS,_T,R,,,12.48
2015,PER_1000_LIVE_BIRTHS,_T,R,KZABY,KZABY,13.56
2015,PER_1000_LIVE_BIRTHS,_T,R,KZAKM,KZAKM,10.67
2015,PER_1000_LIVE_BIRTHS,_T,R,KZAKT,KZAKT,12.31
2015,PER_1000_LIVE_BIRTHS,_T,R,KZALM,KZALM,11.5
2015,PER_1000_LIVE_BIRTHS,_T,R,KZATY,KZATY,8.55
2015,PER_1000_LIVE_BIRTHS,_T,R,KZZAP,KZZAP,11.46
2015,PER_1000_LIVE_BIRTHS,_T,R,KZZHA,KZZHA,18.26
2015,PER_1000_LIVE_BIRTHS,_T,R,KZZHS,KZZHS,11.09
2015,PER_1000_LIVE_BIRTHS,_T,R,KZKAR,KZKAR,13.42
2015,PER_1000_LIVE_BIRTHS,_T,R,KZKUS,KZKUS,11.43
2015,PER_1000_LIVE_BIRTHS,_T,R,KZKZY,KZKZY,13.88
2015,PER_1000_LIVE_BIRTHS,_T,R,KZMAN,KZMAN,13.99
2015,PER_1000_LIVE_BIRTHS,_T,R,KZPAV,KZPAV,9.68
2015,PER_1000_LIVE_BIRTHS,_T,R,KZSEV,KZSEV,10.6
2015,PER_1000_LIVE_BIRTHS,_T,R,KZYUZ,KZYUZ,15.21
2015,PER_1000_LIVE_BIRTHS,_T,R,KZULU,KZULU,10.27
2015,PER_1000_LIVE_BIRTHS,_T,R,KZVOS,KZVOS,12.44
2015,PER_1000_LIVE_BIRTHS,M,,,,13.44
2015,PER_1000_LIVE_BIRTHS,M,,KZABY,KZABY,14.08
2015,PER_1000_LIVE_BIRTHS,M,,KZAKM,KZAKM,10.72
2015,PER_1000_LIVE_BIRTHS,M,,KZAKT,KZAKT,13.76
2015,PER_1000_LIVE_BIRTHS,M,,KZALM,KZALM,12.52
2015,PER_1000_LIVE_BIRTHS,M,,KZATY,KZATY,9.34
2015,PER_1000_LIVE_BIRTHS,M,,KZZAP,KZZAP,11.06
2015,PER_1000_LIVE_BIRTHS,M,,KZZHA,KZZHA,15.34
2015,PER_1000_LIVE_BIRTHS,M,,KZZHS,KZZHS,12.9
2015,PER_1000_LIVE_BIRTHS,M,,KZKAR,KZKAR,12.84
2015,PER_1000_LIVE_BIRTHS,M,,KZKUS,KZKUS,13.95
2015,PER_1000_LIVE_BIRTHS,M,,KZKZY,KZKZY,16.75
2015,PER_1000_LIVE_BIRTHS,M,,KZMAN,KZMAN,14.79
2015,PER_1000_LIVE_BIRTHS,M,,KZPAV,KZPAV,10.3
2015,PER_1000_LIVE_BIRTHS,M,,KZSEV,KZSEV,10.36
2015,PER_1000_LIVE_BIRTHS,M,,KZYUZ,KZYUZ,17.27
2015,PER_1000_LIVE_BIRTHS,M,,KZULU,KZULU,13.42
2015,PER_1000_LIVE_BIRTHS,M,,KZVOS,KZVOS,12.48
2015,PER_1000_LIVE_BIRTHS,M,,KZNS,KZNS,10.06
2015,PER_1000_LIVE_BIRTHS,M,,KZALA,KZALA,11.48
2015,PER_1000_LIVE_BIRTHS,M,,KZSHY,KZSHY,14.44
2015,PER_1000_LIVE_BIRTHS,M,U,,,13.07
2015,PER_1000_LIVE_BIRTHS,M,U,KZABY,KZABY,12.98
2015,PER_1000_LIVE_BIRTHS,M,U,KZAKM,KZAKM,10.84
2015,PER_1000_LIVE_BIRTHS,M,U,KZAKT,KZAKT,13.09
2015,PER_1000_LIVE_BIRTHS,M,U,KZALM,KZALM,13.43
2015,PER_1000_LIVE_BIRTHS,M,U,KZATY,KZATY,9.93
2015,PER_1000_LIVE_BIRTHS,M,U,KZZAP,KZZAP,11.15
2015,PER_1000_LIVE_BIRTHS,M,U,KZZHA,KZZHA,20.43
2015,PER_1000_LIVE_BIRTHS,M,U,KZZHS,KZZHS,12.21
2015,PER_1000_LIVE_BIRTHS,M,U,KZKAR,KZKAR,12.41
2015,PER_1000_LIVE_BIRTHS,M,U,KZKUS,KZKUS,15.63
2015,PER_1000_LIVE_BIRTHS,M,U,KZKZY,KZKZY,19.36
2015,PER_1000_LIVE_BIRTHS,M,U,KZMAN,KZMAN,10.87
2015,PER_1000_LIVE_BIRTHS,M,U,KZPAV,KZPAV,9.39
2015,PER_1000_LIVE_BIRTHS,M,U,KZSEV,KZSEV,10.39
2015,PER_1000_LIVE_BIRTHS,M,U,KZYUZ,KZYUZ,18.25
2015,PER_1000_LIVE_BIRTHS,M,U,KZULU,KZULU,13.98
2015,PER_1000_LIVE_BIRTHS,M,U,KZVOS,KZVOS,11.74
2015,PER_1000_LIVE_BIRTHS,M,U,KZNS,KZNS,10.06
2015,PER_1000_LIVE_BIRTHS,M,U,KZALA,KZALA,11.48
2015,PER_1000_LIVE_BIRTHS,M,U,KZSHY,KZSHY,14.44
2015,PER_1000_LIVE_BIRTHS,M,R,,,13.95
2015,PER_1000_LIVE_BIRTHS,M,R,KZABY,KZABY,15.79
2015,PER_1000_LIVE_BIRTHS,M,R,KZAKM,KZAKM,10.57
2015,PER_1000_LIVE_BIRTHS,M,R,KZAKT,KZAKT,15.64
2015,PER_1000_LIVE_BIRTHS,M,R,KZALM,KZALM,12.32
2015,PER_1000_LIVE_BIRTHS,M,R,KZATY,KZATY,8.59
2015,PER_1000_LIVE_BIRTHS,M,R,KZZAP,KZZAP,10.96
2015,PER_1000_LIVE_BIRTHS,M,R,KZZHA,KZZHA,11.9
2015,PER_1000_LIVE_BIRTHS,M,R,KZZHS,KZZHS,13.46
2015,PER_1000_LIVE_BIRTHS,M,R,KZKAR,KZKAR,14.43
2015,PER_1000_LIVE_BIRTHS,M,R,KZKUS,KZKUS,11.41
2015,PER_1000_LIVE_BIRTHS,M,R,KZKZY,KZKZY,14.42
2015,PER_1000_LIVE_BIRTHS,M,R,KZMAN,KZMAN,17.66
2015,PER_1000_LIVE_BIRTHS,M,R,KZPAV,KZPAV,12.44
2015,PER_1000_LIVE_BIRTHS,M,R,KZSEV,KZSEV,10.32
2015,PER_1000_LIVE_BIRTHS,M,R,KZYUZ,KZYUZ,16.96
2015,PER_1000_LIVE_BIRTHS,M,R,KZULU,KZULU,11.06
2015,PER_1000_LIVE_BIRTHS,M,R,KZVOS,KZVOS,13.93
2015,PER_1000_LIVE_BIRTHS,F,,,,10.69
2015,PER_1000_LIVE_BIRTHS,F,,KZABY,KZABY,12.65
2015,PER_1000_LIVE_BIRTHS,F,,KZAKM,KZAKM,9.6
2015,PER_1000_LIVE_BIRTHS,F,,KZAKT,KZAKT,10.64
2015,PER_1000_LIVE_BIRTHS,F,,KZALM,KZALM,8.85
2015,PER_1000_LIVE_BIRTHS,F,,KZATY,KZATY,9.91
2015,PER_1000_LIVE_BIRTHS,F,,KZZAP,KZZAP,10.5
2015,PER_1000_LIVE_BIRTHS,F,,KZZHA,KZZHA,12.37
2015,PER_1000_LIVE_BIRTHS,F,,KZZHS,KZZHS,9.43
2015,PER_1000_LIVE_BIRTHS,F,,KZKAR,KZKAR,8.45
2015,PER_1000_LIVE_BIRTHS,F,,KZKUS,KZKUS,11.66
2015,PER_1000_LIVE_BIRTHS,F,,KZKZY,KZKZY,13.63
2015,PER_1000_LIVE_BIRTHS,F,,KZMAN,KZMAN,9.89
2015,PER_1000_LIVE_BIRTHS,F,,KZPAV,KZPAV,7.82
2015,PER_1000_LIVE_BIRTHS,F,,KZSEV,KZSEV,10.04
2015,PER_1000_LIVE_BIRTHS,F,,KZYUZ,KZYUZ,13.76
2015,PER_1000_LIVE_BIRTHS,F,,KZULU,KZULU,12.93
2015,PER_1000_LIVE_BIRTHS,F,,KZVOS,KZVOS,9.2
2015,PER_1000_LIVE_BIRTHS,F,,KZNS,KZNS,7.8
2015,PER_1000_LIVE_BIRTHS,F,,KZALA,KZALA,9.36
2015,PER_1000_LIVE_BIRTHS,F,,KZSHY,KZSHY,11.49
2015,PER_1000_LIVE_BIRTHS,F,U,,,10.52
2015,PER_1000_LIVE_BIRTHS,F,U,KZABY,KZABY,14.16
2015,PER_1000_LIVE_BIRTHS,F,U,KZAKM,KZAKM,10.49
2015,PER_1000_LIVE_BIRTHS,F,U,KZAKT,KZAKT,11.48
2015,PER_1000_LIVE_BIRTHS,F,U,KZALM,KZALM,9.44
2015,PER_1000_LIVE_BIRTHS,F,U,KZATY,KZATY,7.13
2015,PER_1000_LIVE_BIRTHS,F,U,KZZAP,KZZAP,11.79
2015,PER_1000_LIVE_BIRTHS,F,U,KZZHA,KZZHA,15.88
2015,PER_1000_LIVE_BIRTHS,F,U,KZZHS,KZZHS,9.91
2015,PER_1000_LIVE_BIRTHS,F,U,KZKAR,KZKAR,7.46
2015,PER_1000_LIVE_BIRTHS,F,U,KZKUS,KZKUS,11.81
2015,PER_1000_LIVE_BIRTHS,F,U,KZKZY,KZKZY,14.0
2015,PER_1000_LIVE_BIRTHS,F,U,KZMAN,KZMAN,9.69
2015,PER_1000_LIVE_BIRTHS,F,U,KZONT,KZONT,12.63
2015,PER_1000_LIVE_BIRTHS,F,U,KZPAV,KZPAV,8.23
2015,PER_1000_LIVE_BIRTHS,F,U,KZSEV,KZSEV,9.13
2015,PER_1000_LIVE_BIRTHS,F,U,KZYUZ,KZYUZ,15.0
2015,PER_1000_LIVE_BIRTHS,F,U,KZULU,KZULU,13.71
2015,PER_1000_LIVE_BIRTHS,F,U,KZVOS,KZVOS,8.35
2015,PER_1000_LIVE_BIRTHS,F,U,KZNS,KZNS,7.8
2015,PER_1000_LIVE_BIRTHS,F,U,KZALA,KZALA,9.36
2015,PER_1000_LIVE_BIRTHS,F,U,KZSHY,KZSHY,11.49
2015,PER_1000_LIVE_BIRTHS,F,R,,,10.92
2015,PER_1000_LIVE_BIRTHS,F,R,KZABY,KZABY,10.39
2015,PER_1000_LIVE_BIRTHS,F,R,KZAKM,KZAKM,8.55
2015,PER_1000_LIVE_BIRTHS,F,R,KZAKT,KZAKT,8.29
2015,PER_1000_LIVE_BIRTHS,F,R,KZALM,KZALM,8.72
2015,PER_1000_LIVE_BIRTHS,F,R,KZATY,KZATY,13.78
2015,PER_1000_LIVE_BIRTHS,F,R,KZZAP,KZZAP,8.99
2015,PER_1000_LIVE_BIRTHS,F,R,KZZHA,KZZHA,10.08
2015,PER_1000_LIVE_BIRTHS,F,R,KZZHS,KZZHS,9.04
2015,PER_1000_LIVE_BIRTHS,F,R,KZKAR,KZKAR,12.32
2015,PER_1000_LIVE_BIRTHS,F,R,KZKUS,KZKUS,11.46
2015,PER_1000_LIVE_BIRTHS,F,R,KZKZY,KZKZY,13.31
2015,PER_1000_LIVE_BIRTHS,F,R,KZMAN,KZMAN,10.04
2015,PER_1000_LIVE_BIRTHS,F,R,KZPAV,KZPAV,6.87
2015,PER_1000_LIVE_BIRTHS,F,R,KZSEV,KZSEV,10.9
2015,PER_1000_LIVE_BIRTHS,F,R,KZYUZ,KZYUZ,13.36
2015,PER_1000_LIVE_BIRTHS,F,R,KZULU,KZULU,9.43
2015,PER_1000_LIVE_BIRTHS,F,R,KZVOS,KZVOS,10.87
2016,PER_1000_LIVE_BIRTHS,_T,,,,10.92
2016,PER_1000_LIVE_BIRTHS,_T,,KZABY,KZABY,11.7
2016,PER_1000_LIVE_BIRTHS,_T,,KZAKM,KZAKM,9.68
2016,PER_1000_LIVE_BIRTHS,_T,,KZAKT,KZAKT,10.37
2016,PER_1000_LIVE_BIRTHS,_T,,KZALM,KZALM,9.32
2016,PER_1000_LIVE_BIRTHS,_T,,KZATY,KZATY,11.05
2016,PER_1000_LIVE_BIRTHS,_T,,KZZAP,KZZAP,9.56
2016,PER_1000_LIVE_BIRTHS,_T,,KZZHA,KZZHA,11.63
2016,PER_1000_LIVE_BIRTHS,_T,,KZZHS,KZZHS,11.02
2016,PER_1000_LIVE_BIRTHS,_T,,KZKAR,KZKAR,9.96
2016,PER_1000_LIVE_BIRTHS,_T,,KZKUS,KZKUS,11.39
2016,PER_1000_LIVE_BIRTHS,_T,,KZKZY,KZKZY,13.65
2016,PER_1000_LIVE_BIRTHS,_T,,KZMAN,KZMAN,11.71
2016,PER_1000_LIVE_BIRTHS,_T,,KZPAV,KZPAV,9.27
2016,PER_1000_LIVE_BIRTHS,_T,,KZSEV,KZSEV,8.7
2016,PER_1000_LIVE_BIRTHS,_T,,KZYUZ,KZYUZ,15.11
2016,PER_1000_LIVE_BIRTHS,_T,,KZULU,KZULU,10.03
2016,PER_1000_LIVE_BIRTHS,_T,,KZVOS,KZVOS,11.54
2016,PER_1000_LIVE_BIRTHS,_T,,KZNS,KZNS,7.93
2016,PER_1000_LIVE_BIRTHS,_T,,KZALA,KZALA,8.76
2016,PER_1000_LIVE_BIRTHS,_T,,KZSHY,KZSHY,9.48
2016,PER_1000_LIVE_BIRTHS,_T,U,,,10.17
2016,PER_1000_LIVE_BIRTHS,_T,U,KZABY,KZABY,11.57
2016,PER_1000_LIVE_BIRTHS,_T,U,KZAKM,KZAKM,8.79
2016,PER_1000_LIVE_BIRTHS,_T,U,KZAKT,KZAKT,9.66
2016,PER_1000_LIVE_BIRTHS,_T,U,KZALM,KZALM,7.57
2016,PER_1000_LIVE_BIRTHS,_T,U,KZATY,KZATY,10.34
2016,PER_1000_LIVE_BIRTHS,_T,U,KZZAP,KZZAP,9.42
2016,PER_1000_LIVE_BIRTHS,_T,U,KZZHA,KZZHA,13.43
2016,PER_1000_LIVE_BIRTHS,_T,U,KZZHS,KZZHS,13.45
2016,PER_1000_LIVE_BIRTHS,_T,U,KZKAR,KZKAR,9.63
2016,PER_1000_LIVE_BIRTHS,_T,U,KZKUS,KZKUS,10.5
2016,PER_1000_LIVE_BIRTHS,_T,U,KZKZY,KZKZY,16.01
2016,PER_1000_LIVE_BIRTHS,_T,U,KZMAN,KZMAN,10.71
2016,PER_1000_LIVE_BIRTHS,_T,U,KZPAV,KZPAV,8.74
2016,PER_1000_LIVE_BIRTHS,_T,U,KZSEV,KZSEV,6.6
2016,PER_1000_LIVE_BIRTHS,_T,U,KZYUZ,KZYUZ,15.22
2016,PER_1000_LIVE_BIRTHS,_T,U,KZULU,KZULU,10.01
2016,PER_1000_LIVE_BIRTHS,_T,U,KZVOS,KZVOS,9.51
2016,PER_1000_LIVE_BIRTHS,_T,U,KZNS,KZNS,7.93
2016,PER_1000_LIVE_BIRTHS,_T,U,KZALA,KZALA,8.76
2016,PER_1000_LIVE_BIRTHS,_T,U,KZSHY,KZSHY,9.48
2016,PER_1000_LIVE_BIRTHS,_T,R,,,11.98
2016,PER_1000_LIVE_BIRTHS,_T,R,KZABY,KZABY,11.57
2016,PER_1000_LIVE_BIRTHS,_T,R,KZAKM,KZAKM,8.79
2016,PER_1000_LIVE_BIRTHS,_T,R,KZAKT,KZAKT,9.66
2016,PER_1000_LIVE_BIRTHS,_T,R,KZALM,KZALM,7.57
2016,PER_1000_LIVE_BIRTHS,_T,R,KZATY,KZATY,10.34
2016,PER_1000_LIVE_BIRTHS,_T,R,KZZAP,KZZAP,9.42
2016,PER_1000_LIVE_BIRTHS,_T,R,KZZHA,KZZHA,13.43
2016,PER_1000_LIVE_BIRTHS,_T,R,KZZHS,KZZHS,13.45
2016,PER_1000_LIVE_BIRTHS,_T,R,KZKAR,KZKAR,11.31
2016,PER_1000_LIVE_BIRTHS,_T,R,KZKUS,KZKUS,12.74
2016,PER_1000_LIVE_BIRTHS,_T,R,KZKZY,KZKZY,11.48
2016,PER_1000_LIVE_BIRTHS,_T,R,KZMAN,KZMAN,12.5
2016,PER_1000_LIVE_BIRTHS,_T,R,KZPAV,KZPAV,10.5
2016,PER_1000_LIVE_BIRTHS,_T,R,KZSEV,KZSEV,10.75
2016,PER_1000_LIVE_BIRTHS,_T,R,KZYUZ,KZYUZ,15.07
2016,PER_1000_LIVE_BIRTHS,_T,R,KZULU,KZULU,10.14
2016,PER_1000_LIVE_BIRTHS,_T,R,KZVOS,KZVOS,15.47
2016,PER_1000_LIVE_BIRTHS,M,,,,12.23
2016,PER_1000_LIVE_BIRTHS,M,,KZABY,KZABY,12.72
2016,PER_1000_LIVE_BIRTHS,M,,KZAKM,KZAKM,10.37
2016,PER_1000_LIVE_BIRTHS,M,,KZAKT,KZAKT,12.37
2016,PER_1000_LIVE_BIRTHS,M,,KZALM,KZALM,10.26
2016,PER_1000_LIVE_BIRTHS,M,,KZATY,KZATY,11.01
2016,PER_1000_LIVE_BIRTHS,M,,KZZAP,KZZAP,11.11
2016,PER_1000_LIVE_BIRTHS,M,,KZZHA,KZZHA,12.87
2016,PER_1000_LIVE_BIRTHS,M,,KZZHS,KZZHS,12.49
2016,PER_1000_LIVE_BIRTHS,M,,KZKAR,KZKAR,11.98
2016,PER_1000_LIVE_BIRTHS,M,,KZKUS,KZKUS,11.74
2016,PER_1000_LIVE_BIRTHS,M,,KZKZY,KZKZY,14.9
2016,PER_1000_LIVE_BIRTHS,M,,KZMAN,KZMAN,12.7
2016,PER_1000_LIVE_BIRTHS,M,,KZPAV,KZPAV,10.36
2016,PER_1000_LIVE_BIRTHS,M,,KZSEV,KZSEV,10.88
2016,PER_1000_LIVE_BIRTHS,M,,KZYUZ,KZYUZ,17.56
2016,PER_1000_LIVE_BIRTHS,M,,KZULU,KZULU,8.93
2016,PER_1000_LIVE_BIRTHS,M,,KZVOS,KZVOS,13.05
2016,PER_1000_LIVE_BIRTHS,M,,KZNS,KZNS,8.25
2016,PER_1000_LIVE_BIRTHS,M,,KZALA,KZALA,10.09
2016,PER_1000_LIVE_BIRTHS,M,,KZSHY,KZSHY,10.94
2016,PER_1000_LIVE_BIRTHS,M,U,,,11.55
2016,PER_1000_LIVE_BIRTHS,M,U,KZABY,KZABY,12.99
2016,PER_1000_LIVE_BIRTHS,M,U,KZAKM,KZAKM,10.05
2016,PER_1000_LIVE_BIRTHS,M,U,KZAKT,KZAKT,11.83
2016,PER_1000_LIVE_BIRTHS,M,U,KZALM,KZALM,8.39
2016,PER_1000_LIVE_BIRTHS,M,U,KZATY,KZATY,9.66
2016,PER_1000_LIVE_BIRTHS,M,U,KZZAP,KZZAP,11.02
2016,PER_1000_LIVE_BIRTHS,M,U,KZZHA,KZZHA,16.45
2016,PER_1000_LIVE_BIRTHS,M,U,KZZHS,KZZHS,16.49
2016,PER_1000_LIVE_BIRTHS,M,U,KZKAR,KZKAR,11.72
2016,PER_1000_LIVE_BIRTHS,M,U,KZKUS,KZKUS,10.47
2016,PER_1000_LIVE_BIRTHS,M,U,KZKZY,KZKZY,18.3
2016,PER_1000_LIVE_BIRTHS,M,U,KZMAN,KZMAN,12.92
2016,PER_1000_LIVE_BIRTHS,M,U,KZPAV,KZPAV,9.3
2016,PER_1000_LIVE_BIRTHS,M,U,KZSEV,KZSEV,7.18
2016,PER_1000_LIVE_BIRTHS,M,U,KZYUZ,KZYUZ,17.39
2016,PER_1000_LIVE_BIRTHS,M,U,KZULU,KZULU,9.4
2016,PER_1000_LIVE_BIRTHS,M,U,KZVOS,KZVOS,11.1
2016,PER_1000_LIVE_BIRTHS,M,U,KZNS,KZNS,8.25
2016,PER_1000_LIVE_BIRTHS,M,U,KZALA,KZALA,10.09
2016,PER_1000_LIVE_BIRTHS,M,U,KZSHY,KZSHY,10.94
2016,PER_1000_LIVE_BIRTHS,M,R,,,13.17
2016,PER_1000_LIVE_BIRTHS,M,R,KZABY,KZABY,12.27
2016,PER_1000_LIVE_BIRTHS,M,R,KZAKM,KZAKM,10.77
2016,PER_1000_LIVE_BIRTHS,M,R,KZAKT,KZAKT,13.93
2016,PER_1000_LIVE_BIRTHS,M,R,KZALM,KZALM,10.62
2016,PER_1000_LIVE_BIRTHS,M,R,KZATY,KZATY,13.04
2016,PER_1000_LIVE_BIRTHS,M,R,KZZAP,KZZAP,11.22
2016,PER_1000_LIVE_BIRTHS,M,R,KZZHA,KZZHA,10.47
2016,PER_1000_LIVE_BIRTHS,M,R,KZZHS,KZZHS,9.26
2016,PER_1000_LIVE_BIRTHS,M,R,KZKAR,KZKAR,12.98
2016,PER_1000_LIVE_BIRTHS,M,R,KZKUS,KZKUS,13.62
2016,PER_1000_LIVE_BIRTHS,M,R,KZKZY,KZKZY,11.72
2016,PER_1000_LIVE_BIRTHS,M,R,KZMAN,KZMAN,12.53
2016,PER_1000_LIVE_BIRTHS,M,R,KZPAV,KZPAV,12.91
2016,PER_1000_LIVE_BIRTHS,M,R,KZSEV,KZSEV,14.49
2016,PER_1000_LIVE_BIRTHS,M,R,KZYUZ,KZYUZ,17.61
2016,PER_1000_LIVE_BIRTHS,M,R,KZULU,KZULU,6.85
2016,PER_1000_LIVE_BIRTHS,M,R,KZVOS,KZVOS,16.79
2016,PER_1000_LIVE_BIRTHS,F,,,,9.53
2016,PER_1000_LIVE_BIRTHS,F,,KZABY,KZABY,10.61
2016,PER_1000_LIVE_BIRTHS,F,,KZAKM,KZAKM,8.93
2016,PER_1000_LIVE_BIRTHS,F,,KZAKT,KZAKT,8.24
2016,PER_1000_LIVE_BIRTHS,F,,KZALM,KZALM,8.3
2016,PER_1000_LIVE_BIRTHS,F,,KZATY,KZATY,11.1
2016,PER_1000_LIVE_BIRTHS,F,,KZZAP,KZZAP,7.83
2016,PER_1000_LIVE_BIRTHS,F,,KZZHA,KZZHA,10.53
2016,PER_1000_LIVE_BIRTHS,F,,KZZHS,KZZHS,9.43
2016,PER_1000_LIVE_BIRTHS,F,,KZKAR,KZKAR,7.81
2016,PER_1000_LIVE_BIRTHS,F,,KZKUS,KZKUS,11.01
2016,PER_1000_LIVE_BIRTHS,F,,KZKZY,KZKZY,12.29
2016,PER_1000_LIVE_BIRTHS,F,,KZMAN,KZMAN,10.65
2016,PER_1000_LIVE_BIRTHS,F,,KZPAV,KZPAV,8.09
2016,PER_1000_LIVE_BIRTHS,F,,KZSEV,KZSEV,6.41
2016,PER_1000_LIVE_BIRTHS,F,,KZYUZ,KZYUZ,12.5
2016,PER_1000_LIVE_BIRTHS,F,,KZULU,KZULU,11.14
2016,PER_1000_LIVE_BIRTHS,F,,KZVOS,KZVOS,9.9
2016,PER_1000_LIVE_BIRTHS,F,,KZNS,KZNS,7.6
2016,PER_1000_LIVE_BIRTHS,F,,KZALA,KZALA,7.35
2016,PER_1000_LIVE_BIRTHS,F,,KZSHY,KZSHY,7.9
2016,PER_1000_LIVE_BIRTHS,F,U,,,8.69
2016,PER_1000_LIVE_BIRTHS,F,U,KZABY,KZABY,10.04
2016,PER_1000_LIVE_BIRTHS,F,U,KZAKM,KZAKM,7.44
2016,PER_1000_LIVE_BIRTHS,F,U,KZAKT,KZAKT,7.32
2016,PER_1000_LIVE_BIRTHS,F,U,KZALM,KZALM,6.66
2016,PER_1000_LIVE_BIRTHS,F,U,KZATY,KZATY,11.08
2016,PER_1000_LIVE_BIRTHS,F,U,KZZAP,KZZAP,7.65
2016,PER_1000_LIVE_BIRTHS,F,U,KZZHA,KZZHA,10.29
2016,PER_1000_LIVE_BIRTHS,F,U,KZZHS,KZZHS,10.19
2016,PER_1000_LIVE_BIRTHS,F,U,KZKAR,KZKAR,7.42
2016,PER_1000_LIVE_BIRTHS,F,U,KZKUS,KZKUS,10.54
2016,PER_1000_LIVE_BIRTHS,F,U,KZKZY,KZKZY,13.48
2016,PER_1000_LIVE_BIRTHS,F,U,KZMAN,KZMAN,8.39
2016,PER_1000_LIVE_BIRTHS,F,U,KZPAV,KZPAV,8.13
2016,PER_1000_LIVE_BIRTHS,F,U,KZSEV,KZSEV,5.98
2016,PER_1000_LIVE_BIRTHS,F,U,KZYUZ,KZYUZ,12.94
2016,PER_1000_LIVE_BIRTHS,F,U,KZULU,KZULU,10.62
2016,PER_1000_LIVE_BIRTHS,F,U,KZVOS,KZVOS,7.78
2016,PER_1000_LIVE_BIRTHS,F,U,KZNS,KZNS,7.6
2016,PER_1000_LIVE_BIRTHS,F,U,KZALA,KZALA,7.35
2016,PER_1000_LIVE_BIRTHS,F,U,KZSHY,KZSHY,7.9
2016,PER_1000_LIVE_BIRTHS,F,R,,,10.7
2016,PER_1000_LIVE_BIRTHS,F,R,KZABY,KZABY,11.54
2016,PER_1000_LIVE_BIRTHS,F,R,KZAKM,KZAKM,10.8
2016,PER_1000_LIVE_BIRTHS,F,R,KZAKT,KZAKT,10.88
2016,PER_1000_LIVE_BIRTHS,F,R,KZALM,KZALM,8.61
2016,PER_1000_LIVE_BIRTHS,F,R,KZATY,KZATY,11.13
2016,PER_1000_LIVE_BIRTHS,F,R,KZZAP,KZZAP,8.06
2016,PER_1000_LIVE_BIRTHS,F,R,KZZHA,KZZHA,10.69
2016,PER_1000_LIVE_BIRTHS,F,R,KZZHS,KZZHS,8.81
2016,PER_1000_LIVE_BIRTHS,F,R,KZKAR,KZKAR,9.45
2016,PER_1000_LIVE_BIRTHS,F,R,KZKUS,KZKUS,11.74
2016,PER_1000_LIVE_BIRTHS,F,R,KZKZY,KZKZY,11.21
2016,PER_1000_LIVE_BIRTHS,F,R,KZMAN,KZMAN,12.48
2016,PER_1000_LIVE_BIRTHS,F,R,KZPAV,KZPAV,8.0
2016,PER_1000_LIVE_BIRTHS,F,R,KZSEV,KZSEV,6.82
2016,PER_1000_LIVE_BIRTHS,F,R,KZYUZ,KZYUZ,12.36
2016,PER_1000_LIVE_BIRTHS,F,R,KZULU,KZULU,13.33
2016,PER_1000_LIVE_BIRTHS,F,R,KZVOS,KZVOS,14.01
2017,PER_1000_LIVE_BIRTHS,_T,,,,10.24
2017,PER_1000_LIVE_BIRTHS,_T,,KZAKM,KZAKM,10.08
2017,PER_1000_LIVE_BIRTHS,_T,,KZAKT,KZAKT,9.3
2017,PER_1000_LIVE_BIRTHS,_T,,KZALM,KZALM,10.43
2017,PER_1000_LIVE_BIRTHS,_T,,KZATY,KZATY,9.67
2017,PER_1000_LIVE_BIRTHS,_T,,KZZAP,KZZAP,8.63
2017,PER_1000_LIVE_BIRTHS,_T,,KZZHA,KZZHA,10.96
2017,PER_1000_LIVE_BIRTHS,_T,,KZKAR,KZKAR,9.95
2017,PER_1000_LIVE_BIRTHS,_T,,KZKUS,KZKUS,12.27
2017,PER_1000_LIVE_BIRTHS,_T,,KZKZY,KZKZY,11.54
2017,PER_1000_LIVE_BIRTHS,_T,,KZMAN,KZMAN,10.11
2017,PER_1000_LIVE_BIRTHS,_T,,KZONT,KZONT,12.1
2017,PER_1000_LIVE_BIRTHS,_T,,KZPAV,KZPAV,10.06
2017,PER_1000_LIVE_BIRTHS,_T,,KZSEV,KZSEV,11.37
2017,PER_1000_LIVE_BIRTHS,_T,,KZVOS,KZVOS,9.16
2017,PER_1000_LIVE_BIRTHS,_T,,KZNS,KZNS,7.0
2017,PER_1000_LIVE_BIRTHS,_T,,KZALA,KZALA,8.5
2017,PER_1000_LIVE_BIRTHS,_T,U,,,9.35
2017,PER_1000_LIVE_BIRTHS,_T,U,KZAKM,KZAKM,8.53
2017,PER_1000_LIVE_BIRTHS,_T,U,KZAKT,KZAKT,8.07
2017,PER_1000_LIVE_BIRTHS,_T,U,KZALM,KZALM,9.42
2017,PER_1000_LIVE_BIRTHS,_T,U,KZATY,KZATY,9.71
2017,PER_1000_LIVE_BIRTHS,_T,U,KZZAP,KZZAP,8.67
2017,PER_1000_LIVE_BIRTHS,_T,U,KZZHA,KZZHA,11.78
2017,PER_1000_LIVE_BIRTHS,_T,U,KZKAR,KZKAR,10.36
2017,PER_1000_LIVE_BIRTHS,_T,U,KZKUS,KZKUS,10.61
2017,PER_1000_LIVE_BIRTHS,_T,U,KZKZY,KZKZY,11.17
2017,PER_1000_LIVE_BIRTHS,_T,U,KZMAN,KZMAN,7.22
2017,PER_1000_LIVE_BIRTHS,_T,U,KZONT,KZONT,11.14
2017,PER_1000_LIVE_BIRTHS,_T,U,KZPAV,KZPAV,10.38
2017,PER_1000_LIVE_BIRTHS,_T,U,KZSEV,KZSEV,11.25
2017,PER_1000_LIVE_BIRTHS,_T,U,KZVOS,KZVOS,7.91
2017,PER_1000_LIVE_BIRTHS,_T,U,KZNS,KZNS,7.0
2017,PER_1000_LIVE_BIRTHS,_T,U,KZALA,KZALA,8.5
2017,PER_1000_LIVE_BIRTHS,_T,R,,,11.49
2017,PER_1000_LIVE_BIRTHS,_T,R,KZAKM,KZAKM,11.84
2017,PER_1000_LIVE_BIRTHS,_T,R,KZAKT,KZAKT,11.92
2017,PER_1000_LIVE_BIRTHS,_T,R,KZALM,KZALM,10.77
2017,PER_1000_LIVE_BIRTHS,_T,R,KZATY,KZATY,9.63
2017,PER_1000_LIVE_BIRTHS,_T,R,KZZAP,KZZAP,8.58
2017,PER_1000_LIVE_BIRTHS,_T,R,KZZHA,KZZHA,10.38
2017,PER_1000_LIVE_BIRTHS,_T,R,KZKAR,KZKAR,8.32
2017,PER_1000_LIVE_BIRTHS,_T,R,KZKUS,KZKUS,14.54
2017,PER_1000_LIVE_BIRTHS,_T,R,KZKZY,KZKZY,11.87
2017,PER_1000_LIVE_BIRTHS,_T,R,KZMAN,KZMAN,12.7
2017,PER_1000_LIVE_BIRTHS,_T,R,KZONT,KZONT,13.05
2017,PER_1000_LIVE_BIRTHS,_T,R,KZPAV,KZPAV,9.34
2017,PER_1000_LIVE_BIRTHS,_T,R,KZSEV,KZSEV,11.49
2017,PER_1000_LIVE_BIRTHS,_T,R,KZVOS,KZVOS,11.37
2017,PER_1000_LIVE_BIRTHS,M,,,,11.25
2017,PER_1000_LIVE_BIRTHS,M,,KZAKM,KZAKM,10.53
2017,PER_1000_LIVE_BIRTHS,M,,KZAKT,KZAKT,8.8
2017,PER_1000_LIVE_BIRTHS,M,,KZALM,KZALM,11.62
2017,PER_1000_LIVE_BIRTHS,M,,KZATY,KZATY,9.67
2017,PER_1000_LIVE_BIRTHS,M,,KZZAP,KZZAP,8.9
2017,PER_1000_LIVE_BIRTHS,M,,KZZHA,KZZHA,12.54
2017,PER_1000_LIVE_BIRTHS,M,,KZKAR,KZKAR,11.21
2017,PER_1000_LIVE_BIRTHS,M,,KZKUS,KZKUS,14.22
2017,PER_1000_LIVE_BIRTHS,M,,KZKZY,KZKZY,12.93
2017,PER_1000_LIVE_BIRTHS,M,,KZMAN,KZMAN,11.33
2017,PER_1000_LIVE_BIRTHS,M,,KZONT,KZONT,13.54
2017,PER_1000_LIVE_BIRTHS,M,,KZPAV,KZPAV,11.68
2017,PER_1000_LIVE_BIRTHS,M,,KZSEV,KZSEV,11.26
2017,PER_1000_LIVE_BIRTHS,M,,KZVOS,KZVOS,10.15
2017,PER_1000_LIVE_BIRTHS,M,,KZNS,KZNS,7.68
2017,PER_1000_LIVE_BIRTHS,M,,KZALA,KZALA,9.04
2017,PER_1000_LIVE_BIRTHS,M,U,,,9.94
2017,PER_1000_LIVE_BIRTHS,M,U,KZAKM,KZAKM,7.32
2017,PER_1000_LIVE_BIRTHS,M,U,KZAKT,KZAKT,7.99
2017,PER_1000_LIVE_BIRTHS,M,U,KZALM,KZALM,11.0
2017,PER_1000_LIVE_BIRTHS,M,U,KZATY,KZATY,8.84
2017,PER_1000_LIVE_BIRTHS,M,U,KZZAP,KZZAP,7.88
2017,PER_1000_LIVE_BIRTHS,M,U,KZZHA,KZZHA,14.06
2017,PER_1000_LIVE_BIRTHS,M,U,KZKAR,KZKAR,11.91
2017,PER_1000_LIVE_BIRTHS,M,U,KZKUS,KZKUS,11.2
2017,PER_1000_LIVE_BIRTHS,M,U,KZKZY,KZKZY,11.61
2017,PER_1000_LIVE_BIRTHS,M,U,KZMAN,KZMAN,7.88
2017,PER_1000_LIVE_BIRTHS,M,U,KZONT,KZONT,11.41
2017,PER_1000_LIVE_BIRTHS,M,U,KZPAV,KZPAV,11.83
2017,PER_1000_LIVE_BIRTHS,M,U,KZSEV,KZSEV,9.54
2017,PER_1000_LIVE_BIRTHS,M,U,KZVOS,KZVOS,9.32
2017,PER_1000_LIVE_BIRTHS,M,U,KZNS,KZNS,7.68
2017,PER_1000_LIVE_BIRTHS,M,U,KZALA,KZALA,9.04
2017,PER_1000_LIVE_BIRTHS,M,R,,,13.05
2017,PER_1000_LIVE_BIRTHS,M,R,KZAKM,KZAKM,14.26
2017,PER_1000_LIVE_BIRTHS,M,R,KZAKT,KZAKT,10.57
2017,PER_1000_LIVE_BIRTHS,M,R,KZALM,KZALM,11.83
2017,PER_1000_LIVE_BIRTHS,M,R,KZATY,KZATY,10.52
2017,PER_1000_LIVE_BIRTHS,M,R,KZZAP,KZZAP,10.28
2017,PER_1000_LIVE_BIRTHS,M,R,KZZHA,KZZHA,11.49
2017,PER_1000_LIVE_BIRTHS,M,R,KZKAR,KZKAR,8.46
2017,PER_1000_LIVE_BIRTHS,M,R,KZKUS,KZKUS,18.23
2017,PER_1000_LIVE_BIRTHS,M,R,KZKZY,KZKZY,14.11
2017,PER_1000_LIVE_BIRTHS,M,R,KZMAN,KZMAN,14.35
2017,PER_1000_LIVE_BIRTHS,M,R,KZONT,KZONT,15.64
2017,PER_1000_LIVE_BIRTHS,M,R,KZPAV,KZPAV,11.35
2017,PER_1000_LIVE_BIRTHS,M,R,KZSEV,KZSEV,12.83
2017,PER_1000_LIVE_BIRTHS,M,R,KZVOS,KZVOS,11.64
2017,PER_1000_LIVE_BIRTHS,F,,,,9.17
2017,PER_1000_LIVE_BIRTHS,F,,KZAKM,KZAKM,9.58
2017,PER_1000_LIVE_BIRTHS,F,,KZAKT,KZAKT,9.83
2017,PER_1000_LIVE_BIRTHS,F,,KZALM,KZALM,9.14
2017,PER_1000_LIVE_BIRTHS,F,,KZATY,KZATY,9.67
2017,PER_1000_LIVE_BIRTHS,F,,KZZAP,KZZAP,8.34
2017,PER_1000_LIVE_BIRTHS,F,,KZZHA,KZZHA,9.28
2017,PER_1000_LIVE_BIRTHS,F,,KZKAR,KZKAR,8.64
2017,PER_1000_LIVE_BIRTHS,F,,KZKUS,KZKUS,10.14
2017,PER_1000_LIVE_BIRTHS,F,,KZKZY,KZKZY,10.05
2017,PER_1000_LIVE_BIRTHS,F,,KZMAN,KZMAN,8.8
2017,PER_1000_LIVE_BIRTHS,F,,KZONT,KZONT,10.57
2017,PER_1000_LIVE_BIRTHS,F,,KZPAV,KZPAV,8.31
2017,PER_1000_LIVE_BIRTHS,F,,KZSEV,KZSEV,11.49
2017,PER_1000_LIVE_BIRTHS,F,,KZVOS,KZVOS,8.1
2017,PER_1000_LIVE_BIRTHS,F,,KZNS,KZNS,6.27
2017,PER_1000_LIVE_BIRTHS,F,,KZALA,KZALA,7.9
2017,PER_1000_LIVE_BIRTHS,F,U,,,8.7
2017,PER_1000_LIVE_BIRTHS,F,U,KZAKM,KZAKM,9.84
2017,PER_1000_LIVE_BIRTHS,F,U,KZAKT,KZAKT,8.16
2017,PER_1000_LIVE_BIRTHS,F,U,KZALM,KZALM,7.76
2017,PER_1000_LIVE_BIRTHS,F,U,KZATY,KZATY,10.65
2017,PER_1000_LIVE_BIRTHS,F,U,KZZAP,KZZAP,9.51
2017,PER_1000_LIVE_BIRTHS,F,U,KZZHA,KZZHA,9.4
2017,PER_1000_LIVE_BIRTHS,F,U,KZKAR,KZKAR,8.75
2017,PER_1000_LIVE_BIRTHS,F,U,KZKUS,KZKUS,10.0
2017,PER_1000_LIVE_BIRTHS,F,U,KZKZY,KZKZY,10.71
2017,PER_1000_LIVE_BIRTHS,F,U,KZMAN,KZMAN,6.51
2017,PER_1000_LIVE_BIRTHS,F,U,KZONT,KZONT,10.85
2017,PER_1000_LIVE_BIRTHS,F,U,KZPAV,KZPAV,8.78
2017,PER_1000_LIVE_BIRTHS,F,U,KZSEV,KZSEV,12.96
2017,PER_1000_LIVE_BIRTHS,F,U,KZVOS,KZVOS,6.41
2017,PER_1000_LIVE_BIRTHS,F,U,KZNS,KZNS,6.27
2017,PER_1000_LIVE_BIRTHS,F,U,KZALA,KZALA,7.9
2017,PER_1000_LIVE_BIRTHS,F,R,,,9.81
2017,PER_1000_LIVE_BIRTHS,F,R,KZAKM,KZAKM,9.3
2017,PER_1000_LIVE_BIRTHS,F,R,KZAKT,KZAKT,13.32
2017,PER_1000_LIVE_BIRTHS,F,R,KZALM,KZALM,9.62
2017,PER_1000_LIVE_BIRTHS,F,R,KZATY,KZATY,8.71
2017,PER_1000_LIVE_BIRTHS,F,R,KZZAP,KZZAP,6.77
2017,PER_1000_LIVE_BIRTHS,F,R,KZZHA,KZZHA,9.19
2017,PER_1000_LIVE_BIRTHS,F,R,KZKAR,KZKAR,8.16
2017,PER_1000_LIVE_BIRTHS,F,R,KZKUS,KZKUS,10.35
2017,PER_1000_LIVE_BIRTHS,F,R,KZKZY,KZKZY,9.43
2017,PER_1000_LIVE_BIRTHS,F,R,KZMAN,KZMAN,10.89
2017,PER_1000_LIVE_BIRTHS,F,R,KZONT,KZONT,10.29
2017,PER_1000_LIVE_BIRTHS,F,R,KZPAV,KZPAV,7.26
2017,PER_1000_LIVE_BIRTHS,F,R,KZSEV,KZSEV,10.1
2017,PER_1000_LIVE_BIRTHS,F,R,KZVOS,KZVOS,11.08
2018,PER_1000_LIVE_BIRTHS,_T,,,,10.11
2018,PER_1000_LIVE_BIRTHS,_T,,KZAKM,KZAKM,7.48
2018,PER_1000_LIVE_BIRTHS,_T,,KZAKT,KZAKT,10.92
2018,PER_1000_LIVE_BIRTHS,_T,,KZALM,KZALM,9.4
2018,PER_1000_LIVE_BIRTHS,_T,,KZATY,KZATY,12.68
2018,PER_1000_LIVE_BIRTHS,_T,,KZZAP,KZZAP,7.73
2018,PER_1000_LIVE_BIRTHS,_T,,KZZHA,KZZHA,9.63
2018,PER_1000_LIVE_BIRTHS,_T,,KZKAR,KZKAR,9.11
2018,PER_1000_LIVE_BIRTHS,_T,,KZKUS,KZKUS,11.52
2018,PER_1000_LIVE_BIRTHS,_T,,KZKZY,KZKZY,12.56
2018,PER_1000_LIVE_BIRTHS,_T,,KZMAN,KZMAN,11.86
2018,PER_1000_LIVE_BIRTHS,_T,,KZPAV,KZPAV,7.25
2018,PER_1000_LIVE_BIRTHS,_T,,KZSEV,KZSEV,13.07
2018,PER_1000_LIVE_BIRTHS,_T,,KZYUZ,KZYUZ,11.69
2018,PER_1000_LIVE_BIRTHS,_T,,KZVOS,KZVOS,9.51
2018,PER_1000_LIVE_BIRTHS,_T,,KZNS,KZNS,7.44
2018,PER_1000_LIVE_BIRTHS,_T,,KZALA,KZALA,9.86
2018,PER_1000_LIVE_BIRTHS,_T,,KZSHY,KZSHY,10.22
2018,PER_1000_LIVE_BIRTHS,_T,U,,,9.56
2018,PER_1000_LIVE_BIRTHS,_T,U,KZAKM,KZAKM,7.61
2018,PER_1000_LIVE_BIRTHS,_T,U,KZAKT,KZAKT,10.63
2018,PER_1000_LIVE_BIRTHS,_T,U,KZALM,KZALM,8.48
2018,PER_1000_LIVE_BIRTHS,_T,U,KZATY,KZATY,11.13
2018,PER_1000_LIVE_BIRTHS,_T,U,KZZAP,KZZAP,7.62
2018,PER_1000_LIVE_BIRTHS,_T,U,KZZHA,KZZHA,9.33
2018,PER_1000_LIVE_BIRTHS,_T,U,KZKAR,KZKAR,9.06
2018,PER_1000_LIVE_BIRTHS,_T,U,KZKUS,KZKUS,10.99
2018,PER_1000_LIVE_BIRTHS,_T,U,KZKZY,KZKZY,13.58
2018,PER_1000_LIVE_BIRTHS,_T,U,KZMAN,KZMAN,10.59
2018,PER_1000_LIVE_BIRTHS,_T,U,KZPAV,KZPAV,8.06
2018,PER_1000_LIVE_BIRTHS,_T,U,KZSEV,KZSEV,12.06
2018,PER_1000_LIVE_BIRTHS,_T,U,KZYUZ,KZYUZ,10.62
2018,PER_1000_LIVE_BIRTHS,_T,U,KZVOS,KZVOS,8.73
2018,PER_1000_LIVE_BIRTHS,_T,U,KZNS,KZNS,7.44
2018,PER_1000_LIVE_BIRTHS,_T,U,KZALA,KZALA,9.86
2018,PER_1000_LIVE_BIRTHS,_T,U,KZSHY,KZSHY,10.22
2018,PER_1000_LIVE_BIRTHS,_T,R,,,10.9
2018,PER_1000_LIVE_BIRTHS,_T,R,KZAKM,KZAKM,7.35
2018,PER_1000_LIVE_BIRTHS,_T,R,KZAKT,KZAKT,11.8
2018,PER_1000_LIVE_BIRTHS,_T,R,KZALM,KZALM,9.71
2018,PER_1000_LIVE_BIRTHS,_T,R,KZATY,KZATY,14.52
2018,PER_1000_LIVE_BIRTHS,_T,R,KZZAP,KZZAP,7.89
2018,PER_1000_LIVE_BIRTHS,_T,R,KZZHA,KZZHA,9.84
2018,PER_1000_LIVE_BIRTHS,_T,R,KZKAR,KZKAR,9.31
2018,PER_1000_LIVE_BIRTHS,_T,R,KZKUS,KZKUS,12.28
2018,PER_1000_LIVE_BIRTHS,_T,R,KZKZY,KZKZY,11.6
2018,PER_1000_LIVE_BIRTHS,_T,R,KZMAN,KZMAN,12.87
2018,PER_1000_LIVE_BIRTHS,_T,R,KZPAV,KZPAV,5.36
2018,PER_1000_LIVE_BIRTHS,_T,R,KZSEV,KZSEV,14.06
2018,PER_1000_LIVE_BIRTHS,_T,R,KZYUZ,KZYUZ,12.08
2018,PER_1000_LIVE_BIRTHS,_T,R,KZVOS,KZVOS,10.97
2018,PER_1000_LIVE_BIRTHS,M,,,,11.64
2018,PER_1000_LIVE_BIRTHS,M,,KZAKM,KZAKM,8.15
2018,PER_1000_LIVE_BIRTHS,M,,KZAKT,KZAKT,12.42
2018,PER_1000_LIVE_BIRTHS,M,,KZALM,KZALM,10.58
2018,PER_1000_LIVE_BIRTHS,M,,KZATY,KZATY,14.74
2018,PER_1000_LIVE_BIRTHS,M,,KZZAP,KZZAP,9.52
2018,PER_1000_LIVE_BIRTHS,M,,KZZHA,KZZHA,10.66
2018,PER_1000_LIVE_BIRTHS,M,,KZKAR,KZKAR,10.93
2018,PER_1000_LIVE_BIRTHS,M,,KZKUS,KZKUS,13.96
2018,PER_1000_LIVE_BIRTHS,M,,KZKZY,KZKZY,14.51
2018,PER_1000_LIVE_BIRTHS,M,,KZMAN,KZMAN,13.38
2018,PER_1000_LIVE_BIRTHS,M,,KZPAV,KZPAV,8.11
2018,PER_1000_LIVE_BIRTHS,M,,KZSEV,KZSEV,16.18
2018,PER_1000_LIVE_BIRTHS,M,,KZYUZ,KZYUZ,13.98
2018,PER_1000_LIVE_BIRTHS,M,,KZVOS,KZVOS,9.77
2018,PER_1000_LIVE_BIRTHS,M,,KZNS,KZNS,9.07
2018,PER_1000_LIVE_BIRTHS,M,,KZALA,KZALA,11.14
2018,PER_1000_LIVE_BIRTHS,M,,KZSHY,KZSHY,12.2
2018,PER_1000_LIVE_BIRTHS,M,U,,,11.08
2018,PER_1000_LIVE_BIRTHS,M,U,KZAKM,KZAKM,7.73
2018,PER_1000_LIVE_BIRTHS,M,U,KZAKT,KZAKT,12.6
2018,PER_1000_LIVE_BIRTHS,M,U,KZALM,KZALM,9.41
2018,PER_1000_LIVE_BIRTHS,M,U,KZATY,KZATY,11.05
2018,PER_1000_LIVE_BIRTHS,M,U,KZZAP,KZZAP,9.76
2018,PER_1000_LIVE_BIRTHS,M,U,KZZHA,KZZHA,10.99
2018,PER_1000_LIVE_BIRTHS,M,U,KZKAR,KZKAR,10.93
2018,PER_1000_LIVE_BIRTHS,M,U,KZKUS,KZKUS,13.96
2018,PER_1000_LIVE_BIRTHS,M,U,KZKZY,KZKZY,16.02
2018,PER_1000_LIVE_BIRTHS,M,U,KZMAN,KZMAN,10.76
2018,PER_1000_LIVE_BIRTHS,M,U,KZPAV,KZPAV,8.75
2018,PER_1000_LIVE_BIRTHS,M,U,KZSEV,KZSEV,14.69
2018,PER_1000_LIVE_BIRTHS,M,U,KZYUZ,KZYUZ,13.05
2018,PER_1000_LIVE_BIRTHS,M,U,KZVOS,KZVOS,9.41
2018,PER_1000_LIVE_BIRTHS,M,U,KZNS,KZNS,9.07
2018,PER_1000_LIVE_BIRTHS,M,U,KZALA,KZALA,11.14
2018,PER_1000_LIVE_BIRTHS,M,U,KZSHY,KZSHY,12.2
2018,PER_1000_LIVE_BIRTHS,M,R,,,12.44
2018,PER_1000_LIVE_BIRTHS,M,R,KZAKM,KZAKM,8.6
2018,PER_1000_LIVE_BIRTHS,M,R,KZAKT,KZAKT,11.89
2018,PER_1000_LIVE_BIRTHS,M,R,KZALM,KZALM,10.96
2018,PER_1000_LIVE_BIRTHS,M,R,KZATY,KZATY,19.14
2018,PER_1000_LIVE_BIRTHS,M,R,KZZAP,KZZAP,9.18
2018,PER_1000_LIVE_BIRTHS,M,R,KZZHA,KZZHA,10.43
2018,PER_1000_LIVE_BIRTHS,M,R,KZKAR,KZKAR,10.94
2018,PER_1000_LIVE_BIRTHS,M,R,KZKUS,KZKUS,13.97
2018,PER_1000_LIVE_BIRTHS,M,R,KZKZY,KZKZY,13.05
2018,PER_1000_LIVE_BIRTHS,M,R,KZMAN,KZMAN,13.62
2018,PER_1000_LIVE_BIRTHS,M,R,KZPAV,KZPAV,6.63
2018,PER_1000_LIVE_BIRTHS,M,R,KZSEV,KZSEV,17.64
2018,PER_1000_LIVE_BIRTHS,M,R,KZYUZ,KZYUZ,14.31
2018,PER_1000_LIVE_BIRTHS,M,R,KZVOS,KZVOS,10.44
2018,PER_1000_LIVE_BIRTHS,F,,,,8.48
2018,PER_1000_LIVE_BIRTHS,F,,KZAKM,KZAKM,6.79
2018,PER_1000_LIVE_BIRTHS,F,,KZAKT,KZAKT,9.33
2018,PER_1000_LIVE_BIRTHS,F,,KZALM,KZALM,8.17
2018,PER_1000_LIVE_BIRTHS,F,,KZATY,KZATY,10.47
2018,PER_1000_LIVE_BIRTHS,F,,KZZAP,KZZAP,5.83
2018,PER_1000_LIVE_BIRTHS,F,,KZZHA,KZZHA,8.52
2018,PER_1000_LIVE_BIRTHS,F,,KZKAR,KZKAR,7.11
2018,PER_1000_LIVE_BIRTHS,F,,KZKUS,KZKUS,8.97
2018,PER_1000_LIVE_BIRTHS,F,,KZKZY,KZKZY,10.46
2018,PER_1000_LIVE_BIRTHS,F,,KZMAN,KZMAN,8.87
2018,PER_1000_LIVE_BIRTHS,F,,KZPAV,KZPAV,6.36
2018,PER_1000_LIVE_BIRTHS,F,,KZSEV,KZSEV,9.76
2018,PER_1000_LIVE_BIRTHS,F,,KZYUZ,KZYUZ,9.26
2018,PER_1000_LIVE_BIRTHS,F,,KZVOS,KZVOS,9.24
2018,PER_1000_LIVE_BIRTHS,F,,KZNS,KZNS,5.71
2018,PER_1000_LIVE_BIRTHS,F,,KZALA,KZALA,8.5
2018,PER_1000_LIVE_BIRTHS,F,,KZSHY,KZSHY,8.06
2018,PER_1000_LIVE_BIRTHS,F,U,,,7.93
2018,PER_1000_LIVE_BIRTHS,F,U,KZAKM,KZAKM,7.47
2018,PER_1000_LIVE_BIRTHS,F,U,KZAKT,KZAKT,8.54
2018,PER_1000_LIVE_BIRTHS,F,U,KZALM,KZALM,7.52
2018,PER_1000_LIVE_BIRTHS,F,U,KZATY,KZATY,11.22
2018,PER_1000_LIVE_BIRTHS,F,U,KZZAP,KZZAP,5.37
2018,PER_1000_LIVE_BIRTHS,F,U,KZZHA,KZZHA,7.57
2018,PER_1000_LIVE_BIRTHS,F,U,KZKAR,KZKAR,6.98
2018,PER_1000_LIVE_BIRTHS,F,U,KZKUS,KZKUS,7.97
2018,PER_1000_LIVE_BIRTHS,F,U,KZKZY,KZKZY,10.88
2018,PER_1000_LIVE_BIRTHS,F,U,KZMAN,KZMAN,10.41
2018,PER_1000_LIVE_BIRTHS,F,U,KZPAV,KZPAV,7.35
2018,PER_1000_LIVE_BIRTHS,F,U,KZSEV,KZSEV,9.26
2018,PER_1000_LIVE_BIRTHS,F,U,KZYUZ,KZYUZ,8.06
2018,PER_1000_LIVE_BIRTHS,F,U,KZVOS,KZVOS,7.98
2018,PER_1000_LIVE_BIRTHS,F,U,KZNS,KZNS,5.71
2018,PER_1000_LIVE_BIRTHS,F,U,KZALA,KZALA,8.5
2018,PER_1000_LIVE_BIRTHS,F,U,KZSHY,KZSHY,8.06
2018,PER_1000_LIVE_BIRTHS,F,R,,,9.28
2018,PER_1000_LIVE_BIRTHS,F,R,KZAKM,KZAKM,6.07
2018,PER_1000_LIVE_BIRTHS,F,R,KZAKT,KZAKT,11.7
2018,PER_1000_LIVE_BIRTHS,F,R,KZALM,KZALM,8.39
2018,PER_1000_LIVE_BIRTHS,F,R,KZATY,KZATY,9.58
2018,PER_1000_LIVE_BIRTHS,F,R,KZZAP,KZZAP,6.48
2018,PER_1000_LIVE_BIRTHS,F,R,KZZHA,KZZHA,9.22
2018,PER_1000_LIVE_BIRTHS,F,R,KZKAR,KZKAR,7.63
2018,PER_1000_LIVE_BIRTHS,F,R,KZKUS,KZKUS,10.45
2018,PER_1000_LIVE_BIRTHS,F,R,KZKZY,KZKZY,10.08
2018,PER_1000_LIVE_BIRTHS,F,R,KZMAN,KZMAN,12.06
2018,PER_1000_LIVE_BIRTHS,F,R,KZPAV,KZPAV,4.03
2018,PER_1000_LIVE_BIRTHS,F,R,KZSEV,KZSEV,10.24
2018,PER_1000_LIVE_BIRTHS,F,R,KZYUZ,KZYUZ,9.69
2018,PER_1000_LIVE_BIRTHS,F,R,KZVOS,KZVOS,11.52
2019,PER_1000_LIVE_BIRTHS,_T,,,,10.69
2019,PER_1000_LIVE_BIRTHS,_T,,KZAKM,KZAKM,8.56
2019,PER_1000_LIVE_BIRTHS,_T,,KZAKT,KZAKT,10.54
2019,PER_1000_LIVE_BIRTHS,_T,,KZALM,KZALM,10.22
2019,PER_1000_LIVE_BIRTHS,_T,,KZATY,KZATY,12.9
2019,PER_1000_LIVE_BIRTHS,_T,,KZZAP,KZZAP,8.53
2019,PER_1000_LIVE_BIRTHS,_T,,KZZHA,KZZHA,11.58
2019,PER_1000_LIVE_BIRTHS,_T,,KZKAR,KZKAR,10.85
2019,PER_1000_LIVE_BIRTHS,_T,,KZKUS,KZKUS,11.79
2019,PER_1000_LIVE_BIRTHS,_T,,KZKZY,KZKZY,13.13
2019,PER_1000_LIVE_BIRTHS,_T,,KZMAN,KZMAN,11.49
2019,PER_1000_LIVE_BIRTHS,_T,,KZPAV,KZPAV,8.31
2019,PER_1000_LIVE_BIRTHS,_T,,KZSEV,KZSEV,11.79
2019,PER_1000_LIVE_BIRTHS,_T,,KZYUZ,KZYUZ,11.89
2019,PER_1000_LIVE_BIRTHS,_T,,KZVOS,KZVOS,10.11
2019,PER_1000_LIVE_BIRTHS,_T,,KZNS,KZNS,7.62
2019,PER_1000_LIVE_BIRTHS,_T,,KZALA,KZALA,9.65
2019,PER_1000_LIVE_BIRTHS,_T,,KZSHY,KZSHY,11.7
2019,PER_1000_LIVE_BIRTHS,_T,U,,,10.51
2019,PER_1000_LIVE_BIRTHS,_T,U,KZAKM,KZAKM,8.51
2019,PER_1000_LIVE_BIRTHS,_T,U,KZAKT,KZAKT,9.82
2019,PER_1000_LIVE_BIRTHS,_T,U,KZALM,KZALM,11.84
2019,PER_1000_LIVE_BIRTHS,_T,U,KZATY,KZATY,13.1
2019,PER_1000_LIVE_BIRTHS,_T,U,KZZAP,KZZAP,9.05
2019,PER_1000_LIVE_BIRTHS,_T,U,KZZHA,KZZHA,12.64
2019,PER_1000_LIVE_BIRTHS,_T,U,KZKAR,KZKAR,11.27
2019,PER_1000_LIVE_BIRTHS,_T,U,KZKUS,KZKUS,9.58
2019,PER_1000_LIVE_BIRTHS,_T,U,KZKZY,KZKZY,13.01
2019,PER_1000_LIVE_BIRTHS,_T,U,KZMAN,KZMAN,13.42
2019,PER_1000_LIVE_BIRTHS,_T,U,KZPAV,KZPAV,8.59
2019,PER_1000_LIVE_BIRTHS,_T,U,KZSEV,KZSEV,11.21
2019,PER_1000_LIVE_BIRTHS,_T,U,KZYUZ,KZYUZ,10.82
2019,PER_1000_LIVE_BIRTHS,_T,U,KZVOS,KZVOS,10.38
2019,PER_1000_LIVE_BIRTHS,_T,U,KZNS,KZNS,7.62
2019,PER_1000_LIVE_BIRTHS,_T,U,KZALA,KZALA,9.65
2019,PER_1000_LIVE_BIRTHS,_T,U,KZSHY,KZSHY,11.7
2019,PER_1000_LIVE_BIRTHS,_T,R,,,10.96
2019,PER_1000_LIVE_BIRTHS,_T,R,KZAKM,KZAKM,8.62
2019,PER_1000_LIVE_BIRTHS,_T,R,KZAKT,KZAKT,12.71
2019,PER_1000_LIVE_BIRTHS,_T,R,KZALM,KZALM,9.67
2019,PER_1000_LIVE_BIRTHS,_T,R,KZATY,KZATY,12.63
2019,PER_1000_LIVE_BIRTHS,_T,R,KZZAP,KZZAP,7.84
2019,PER_1000_LIVE_BIRTHS,_T,R,KZZHA,KZZHA,10.75
2019,PER_1000_LIVE_BIRTHS,_T,R,KZKAR,KZKAR,9.21
2019,PER_1000_LIVE_BIRTHS,_T,R,KZKUS,KZKUS,15.41
2019,PER_1000_LIVE_BIRTHS,_T,R,KZKZY,KZKZY,13.25
2019,PER_1000_LIVE_BIRTHS,_T,R,KZMAN,KZMAN,10.18
2019,PER_1000_LIVE_BIRTHS,_T,R,KZPAV,KZPAV,7.62
2019,PER_1000_LIVE_BIRTHS,_T,R,KZSEV,KZSEV,12.35
2019,PER_1000_LIVE_BIRTHS,_T,R,KZYUZ,KZYUZ,12.31
2019,PER_1000_LIVE_BIRTHS,_T,R,KZVOS,KZVOS,9.62
2019,PER_1000_LIVE_BIRTHS,M,,,,12.03
2019,PER_1000_LIVE_BIRTHS,M,,KZAKM,KZAKM,8.49
2019,PER_1000_LIVE_BIRTHS,M,,KZAKT,KZAKT,10.39
2019,PER_1000_LIVE_BIRTHS,M,,KZALM,KZALM,12.2
2019,PER_1000_LIVE_BIRTHS,M,,KZATY,KZATY,14.0
2019,PER_1000_LIVE_BIRTHS,M,,KZZAP,KZZAP,10.19
2019,PER_1000_LIVE_BIRTHS,M,,KZZHA,KZZHA,13.53
2019,PER_1000_LIVE_BIRTHS,M,,KZKAR,KZKAR,12.27
2019,PER_1000_LIVE_BIRTHS,M,,KZKUS,KZKUS,15.74
2019,PER_1000_LIVE_BIRTHS,M,,KZKZY,KZKZY,15.42
2019,PER_1000_LIVE_BIRTHS,M,,KZMAN,KZMAN,12.55
2019,PER_1000_LIVE_BIRTHS,M,,KZPAV,KZPAV,8.97
2019,PER_1000_LIVE_BIRTHS,M,,KZSEV,KZSEV,13.8
2019,PER_1000_LIVE_BIRTHS,M,,KZYUZ,KZYUZ,13.01
2019,PER_1000_LIVE_BIRTHS,M,,KZVOS,KZVOS,10.21
2019,PER_1000_LIVE_BIRTHS,M,,KZNS,KZNS,7.88
2019,PER_1000_LIVE_BIRTHS,M,,KZALA,KZALA,11.11
2019,PER_1000_LIVE_BIRTHS,M,,KZSHY,KZSHY,13.94
2019,PER_1000_LIVE_BIRTHS,M,U,,,11.76
2019,PER_1000_LIVE_BIRTHS,M,U,KZAKM,KZAKM,9.82
2019,PER_1000_LIVE_BIRTHS,M,U,KZAKT,KZAKT,9.21
2019,PER_1000_LIVE_BIRTHS,M,U,KZALM,KZALM,13.35
2019,PER_1000_LIVE_BIRTHS,M,U,KZATY,KZATY,12.78
2019,PER_1000_LIVE_BIRTHS,M,U,KZZAP,KZZAP,10.66
2019,PER_1000_LIVE_BIRTHS,M,U,KZZHA,KZZHA,15.07
2019,PER_1000_LIVE_BIRTHS,M,U,KZKAR,KZKAR,12.63
2019,PER_1000_LIVE_BIRTHS,M,U,KZKUS,KZKUS,12.41
2019,PER_1000_LIVE_BIRTHS,M,U,KZKZY,KZKZY,14.41
2019,PER_1000_LIVE_BIRTHS,M,U,KZMAN,KZMAN,15.26
2019,PER_1000_LIVE_BIRTHS,M,U,KZPAV,KZPAV,9.44
2019,PER_1000_LIVE_BIRTHS,M,U,KZSEV,KZSEV,13.48
2019,PER_1000_LIVE_BIRTHS,M,U,KZYUZ,KZYUZ,12.66
2019,PER_1000_LIVE_BIRTHS,M,U,KZVOS,KZVOS,10.72
2019,PER_1000_LIVE_BIRTHS,M,U,KZNS,KZNS,7.88
2019,PER_1000_LIVE_BIRTHS,M,U,KZALA,KZALA,11.11
2019,PER_1000_LIVE_BIRTHS,M,U,KZSHY,KZSHY,13.94
2019,PER_1000_LIVE_BIRTHS,M,R,,,12.43
2019,PER_1000_LIVE_BIRTHS,M,R,KZAKM,KZAKM,7.0
2019,PER_1000_LIVE_BIRTHS,M,R,KZAKT,KZAKT,13.93
2019,PER_1000_LIVE_BIRTHS,M,R,KZALM,KZALM,11.82
2019,PER_1000_LIVE_BIRTHS,M,R,KZATY,KZATY,15.6
2019,PER_1000_LIVE_BIRTHS,M,R,KZZAP,KZZAP,9.55
2019,PER_1000_LIVE_BIRTHS,M,R,KZZHA,KZZHA,12.33
2019,PER_1000_LIVE_BIRTHS,M,R,KZKAR,KZKAR,10.8
2019,PER_1000_LIVE_BIRTHS,M,R,KZKUS,KZKUS,21.18
2019,PER_1000_LIVE_BIRTHS,M,R,KZKZY,KZKZY,16.44
2019,PER_1000_LIVE_BIRTHS,M,R,KZMAN,KZMAN,10.7
2019,PER_1000_LIVE_BIRTHS,M,R,KZPAV,KZPAV,7.86
2019,PER_1000_LIVE_BIRTHS,M,R,KZSEV,KZSEV,14.12
2019,PER_1000_LIVE_BIRTHS,M,R,KZYUZ,KZYUZ,13.14
2019,PER_1000_LIVE_BIRTHS,M,R,KZVOS,KZVOS,9.3
2019,PER_1000_LIVE_BIRTHS,F,,,,9.25
2019,PER_1000_LIVE_BIRTHS,F,,KZAKM,KZAKM,8.64
2019,PER_1000_LIVE_BIRTHS,F,,KZAKT,KZAKT,10.7
2019,PER_1000_LIVE_BIRTHS,F,,KZALM,KZALM,8.1
2019,PER_1000_LIVE_BIRTHS,F,,KZATY,KZATY,11.69
2019,PER_1000_LIVE_BIRTHS,F,,KZZAP,KZZAP,6.71
2019,PER_1000_LIVE_BIRTHS,F,,KZZHA,KZZHA,9.49
2019,PER_1000_LIVE_BIRTHS,F,,KZKAR,KZKAR,9.3
2019,PER_1000_LIVE_BIRTHS,F,,KZKUS,KZKUS,7.68
2019,PER_1000_LIVE_BIRTHS,F,,KZKZY,KZKZY,10.68
2019,PER_1000_LIVE_BIRTHS,F,,KZMAN,KZMAN,10.37
2019,PER_1000_LIVE_BIRTHS,F,,KZPAV,KZPAV,7.58
2019,PER_1000_LIVE_BIRTHS,F,,KZSEV,KZSEV,9.64
2019,PER_1000_LIVE_BIRTHS,F,,KZYUZ,KZYUZ,10.7
2019,PER_1000_LIVE_BIRTHS,F,,KZVOS,KZVOS,10.0
2019,PER_1000_LIVE_BIRTHS,F,,KZNS,KZNS,7.35
2019,PER_1000_LIVE_BIRTHS,F,,KZALA,KZALA,8.1
2019,PER_1000_LIVE_BIRTHS,F,,KZSHY,KZSHY,9.32
2019,PER_1000_LIVE_BIRTHS,F,U,,,9.16
2019,PER_1000_LIVE_BIRTHS,F,U,KZAKM,KZAKM,7.09
2019,PER_1000_LIVE_BIRTHS,F,U,KZAKT,KZAKT,10.47
2019,PER_1000_LIVE_BIRTHS,F,U,KZALM,KZALM,10.2
2019,PER_1000_LIVE_BIRTHS,F,U,KZATY,KZATY,13.45
2019,PER_1000_LIVE_BIRTHS,F,U,KZZAP,KZZAP,7.27
2019,PER_1000_LIVE_BIRTHS,F,U,KZZHA,KZZHA,10.02
2019,PER_1000_LIVE_BIRTHS,F,U,KZKAR,KZKAR,9.76
2019,PER_1000_LIVE_BIRTHS,F,U,KZKUS,KZKUS,6.62
2019,PER_1000_LIVE_BIRTHS,F,U,KZKZY,KZKZY,11.49
2019,PER_1000_LIVE_BIRTHS,F,U,KZMAN,KZMAN,11.46
2019,PER_1000_LIVE_BIRTHS,F,U,KZPAV,KZPAV,7.68
2019,PER_1000_LIVE_BIRTHS,F,U,KZSEV,KZSEV,8.7
2019,PER_1000_LIVE_BIRTHS,F,U,KZYUZ,KZYUZ,8.86
2019,PER_1000_LIVE_BIRTHS,F,U,KZVOS,KZVOS,10.02
2019,PER_1000_LIVE_BIRTHS,F,U,KZNS,KZNS,7.35
2019,PER_1000_LIVE_BIRTHS,F,U,KZALA,KZALA,8.1
2019,PER_1000_LIVE_BIRTHS,F,U,KZSHY,KZSHY,9.32
2019,PER_1000_LIVE_BIRTHS,F,R,,,9.38
2019,PER_1000_LIVE_BIRTHS,F,R,KZAKM,KZAKM,10.36
2019,PER_1000_LIVE_BIRTHS,F,R,KZAKT,KZAKT,11.39
2019,PER_1000_LIVE_BIRTHS,F,R,KZALM,KZALM,7.41
2019,PER_1000_LIVE_BIRTHS,F,R,KZATY,KZATY,9.39
2019,PER_1000_LIVE_BIRTHS,F,R,KZZAP,KZZAP,5.97
2019,PER_1000_LIVE_BIRTHS,F,R,KZZHA,KZZHA,9.07
2019,PER_1000_LIVE_BIRTHS,F,R,KZKAR,KZKAR,7.51
2019,PER_1000_LIVE_BIRTHS,F,R,KZKUS,KZKUS,9.39
2019,PER_1000_LIVE_BIRTHS,F,R,KZKZY,KZKZY,9.9
2019,PER_1000_LIVE_BIRTHS,F,R,KZMAN,KZMAN,9.62
2019,PER_1000_LIVE_BIRTHS,F,R,KZPAV,KZPAV,7.36
2019,PER_1000_LIVE_BIRTHS,F,R,KZSEV,KZSEV,10.52
2019,PER_1000_LIVE_BIRTHS,F,R,KZYUZ,KZYUZ,11.41
2019,PER_1000_LIVE_BIRTHS,F,R,KZVOS,KZVOS,9.97
2022,PER_1000_LIVE_BIRTHS,_T,,,,9.88
2022,PER_1000_LIVE_BIRTHS,_T,,KZABY,KZABY,7.66
2022,PER_1000_LIVE_BIRTHS,_T,,KZAKM,KZAKM,6.92
2022,PER_1000_LIVE_BIRTHS,_T,,KZAKT,KZAKT,10.93
2022,PER_1000_LIVE_BIRTHS,_T,,KZALM,KZALM,12.04
2022,PER_1000_LIVE_BIRTHS,_T,,KZATY,KZATY,10.26
2022,PER_1000_LIVE_BIRTHS,_T,,KZZAP,KZZAP,9.73
2022,PER_1000_LIVE_BIRTHS,_T,,KZZHA,KZZHA,9.54
2022,PER_1000_LIVE_BIRTHS,_T,,KZZHS,KZZHS,10.91
2022,PER_1000_LIVE_BIRTHS,_T,,KZKAR,KZKAR,10.05
2022,PER_1000_LIVE_BIRTHS,_T,,KZKUS,KZKUS,12.94
2022,PER_1000_LIVE_BIRTHS,_T,,KZKZY,KZKZY,12.61
2022,PER_1000_LIVE_BIRTHS,_T,,KZMAN,KZMAN,9.78
2022,PER_1000_LIVE_BIRTHS,_T,,KZPAV,KZPAV,9.1
2022,PER_1000_LIVE_BIRTHS,_T,,KZSEV,KZSEV,12.76
2022,PER_1000_LIVE_BIRTHS,_T,,KZYUZ,KZYUZ,10.86
2022,PER_1000_LIVE_BIRTHS,_T,,KZULU,KZULU,11.56
2022,PER_1000_LIVE_BIRTHS,_T,,KZVOS,KZVOS,10.02
2022,PER_1000_LIVE_BIRTHS,_T,,KZNS,KZNS,7.26
2022,PER_1000_LIVE_BIRTHS,_T,,KZALA,KZALA,6.45
2022,PER_1000_LIVE_BIRTHS,_T,,KZSHY,KZSHY,9.58
2022,PER_1000_LIVE_BIRTHS,_T,U,,,9.18
2022,PER_1000_LIVE_BIRTHS,_T,U,KZABY,KZABY,6.75
2022,PER_1000_LIVE_BIRTHS,_T,U,KZAKM,KZAKM,8.41
2022,PER_1000_LIVE_BIRTHS,_T,U,KZAKT,KZAKT,9.76
2022,PER_1000_LIVE_BIRTHS,_T,U,KZALM,KZALM,11.82
2022,PER_1000_LIVE_BIRTHS,_T,U,KZATY,KZATY,9.81
2022,PER_1000_LIVE_BIRTHS,_T,U,KZZAP,KZZAP,8.66
2022,PER_1000_LIVE_BIRTHS,_T,U,KZZHA,KZZHA,10.76
2022,PER_1000_LIVE_BIRTHS,_T,U,KZZHS,KZZHS,11.09
2022,PER_1000_LIVE_BIRTHS,_T,U,KZKAR,KZKAR,10.27
2022,PER_1000_LIVE_BIRTHS,_T,U,KZKUS,KZKUS,10.78
2022,PER_1000_LIVE_BIRTHS,_T,U,KZKZY,KZKZY,13.62
2022,PER_1000_LIVE_BIRTHS,_T,U,KZMAN,KZMAN,9.47
2022,PER_1000_LIVE_BIRTHS,_T,U,KZPAV,KZPAV,9.42
2022,PER_1000_LIVE_BIRTHS,_T,U,KZSEV,KZSEV,11.74
2022,PER_1000_LIVE_BIRTHS,_T,U,KZYUZ,KZYUZ,10.18
2022,PER_1000_LIVE_BIRTHS,_T,U,KZULU,KZULU,12.38
2022,PER_1000_LIVE_BIRTHS,_T,U,KZVOS,KZVOS,9.19
2022,PER_1000_LIVE_BIRTHS,_T,U,KZNS,KZNS,7.26
2022,PER_1000_LIVE_BIRTHS,_T,U,KZALA,KZALA,6.45
2022,PER_1000_LIVE_BIRTHS,_T,U,KZSHY,KZSHY,9.58
2022,PER_1000_LIVE_BIRTHS,_T,R,,,10.92
2022,PER_1000_LIVE_BIRTHS,_T,R,KZABY,KZABY,6.75
2022,PER_1000_LIVE_BIRTHS,_T,R,KZAKM,KZAKM,8.41
2022,PER_1000_LIVE_BIRTHS,_T,R,KZAKT,KZAKT,9.76
2022,PER_1000_LIVE_BIRTHS,_T,R,KZALM,KZALM,11.82
2022,PER_1000_LIVE_BIRTHS,_T,R,KZATY,KZATY,9.81
2022,PER_1000_LIVE_BIRTHS,_T,R,KZZAP,KZZAP,8.66
2022,PER_1000_LIVE_BIRTHS,_T,R,KZZHA,KZZHA,10.76
2022,PER_1000_LIVE_BIRTHS,_T,R,KZZHS,KZZHS,11.09
2022,PER_1000_LIVE_BIRTHS,_T,R,KZKAR,KZKAR,9.2
2022,PER_1000_LIVE_BIRTHS,_T,R,KZKUS,KZKUS,16.72
2022,PER_1000_LIVE_BIRTHS,_T,R,KZKZY,KZKZY,11.67
2022,PER_1000_LIVE_BIRTHS,_T,R,KZMAN,KZMAN,10.02
2022,PER_1000_LIVE_BIRTHS,_T,R,KZPAV,KZPAV,8.38
2022,PER_1000_LIVE_BIRTHS,_T,R,KZSEV,KZSEV,13.74
2022,PER_1000_LIVE_BIRTHS,_T,R,KZYUZ,KZYUZ,11.1
2022,PER_1000_LIVE_BIRTHS,_T,R,KZULU,KZULU,8.4
2022,PER_1000_LIVE_BIRTHS,_T,R,KZVOS,KZVOS,11.76
2022,PER_1000_LIVE_BIRTHS,M,,,,10.93
2022,PER_1000_LIVE_BIRTHS,M,,KZABY,KZABY,8.16
2022,PER_1000_LIVE_BIRTHS,M,,KZAKM,KZAKM,6.79
2022,PER_1000_LIVE_BIRTHS,M,,KZAKT,KZAKT,12.19
2022,PER_1000_LIVE_BIRTHS,M,,KZALM,KZALM,13.39
2022,PER_1000_LIVE_BIRTHS,M,,KZATY,KZATY,10.75
2022,PER_1000_LIVE_BIRTHS,M,,KZZAP,KZZAP,11.27
2022,PER_1000_LIVE_BIRTHS,M,,KZZHA,KZZHA,11.18
2022,PER_1000_LIVE_BIRTHS,M,,KZZHS,KZZHS,13.83
2022,PER_1000_LIVE_BIRTHS,M,,KZKAR,KZKAR,11.46
2022,PER_1000_LIVE_BIRTHS,M,,KZKUS,KZKUS,15.35
2022,PER_1000_LIVE_BIRTHS,M,,KZKZY,KZKZY,13.2
2022,PER_1000_LIVE_BIRTHS,M,,KZMAN,KZMAN,10.81
2022,PER_1000_LIVE_BIRTHS,M,,KZPAV,KZPAV,10.32
2022,PER_1000_LIVE_BIRTHS,M,,KZSEV,KZSEV,12.96
2022,PER_1000_LIVE_BIRTHS,M,,KZYUZ,KZYUZ,12.04
2022,PER_1000_LIVE_BIRTHS,M,,KZULU,KZULU,12.15
2022,PER_1000_LIVE_BIRTHS,M,,KZVOS,KZVOS,9.98
2022,PER_1000_LIVE_BIRTHS,M,,KZNS,KZNS,7.32
2022,PER_1000_LIVE_BIRTHS,M,,KZALA,KZALA,7.34
2022,PER_1000_LIVE_BIRTHS,M,,KZSHY,KZSHY,10.61
2022,PER_1000_LIVE_BIRTHS,M,U,,,10.19
2022,PER_1000_LIVE_BIRTHS,M,U,KZABY,KZABY,7.62
2022,PER_1000_LIVE_BIRTHS,M,U,KZAKM,KZAKM,7.32
2022,PER_1000_LIVE_BIRTHS,M,U,KZAKT,KZAKT,11.48
2022,PER_1000_LIVE_BIRTHS,M,U,KZALM,KZALM,14.01
2022,PER_1000_LIVE_BIRTHS,M,U,KZATY,KZATY,10.53
2022,PER_1000_LIVE_BIRTHS,M,U,KZZAP,KZZAP,8.83
2022,PER_1000_LIVE_BIRTHS,M,U,KZZHA,KZZHA,13.45
2022,PER_1000_LIVE_BIRTHS,M,U,KZZHS,KZZHS,12.78
2022,PER_1000_LIVE_BIRTHS,M,U,KZKAR,KZKAR,11.73
2022,PER_1000_LIVE_BIRTHS,M,U,KZKUS,KZKUS,12.84
2022,PER_1000_LIVE_BIRTHS,M,U,KZKZY,KZKZY,16.02
2022,PER_1000_LIVE_BIRTHS,M,U,KZMAN,KZMAN,10.54
2022,PER_1000_LIVE_BIRTHS,M,U,KZPAV,KZPAV,10.89
2022,PER_1000_LIVE_BIRTHS,M,U,KZSEV,KZSEV,11.73
2022,PER_1000_LIVE_BIRTHS,M,U,KZYUZ,KZYUZ,11.31
2022,PER_1000_LIVE_BIRTHS,M,U,KZULU,KZULU,13.19
2022,PER_1000_LIVE_BIRTHS,M,U,KZVOS,KZVOS,8.08
2022,PER_1000_LIVE_BIRTHS,M,U,KZNS,KZNS,7.32
2022,PER_1000_LIVE_BIRTHS,M,U,KZALA,KZALA,7.34
2022,PER_1000_LIVE_BIRTHS,M,U,KZSHY,KZSHY,10.61
2022,PER_1000_LIVE_BIRTHS,M,R,,,12.03
2022,PER_1000_LIVE_BIRTHS,M,R,KZABY,KZABY,9.13
2022,PER_1000_LIVE_BIRTHS,M,R,KZAKM,KZAKM,6.06
2022,PER_1000_LIVE_BIRTHS,M,R,KZAKT,KZAKT,14.25
2022,PER_1000_LIVE_BIRTHS,M,R,KZALM,KZALM,13.25
2022,PER_1000_LIVE_BIRTHS,M,R,KZATY,KZATY,11.03
2022,PER_1000_LIVE_BIRTHS,M,R,KZZAP,KZZAP,14.39
2022,PER_1000_LIVE_BIRTHS,M,R,KZZHA,KZZHA,9.49
2022,PER_1000_LIVE_BIRTHS,M,R,KZZHS,KZZHS,14.71
2022,PER_1000_LIVE_BIRTHS,M,R,KZKAR,KZKAR,10.35
2022,PER_1000_LIVE_BIRTHS,M,R,KZKUS,KZKUS,19.71
2022,PER_1000_LIVE_BIRTHS,M,R,KZKZY,KZKZY,10.58
2022,PER_1000_LIVE_BIRTHS,M,R,KZMAN,KZMAN,11.02
2022,PER_1000_LIVE_BIRTHS,M,R,KZPAV,KZPAV,9.0
2022,PER_1000_LIVE_BIRTHS,M,R,KZSEV,KZSEV,14.1
2022,PER_1000_LIVE_BIRTHS,M,R,KZYUZ,KZYUZ,12.31
2022,PER_1000_LIVE_BIRTHS,M,R,KZULU,KZULU,8.15
2022,PER_1000_LIVE_BIRTHS,M,R,KZVOS,KZVOS,14.03
2022,PER_1000_LIVE_BIRTHS,F,,,,8.76
2022,PER_1000_LIVE_BIRTHS,F,,KZABY,KZABY,7.14
2022,PER_1000_LIVE_BIRTHS,F,,KZAKM,KZAKM,7.06
2022,PER_1000_LIVE_BIRTHS,F,,KZAKT,KZAKT,9.6
2022,PER_1000_LIVE_BIRTHS,F,,KZALM,KZALM,10.6
2022,PER_1000_LIVE_BIRTHS,F,,KZATY,KZATY,9.73
2022,PER_1000_LIVE_BIRTHS,F,,KZZAP,KZZAP,8.08
2022,PER_1000_LIVE_BIRTHS,F,,KZZHA,KZZHA,7.8
2022,PER_1000_LIVE_BIRTHS,F,,KZZHS,KZZHS,7.85
2022,PER_1000_LIVE_BIRTHS,F,,KZKAR,KZKAR,8.57
2022,PER_1000_LIVE_BIRTHS,F,,KZKUS,KZKUS,10.31
2022,PER_1000_LIVE_BIRTHS,F,,KZKZY,KZKZY,11.99
2022,PER_1000_LIVE_BIRTHS,F,,KZMAN,KZMAN,8.66
2022,PER_1000_LIVE_BIRTHS,F,,KZPAV,KZPAV,7.79
2022,PER_1000_LIVE_BIRTHS,F,,KZSEV,KZSEV,12.54
2022,PER_1000_LIVE_BIRTHS,F,,KZYUZ,KZYUZ,9.61
2022,PER_1000_LIVE_BIRTHS,F,,KZULU,KZULU,10.91
2022,PER_1000_LIVE_BIRTHS,F,,KZVOS,KZVOS,10.05
2022,PER_1000_LIVE_BIRTHS,F,,KZNS,KZNS,7.2
2022,PER_1000_LIVE_BIRTHS,F,,KZALA,KZALA,5.5
2022,PER_1000_LIVE_BIRTHS,F,,KZSHY,KZSHY,8.48
2022,PER_1000_LIVE_BIRTHS,F,U,,,8.11
2022,PER_1000_LIVE_BIRTHS,F,U,KZABY,KZABY,5.85
2022,PER_1000_LIVE_BIRTHS,F,U,KZAKM,KZAKM,9.56
2022,PER_1000_LIVE_BIRTHS,F,U,KZAKT,KZAKT,7.91
2022,PER_1000_LIVE_BIRTHS,F,U,KZALM,KZALM,9.47
2022,PER_1000_LIVE_BIRTHS,F,U,KZATY,KZATY,9.06
2022,PER_1000_LIVE_BIRTHS,F,U,KZZAP,KZZAP,8.48
2022,PER_1000_LIVE_BIRTHS,F,U,KZZHA,KZZHA,7.92
2022,PER_1000_LIVE_BIRTHS,F,U,KZZHS,KZZHS,9.35
2022,PER_1000_LIVE_BIRTHS,F,U,KZKAR,KZKAR,8.72
2022,PER_1000_LIVE_BIRTHS,F,U,KZKUS,KZKUS,8.55
2022,PER_1000_LIVE_BIRTHS,F,U,KZKZY,KZKZY,11.08
2022,PER_1000_LIVE_BIRTHS,F,U,KZMAN,KZMAN,8.31
2022,PER_1000_LIVE_BIRTHS,F,U,KZPAV,KZPAV,7.83
2022,PER_1000_LIVE_BIRTHS,F,U,KZSEV,KZSEV,11.75
2022,PER_1000_LIVE_BIRTHS,F,U,KZYUZ,KZYUZ,9.0
2022,PER_1000_LIVE_BIRTHS,F,U,KZULU,KZULU,11.5
2022,PER_1000_LIVE_BIRTHS,F,U,KZVOS,KZVOS,10.38
2022,PER_1000_LIVE_BIRTHS,F,U,KZNS,KZNS,7.2
2022,PER_1000_LIVE_BIRTHS,F,U,KZALA,KZALA,5.5
2022,PER_1000_LIVE_BIRTHS,F,U,KZSHY,KZSHY,8.48
2022,PER_1000_LIVE_BIRTHS,F,R,,,9.74
2022,PER_1000_LIVE_BIRTHS,F,R,KZABY,KZABY,9.48
2022,PER_1000_LIVE_BIRTHS,F,R,KZAKM,KZAKM,3.71
2022,PER_1000_LIVE_BIRTHS,F,R,KZAKT,KZAKT,14.43
2022,PER_1000_LIVE_BIRTHS,F,R,KZALM,KZALM,10.85
2022,PER_1000_LIVE_BIRTHS,F,R,KZATY,KZATY,10.57
2022,PER_1000_LIVE_BIRTHS,F,R,KZZAP,KZZAP,7.58
2022,PER_1000_LIVE_BIRTHS,F,R,KZZHA,KZZHA,7.71
2022,PER_1000_LIVE_BIRTHS,F,R,KZZHS,KZZHS,6.53
2022,PER_1000_LIVE_BIRTHS,F,R,KZKAR,KZKAR,7.97
2022,PER_1000_LIVE_BIRTHS,F,R,KZKUS,KZKUS,13.41
2022,PER_1000_LIVE_BIRTHS,F,R,KZKZY,KZKZY,12.86
2022,PER_1000_LIVE_BIRTHS,F,R,KZMAN,KZMAN,8.94
2022,PER_1000_LIVE_BIRTHS,F,R,KZPAV,KZPAV,7.71
2022,PER_1000_LIVE_BIRTHS,F,R,KZSEV,KZSEV,13.35
2022,PER_1000_LIVE_BIRTHS,F,R,KZYUZ,KZYUZ,9.83
2022,PER_1000_LIVE_BIRTHS,F,R,KZULU,KZULU,8.68
2022,PER_1000_LIVE_BIRTHS,F,R,KZVOS,KZVOS,9.38
2023,PER_1000_LIVE_BIRTHS,_T,,,,10.03
2023,PER_1000_LIVE_BIRTHS,_T,,KZABY,KZABY,8.06
2023,PER_1000_LIVE_BIRTHS,_T,,KZAKM,KZAKM,8.53
2023,PER_1000_LIVE_BIRTHS,_T,,KZAKT,KZAKT,11.56
2023,PER_1000_LIVE_BIRTHS,_T,,KZALM,KZALM,11.25
2023,PER_1000_LIVE_BIRTHS,_T,,KZATY,KZATY,10.58
2023,PER_1000_LIVE_BIRTHS,_T,,KZZAP,KZZAP,9.74
2023,PER_1000_LIVE_BIRTHS,_T,,KZZHA,KZZHA,10.32
2023,PER_1000_LIVE_BIRTHS,_T,,KZZHS,KZZHS,11.26
2023,PER_1000_LIVE_BIRTHS,_T,,KZKAR,KZKAR,8.14
2023,PER_1000_LIVE_BIRTHS,_T,,KZKUS,KZKUS,10.75
2023,PER_1000_LIVE_BIRTHS,_T,,KZKZY,KZKZY,11.39
2023,PER_1000_LIVE_BIRTHS,_T,,KZMAN,KZMAN,10.92
2023,PER_1000_LIVE_BIRTHS,_T,,KZPAV,KZPAV,9.25
2023,PER_1000_LIVE_BIRTHS,_T,,KZSEV,KZSEV,11.52
2023,PER_1000_LIVE_BIRTHS,_T,,KZYUZ,KZYUZ,11.08
2023,PER_1000_LIVE_BIRTHS,_T,,KZULU,KZULU,9.96
2023,PER_1000_LIVE_BIRTHS,_T,,KZVOS,KZVOS,9.52
2023,PER_1000_LIVE_BIRTHS,_T,,KZNS,KZNS,7.55
2023,PER_1000_LIVE_BIRTHS,_T,,KZALA,KZALA,7.75
2023,PER_1000_LIVE_BIRTHS,_T,,KZSHY,KZSHY,10.41
2023,PER_1000_LIVE_BIRTHS,_T,U,,,9.35
2023,PER_1000_LIVE_BIRTHS,_T,U,KZABY,KZABY,7.46
2023,PER_1000_LIVE_BIRTHS,_T,U,KZAKM,KZAKM,9.01
2023,PER_1000_LIVE_BIRTHS,_T,U,KZAKT,KZAKT,10.29
2023,PER_1000_LIVE_BIRTHS,_T,U,KZALM,KZALM,12.43
2023,PER_1000_LIVE_BIRTHS,_T,U,KZATY,KZATY,9.89
2023,PER_1000_LIVE_BIRTHS,_T,U,KZZAP,KZZAP,7.94
2023,PER_1000_LIVE_BIRTHS,_T,U,KZZHA,KZZHA,12.03
2023,PER_1000_LIVE_BIRTHS,_T,U,KZZHS,KZZHS,11.15
2023,PER_1000_LIVE_BIRTHS,_T,U,KZKAR,KZKAR,8.17
2023,PER_1000_LIVE_BIRTHS,_T,U,KZKUS,KZKUS,9.53
2023,PER_1000_LIVE_BIRTHS,_T,U,KZKZY,KZKZY,11.51
2023,PER_1000_LIVE_BIRTHS,_T,U,KZMAN,KZMAN,10.23
2023,PER_1000_LIVE_BIRTHS,_T,U,KZPAV,KZPAV,8.47
2023,PER_1000_LIVE_BIRTHS,_T,U,KZSEV,KZSEV,10.32
2023,PER_1000_LIVE_BIRTHS,_T,U,KZYUZ,KZYUZ,10.56
2023,PER_1000_LIVE_BIRTHS,_T,U,KZULU,KZULU,9.58
2023,PER_1000_LIVE_BIRTHS,_T,U,KZVOS,KZVOS,9.36
2023,PER_1000_LIVE_BIRTHS,_T,U,KZNS,KZNS,7.55
2023,PER_1000_LIVE_BIRTHS,_T,U,KZALA,KZALA,7.75
2023,PER_1000_LIVE_BIRTHS,_T,U,KZSHY,KZSHY,10.41
2023,PER_1000_LIVE_BIRTHS,_T,R,,,11.01
2023,PER_1000_LIVE_BIRTHS,_T,R,KZABY,KZABY,7.46
2023,PER_1000_LIVE_BIRTHS,_T,R,KZAKM,KZAKM,9.01
2023,PER_1000_LIVE_BIRTHS,_T,R,KZAKT,KZAKT,10.29
2023,PER_1000_LIVE_BIRTHS,_T,R,KZALM,KZALM,12.43
2023,PER_1000_LIVE_BIRTHS,_T,R,KZATY,KZATY,9.89
2023,PER_1000_LIVE_BIRTHS,_T,R,KZZAP,KZZAP,7.94
2023,PER_1000_LIVE_BIRTHS,_T,R,KZZHA,KZZHA,12.03
2023,PER_1000_LIVE_BIRTHS,_T,R,KZZHS,KZZHS,11.15
2023,PER_1000_LIVE_BIRTHS,_T,R,KZKAR,KZKAR,7.99
2023,PER_1000_LIVE_BIRTHS,_T,R,KZKUS,KZKUS,12.83
2023,PER_1000_LIVE_BIRTHS,_T,R,KZKZY,KZKZY,11.29
2023,PER_1000_LIVE_BIRTHS,_T,R,KZMAN,KZMAN,11.42
2023,PER_1000_LIVE_BIRTHS,_T,R,KZPAV,KZPAV,11.03
2023,PER_1000_LIVE_BIRTHS,_T,R,KZSEV,KZSEV,12.67
2023,PER_1000_LIVE_BIRTHS,_T,R,KZYUZ,KZYUZ,11.26
2023,PER_1000_LIVE_BIRTHS,_T,R,KZULU,KZULU,11.32
2023,PER_1000_LIVE_BIRTHS,_T,R,KZVOS,KZVOS,9.84
2023,PER_1000_LIVE_BIRTHS,M,,,,11.24
2023,PER_1000_LIVE_BIRTHS,M,,KZABY,KZABY,9.09
2023,PER_1000_LIVE_BIRTHS,M,,KZAKM,KZAKM,10.56
2023,PER_1000_LIVE_BIRTHS,M,,KZAKT,KZAKT,12.82
2023,PER_1000_LIVE_BIRTHS,M,,KZALM,KZALM,12.99
2023,PER_1000_LIVE_BIRTHS,M,,KZATY,KZATY,12.15
2023,PER_1000_LIVE_BIRTHS,M,,KZZAP,KZZAP,10.14
2023,PER_1000_LIVE_BIRTHS,M,,KZZHA,KZZHA,12.34
2023,PER_1000_LIVE_BIRTHS,M,,KZZHS,KZZHS,11.35
2023,PER_1000_LIVE_BIRTHS,M,,KZKAR,KZKAR,9.12
2023,PER_1000_LIVE_BIRTHS,M,,KZKUS,KZKUS,11.74
2023,PER_1000_LIVE_BIRTHS,M,,KZKZY,KZKZY,12.25
2023,PER_1000_LIVE_BIRTHS,M,,KZMAN,KZMAN,12.22
2023,PER_1000_LIVE_BIRTHS,M,,KZPAV,KZPAV,10.28
2023,PER_1000_LIVE_BIRTHS,M,,KZSEV,KZSEV,14.12
2023,PER_1000_LIVE_BIRTHS,M,,KZYUZ,KZYUZ,12.82
2023,PER_1000_LIVE_BIRTHS,M,,KZULU,KZULU,8.25
2023,PER_1000_LIVE_BIRTHS,M,,KZVOS,KZVOS,9.55
2023,PER_1000_LIVE_BIRTHS,M,,KZNS,KZNS,8.43
2023,PER_1000_LIVE_BIRTHS,M,,KZALA,KZALA,8.42
2023,PER_1000_LIVE_BIRTHS,M,,KZSHY,KZSHY,11.71
2023,PER_1000_LIVE_BIRTHS,M,U,,,10.23
2023,PER_1000_LIVE_BIRTHS,M,U,KZABY,KZABY,9.01
2023,PER_1000_LIVE_BIRTHS,M,U,KZAKM,KZAKM,10.49
2023,PER_1000_LIVE_BIRTHS,M,U,KZAKT,KZAKT,11.27
2023,PER_1000_LIVE_BIRTHS,M,U,KZALM,KZALM,13.22
2023,PER_1000_LIVE_BIRTHS,M,U,KZATY,KZATY,11.86
2023,PER_1000_LIVE_BIRTHS,M,U,KZZAP,KZZAP,7.82
2023,PER_1000_LIVE_BIRTHS,M,U,KZZHA,KZZHA,14.33
2023,PER_1000_LIVE_BIRTHS,M,U,KZZHS,KZZHS,10.42
2023,PER_1000_LIVE_BIRTHS,M,U,KZKAR,KZKAR,9.11
2023,PER_1000_LIVE_BIRTHS,M,U,KZKUS,KZKUS,10.9
2023,PER_1000_LIVE_BIRTHS,M,U,KZKZY,KZKZY,12.28
2023,PER_1000_LIVE_BIRTHS,M,U,KZMAN,KZMAN,10.1
2023,PER_1000_LIVE_BIRTHS,M,U,KZPAV,KZPAV,8.79
2023,PER_1000_LIVE_BIRTHS,M,U,KZSEV,KZSEV,11.4
2023,PER_1000_LIVE_BIRTHS,M,U,KZYUZ,KZYUZ,11.57
2023,PER_1000_LIVE_BIRTHS,M,U,KZULU,KZULU,8.5
2023,PER_1000_LIVE_BIRTHS,M,U,KZVOS,KZVOS,8.63
2023,PER_1000_LIVE_BIRTHS,M,U,KZNS,KZNS,8.43
2023,PER_1000_LIVE_BIRTHS,M,U,KZALA,KZALA,8.42
2023,PER_1000_LIVE_BIRTHS,M,U,KZSHY,KZSHY,11.71
2023,PER_1000_LIVE_BIRTHS,M,R,,,12.72
2023,PER_1000_LIVE_BIRTHS,M,R,KZABY,KZABY,9.24
2023,PER_1000_LIVE_BIRTHS,M,R,KZAKM,KZAKM,10.65
2023,PER_1000_LIVE_BIRTHS,M,R,KZAKT,KZAKT,17.18
2023,PER_1000_LIVE_BIRTHS,M,R,KZALM,KZALM,12.95
2023,PER_1000_LIVE_BIRTHS,M,R,KZATY,KZATY,12.49
2023,PER_1000_LIVE_BIRTHS,M,R,KZZAP,KZZAP,13.05
2023,PER_1000_LIVE_BIRTHS,M,R,KZZHA,KZZHA,10.89
2023,PER_1000_LIVE_BIRTHS,M,R,KZZHS,KZZHS,12.07
2023,PER_1000_LIVE_BIRTHS,M,R,KZKAR,KZKAR,9.16
2023,PER_1000_LIVE_BIRTHS,M,R,KZKUS,KZKUS,13.17
2023,PER_1000_LIVE_BIRTHS,M,R,KZKZY,KZKZY,12.22
2023,PER_1000_LIVE_BIRTHS,M,R,KZMAN,KZMAN,13.73
2023,PER_1000_LIVE_BIRTHS,M,R,KZPAV,KZPAV,13.71
2023,PER_1000_LIVE_BIRTHS,M,R,KZSEV,KZSEV,16.79
2023,PER_1000_LIVE_BIRTHS,M,R,KZYUZ,KZYUZ,13.25
2023,PER_1000_LIVE_BIRTHS,M,R,KZULU,KZULU,7.43
2023,PER_1000_LIVE_BIRTHS,M,R,KZVOS,KZVOS,11.4
2023,PER_1000_LIVE_BIRTHS,F,,,,8.72
2023,PER_1000_LIVE_BIRTHS,F,,KZABY,KZABY,6.93
2023,PER_1000_LIVE_BIRTHS,F,,KZAKM,KZAKM,6.25
2023,PER_1000_LIVE_BIRTHS,F,,KZAKT,KZAKT,10.19
2023,PER_1000_LIVE_BIRTHS,F,,KZALM,KZALM,9.38
2023,PER_1000_LIVE_BIRTHS,F,,KZATY,KZATY,8.89
2023,PER_1000_LIVE_BIRTHS,F,,KZZAP,KZZAP,9.31
2023,PER_1000_LIVE_BIRTHS,F,,KZZHA,KZZHA,8.19
2023,PER_1000_LIVE_BIRTHS,F,,KZZHS,KZZHS,11.16
2023,PER_1000_LIVE_BIRTHS,F,,KZKAR,KZKAR,7.09
2023,PER_1000_LIVE_BIRTHS,F,,KZKUS,KZKUS,9.73
2023,PER_1000_LIVE_BIRTHS,F,,KZKZY,KZKZY,10.46
2023,PER_1000_LIVE_BIRTHS,F,,KZMAN,KZMAN,9.54
2023,PER_1000_LIVE_BIRTHS,F,,KZPAV,KZPAV,8.16
2023,PER_1000_LIVE_BIRTHS,F,,KZSEV,KZSEV,8.82
2023,PER_1000_LIVE_BIRTHS,F,,KZYUZ,KZYUZ,9.24
2023,PER_1000_LIVE_BIRTHS,F,,KZULU,KZULU,11.83
2023,PER_1000_LIVE_BIRTHS,F,,KZVOS,KZVOS,9.49
2023,PER_1000_LIVE_BIRTHS,F,,KZNS,KZNS,6.6
2023,PER_1000_LIVE_BIRTHS,F,,KZALA,KZALA,7.03
2023,PER_1000_LIVE_BIRTHS,F,,KZSHY,KZSHY,9.03
2023,PER_1000_LIVE_BIRTHS,F,U,,,8.41
2023,PER_1000_LIVE_BIRTHS,F,U,KZABY,KZABY,5.8
2023,PER_1000_LIVE_BIRTHS,F,U,KZAKM,KZAKM,7.26
2023,PER_1000_LIVE_BIRTHS,F,U,KZAKT,KZAKT,9.25
2023,PER_1000_LIVE_BIRTHS,F,U,KZALM,KZALM,11.59
2023,PER_1000_LIVE_BIRTHS,F,U,KZATY,KZATY,7.78
2023,PER_1000_LIVE_BIRTHS,F,U,KZZAP,KZZAP,8.06
2023,PER_1000_LIVE_BIRTHS,F,U,KZZHA,KZZHA,9.62
2023,PER_1000_LIVE_BIRTHS,F,U,KZZHS,KZZHS,11.9
2023,PER_1000_LIVE_BIRTHS,F,U,KZKAR,KZKAR,7.16
2023,PER_1000_LIVE_BIRTHS,F,U,KZKUS,KZKUS,8.09
2023,PER_1000_LIVE_BIRTHS,F,U,KZKZY,KZKZY,10.65
2023,PER_1000_LIVE_BIRTHS,F,U,KZMAN,KZMAN,10.37
2023,PER_1000_LIVE_BIRTHS,F,U,KZPAV,KZPAV,8.13
2023,PER_1000_LIVE_BIRTHS,F,U,KZSEV,KZSEV,9.16
2023,PER_1000_LIVE_BIRTHS,F,U,KZYUZ,KZYUZ,9.49
2023,PER_1000_LIVE_BIRTHS,F,U,KZULU,KZULU,10.71
2023,PER_1000_LIVE_BIRTHS,F,U,KZVOS,KZVOS,10.14
2023,PER_1000_LIVE_BIRTHS,F,U,KZNS,KZNS,6.6
2023,PER_1000_LIVE_BIRTHS,F,U,KZALA,KZALA,7.03
2023,PER_1000_LIVE_BIRTHS,F,U,KZSHY,KZSHY,9.03
2023,PER_1000_LIVE_BIRTHS,F,R,,,9.18
2023,PER_1000_LIVE_BIRTHS,F,R,KZABY,KZABY,9.06
2023,PER_1000_LIVE_BIRTHS,F,R,KZAKM,KZAKM,4.93
2023,PER_1000_LIVE_BIRTHS,F,R,KZAKT,KZAKT,13.01
2023,PER_1000_LIVE_BIRTHS,F,R,KZALM,KZALM,9.02
2023,PER_1000_LIVE_BIRTHS,F,R,KZATY,KZATY,10.14
2023,PER_1000_LIVE_BIRTHS,F,R,KZZAP,KZZAP,10.88
2023,PER_1000_LIVE_BIRTHS,F,R,KZZHA,KZZHA,7.15
2023,PER_1000_LIVE_BIRTHS,F,R,KZZHS,KZZHS,10.59
2023,PER_1000_LIVE_BIRTHS,F,R,KZKAR,KZKAR,6.81
2023,PER_1000_LIVE_BIRTHS,F,R,KZKUS,KZKUS,12.49
2023,PER_1000_LIVE_BIRTHS,F,R,KZKZY,KZKZY,10.29
2023,PER_1000_LIVE_BIRTHS,F,R,KZMAN,KZMAN,8.94
2023,PER_1000_LIVE_BIRTHS,F,R,KZPAV,KZPAV,8.21
2023,PER_1000_LIVE_BIRTHS,F,R,KZSEV,KZSEV,8.5
2023,PER_1000_LIVE_BIRTHS,F,R,KZYUZ,KZYUZ,9.15
2023,PER_1000_LIVE_BIRTHS,F,R,KZULU,KZULU,16.13
2023,PER_1000_LIVE_BIRTHS,F,R,KZVOS,KZVOS,8.12
2024,PER_1000_LIVE_BIRTHS,_T,,,,9.3
2024,PER_1000_LIVE_BIRTHS,_T,,KZABY,KZABY,8.78
2024,PER_1000_LIVE_BIRTHS,_T,,KZAKM,KZAKM,8.58
2024,PER_1000_LIVE_BIRTHS,_T,,KZAKT,KZAKT,12.04
2024,PER_1000_LIVE_BIRTHS,_T,,KZALM,KZALM,10.47
2024,PER_1000_LIVE_BIRTHS,_T,,KZATY,KZATY,9.05
2024,PER_1000_LIVE_BIRTHS,_T,,KZZAP,KZZAP,9.19
2024,PER_1000_LIVE_BIRTHS,_T,,KZZHA,KZZHA,10.79
2024,PER_1000_LIVE_BIRTHS,_T,,KZZHS,KZZHS,10.97
2024,PER_1000_LIVE_BIRTHS,_T,,KZKAR,KZKAR,8.65
2024,PER_1000_LIVE_BIRTHS,_T,,KZKUS,KZKUS,11.24
2024,PER_1000_LIVE_BIRTHS,_T,,KZKZY,KZKZY,11.3
2024,PER_1000_LIVE_BIRTHS,_T,,KZMAN,KZMAN,9.21
2024,PER_1000_LIVE_BIRTHS,_T,,KZPAV,KZPAV,9.37
2024,PER_1000_LIVE_BIRTHS,_T,,KZSEV,KZSEV,9.64
2024,PER_1000_LIVE_BIRTHS,_T,,KZYUZ,KZYUZ,10.14
2024,PER_1000_LIVE_BIRTHS,_T,,KZULU,KZULU,11.66
2024,PER_1000_LIVE_BIRTHS,_T,,KZVOS,KZVOS,7.33
2024,PER_1000_LIVE_BIRTHS,_T,,KZNS,KZNS,6.52
2024,PER_1000_LIVE_BIRTHS,_T,,KZALA,KZALA,7.42
2024,PER_1000_LIVE_BIRTHS,_T,,KZSHY,KZSHY,7.12
2024,PER_1000_LIVE_BIRTHS,_T,U,,,8.56
2024,PER_1000_LIVE_BIRTHS,_T,U,KZABY,KZABY,8.39
2024,PER_1000_LIVE_BIRTHS,_T,U,KZAKM,KZAKM,8.34
2024,PER_1000_LIVE_BIRTHS,_T,U,KZAKT,KZAKT,11.43
2024,PER_1000_LIVE_BIRTHS,_T,U,KZALM,KZALM,12.48
2024,PER_1000_LIVE_BIRTHS,_T,U,KZATY,KZATY,9.12
2024,PER_1000_LIVE_BIRTHS,_T,U,KZZAP,KZZAP,8.68
2024,PER_1000_LIVE_BIRTHS,_T,U,KZZHA,KZZHA,12.01
2024,PER_1000_LIVE_BIRTHS,_T,U,KZZHS,KZZHS,10.28
2024,PER_1000_LIVE_BIRTHS,_T,U,KZKAR,KZKAR,8.33
2024,PER_1000_LIVE_BIRTHS,_T,U,KZKUS,KZKUS,10.72
2024,PER_1000_LIVE_BIRTHS,_T,U,KZKZY,KZKZY,10.66
2024,PER_1000_LIVE_BIRTHS,_T,U,KZMAN,KZMAN,8.06
2024,PER_1000_LIVE_BIRTHS,_T,U,KZPAV,KZPAV,9.72
2024,PER_1000_LIVE_BIRTHS,_T,U,KZSEV,KZSEV,10.85
2024,PER_1000_LIVE_BIRTHS,_T,U,KZYUZ,KZYUZ,7.98
2024,PER_1000_LIVE_BIRTHS,_T,U,KZULU,KZULU,12.77
2024,PER_1000_LIVE_BIRTHS,_T,U,KZVOS,KZVOS,7.03
2024,PER_1000_LIVE_BIRTHS,_T,U,KZNS,KZNS,6.52
2024,PER_1000_LIVE_BIRTHS,_T,U,KZALA,KZALA,7.42
2024,PER_1000_LIVE_BIRTHS,_T,U,KZSHY,KZSHY,7.12
2024,PER_1000_LIVE_BIRTHS,_T,R,,,10.41
2024,PER_1000_LIVE_BIRTHS,_T,R,KZABY,KZABY,9.53
2024,PER_1000_LIVE_BIRTHS,_T,R,KZAKM,KZAKM,8.92
2024,PER_1000_LIVE_BIRTHS,_T,R,KZAKT,KZAKT,13.84
2024,PER_1000_LIVE_BIRTHS,_T,R,KZALM,KZALM,10.05
2024,PER_1000_LIVE_BIRTHS,_T,R,KZATY,KZATY,8.96
2024,PER_1000_LIVE_BIRTHS,_T,R,KZZAP,KZZAP,9.85
2024,PER_1000_LIVE_BIRTHS,_T,R,KZZHA,KZZHA,9.93
2024,PER_1000_LIVE_BIRTHS,_T,R,KZZHS,KZZHS,11.53
2024,PER_1000_LIVE_BIRTHS,_T,R,KZKAR,KZKAR,9.96
2024,PER_1000_LIVE_BIRTHS,_T,R,KZKUS,KZKUS,12.13
2024,PER_1000_LIVE_BIRTHS,_T,R,KZKZY,KZKZY,11.84
2024,PER_1000_LIVE_BIRTHS,_T,R,KZMAN,KZMAN,10.08
2024,PER_1000_LIVE_BIRTHS,_T,R,KZPAV,KZPAV,8.57
2024,PER_1000_LIVE_BIRTHS,_T,R,KZSEV,KZSEV,8.57
2024,PER_1000_LIVE_BIRTHS,_T,R,KZYUZ,KZYUZ,10.9
2024,PER_1000_LIVE_BIRTHS,_T,R,KZULU,KZULU,7.73
2024,PER_1000_LIVE_BIRTHS,_T,R,KZVOS,KZVOS,7.96
2024,PER_1000_LIVE_BIRTHS,M,,,,10.1
2024,PER_1000_LIVE_BIRTHS,M,,KZABY,KZABY,10.31
2024,PER_1000_LIVE_BIRTHS,M,,KZAKM,KZAKM,9.09
2024,PER_1000_LIVE_BIRTHS,M,,KZAKT,KZAKT,13.58
2024,PER_1000_LIVE_BIRTHS,M,,KZALM,KZALM,11.66
2024,PER_1000_LIVE_BIRTHS,M,,KZATY,KZATY,9.44
2024,PER_1000_LIVE_BIRTHS,M,,KZZAP,KZZAP,9.65
2024,PER_1000_LIVE_BIRTHS,M,,KZZHA,KZZHA,11.03
2024,PER_1000_LIVE_BIRTHS,M,,KZZHS,KZZHS,13.03
2024,PER_1000_LIVE_BIRTHS,M,,KZKAR,KZKAR,9.23
2024,PER_1000_LIVE_BIRTHS,M,,KZKUS,KZKUS,12.28
2024,PER_1000_LIVE_BIRTHS,M,,KZKZY,KZKZY,12.3
2024,PER_1000_LIVE_BIRTHS,M,,KZMAN,KZMAN,9.76
2024,PER_1000_LIVE_BIRTHS,M,,KZPAV,KZPAV,9.72
2024,PER_1000_LIVE_BIRTHS,M,,KZSEV,KZSEV,10.32
2024,PER_1000_LIVE_BIRTHS,M,,KZYUZ,KZYUZ,10.47
2024,PER_1000_LIVE_BIRTHS,M,,KZULU,KZULU,12.24
2024,PER_1000_LIVE_BIRTHS,M,,KZVOS,KZVOS,7.47
2024,PER_1000_LIVE_BIRTHS,M,,KZNS,KZNS,7.63
2024,PER_1000_LIVE_BIRTHS,M,,KZALA,KZALA,8.42
2024,PER_1000_LIVE_BIRTHS,M,,KZSHY,KZSHY,8.01
2024,PER_1000_LIVE_BIRTHS,M,U,,,9.26
2024,PER_1000_LIVE_BIRTHS,M,U,KZABY,KZABY,9.1
2024,PER_1000_LIVE_BIRTHS,M,U,KZAKM,KZAKM,6.86
2024,PER_1000_LIVE_BIRTHS,M,U,KZAKT,KZAKT,12.48
2024,PER_1000_LIVE_BIRTHS,M,U,KZALM,KZALM,14.49
2024,PER_1000_LIVE_BIRTHS,M,U,KZATY,KZATY,10.57
2024,PER_1000_LIVE_BIRTHS,M,U,KZZAP,KZZAP,9.42
2024,PER_1000_LIVE_BIRTHS,M,U,KZZHA,KZZHA,11.02
2024,PER_1000_LIVE_BIRTHS,M,U,KZZHS,KZZHS,12.23
2024,PER_1000_LIVE_BIRTHS,M,U,KZKAR,KZKAR,8.55
2024,PER_1000_LIVE_BIRTHS,M,U,KZKUS,KZKUS,11.83
2024,PER_1000_LIVE_BIRTHS,M,U,KZKZY,KZKZY,12.2
2024,PER_1000_LIVE_BIRTHS,M,U,KZMAN,KZMAN,7.61
2024,PER_1000_LIVE_BIRTHS,M,U,KZPAV,KZPAV,9.64
2024,PER_1000_LIVE_BIRTHS,M,U,KZSEV,KZSEV,12.98
2024,PER_1000_LIVE_BIRTHS,M,U,KZYUZ,KZYUZ,8.32
2024,PER_1000_LIVE_BIRTHS,M,U,KZULU,KZULU,13.23
2024,PER_1000_LIVE_BIRTHS,M,U,KZVOS,KZVOS,6.4
2024,PER_1000_LIVE_BIRTHS,M,U,KZNS,KZNS,7.63
2024,PER_1000_LIVE_BIRTHS,M,U,KZALA,KZALA,8.42
2024,PER_1000_LIVE_BIRTHS,M,U,KZSHY,KZSHY,8.01
2024,PER_1000_LIVE_BIRTHS,M,R,,,11.36
2024,PER_1000_LIVE_BIRTHS,M,R,KZABY,KZABY,12.62
2024,PER_1000_LIVE_BIRTHS,M,R,KZAKM,KZAKM,12.3
2024,PER_1000_LIVE_BIRTHS,M,R,KZAKT,KZAKT,16.83
2024,PER_1000_LIVE_BIRTHS,M,R,KZALM,KZALM,11.07
2024,PER_1000_LIVE_BIRTHS,M,R,KZATY,KZATY,8.18
2024,PER_1000_LIVE_BIRTHS,M,R,KZZAP,KZZAP,9.95
2024,PER_1000_LIVE_BIRTHS,M,R,KZZHA,KZZHA,11.05
2024,PER_1000_LIVE_BIRTHS,M,R,KZZHS,KZZHS,13.65
2024,PER_1000_LIVE_BIRTHS,M,R,KZKAR,KZKAR,11.99
2024,PER_1000_LIVE_BIRTHS,M,R,KZKUS,KZKUS,13.01
2024,PER_1000_LIVE_BIRTHS,M,R,KZKZY,KZKZY,12.38
2024,PER_1000_LIVE_BIRTHS,M,R,KZMAN,KZMAN,11.38
2024,PER_1000_LIVE_BIRTHS,M,R,KZPAV,KZPAV,9.92
2024,PER_1000_LIVE_BIRTHS,M,R,KZSEV,KZSEV,7.95
2024,PER_1000_LIVE_BIRTHS,M,R,KZYUZ,KZYUZ,11.23
2024,PER_1000_LIVE_BIRTHS,M,R,KZULU,KZULU,8.68
2024,PER_1000_LIVE_BIRTHS,M,R,KZVOS,KZVOS,9.66
2024,PER_1000_LIVE_BIRTHS,F,,,,8.45
2024,PER_1000_LIVE_BIRTHS,F,,KZABY,KZABY,7.18
2024,PER_1000_LIVE_BIRTHS,F,,KZAKM,KZAKM,8.05
2024,PER_1000_LIVE_BIRTHS,F,,KZAKT,KZAKT,10.42
2024,PER_1000_LIVE_BIRTHS,F,,KZALM,KZALM,9.22
2024,PER_1000_LIVE_BIRTHS,F,,KZATY,KZATY,8.63
2024,PER_1000_LIVE_BIRTHS,F,,KZZAP,KZZAP,8.71
2024,PER_1000_LIVE_BIRTHS,F,,KZZHA,KZZHA,10.54
2024,PER_1000_LIVE_BIRTHS,F,,KZZHS,KZZHS,8.79
2024,PER_1000_LIVE_BIRTHS,F,,KZKAR,KZKAR,8.02
2024,PER_1000_LIVE_BIRTHS,F,,KZKUS,KZKUS,10.16
2024,PER_1000_LIVE_BIRTHS,F,,KZKZY,KZKZY,10.2
2024,PER_1000_LIVE_BIRTHS,F,,KZMAN,KZMAN,8.62
2024,PER_1000_LIVE_BIRTHS,F,,KZPAV,KZPAV,9.0
2024,PER_1000_LIVE_BIRTHS,F,,KZSEV,KZSEV,8.92
2024,PER_1000_LIVE_BIRTHS,F,,KZYUZ,KZYUZ,9.79
2024,PER_1000_LIVE_BIRTHS,F,,KZULU,KZULU,11.04
2024,PER_1000_LIVE_BIRTHS,F,,KZVOS,KZVOS,7.18
2024,PER_1000_LIVE_BIRTHS,F,,KZNS,KZNS,5.35
2024,PER_1000_LIVE_BIRTHS,F,,KZALA,KZALA,6.34
2024,PER_1000_LIVE_BIRTHS,F,,KZSHY,KZSHY,6.18
2024,PER_1000_LIVE_BIRTHS,F,U,,,7.81
2024,PER_1000_LIVE_BIRTHS,F,U,KZABY,KZABY,7.64
2024,PER_1000_LIVE_BIRTHS,F,U,KZAKM,KZAKM,9.95
2024,PER_1000_LIVE_BIRTHS,F,U,KZAKT,KZAKT,10.31
2024,PER_1000_LIVE_BIRTHS,F,U,KZALM,KZALM,10.41
2024,PER_1000_LIVE_BIRTHS,F,U,KZATY,KZATY,7.62
2024,PER_1000_LIVE_BIRTHS,F,U,KZZAP,KZZAP,7.91
2024,PER_1000_LIVE_BIRTHS,F,U,KZZHA,KZZHA,13.05
2024,PER_1000_LIVE_BIRTHS,F,U,KZZHS,KZZHS,8.25
2024,PER_1000_LIVE_BIRTHS,F,U,KZKAR,KZKAR,8.09
2024,PER_1000_LIVE_BIRTHS,F,U,KZKUS,KZKUS,9.58
2024,PER_1000_LIVE_BIRTHS,F,U,KZKZY,KZKZY,9.0
2024,PER_1000_LIVE_BIRTHS,F,U,KZMAN,KZMAN,8.54
2024,PER_1000_LIVE_BIRTHS,F,U,KZPAV,KZPAV,9.81
2024,PER_1000_LIVE_BIRTHS,F,U,KZSEV,KZSEV,8.59
2024,PER_1000_LIVE_BIRTHS,F,U,KZYUZ,KZYUZ,7.61
2024,PER_1000_LIVE_BIRTHS,F,U,KZULU,KZULU,12.28
2024,PER_1000_LIVE_BIRTHS,F,U,KZVOS,KZVOS,7.7
2024,PER_1000_LIVE_BIRTHS,F,U,KZNS,KZNS,5.35
2024,PER_1000_LIVE_BIRTHS,F,U,KZALA,KZALA,6.34
2024,PER_1000_LIVE_BIRTHS,F,U,KZSHY,KZSHY,6.18
2024,PER_1000_LIVE_BIRTHS,F,R,,,9.4
2024,PER_1000_LIVE_BIRTHS,F,R,KZABY,KZABY,6.3
2024,PER_1000_LIVE_BIRTHS,F,R,KZAKM,KZAKM,5.41
2024,PER_1000_LIVE_BIRTHS,F,R,KZAKT,KZAKT,10.74
2024,PER_1000_LIVE_BIRTHS,F,R,KZALM,KZALM,8.96
2024,PER_1000_LIVE_BIRTHS,F,R,KZATY,KZATY,9.82
2024,PER_1000_LIVE_BIRTHS,F,R,KZZAP,KZZAP,9.74
2024,PER_1000_LIVE_BIRTHS,F,R,KZZHA,KZZHA,9.75
2024,PER_1000_LIVE_BIRTHS,F,R,KZZHS,KZZHS,9.23
2024,PER_1000_LIVE_BIRTHS,F,R,KZKAR,KZKAR,7.7
2024,PER_1000_LIVE_BIRTHS,F,R,KZKUS,KZKUS,11.17
2024,PER_1000_LIVE_BIRTHS,F,R,KZKZY,KZKZY,11.24
2024,PER_1000_LIVE_BIRTHS,F,R,KZMAN,KZMAN,8.67
2024,PER_1000_LIVE_BIRTHS,F,R,KZPAV,KZPAV,7.2
2024,PER_1000_LIVE_BIRTHS,F,R,KZSEV,KZSEV,9.22
2024,PER_1000_LIVE_BIRTHS,F,R,KZYUZ,KZYUZ,10.55
2024,PER_1000_LIVE_BIRTHS,F,R,KZULU,KZULU,6.74
2024,PER_1000_LIVE_BIRTHS,F,R,KZVOS,KZVOS,6.08
