Year,UNIT_MEASURE,REF_AREA,URBANISATION,SEX,GeoCode,Value
2010,PER_100000_POP,,,,,22.38
2010,PER_100000_POP,KZABY,,,KZABY,33.28
2010,PER_100000_POP,KZAKM,,,KZAKM,44.2
2010,PER_100000_POP,KZAKT,,,KZAKT,18.7
2010,PER_100000_POP,KZALM,,,KZALM,19.85
2010,PER_100000_POP,KZATY,,,KZATY,17.85
2010,PER_100000_POP,KZZAP,,,KZZAP,29.05
2010,PER_100000_POP,KZZHA,,,KZZHA,17.51
2010,PER_100000_POP,KZZHS,,,KZZHS,26.39
2010,PER_100000_POP,KZKAR,,,KZKAR,35.01
2010,PER_100000_POP,KZKUS,,,KZKUS,38.33
2010,PER_100000_POP,KZKZY,,,KZKZY,8.64
2010,PER_100000_POP,KZMAN,,,KZMAN,13.22
2010,PER_100000_POP,KZPAV,,,KZPAV,27.25
2010,PER_100000_POP,KZSEV,,,KZSEV,26.25
2010,PER_100000_POP,KZYUZ,,,KZYUZ,11.21
2010,PER_100000_POP,KZULU,,,KZULU,26.39
2010,PER_100000_POP,KZVOS,,,KZVOS,46.89
2010,PER_100000_POP,KZNS,,,KZNS,12.22
2010,PER_100000_POP,KZALA,,,KZALA,7.92
2010,PER_100000_POP,KZSHY,,,KZSHY,12.74
2010,PER_100000_POP,,U,,,19.21
2010,PER_100000_POP,KZABY,U,,KZABY,29.49
2010,PER_100000_POP,KZAKM,U,,KZAKM,39.18
2010,PER_100000_POP,KZAKT,U,,KZAKT,14.84
2010,PER_100000_POP,KZALM,U,,KZALM,21.82
2010,PER_100000_POP,KZATY,U,,KZATY,9.73
2010,PER_100000_POP,KZZAP,U,,KZZAP,24.55
2010,PER_100000_POP,KZZHA,U,,KZZHA,16.13
2010,PER_100000_POP,KZZHS,U,,KZZHS,21.91
2010,PER_100000_POP,KZKAR,U,,KZKAR,32.22
2010,PER_100000_POP,KZKUS,U,,KZKUS,25.76
2010,PER_100000_POP,KZKZY,U,,KZKZY,6.49
2010,PER_100000_POP,KZMAN,U,,KZMAN,11.68
2010,PER_100000_POP,KZPAV,U,,KZPAV,23.89
2010,PER_100000_POP,KZSEV,U,,KZSEV,26.29
2010,PER_100000_POP,KZYUZ,U,,KZYUZ,9.54
2010,PER_100000_POP,KZULU,U,,KZULU,25.24
2010,PER_100000_POP,KZVOS,U,,KZVOS,39.41
2010,PER_100000_POP,KZNS,U,,KZNS,12.22
2010,PER_100000_POP,KZALA,U,,KZALA,7.92
2010,PER_100000_POP,KZSHY,U,,KZSHY,12.74
2010,PER_100000_POP,,R,,,26.48
2010,PER_100000_POP,KZABY,R,,KZABY,37.99
2010,PER_100000_POP,KZAKM,R,,KZAKM,48.73
2010,PER_100000_POP,KZAKT,R,,KZAKT,26.66
2010,PER_100000_POP,KZALM,R,,KZALM,19.47
2010,PER_100000_POP,KZATY,R,,KZATY,26.89
2010,PER_100000_POP,KZZAP,R,,KZZAP,33.05
2010,PER_100000_POP,KZZHA,R,,KZZHA,18.46
2010,PER_100000_POP,KZZHS,R,,KZZHS,29.37
2010,PER_100000_POP,KZKAR,R,,KZKAR,44.9
2010,PER_100000_POP,KZKUS,R,,KZKUS,52.38
2010,PER_100000_POP,KZKZY,R,,KZKZY,10.21
2010,PER_100000_POP,KZMAN,R,,KZMAN,14.76
2010,PER_100000_POP,KZPAV,R,,KZPAV,34.56
2010,PER_100000_POP,KZSEV,R,,KZSEV,26.22
2010,PER_100000_POP,KZYUZ,R,,KZYUZ,11.66
2010,PER_100000_POP,KZULU,R,,KZULU,30.44
2010,PER_100000_POP,KZVOS,R,,KZVOS,58.04
2010,PER_100000_POP,,,M,,38.19
2010,PER_100000_POP,KZABY,,M,KZABY,57.22
2010,PER_100000_POP,KZAKM,,M,KZAKM,76.99
2010,PER_100000_POP,KZAKT,,M,KZAKT,33.47
2010,PER_100000_POP,KZALM,,M,KZALM,32.87
2010,PER_100000_POP,KZATY,,M,KZATY,31.42
2010,PER_100000_POP,KZZAP,,M,KZZAP,48.93
2010,PER_100000_POP,KZZHA,,M,KZZHA,29.22
2010,PER_100000_POP,KZZHS,,M,KZZHS,44.87
2010,PER_100000_POP,KZKAR,,M,KZKAR,58.97
2010,PER_100000_POP,KZKUS,,M,KZKUS,68.03
2010,PER_100000_POP,KZKZY,,M,KZKZY,14.46
2010,PER_100000_POP,KZMAN,,M,KZMAN,21.2
2010,PER_100000_POP,KZPAV,,M,KZPAV,48.23
2010,PER_100000_POP,KZSEV,,M,KZSEV,48.38
2010,PER_100000_POP,KZYUZ,,M,KZYUZ,16.79
2010,PER_100000_POP,KZULU,,M,KZULU,43.49
2010,PER_100000_POP,KZVOS,,M,KZVOS,87.41
2010,PER_100000_POP,KZNS,,M,KZNS,20.57
2010,PER_100000_POP,KZALA,,M,KZALA,13.57
2010,PER_100000_POP,KZSHY,,M,KZSHY,18.58
2010,PER_100000_POP,,U,M,,33.36
2010,PER_100000_POP,KZABY,U,M,KZABY,52.22
2010,PER_100000_POP,KZAKM,U,M,KZAKM,67.18
2010,PER_100000_POP,KZAKT,U,M,KZAKT,27.77
2010,PER_100000_POP,KZALM,U,M,KZALM,39.95
2010,PER_100000_POP,KZATY,U,M,KZATY,18.08
2010,PER_100000_POP,KZZAP,U,M,KZZAP,42.37
2010,PER_100000_POP,KZZHA,U,M,KZZHA,27.75
2010,PER_100000_POP,KZZHS,U,M,KZZHS,39.71
2010,PER_100000_POP,KZKAR,U,M,KZKAR,55.21
2010,PER_100000_POP,KZKUS,U,M,KZKUS,44.63
2010,PER_100000_POP,KZKZY,U,M,KZKZY,10.54
2010,PER_100000_POP,KZMAN,U,M,KZMAN,20.11
2010,PER_100000_POP,KZPAV,U,M,KZPAV,43.88
2010,PER_100000_POP,KZSEV,U,M,KZSEV,50.72
2010,PER_100000_POP,KZYUZ,U,M,KZYUZ,16.2
2010,PER_100000_POP,KZULU,U,M,KZULU,42.24
2010,PER_100000_POP,KZVOS,U,M,KZVOS,73.81
2010,PER_100000_POP,KZNS,U,M,KZNS,20.57
2010,PER_100000_POP,KZALA,U,M,KZALA,13.57
2010,PER_100000_POP,KZSHY,U,M,KZSHY,18.58
2010,PER_100000_POP,,R,M,,44.07
2010,PER_100000_POP,KZABY,R,M,KZABY,63.0
2010,PER_100000_POP,KZAKM,R,M,KZAKM,85.32
2010,PER_100000_POP,KZAKT,R,M,KZAKT,44.56
2010,PER_100000_POP,KZALM,R,M,KZALM,31.56
2010,PER_100000_POP,KZATY,R,M,KZATY,45.58
2010,PER_100000_POP,KZZAP,R,M,KZZAP,54.35
2010,PER_100000_POP,KZZHA,R,M,KZZHA,30.16
2010,PER_100000_POP,KZZHS,R,M,KZZHS,48.1
2010,PER_100000_POP,KZKAR,R,M,KZKAR,71.36
2010,PER_100000_POP,KZKUS,R,M,KZKUS,92.54
2010,PER_100000_POP,KZKZY,R,M,KZKZY,17.19
2010,PER_100000_POP,KZMAN,R,M,KZMAN,22.24
2010,PER_100000_POP,KZPAV,R,M,KZPAV,57.04
2010,PER_100000_POP,KZSEV,R,M,KZSEV,46.67
2010,PER_100000_POP,KZYUZ,R,M,KZYUZ,16.95
2010,PER_100000_POP,KZULU,R,M,KZULU,47.59
2010,PER_100000_POP,KZVOS,R,M,KZVOS,106.08
2010,PER_100000_POP,,,F,,7.66
2010,PER_100000_POP,KZABY,,F,KZABY,11.16
2010,PER_100000_POP,KZAKM,,F,KZAKM,13.7
2010,PER_100000_POP,KZAKT,,F,KZAKT,5.01
2010,PER_100000_POP,KZALM,,F,KZALM,7.25
2010,PER_100000_POP,KZATY,,F,KZATY,4.84
2010,PER_100000_POP,KZZAP,,F,KZZAP,10.52
2010,PER_100000_POP,KZZHA,,F,KZZHA,6.38
2010,PER_100000_POP,KZZHS,,F,KZZHS,8.71
2010,PER_100000_POP,KZKAR,,F,KZKAR,13.75
2010,PER_100000_POP,KZKUS,,F,KZKUS,11.8
2010,PER_100000_POP,KZKZY,,F,KZKZY,2.87
2010,PER_100000_POP,KZMAN,,F,KZMAN,5.39
2010,PER_100000_POP,KZPAV,,F,KZPAV,8.62
2010,PER_100000_POP,KZSEV,,F,KZSEV,6.14
2010,PER_100000_POP,KZYUZ,,F,KZYUZ,5.62
2010,PER_100000_POP,KZULU,,F,KZULU,10.39
2010,PER_100000_POP,KZVOS,,F,KZVOS,10.94
2010,PER_100000_POP,KZNS,,F,KZNS,4.3
2010,PER_100000_POP,KZALA,,F,KZALA,3.11
2010,PER_100000_POP,KZSHY,,F,KZSHY,7.38
2010,PER_100000_POP,,U,F,,6.71
2010,PER_100000_POP,KZABY,U,F,KZABY,9.78
2010,PER_100000_POP,KZAKM,U,F,KZAKM,14.6
2010,PER_100000_POP,KZAKT,U,F,KZAKT,3.29
2010,PER_100000_POP,KZALM,U,F,KZALM,5.23
2010,PER_100000_POP,KZATY,U,F,KZATY,2.07
2010,PER_100000_POP,KZZAP,U,F,KZZAP,9.15
2010,PER_100000_POP,KZZHA,U,F,KZZHA,5.82
2010,PER_100000_POP,KZZHS,U,F,KZZHS,6.03
2010,PER_100000_POP,KZKAR,U,F,KZKAR,12.49
2010,PER_100000_POP,KZKUS,U,F,KZKUS,9.88
2010,PER_100000_POP,KZKZY,U,F,KZKZY,2.66
2010,PER_100000_POP,KZMAN,U,F,KZMAN,3.78
2010,PER_100000_POP,KZPAV,U,F,KZPAV,6.89
2010,PER_100000_POP,KZSEV,U,F,KZSEV,6.1
2010,PER_100000_POP,KZYUZ,U,F,KZYUZ,3.12
2010,PER_100000_POP,KZULU,U,F,KZULU,9.84
2010,PER_100000_POP,KZVOS,U,F,KZVOS,10.74
2010,PER_100000_POP,KZNS,U,F,KZNS,4.3
2010,PER_100000_POP,KZALA,U,F,KZALA,3.11
2010,PER_100000_POP,KZSHY,U,F,KZSHY,7.38
2010,PER_100000_POP,,R,F,,8.98
2010,PER_100000_POP,KZABY,R,F,KZABY,13.0
2010,PER_100000_POP,KZAKM,R,F,KZAKM,12.84
2010,PER_100000_POP,KZAKT,R,F,KZAKT,8.76
2010,PER_100000_POP,KZALM,R,F,KZALM,7.66
2010,PER_100000_POP,KZATY,R,F,KZATY,8.06
2010,PER_100000_POP,KZZAP,R,F,KZZAP,11.82
2010,PER_100000_POP,KZZHA,R,F,KZZHA,6.79
2010,PER_100000_POP,KZZHS,R,F,KZZHS,10.59
2010,PER_100000_POP,KZKAR,R,F,KZKAR,18.56
2010,PER_100000_POP,KZKUS,R,F,KZKUS,14.08
2010,PER_100000_POP,KZKZY,R,F,KZKZY,3.03
2010,PER_100000_POP,KZMAN,R,F,KZMAN,7.08
2010,PER_100000_POP,KZPAV,R,F,KZPAV,12.64
2010,PER_100000_POP,KZSEV,R,F,KZSEV,6.17
2010,PER_100000_POP,KZYUZ,R,F,KZYUZ,6.3
2010,PER_100000_POP,KZULU,R,F,KZULU,12.47
2010,PER_100000_POP,KZVOS,R,F,KZVOS,11.26
2011,PER_100000_POP,,,,,20.87
2011,PER_100000_POP,KZABY,,,KZABY,24.43
2011,PER_100000_POP,KZAKM,,,KZAKM,35.02
2011,PER_100000_POP,KZAKT,,,KZAKT,17.53
2011,PER_100000_POP,KZALM,,,KZALM,18.86
2011,PER_100000_POP,KZATY,,,KZATY,13.39
2011,PER_100000_POP,KZZAP,,,KZZAP,33.75
2011,PER_100000_POP,KZZHA,,,KZZHA,17.91
2011,PER_100000_POP,KZZHS,,,KZZHS,24.1
2011,PER_100000_POP,KZKAR,,,KZKAR,30.6
2011,PER_100000_POP,KZKUS,,,KZKUS,41.13
2011,PER_100000_POP,KZKZY,,,KZKZY,7.22
2011,PER_100000_POP,KZMAN,,,KZMAN,10.64
2011,PER_100000_POP,KZPAV,,,KZPAV,32.15
2011,PER_100000_POP,KZSEV,,,KZSEV,17.58
2011,PER_100000_POP,KZYUZ,,,KZYUZ,10.05
2011,PER_100000_POP,KZULU,,,KZULU,21.45
2011,PER_100000_POP,KZVOS,,,KZVOS,48.06
2011,PER_100000_POP,KZNS,,,KZNS,11.7
2011,PER_100000_POP,KZALA,,,KZALA,8.8
2011,PER_100000_POP,KZSHY,,,KZSHY,12.84
2011,PER_100000_POP,,U,,,18.23
2011,PER_100000_POP,KZABY,U,,KZABY,16.98
2011,PER_100000_POP,KZAKM,U,,KZAKM,27.38
2011,PER_100000_POP,KZAKT,U,,KZAKT,15.49
2011,PER_100000_POP,KZALM,U,,KZALM,23.06
2011,PER_100000_POP,KZATY,U,,KZATY,10.88
2011,PER_100000_POP,KZZAP,U,,KZZAP,27.07
2011,PER_100000_POP,KZZHA,U,,KZZHA,20.36
2011,PER_100000_POP,KZZHS,U,,KZZHS,21.62
2011,PER_100000_POP,KZKAR,U,,KZKAR,27.65
2011,PER_100000_POP,KZKUS,U,,KZKUS,32.22
2011,PER_100000_POP,KZKZY,U,,KZKZY,6.03
2011,PER_100000_POP,KZMAN,U,,KZMAN,11.79
2011,PER_100000_POP,KZPAV,U,,KZPAV,25.32
2011,PER_100000_POP,KZSEV,U,,KZSEV,12.51
2011,PER_100000_POP,KZYUZ,U,,KZYUZ,8.9
2011,PER_100000_POP,KZULU,U,,KZULU,20.67
2011,PER_100000_POP,KZVOS,U,,KZVOS,41.1
2011,PER_100000_POP,KZNS,U,,KZNS,11.7
2011,PER_100000_POP,KZALA,U,,KZALA,8.8
2011,PER_100000_POP,KZSHY,U,,KZSHY,12.84
2011,PER_100000_POP,,R,,,24.32
2011,PER_100000_POP,KZABY,R,,KZABY,33.83
2011,PER_100000_POP,KZAKM,R,,KZAKM,41.92
2011,PER_100000_POP,KZAKT,R,,KZAKT,21.83
2011,PER_100000_POP,KZALM,R,,KZALM,18.06
2011,PER_100000_POP,KZATY,R,,KZATY,16.23
2011,PER_100000_POP,KZZAP,R,,KZZAP,39.89
2011,PER_100000_POP,KZZHA,R,,KZZHA,16.26
2011,PER_100000_POP,KZZHS,R,,KZZHS,25.75
2011,PER_100000_POP,KZKAR,R,,KZKAR,41.24
2011,PER_100000_POP,KZKUS,R,,KZKUS,51.28
2011,PER_100000_POP,KZKZY,R,,KZKZY,8.1
2011,PER_100000_POP,KZMAN,R,,KZMAN,9.54
2011,PER_100000_POP,KZPAV,R,,KZPAV,47.23
2011,PER_100000_POP,KZSEV,R,,KZSEV,21.09
2011,PER_100000_POP,KZYUZ,R,,KZYUZ,10.36
2011,PER_100000_POP,KZULU,R,,KZULU,24.21
2011,PER_100000_POP,KZVOS,R,,KZVOS,58.55
2011,PER_100000_POP,,,M,,35.55
2011,PER_100000_POP,KZABY,,M,KZABY,44.8
2011,PER_100000_POP,KZAKM,,M,KZAKM,59.23
2011,PER_100000_POP,KZAKT,,M,KZAKT,30.32
2011,PER_100000_POP,KZALM,,M,KZALM,30.86
2011,PER_100000_POP,KZATY,,M,KZATY,24.68
2011,PER_100000_POP,KZZAP,,M,KZZAP,57.39
2011,PER_100000_POP,KZZHA,,M,KZZHA,29.65
2011,PER_100000_POP,KZZHS,,M,KZZHS,42.43
2011,PER_100000_POP,KZKAR,,M,KZKAR,54.0
2011,PER_100000_POP,KZKUS,,M,KZKUS,72.48
2011,PER_100000_POP,KZKZY,,M,KZKZY,12.49
2011,PER_100000_POP,KZMAN,,M,KZMAN,14.68
2011,PER_100000_POP,KZPAV,,M,KZPAV,54.39
2011,PER_100000_POP,KZSEV,,M,KZSEV,30.1
2011,PER_100000_POP,KZYUZ,,M,KZYUZ,15.11
2011,PER_100000_POP,KZULU,,M,KZULU,36.94
2011,PER_100000_POP,KZVOS,,M,KZVOS,84.37
2011,PER_100000_POP,KZNS,,M,KZNS,20.18
2011,PER_100000_POP,KZALA,,M,KZALA,16.04
2011,PER_100000_POP,KZSHY,,M,KZSHY,21.13
2011,PER_100000_POP,,U,M,,31.55
2011,PER_100000_POP,KZABY,U,M,KZABY,32.41
2011,PER_100000_POP,KZAKM,U,M,KZAKM,47.38
2011,PER_100000_POP,KZAKT,U,M,KZAKT,26.81
2011,PER_100000_POP,KZALM,U,M,KZALM,34.77
2011,PER_100000_POP,KZATY,U,M,KZATY,21.25
2011,PER_100000_POP,KZZAP,U,M,KZZAP,43.68
2011,PER_100000_POP,KZZHA,U,M,KZZHA,34.66
2011,PER_100000_POP,KZZHS,U,M,KZZHS,40.77
2011,PER_100000_POP,KZKAR,U,M,KZKAR,48.64
2011,PER_100000_POP,KZKUS,U,M,KZKUS,57.38
2011,PER_100000_POP,KZKZY,U,M,KZKZY,9.63
2011,PER_100000_POP,KZMAN,U,M,KZMAN,16.45
2011,PER_100000_POP,KZPAV,U,M,KZPAV,42.78
2011,PER_100000_POP,KZSEV,U,M,KZSEV,23.03
2011,PER_100000_POP,KZYUZ,U,M,KZYUZ,13.29
2011,PER_100000_POP,KZULU,U,M,KZULU,36.19
2011,PER_100000_POP,KZVOS,U,M,KZVOS,75.05
2011,PER_100000_POP,KZNS,U,M,KZNS,20.18
2011,PER_100000_POP,KZALA,U,M,KZALA,16.04
2011,PER_100000_POP,KZSHY,U,M,KZSHY,21.13
2011,PER_100000_POP,,R,M,,40.45
2011,PER_100000_POP,KZABY,R,M,KZABY,59.31
2011,PER_100000_POP,KZAKM,R,M,KZAKM,69.35
2011,PER_100000_POP,KZAKT,R,M,KZAKT,37.28
2011,PER_100000_POP,KZALM,R,M,KZALM,30.14
2011,PER_100000_POP,KZATY,R,M,KZATY,28.36
2011,PER_100000_POP,KZZAP,R,M,KZZAP,69.01
2011,PER_100000_POP,KZZHA,R,M,KZZHA,26.46
2011,PER_100000_POP,KZZHS,R,M,KZZHS,43.47
2011,PER_100000_POP,KZKAR,R,M,KZKAR,71.89
2011,PER_100000_POP,KZKUS,R,M,KZKUS,88.59
2011,PER_100000_POP,KZKZY,R,M,KZKZY,14.5
2011,PER_100000_POP,KZMAN,R,M,KZMAN,13.04
2011,PER_100000_POP,KZPAV,R,M,KZPAV,78.23
2011,PER_100000_POP,KZSEV,R,M,KZSEV,34.6
2011,PER_100000_POP,KZYUZ,R,M,KZYUZ,15.58
2011,PER_100000_POP,KZULU,R,M,KZULU,39.38
2011,PER_100000_POP,KZVOS,R,M,KZVOS,97.32
2011,PER_100000_POP,,,F,,7.21
2011,PER_100000_POP,KZABY,,F,KZABY,5.59
2011,PER_100000_POP,KZAKM,,F,KZAKM,12.43
2011,PER_100000_POP,KZAKT,,F,KZAKT,5.67
2011,PER_100000_POP,KZALM,,F,KZALM,7.25
2011,PER_100000_POP,KZATY,,F,KZATY,2.55
2011,PER_100000_POP,KZZAP,,F,KZZAP,11.72
2011,PER_100000_POP,KZZHA,,F,KZZHA,6.7
2011,PER_100000_POP,KZZHS,,F,KZZHS,6.48
2011,PER_100000_POP,KZKAR,,F,KZKAR,9.84
2011,PER_100000_POP,KZKUS,,F,KZKUS,13.13
2011,PER_100000_POP,KZKZY,,F,KZKZY,1.98
2011,PER_100000_POP,KZMAN,,F,KZMAN,6.67
2011,PER_100000_POP,KZPAV,,F,KZPAV,12.4
2011,PER_100000_POP,KZSEV,,F,KZSEV,6.19
2011,PER_100000_POP,KZYUZ,,F,KZYUZ,4.96
2011,PER_100000_POP,KZULU,,F,KZULU,6.93
2011,PER_100000_POP,KZVOS,,F,KZVOS,15.8
2011,PER_100000_POP,KZNS,,F,KZNS,3.74
2011,PER_100000_POP,KZALA,,F,KZALA,2.67
2011,PER_100000_POP,KZSHY,,F,KZSHY,5.22
2011,PER_100000_POP,,U,F,,6.47
2011,PER_100000_POP,KZABY,U,F,KZABY,3.58
2011,PER_100000_POP,KZAKM,U,F,KZAKM,9.76
2011,PER_100000_POP,KZAKT,U,F,KZAKT,5.37
2011,PER_100000_POP,KZALM,U,F,KZALM,12.34
2011,PER_100000_POP,KZATY,U,F,KZATY,1.35
2011,PER_100000_POP,KZZAP,U,F,KZZAP,12.75
2011,PER_100000_POP,KZZHA,U,F,KZZHA,7.61
2011,PER_100000_POP,KZZHS,U,F,KZZHS,4.47
2011,PER_100000_POP,KZKAR,U,F,KZKAR,9.65
2011,PER_100000_POP,KZKUS,U,F,KZKUS,11.01
2011,PER_100000_POP,KZKZY,U,F,KZKZY,2.61
2011,PER_100000_POP,KZMAN,U,F,KZMAN,7.39
2011,PER_100000_POP,KZPAV,U,F,KZPAV,10.46
2011,PER_100000_POP,KZSEV,U,F,KZSEV,3.81
2011,PER_100000_POP,KZYUZ,U,F,KZYUZ,4.64
2011,PER_100000_POP,KZULU,U,F,KZULU,6.57
2011,PER_100000_POP,KZVOS,U,F,KZVOS,12.77
2011,PER_100000_POP,KZNS,U,F,KZNS,3.74
2011,PER_100000_POP,KZALA,U,F,KZALA,2.67
2011,PER_100000_POP,KZSHY,U,F,KZSHY,5.22
2011,PER_100000_POP,,R,F,,8.23
2011,PER_100000_POP,KZABY,R,F,KZABY,8.29
2011,PER_100000_POP,KZAKM,R,F,KZAKM,14.97
2011,PER_100000_POP,KZAKT,R,F,KZAKT,6.36
2011,PER_100000_POP,KZALM,R,F,KZALM,6.25
2011,PER_100000_POP,KZATY,R,F,KZATY,3.98
2011,PER_100000_POP,KZZAP,R,F,KZZAP,10.69
2011,PER_100000_POP,KZZHA,R,F,KZZHA,6.06
2011,PER_100000_POP,KZZHS,R,F,KZZHS,7.91
2011,PER_100000_POP,KZKAR,R,F,KZKAR,10.61
2011,PER_100000_POP,KZKUS,R,F,KZKUS,15.68
2011,PER_100000_POP,KZKZY,R,F,KZKZY,1.5
2011,PER_100000_POP,KZMAN,R,F,KZMAN,5.95
2011,PER_100000_POP,KZPAV,R,F,KZPAV,16.97
2011,PER_100000_POP,KZSEV,R,F,KZSEV,7.97
2011,PER_100000_POP,KZYUZ,R,F,KZYUZ,5.05
2011,PER_100000_POP,KZULU,R,F,KZULU,8.27
2011,PER_100000_POP,KZVOS,R,F,KZVOS,20.73
2012,PER_100000_POP,,,,,19.8
2012,PER_100000_POP,KZABY,,,KZABY,15.43
2012,PER_100000_POP,KZAKM,,,KZAKM,35.44
2012,PER_100000_POP,KZAKT,,,KZAKT,21.63
2012,PER_100000_POP,KZALM,,,KZALM,18.58
2012,PER_100000_POP,KZATY,,,KZATY,17.67
2012,PER_100000_POP,KZZAP,,,KZZAP,32.36
2012,PER_100000_POP,KZZHA,,,KZZHA,14.51
2012,PER_100000_POP,KZZHS,,,KZZHS,27.16
2012,PER_100000_POP,KZKAR,,,KZKAR,28.26
2012,PER_100000_POP,KZKUS,,,KZKUS,38.9
2012,PER_100000_POP,KZKZY,,,KZKZY,14.32
2012,PER_100000_POP,KZMAN,,,KZMAN,5.2
2012,PER_100000_POP,KZPAV,,,KZPAV,28.75
2012,PER_100000_POP,KZSEV,,,KZSEV,8.43
2012,PER_100000_POP,KZYUZ,,,KZYUZ,11.75
2012,PER_100000_POP,KZULU,,,KZULU,20.09
2012,PER_100000_POP,KZVOS,,,KZVOS,45.06
2012,PER_100000_POP,KZNS,,,KZNS,10.17
2012,PER_100000_POP,KZALA,,,KZALA,7.71
2012,PER_100000_POP,KZSHY,,,KZSHY,12.0
2012,PER_100000_POP,,U,,,17.04
2012,PER_100000_POP,KZABY,U,,KZABY,8.42
2012,PER_100000_POP,KZAKM,U,,KZAKM,29.01
2012,PER_100000_POP,KZAKT,U,,KZAKT,17.52
2012,PER_100000_POP,KZALM,U,,KZALM,15.83
2012,PER_100000_POP,KZATY,U,,KZATY,16.74
2012,PER_100000_POP,KZZAP,U,,KZZAP,24.46
2012,PER_100000_POP,KZZHA,U,,KZZHA,13.41
2012,PER_100000_POP,KZZHS,U,,KZZHS,29.07
2012,PER_100000_POP,KZKAR,U,,KZKAR,24.87
2012,PER_100000_POP,KZKUS,U,,KZKUS,31.74
2012,PER_100000_POP,KZKZY,U,,KZKZY,15.71
2012,PER_100000_POP,KZMAN,U,,KZMAN,6.69
2012,PER_100000_POP,KZPAV,U,,KZPAV,25.35
2012,PER_100000_POP,KZSEV,U,,KZSEV,3.75
2012,PER_100000_POP,KZYUZ,U,,KZYUZ,10.37
2012,PER_100000_POP,KZULU,U,,KZULU,21.87
2012,PER_100000_POP,KZVOS,U,,KZVOS,37.23
2012,PER_100000_POP,KZNS,U,,KZNS,10.17
2012,PER_100000_POP,KZALA,U,,KZALA,7.71
2012,PER_100000_POP,KZSHY,U,,KZSHY,12.0
2012,PER_100000_POP,,R,,,23.42
2012,PER_100000_POP,KZABY,R,,KZABY,24.44
2012,PER_100000_POP,KZAKM,R,,KZAKM,41.29
2012,PER_100000_POP,KZAKT,R,,KZAKT,30.3
2012,PER_100000_POP,KZALM,R,,KZALM,19.1
2012,PER_100000_POP,KZATY,R,,KZATY,18.72
2012,PER_100000_POP,KZZAP,R,,KZZAP,39.8
2012,PER_100000_POP,KZZHA,R,,KZZHA,15.24
2012,PER_100000_POP,KZZHS,R,,KZZHS,25.88
2012,PER_100000_POP,KZKAR,R,,KZKAR,40.7
2012,PER_100000_POP,KZKUS,R,,KZKUS,47.22
2012,PER_100000_POP,KZKZY,R,,KZKZY,13.3
2012,PER_100000_POP,KZMAN,R,,KZMAN,3.81
2012,PER_100000_POP,KZPAV,R,,KZPAV,36.34
2012,PER_100000_POP,KZSEV,R,,KZSEV,11.73
2012,PER_100000_POP,KZYUZ,R,,KZYUZ,12.11
2012,PER_100000_POP,KZULU,R,,KZULU,13.94
2012,PER_100000_POP,KZVOS,R,,KZVOS,56.99
2012,PER_100000_POP,,,M,,33.96
2012,PER_100000_POP,KZABY,,M,KZABY,28.9
2012,PER_100000_POP,KZAKM,,M,KZAKM,62.6
2012,PER_100000_POP,KZAKT,,M,KZAKT,38.87
2012,PER_100000_POP,KZALM,,M,KZALM,31.66
2012,PER_100000_POP,KZATY,,M,KZATY,33.43
2012,PER_100000_POP,KZZAP,,M,KZZAP,58.96
2012,PER_100000_POP,KZZHA,,M,KZZHA,23.49
2012,PER_100000_POP,KZZHS,,M,KZZHS,45.81
2012,PER_100000_POP,KZKAR,,M,KZKAR,48.32
2012,PER_100000_POP,KZKUS,,M,KZKUS,70.83
2012,PER_100000_POP,KZKZY,,M,KZKZY,23.11
2012,PER_100000_POP,KZMAN,,M,KZMAN,8.67
2012,PER_100000_POP,KZPAV,,M,KZPAV,51.71
2012,PER_100000_POP,KZSEV,,M,KZSEV,16.26
2012,PER_100000_POP,KZYUZ,,M,KZYUZ,16.83
2012,PER_100000_POP,KZULU,,M,KZULU,26.73
2012,PER_100000_POP,KZVOS,,M,KZVOS,77.36
2012,PER_100000_POP,KZNS,,M,KZNS,17.82
2012,PER_100000_POP,KZALA,,M,KZALA,14.05
2012,PER_100000_POP,KZSHY,,M,KZSHY,17.67
2012,PER_100000_POP,,U,M,,29.81
2012,PER_100000_POP,KZABY,U,M,KZABY,16.92
2012,PER_100000_POP,KZAKM,U,M,KZAKM,53.31
2012,PER_100000_POP,KZAKT,U,M,KZAKT,29.57
2012,PER_100000_POP,KZALM,U,M,KZALM,25.37
2012,PER_100000_POP,KZATY,U,M,KZATY,32.09
2012,PER_100000_POP,KZZAP,U,M,KZZAP,46.42
2012,PER_100000_POP,KZZHA,U,M,KZZHA,21.93
2012,PER_100000_POP,KZZHS,U,M,KZZHS,49.96
2012,PER_100000_POP,KZKAR,U,M,KZKAR,42.95
2012,PER_100000_POP,KZKUS,U,M,KZKUS,59.63
2012,PER_100000_POP,KZKZY,U,M,KZKZY,28.18
2012,PER_100000_POP,KZMAN,U,M,KZMAN,11.48
2012,PER_100000_POP,KZPAV,U,M,KZPAV,46.71
2012,PER_100000_POP,KZSEV,U,M,KZSEV,8.28
2012,PER_100000_POP,KZYUZ,U,M,KZYUZ,16.77
2012,PER_100000_POP,KZULU,U,M,KZULU,30.2
2012,PER_100000_POP,KZVOS,U,M,KZVOS,65.04
2012,PER_100000_POP,KZNS,U,M,KZNS,17.82
2012,PER_100000_POP,KZALA,U,M,KZALA,14.05
2012,PER_100000_POP,KZSHY,U,M,KZSHY,17.67
2012,PER_100000_POP,,R,M,,39.09
2012,PER_100000_POP,KZABY,R,M,KZABY,43.2
2012,PER_100000_POP,KZAKM,R,M,KZAKM,70.6
2012,PER_100000_POP,KZAKT,R,M,KZAKT,57.41
2012,PER_100000_POP,KZALM,R,M,KZALM,32.81
2012,PER_100000_POP,KZATY,R,M,KZATY,34.88
2012,PER_100000_POP,KZZAP,R,M,KZZAP,69.85
2012,PER_100000_POP,KZZHA,R,M,KZZHA,24.48
2012,PER_100000_POP,KZZHS,R,M,KZZHS,43.17
2012,PER_100000_POP,KZKAR,R,M,KZKAR,66.52
2012,PER_100000_POP,KZKUS,R,M,KZKUS,83.02
2012,PER_100000_POP,KZKZY,R,M,KZKZY,19.51
2012,PER_100000_POP,KZMAN,R,M,KZMAN,6.17
2012,PER_100000_POP,KZPAV,R,M,KZPAV,62.09
2012,PER_100000_POP,KZSEV,R,M,KZSEV,21.4
2012,PER_100000_POP,KZYUZ,R,M,KZYUZ,16.85
2012,PER_100000_POP,KZULU,R,M,KZULU,15.55
2012,PER_100000_POP,KZVOS,R,M,KZVOS,94.63
2012,PER_100000_POP,,,F,,6.6
2012,PER_100000_POP,KZABY,,F,KZABY,2.94
2012,PER_100000_POP,KZAKM,,F,KZAKM,10.06
2012,PER_100000_POP,KZAKT,,F,KZAKT,5.61
2012,PER_100000_POP,KZALM,,F,KZALM,5.93
2012,PER_100000_POP,KZATY,,F,KZATY,2.5
2012,PER_100000_POP,KZZAP,,F,KZZAP,7.54
2012,PER_100000_POP,KZZHA,,F,KZZHA,5.9
2012,PER_100000_POP,KZZHS,,F,KZZHS,9.2
2012,PER_100000_POP,KZKAR,,F,KZKAR,10.46
2012,PER_100000_POP,KZKUS,,F,KZKUS,10.34
2012,PER_100000_POP,KZKZY,,F,KZKZY,5.56
2012,PER_100000_POP,KZMAN,,F,KZMAN,1.78
2012,PER_100000_POP,KZPAV,,F,KZPAV,8.34
2012,PER_100000_POP,KZSEV,,F,KZSEV,1.31
2012,PER_100000_POP,KZYUZ,,F,KZYUZ,6.61
2012,PER_100000_POP,KZULU,,F,KZULU,13.86
2012,PER_100000_POP,KZVOS,,F,KZVOS,16.36
2012,PER_100000_POP,KZNS,,F,KZNS,3.03
2012,PER_100000_POP,KZALA,,F,KZALA,2.37
2012,PER_100000_POP,KZSHY,,F,KZSHY,6.79
2012,PER_100000_POP,,U,F,,5.77
2012,PER_100000_POP,KZABY,U,F,KZABY,1.02
2012,PER_100000_POP,KZAKM,U,F,KZAKM,7.57
2012,PER_100000_POP,KZAKT,U,F,KZAKT,6.72
2012,PER_100000_POP,KZALM,U,F,KZALM,7.08
2012,PER_100000_POP,KZATY,U,F,KZATY,2.62
2012,PER_100000_POP,KZZAP,U,F,KZZAP,5.61
2012,PER_100000_POP,KZZHA,U,F,KZZHA,5.8
2012,PER_100000_POP,KZZHS,U,F,KZZHS,10.3
2012,PER_100000_POP,KZKAR,U,F,KZKAR,9.36
2012,PER_100000_POP,KZKUS,U,F,KZKUS,8.19
2012,PER_100000_POP,KZKZY,U,F,KZKZY,3.83
2012,PER_100000_POP,KZMAN,U,F,KZMAN,2.17
2012,PER_100000_POP,KZPAV,U,F,KZPAV,7.17
2012,PER_100000_POP,KZSEV,U,F,KZSEV,0.0
2012,PER_100000_POP,KZYUZ,U,F,KZYUZ,4.11
2012,PER_100000_POP,KZULU,U,F,KZULU,14.29
2012,PER_100000_POP,KZVOS,U,F,KZVOS,13.99
2012,PER_100000_POP,KZNS,U,F,KZNS,3.03
2012,PER_100000_POP,KZALA,U,F,KZALA,2.37
2012,PER_100000_POP,KZSHY,U,F,KZSHY,6.79
2012,PER_100000_POP,,R,F,,7.77
2012,PER_100000_POP,KZABY,R,F,KZABY,5.6
2012,PER_100000_POP,KZAKM,R,F,KZAKM,12.45
2012,PER_100000_POP,KZAKT,R,F,KZAKT,3.15
2012,PER_100000_POP,KZALM,R,F,KZALM,5.7
2012,PER_100000_POP,KZATY,R,F,KZATY,2.35
2012,PER_100000_POP,KZZAP,R,F,KZZAP,9.51
2012,PER_100000_POP,KZZHA,R,F,KZZHA,5.98
2012,PER_100000_POP,KZZHS,R,F,KZZHS,8.41
2012,PER_100000_POP,KZKAR,R,F,KZKAR,14.82
2012,PER_100000_POP,KZKUS,R,F,KZKUS,12.99
2012,PER_100000_POP,KZKZY,R,F,KZKZY,6.88
2012,PER_100000_POP,KZMAN,R,F,KZMAN,1.4
2012,PER_100000_POP,KZPAV,R,F,KZPAV,11.13
2012,PER_100000_POP,KZSEV,R,F,KZSEV,2.31
2012,PER_100000_POP,KZYUZ,R,F,KZYUZ,7.28
2012,PER_100000_POP,KZULU,R,F,KZULU,12.26
2012,PER_100000_POP,KZVOS,R,F,KZVOS,20.24
2013,PER_100000_POP,,,,,20.77
2013,PER_100000_POP,KZABY,,,KZABY,14.81
2013,PER_100000_POP,KZAKM,,,KZAKM,37.38
2013,PER_100000_POP,KZAKT,,,KZAKT,20.95
2013,PER_100000_POP,KZALM,,,KZALM,20.52
2013,PER_100000_POP,KZATY,,,KZATY,19.95
2013,PER_100000_POP,KZZAP,,,KZZAP,26.42
2013,PER_100000_POP,KZZHA,,,KZZHA,19.71
2013,PER_100000_POP,KZZHS,,,KZZHS,26.74
2013,PER_100000_POP,KZKAR,,,KZKAR,27.95
2013,PER_100000_POP,KZKUS,,,KZKUS,42.5
2013,PER_100000_POP,KZKZY,,,KZKZY,16.93
2013,PER_100000_POP,KZMAN,,,KZMAN,12.45
2013,PER_100000_POP,KZPAV,,,KZPAV,25.44
2013,PER_100000_POP,KZSEV,,,KZSEV,10.57
2013,PER_100000_POP,KZYUZ,,,KZYUZ,14.1
2013,PER_100000_POP,KZULU,,,KZULU,15.15
2013,PER_100000_POP,KZVOS,,,KZVOS,46.17
2013,PER_100000_POP,KZNS,,,KZNS,12.46
2013,PER_100000_POP,KZALA,,,KZALA,6.3
2013,PER_100000_POP,KZSHY,,,KZSHY,12.86
2013,PER_100000_POP,,U,,,17.72
2013,PER_100000_POP,KZABY,U,,KZABY,7.27
2013,PER_100000_POP,KZAKM,U,,KZAKM,32.74
2013,PER_100000_POP,KZAKT,U,,KZAKT,18.19
2013,PER_100000_POP,KZALM,U,,KZALM,25.95
2013,PER_100000_POP,KZATY,U,,KZATY,16.28
2013,PER_100000_POP,KZZAP,U,,KZZAP,22.66
2013,PER_100000_POP,KZZHA,U,,KZZHA,22.68
2013,PER_100000_POP,KZZHS,U,,KZZHS,26.34
2013,PER_100000_POP,KZKAR,U,,KZKAR,23.78
2013,PER_100000_POP,KZKUS,U,,KZKUS,33.74
2013,PER_100000_POP,KZKZY,U,,KZKZY,15.34
2013,PER_100000_POP,KZMAN,U,,KZMAN,14.21
2013,PER_100000_POP,KZPAV,U,,KZPAV,22.61
2013,PER_100000_POP,KZSEV,U,,KZSEV,3.73
2013,PER_100000_POP,KZYUZ,U,,KZYUZ,13.15
2013,PER_100000_POP,KZULU,U,,KZULU,12.1
2013,PER_100000_POP,KZVOS,U,,KZVOS,39.72
2013,PER_100000_POP,KZNS,U,,KZNS,12.46
2013,PER_100000_POP,KZALA,U,,KZALA,6.3
2013,PER_100000_POP,KZSHY,U,,KZSHY,12.86
2013,PER_100000_POP,,R,,,24.8
2013,PER_100000_POP,KZABY,R,,KZABY,24.71
2013,PER_100000_POP,KZAKM,R,,KZAKM,41.66
2013,PER_100000_POP,KZAKT,R,,KZAKT,26.79
2013,PER_100000_POP,KZALM,R,,KZALM,19.5
2013,PER_100000_POP,KZATY,R,,KZATY,24.18
2013,PER_100000_POP,KZZAP,R,,KZZAP,30.04
2013,PER_100000_POP,KZZHA,R,,KZZHA,17.71
2013,PER_100000_POP,KZZHS,R,,KZZHS,27.01
2013,PER_100000_POP,KZKAR,R,,KZKAR,43.5
2013,PER_100000_POP,KZKUS,R,,KZKUS,52.88
2013,PER_100000_POP,KZKZY,R,,KZKZY,18.11
2013,PER_100000_POP,KZMAN,R,,KZMAN,10.87
2013,PER_100000_POP,KZPAV,R,,KZPAV,31.91
2013,PER_100000_POP,KZSEV,R,,KZSEV,15.49
2013,PER_100000_POP,KZYUZ,R,,KZYUZ,14.34
2013,PER_100000_POP,KZULU,R,,KZULU,25.59
2013,PER_100000_POP,KZVOS,R,,KZVOS,56.13
2013,PER_100000_POP,,,M,,34.75
2013,PER_100000_POP,KZABY,,M,KZABY,26.02
2013,PER_100000_POP,KZAKM,,M,KZAKM,62.14
2013,PER_100000_POP,KZAKT,,M,KZAKT,36.47
2013,PER_100000_POP,KZALM,,M,KZALM,31.27
2013,PER_100000_POP,KZATY,,M,KZATY,33.4
2013,PER_100000_POP,KZZAP,,M,KZZAP,46.72
2013,PER_100000_POP,KZZHA,,M,KZZHA,32.84
2013,PER_100000_POP,KZZHS,,M,KZZHS,47.22
2013,PER_100000_POP,KZKAR,,M,KZKAR,48.07
2013,PER_100000_POP,KZKUS,,M,KZKUS,74.85
2013,PER_100000_POP,KZKZY,,M,KZKZY,26.51
2013,PER_100000_POP,KZMAN,,M,KZMAN,20.21
2013,PER_100000_POP,KZPAV,,M,KZPAV,43.84
2013,PER_100000_POP,KZSEV,,M,KZSEV,19.28
2013,PER_100000_POP,KZYUZ,,M,KZYUZ,20.52
2013,PER_100000_POP,KZULU,,M,KZULU,24.82
2013,PER_100000_POP,KZVOS,,M,KZVOS,81.14
2013,PER_100000_POP,KZNS,,M,KZNS,21.18
2013,PER_100000_POP,KZALA,,M,KZALA,9.91
2013,PER_100000_POP,KZSHY,,M,KZSHY,20.72
2013,PER_100000_POP,,U,M,,30.06
2013,PER_100000_POP,KZABY,U,M,KZABY,13.29
2013,PER_100000_POP,KZAKM,U,M,KZAKM,55.28
2013,PER_100000_POP,KZAKT,U,M,KZAKT,32.19
2013,PER_100000_POP,KZALM,U,M,KZALM,39.05
2013,PER_100000_POP,KZATY,U,M,KZATY,26.33
2013,PER_100000_POP,KZZAP,U,M,KZZAP,39.08
2013,PER_100000_POP,KZZHA,U,M,KZZHA,39.2
2013,PER_100000_POP,KZZHS,U,M,KZZHS,49.98
2013,PER_100000_POP,KZKAR,U,M,KZKAR,41.13
2013,PER_100000_POP,KZKUS,U,M,KZKUS,61.81
2013,PER_100000_POP,KZKZY,U,M,KZKZY,22.92
2013,PER_100000_POP,KZMAN,U,M,KZMAN,22.48
2013,PER_100000_POP,KZPAV,U,M,KZPAV,38.74
2013,PER_100000_POP,KZSEV,U,M,KZSEV,8.24
2013,PER_100000_POP,KZYUZ,U,M,KZYUZ,17.12
2013,PER_100000_POP,KZULU,U,M,KZULU,19.33
2013,PER_100000_POP,KZVOS,U,M,KZVOS,70.59
2013,PER_100000_POP,KZNS,U,M,KZNS,21.18
2013,PER_100000_POP,KZALA,U,M,KZALA,9.91
2013,PER_100000_POP,KZSHY,U,M,KZSHY,20.72
2013,PER_100000_POP,,R,M,,40.58
2013,PER_100000_POP,KZABY,R,M,KZABY,41.54
2013,PER_100000_POP,KZAKM,R,M,KZAKM,68.09
2013,PER_100000_POP,KZAKT,R,M,KZAKT,45.03
2013,PER_100000_POP,KZALM,R,M,KZALM,29.86
2013,PER_100000_POP,KZATY,R,M,KZATY,41.18
2013,PER_100000_POP,KZZAP,R,M,KZZAP,53.49
2013,PER_100000_POP,KZZHA,R,M,KZZHA,28.82
2013,PER_100000_POP,KZZHS,R,M,KZZHS,45.45
2013,PER_100000_POP,KZKAR,R,M,KZKAR,71.92
2013,PER_100000_POP,KZKUS,R,M,KZKUS,89.3
2013,PER_100000_POP,KZKZY,R,M,KZKZY,29.08
2013,PER_100000_POP,KZMAN,R,M,KZMAN,18.23
2013,PER_100000_POP,KZPAV,R,M,KZPAV,54.64
2013,PER_100000_POP,KZSEV,R,M,KZSEV,26.55
2013,PER_100000_POP,KZYUZ,R,M,KZYUZ,21.39
2013,PER_100000_POP,KZULU,R,M,KZULU,42.29
2013,PER_100000_POP,KZVOS,R,M,KZVOS,96.11
2013,PER_100000_POP,,,F,,7.73
2013,PER_100000_POP,KZABY,,F,KZABY,4.42
2013,PER_100000_POP,KZAKM,,F,KZAKM,14.25
2013,PER_100000_POP,KZAKT,,F,KZAKT,6.5
2013,PER_100000_POP,KZALM,,F,KZALM,10.13
2013,PER_100000_POP,KZATY,,F,KZATY,6.99
2013,PER_100000_POP,KZZAP,,F,KZZAP,7.48
2013,PER_100000_POP,KZZHA,,F,KZZHA,7.1
2013,PER_100000_POP,KZZHS,,F,KZZHS,6.98
2013,PER_100000_POP,KZKAR,,F,KZKAR,10.09
2013,PER_100000_POP,KZKUS,,F,KZKUS,13.57
2013,PER_100000_POP,KZKZY,,F,KZKZY,7.36
2013,PER_100000_POP,KZMAN,,F,KZMAN,4.81
2013,PER_100000_POP,KZPAV,,F,KZPAV,9.06
2013,PER_100000_POP,KZSEV,,F,KZSEV,2.65
2013,PER_100000_POP,KZYUZ,,F,KZYUZ,7.58
2013,PER_100000_POP,KZULU,,F,KZULU,6.05
2013,PER_100000_POP,KZVOS,,F,KZVOS,15.09
2013,PER_100000_POP,KZNS,,F,KZNS,4.33
2013,PER_100000_POP,KZALA,,F,KZALA,3.25
2013,PER_100000_POP,KZSHY,,F,KZSHY,5.64
2013,PER_100000_POP,,U,F,,6.82
2013,PER_100000_POP,KZABY,U,F,KZABY,2.02
2013,PER_100000_POP,KZAKM,U,F,KZAKM,12.86
2013,PER_100000_POP,KZAKT,U,F,KZAKT,5.58
2013,PER_100000_POP,KZALM,U,F,KZALM,13.93
2013,PER_100000_POP,KZATY,U,F,KZATY,7.02
2013,PER_100000_POP,KZZAP,U,F,KZZAP,8.55
2013,PER_100000_POP,KZZHA,U,F,KZZHA,7.9
2013,PER_100000_POP,KZZHS,U,F,KZZHS,5.08
2013,PER_100000_POP,KZKAR,U,F,KZKAR,8.88
2013,PER_100000_POP,KZKUS,U,F,KZKUS,10.05
2013,PER_100000_POP,KZKZY,U,F,KZKZY,8.11
2013,PER_100000_POP,KZMAN,U,F,KZMAN,6.38
2013,PER_100000_POP,KZPAV,U,F,KZPAV,8.87
2013,PER_100000_POP,KZSEV,U,F,KZSEV,0.0
2013,PER_100000_POP,KZYUZ,U,F,KZYUZ,9.23
2013,PER_100000_POP,KZULU,U,F,KZULU,5.5
2013,PER_100000_POP,KZVOS,U,F,KZVOS,13.92
2013,PER_100000_POP,KZNS,U,F,KZNS,4.33
2013,PER_100000_POP,KZALA,U,F,KZALA,3.25
2013,PER_100000_POP,KZSHY,U,F,KZSHY,5.64
2013,PER_100000_POP,,R,F,,9.01
2013,PER_100000_POP,KZABY,R,F,KZABY,7.79
2013,PER_100000_POP,KZAKM,R,F,KZAKM,15.61
2013,PER_100000_POP,KZAKT,R,F,KZAKT,8.55
2013,PER_100000_POP,KZALM,R,F,KZALM,9.4
2013,PER_100000_POP,KZATY,R,F,KZATY,6.96
2013,PER_100000_POP,KZZAP,R,F,KZZAP,6.35
2013,PER_100000_POP,KZZHA,R,F,KZZHA,6.54
2013,PER_100000_POP,KZZHS,R,F,KZZHS,8.36
2013,PER_100000_POP,KZKAR,R,F,KZKAR,14.95
2013,PER_100000_POP,KZKUS,R,F,KZKUS,17.99
2013,PER_100000_POP,KZKZY,R,F,KZKZY,6.78
2013,PER_100000_POP,KZMAN,R,F,KZMAN,3.33
2013,PER_100000_POP,KZPAV,R,F,KZPAV,9.54
2013,PER_100000_POP,KZSEV,R,F,KZSEV,4.71
2013,PER_100000_POP,KZYUZ,R,F,KZYUZ,7.14
2013,PER_100000_POP,KZULU,R,F,KZULU,8.07
2013,PER_100000_POP,KZVOS,R,F,KZVOS,17.03
2014,PER_100000_POP,,,,,18.27
2014,PER_100000_POP,KZABY,,,KZABY,15.42
2014,PER_100000_POP,KZAKM,,,KZAKM,36.74
2014,PER_100000_POP,KZAKT,,,KZAKT,18.16
2014,PER_100000_POP,KZALM,,,KZALM,19.76
2014,PER_100000_POP,KZATY,,,KZATY,16.18
2014,PER_100000_POP,KZZAP,,,KZZAP,23.77
2014,PER_100000_POP,KZZHA,,,KZZHA,17.15
2014,PER_100000_POP,KZZHS,,,KZZHS,27.68
2014,PER_100000_POP,KZKAR,,,KZKAR,28.3
2014,PER_100000_POP,KZKUS,,,KZKUS,31.8
2014,PER_100000_POP,KZKZY,,,KZKZY,9.39
2014,PER_100000_POP,KZMAN,,,KZMAN,8.53
2014,PER_100000_POP,KZPAV,,,KZPAV,13.53
2014,PER_100000_POP,KZSEV,,,KZSEV,11.69
2014,PER_100000_POP,KZYUZ,,,KZYUZ,16.09
2014,PER_100000_POP,KZULU,,,KZULU,20.89
2014,PER_100000_POP,KZVOS,,,KZVOS,40.47
2014,PER_100000_POP,KZNS,,,KZNS,8.33
2014,PER_100000_POP,KZALA,,,KZALA,6.4
2014,PER_100000_POP,KZSHY,,,KZSHY,7.11
2014,PER_100000_POP,,U,,,14.75
2014,PER_100000_POP,KZABY,U,,KZABY,6.42
2014,PER_100000_POP,KZAKM,U,,KZAKM,30.23
2014,PER_100000_POP,KZAKT,U,,KZAKT,13.5
2014,PER_100000_POP,KZALM,U,,KZALM,18.89
2014,PER_100000_POP,KZATY,U,,KZATY,12.57
2014,PER_100000_POP,KZZAP,U,,KZZAP,23.21
2014,PER_100000_POP,KZZHA,U,,KZZHA,15.7
2014,PER_100000_POP,KZZHS,U,,KZZHS,25.55
2014,PER_100000_POP,KZKAR,U,,KZKAR,24.85
2014,PER_100000_POP,KZKUS,U,,KZKUS,25.09
2014,PER_100000_POP,KZKZY,U,,KZKZY,11.55
2014,PER_100000_POP,KZMAN,U,,KZMAN,7.5
2014,PER_100000_POP,KZPAV,U,,KZPAV,12.32
2014,PER_100000_POP,KZSEV,U,,KZSEV,6.16
2014,PER_100000_POP,KZYUZ,U,,KZYUZ,13.1
2014,PER_100000_POP,KZULU,U,,KZULU,22.43
2014,PER_100000_POP,KZVOS,U,,KZVOS,35.2
2014,PER_100000_POP,KZNS,U,,KZNS,8.33
2014,PER_100000_POP,KZALA,U,,KZALA,6.4
2014,PER_100000_POP,KZSHY,U,,KZSHY,7.11
2014,PER_100000_POP,,R,,,22.99
2014,PER_100000_POP,KZABY,R,,KZABY,27.38
2014,PER_100000_POP,KZAKM,R,,KZAKM,42.79
2014,PER_100000_POP,KZAKT,R,,KZAKT,28.11
2014,PER_100000_POP,KZALM,R,,KZALM,19.93
2014,PER_100000_POP,KZATY,R,,KZATY,20.43
2014,PER_100000_POP,KZZAP,R,,KZZAP,24.31
2014,PER_100000_POP,KZZHA,R,,KZZHA,18.14
2014,PER_100000_POP,KZZHS,R,,KZZHS,29.15
2014,PER_100000_POP,KZKAR,R,,KZKAR,41.45
2014,PER_100000_POP,KZKUS,R,,KZKUS,39.91
2014,PER_100000_POP,KZKZY,R,,KZKZY,7.76
2014,PER_100000_POP,KZMAN,R,,KZMAN,9.44
2014,PER_100000_POP,KZPAV,R,,KZPAV,16.35
2014,PER_100000_POP,KZSEV,R,,KZSEV,15.77
2014,PER_100000_POP,KZYUZ,R,,KZYUZ,16.85
2014,PER_100000_POP,KZULU,R,,KZULU,15.67
2014,PER_100000_POP,KZVOS,R,,KZVOS,48.74
2014,PER_100000_POP,,,M,,31.04
2014,PER_100000_POP,KZABY,,M,KZABY,27.88
2014,PER_100000_POP,KZAKM,,M,KZAKM,64.8
2014,PER_100000_POP,KZAKT,,M,KZAKT,31.52
2014,PER_100000_POP,KZALM,,M,KZALM,33.68
2014,PER_100000_POP,KZATY,,M,KZATY,26.59
2014,PER_100000_POP,KZZAP,,M,KZZAP,40.29
2014,PER_100000_POP,KZZHA,,M,KZZHA,27.32
2014,PER_100000_POP,KZZHS,,M,KZZHS,46.07
2014,PER_100000_POP,KZKAR,,M,KZKAR,47.38
2014,PER_100000_POP,KZKUS,,M,KZKUS,58.17
2014,PER_100000_POP,KZKZY,,M,KZKZY,15.03
2014,PER_100000_POP,KZMAN,,M,KZMAN,13.47
2014,PER_100000_POP,KZPAV,,M,KZPAV,22.79
2014,PER_100000_POP,KZSEV,,M,KZSEV,20.5
2014,PER_100000_POP,KZYUZ,,M,KZYUZ,24.76
2014,PER_100000_POP,KZULU,,M,KZULU,34.84
2014,PER_100000_POP,KZVOS,,M,KZVOS,70.14
2014,PER_100000_POP,KZNS,,M,KZNS,14.32
2014,PER_100000_POP,KZALA,,M,KZALA,11.84
2014,PER_100000_POP,KZSHY,,M,KZSHY,13.12
2014,PER_100000_POP,,U,M,,25.61
2014,PER_100000_POP,KZABY,U,M,KZABY,10.88
2014,PER_100000_POP,KZAKM,U,M,KZAKM,53.65
2014,PER_100000_POP,KZAKT,U,M,KZAKT,24.28
2014,PER_100000_POP,KZALM,U,M,KZALM,36.26
2014,PER_100000_POP,KZATY,U,M,KZATY,18.79
2014,PER_100000_POP,KZZAP,U,M,KZZAP,38.29
2014,PER_100000_POP,KZZHA,U,M,KZZHA,27.43
2014,PER_100000_POP,KZZHS,U,M,KZZHS,45.15
2014,PER_100000_POP,KZKAR,U,M,KZKAR,42.82
2014,PER_100000_POP,KZKUS,U,M,KZKUS,46.17
2014,PER_100000_POP,KZKZY,U,M,KZKZY,17.89
2014,PER_100000_POP,KZMAN,U,M,KZMAN,12.47
2014,PER_100000_POP,KZPAV,U,M,KZPAV,20.58
2014,PER_100000_POP,KZSEV,U,M,KZSEV,11.8
2014,PER_100000_POP,KZYUZ,U,M,KZYUZ,21.09
2014,PER_100000_POP,KZULU,U,M,KZULU,36.19
2014,PER_100000_POP,KZVOS,U,M,KZVOS,61.76
2014,PER_100000_POP,KZNS,U,M,KZNS,14.32
2014,PER_100000_POP,KZALA,U,M,KZALA,11.84
2014,PER_100000_POP,KZSHY,U,M,KZSHY,13.12
2014,PER_100000_POP,,R,M,,37.85
2014,PER_100000_POP,KZABY,R,M,KZABY,48.93
2014,PER_100000_POP,KZAKM,R,M,KZAKM,74.58
2014,PER_100000_POP,KZAKT,R,M,KZAKT,46.19
2014,PER_100000_POP,KZALM,R,M,KZALM,33.22
2014,PER_100000_POP,KZATY,R,M,KZATY,35.32
2014,PER_100000_POP,KZZAP,R,M,KZZAP,42.1
2014,PER_100000_POP,KZZHA,R,M,KZZHA,27.25
2014,PER_100000_POP,KZZHS,R,M,KZZHS,46.66
2014,PER_100000_POP,KZKAR,R,M,KZKAR,63.41
2014,PER_100000_POP,KZKUS,R,M,KZKUS,71.75
2014,PER_100000_POP,KZKZY,R,M,KZKZY,12.96
2014,PER_100000_POP,KZMAN,R,M,KZMAN,14.32
2014,PER_100000_POP,KZPAV,R,M,KZPAV,27.55
2014,PER_100000_POP,KZSEV,R,M,KZSEV,26.39
2014,PER_100000_POP,KZYUZ,R,M,KZYUZ,25.68
2014,PER_100000_POP,KZULU,R,M,KZULU,30.57
2014,PER_100000_POP,KZVOS,R,M,KZVOS,82.27
2014,PER_100000_POP,,,F,,6.35
2014,PER_100000_POP,KZABY,,F,KZABY,3.83
2014,PER_100000_POP,KZAKM,,F,KZAKM,10.53
2014,PER_100000_POP,KZAKT,,F,KZAKT,5.69
2014,PER_100000_POP,KZALM,,F,KZALM,6.3
2014,PER_100000_POP,KZATY,,F,KZATY,6.15
2014,PER_100000_POP,KZZAP,,F,KZZAP,8.33
2014,PER_100000_POP,KZZHA,,F,KZZHA,7.38
2014,PER_100000_POP,KZZHS,,F,KZZHS,9.92
2014,PER_100000_POP,KZKAR,,F,KZKAR,11.35
2014,PER_100000_POP,KZKUS,,F,KZKUS,8.18
2014,PER_100000_POP,KZKZY,,F,KZKZY,3.75
2014,PER_100000_POP,KZMAN,,F,KZMAN,3.66
2014,PER_100000_POP,KZPAV,,F,KZPAV,5.27
2014,PER_100000_POP,KZSEV,,F,KZSEV,3.67
2014,PER_100000_POP,KZYUZ,,F,KZYUZ,7.27
2014,PER_100000_POP,KZULU,,F,KZULU,7.77
2014,PER_100000_POP,KZVOS,,F,KZVOS,14.06
2014,PER_100000_POP,KZNS,,F,KZNS,2.76
2014,PER_100000_POP,KZALA,,F,KZALA,1.81
2014,PER_100000_POP,KZSHY,,F,KZSHY,1.59
2014,PER_100000_POP,,U,F,,5.13
2014,PER_100000_POP,KZABY,U,F,KZABY,2.51
2014,PER_100000_POP,KZAKM,U,F,KZAKM,9.57
2014,PER_100000_POP,KZAKT,U,F,KZAKT,3.77
2014,PER_100000_POP,KZALM,U,F,KZALM,2.94
2014,PER_100000_POP,KZATY,U,F,KZATY,6.82
2014,PER_100000_POP,KZZAP,U,F,KZZAP,10.21
2014,PER_100000_POP,KZZHA,U,F,KZZHA,5.18
2014,PER_100000_POP,KZZHS,U,F,KZZHS,7.86
2014,PER_100000_POP,KZKAR,U,F,KZKAR,9.4
2014,PER_100000_POP,KZKUS,U,F,KZKUS,7.27
2014,PER_100000_POP,KZKZY,U,F,KZKZY,5.49
2014,PER_100000_POP,KZMAN,U,F,KZMAN,2.78
2014,PER_100000_POP,KZPAV,U,F,KZPAV,5.27
2014,PER_100000_POP,KZSEV,U,F,KZSEV,1.5
2014,PER_100000_POP,KZYUZ,U,F,KZYUZ,5.13
2014,PER_100000_POP,KZULU,U,F,KZULU,9.89
2014,PER_100000_POP,KZVOS,U,F,KZVOS,13.01
2014,PER_100000_POP,KZNS,U,F,KZNS,2.76
2014,PER_100000_POP,KZALA,U,F,KZALA,1.81
2014,PER_100000_POP,KZSHY,U,F,KZSHY,1.59
2014,PER_100000_POP,,R,F,,8.1
2014,PER_100000_POP,KZABY,R,F,KZABY,5.71
2014,PER_100000_POP,KZAKM,R,F,KZAKM,11.47
2014,PER_100000_POP,KZAKT,R,F,KZAKT,10.01
2014,PER_100000_POP,KZALM,R,F,KZALM,6.94
2014,PER_100000_POP,KZATY,R,F,KZATY,5.33
2014,PER_100000_POP,KZZAP,R,F,KZZAP,6.35
2014,PER_100000_POP,KZZHA,R,F,KZZHA,8.95
2014,PER_100000_POP,KZZHS,R,F,KZZHS,11.42
2014,PER_100000_POP,KZKAR,R,F,KZKAR,19.33
2014,PER_100000_POP,KZKUS,R,F,KZKUS,9.35
2014,PER_100000_POP,KZKZY,R,F,KZKZY,2.39
2014,PER_100000_POP,KZMAN,R,F,KZMAN,4.46
2014,PER_100000_POP,KZPAV,R,F,KZPAV,5.27
2014,PER_100000_POP,KZSEV,R,F,KZSEV,5.39
2014,PER_100000_POP,KZYUZ,R,F,KZYUZ,7.82
2014,PER_100000_POP,KZULU,R,F,KZULU,0.0
2014,PER_100000_POP,KZVOS,R,F,KZVOS,15.86
2015,PER_100000_POP,,,,,16.66
2015,PER_100000_POP,KZABY,,,KZABY,13.42
2015,PER_100000_POP,KZAKM,,,KZAKM,34.09
2015,PER_100000_POP,KZAKT,,,KZAKT,20.53
2015,PER_100000_POP,KZALM,,,KZALM,15.4
2015,PER_100000_POP,KZATY,,,KZATY,18.37
2015,PER_100000_POP,KZZAP,,,KZZAP,19.26
2015,PER_100000_POP,KZZHA,,,KZZHA,12.78
2015,PER_100000_POP,KZZHS,,,KZZHS,21.84
2015,PER_100000_POP,KZKAR,,,KZKAR,22.85
2015,PER_100000_POP,KZKUS,,,KZKUS,37.3
2015,PER_100000_POP,KZKZY,,,KZKZY,7.52
2015,PER_100000_POP,KZMAN,,,KZMAN,8.1
2015,PER_100000_POP,KZPAV,,,KZPAV,4.89
2015,PER_100000_POP,KZSEV,,,KZSEV,16.67
2015,PER_100000_POP,KZYUZ,,,KZYUZ,13.97
2015,PER_100000_POP,KZULU,,,KZULU,23.93
2015,PER_100000_POP,KZVOS,,,KZVOS,38.97
2015,PER_100000_POP,KZNS,,,KZNS,13.0
2015,PER_100000_POP,KZALA,,,KZALA,5.73
2015,PER_100000_POP,KZSHY,,,KZSHY,5.5
2015,PER_100000_POP,,U,,,13.59
2015,PER_100000_POP,KZABY,U,,KZABY,3.71
2015,PER_100000_POP,KZAKM,U,,KZAKM,30.48
2015,PER_100000_POP,KZAKT,U,,KZAKT,18.14
2015,PER_100000_POP,KZALM,U,,KZALM,13.1
2015,PER_100000_POP,KZATY,U,,KZATY,14.35
2015,PER_100000_POP,KZZAP,U,,KZZAP,15.22
2015,PER_100000_POP,KZZHA,U,,KZZHA,14.57
2015,PER_100000_POP,KZZHS,U,,KZZHS,16.66
2015,PER_100000_POP,KZKAR,U,,KZKAR,21.01
2015,PER_100000_POP,KZKUS,U,,KZKUS,27.84
2015,PER_100000_POP,KZKZY,U,,KZKZY,8.51
2015,PER_100000_POP,KZMAN,U,,KZMAN,6.68
2015,PER_100000_POP,KZPAV,U,,KZPAV,3.19
2015,PER_100000_POP,KZSEV,U,,KZSEV,12.14
2015,PER_100000_POP,KZYUZ,U,,KZYUZ,10.73
2015,PER_100000_POP,KZULU,U,,KZULU,26.37
2015,PER_100000_POP,KZVOS,U,,KZVOS,32.54
2015,PER_100000_POP,KZNS,U,,KZNS,13.0
2015,PER_100000_POP,KZALA,U,,KZALA,5.73
2015,PER_100000_POP,KZSHY,U,,KZSHY,5.5
2015,PER_100000_POP,,R,,,20.82
2015,PER_100000_POP,KZABY,R,,KZABY,26.58
2015,PER_100000_POP,KZAKM,R,,KZAKM,37.48
2015,PER_100000_POP,KZAKT,R,,KZAKT,25.74
2015,PER_100000_POP,KZALM,R,,KZALM,15.83
2015,PER_100000_POP,KZATY,R,,KZATY,23.2
2015,PER_100000_POP,KZZAP,R,,KZZAP,23.27
2015,PER_100000_POP,KZZHA,R,,KZZHA,11.56
2015,PER_100000_POP,KZZHS,R,,KZZHS,25.44
2015,PER_100000_POP,KZKAR,R,,KZKAR,30.0
2015,PER_100000_POP,KZKUS,R,,KZKUS,49.06
2015,PER_100000_POP,KZKZY,R,,KZKZY,6.75
2015,PER_100000_POP,KZMAN,R,,KZMAN,9.32
2015,PER_100000_POP,KZPAV,R,,KZPAV,8.92
2015,PER_100000_POP,KZSEV,R,,KZSEV,20.13
2015,PER_100000_POP,KZYUZ,R,,KZYUZ,14.79
2015,PER_100000_POP,KZULU,R,,KZULU,15.62
2015,PER_100000_POP,KZVOS,R,,KZVOS,49.28
2015,PER_100000_POP,,,M,,28.14
2015,PER_100000_POP,KZABY,,M,KZABY,25.31
2015,PER_100000_POP,KZAKM,,M,KZAKM,57.67
2015,PER_100000_POP,KZAKT,,M,KZAKT,37.49
2015,PER_100000_POP,KZALM,,M,KZALM,24.11
2015,PER_100000_POP,KZATY,,M,KZATY,30.47
2015,PER_100000_POP,KZZAP,,M,KZZAP,34.32
2015,PER_100000_POP,KZZHA,,M,KZZHA,21.79
2015,PER_100000_POP,KZZHS,,M,KZZHS,34.53
2015,PER_100000_POP,KZKAR,,M,KZKAR,39.71
2015,PER_100000_POP,KZKUS,,M,KZKUS,64.51
2015,PER_100000_POP,KZKZY,,M,KZKZY,12.93
2015,PER_100000_POP,KZMAN,,M,KZMAN,13.68
2015,PER_100000_POP,KZPAV,,M,KZPAV,7.28
2015,PER_100000_POP,KZSEV,,M,KZSEV,27.23
2015,PER_100000_POP,KZYUZ,,M,KZYUZ,20.94
2015,PER_100000_POP,KZULU,,M,KZULU,37.46
2015,PER_100000_POP,KZVOS,,M,KZVOS,67.23
2015,PER_100000_POP,KZNS,,M,KZNS,22.68
2015,PER_100000_POP,KZALA,,M,KZALA,10.83
2015,PER_100000_POP,KZSHY,,M,KZSHY,9.8
2015,PER_100000_POP,,U,M,,23.22
2015,PER_100000_POP,KZABY,U,M,KZABY,7.93
2015,PER_100000_POP,KZAKM,U,M,KZAKM,51.86
2015,PER_100000_POP,KZAKT,U,M,KZAKT,32.24
2015,PER_100000_POP,KZALM,U,M,KZALM,21.04
2015,PER_100000_POP,KZATY,U,M,KZATY,24.01
2015,PER_100000_POP,KZZAP,U,M,KZZAP,26.71
2015,PER_100000_POP,KZZHA,U,M,KZZHA,25.57
2015,PER_100000_POP,KZZHS,U,M,KZZHS,25.71
2015,PER_100000_POP,KZKAR,U,M,KZKAR,36.94
2015,PER_100000_POP,KZKUS,U,M,KZKUS,49.54
2015,PER_100000_POP,KZKZY,U,M,KZKZY,14.92
2015,PER_100000_POP,KZMAN,U,M,KZMAN,11.53
2015,PER_100000_POP,KZPAV,U,M,KZPAV,4.08
2015,PER_100000_POP,KZSEV,U,M,KZSEV,19.63
2015,PER_100000_POP,KZYUZ,U,M,KZYUZ,13.77
2015,PER_100000_POP,KZULU,U,M,KZULU,39.68
2015,PER_100000_POP,KZVOS,U,M,KZVOS,54.06
2015,PER_100000_POP,KZNS,U,M,KZNS,22.68
2015,PER_100000_POP,KZALA,U,M,KZALA,10.83
2015,PER_100000_POP,KZSHY,U,M,KZSHY,9.8
2015,PER_100000_POP,,R,M,,34.38
2015,PER_100000_POP,KZABY,R,M,KZABY,47.25
2015,PER_100000_POP,KZAKM,R,M,KZAKM,62.82
2015,PER_100000_POP,KZAKT,R,M,KZAKT,48.37
2015,PER_100000_POP,KZALM,R,M,KZALM,24.65
2015,PER_100000_POP,KZATY,R,M,KZATY,37.86
2015,PER_100000_POP,KZZAP,R,M,KZZAP,41.25
2015,PER_100000_POP,KZZHA,R,M,KZZHA,19.38
2015,PER_100000_POP,KZZHS,R,M,KZZHS,40.3
2015,PER_100000_POP,KZKAR,R,M,KZKAR,49.61
2015,PER_100000_POP,KZKUS,R,M,KZKUS,81.9
2015,PER_100000_POP,KZKZY,R,M,KZKZY,11.46
2015,PER_100000_POP,KZMAN,R,M,KZMAN,15.45
2015,PER_100000_POP,KZPAV,R,M,KZPAV,14.32
2015,PER_100000_POP,KZSEV,R,M,KZSEV,32.55
2015,PER_100000_POP,KZYUZ,R,M,KZYUZ,22.74
2015,PER_100000_POP,KZULU,R,M,KZULU,30.44
2015,PER_100000_POP,KZVOS,R,M,KZVOS,86.58
2015,PER_100000_POP,,,F,,5.93
2015,PER_100000_POP,KZABY,,F,KZABY,2.35
2015,PER_100000_POP,KZAKM,,F,KZAKM,12.04
2015,PER_100000_POP,KZAKT,,F,KZAKT,4.67
2015,PER_100000_POP,KZALM,,F,KZALM,6.96
2015,PER_100000_POP,KZATY,,F,KZATY,6.69
2015,PER_100000_POP,KZZAP,,F,KZZAP,5.19
2015,PER_100000_POP,KZZHA,,F,KZZHA,4.09
2015,PER_100000_POP,KZZHS,,F,KZZHS,9.55
2015,PER_100000_POP,KZKAR,,F,KZKAR,7.85
2015,PER_100000_POP,KZKUS,,F,KZKUS,12.9
2015,PER_100000_POP,KZKZY,,F,KZKZY,2.11
2015,PER_100000_POP,KZMAN,,F,KZMAN,2.58
2015,PER_100000_POP,KZPAV,,F,KZPAV,2.75
2015,PER_100000_POP,KZSEV,,F,KZSEV,7.04
2015,PER_100000_POP,KZYUZ,,F,KZYUZ,6.87
2015,PER_100000_POP,KZULU,,F,KZULU,11.19
2015,PER_100000_POP,KZVOS,,F,KZVOS,13.81
2015,PER_100000_POP,KZNS,,F,KZNS,4.0
2015,PER_100000_POP,KZALA,,F,KZALA,1.43
2015,PER_100000_POP,KZSHY,,F,KZSHY,1.54
2015,PER_100000_POP,,U,F,,5.05
2015,PER_100000_POP,KZABY,U,F,KZABY,0.0
2015,PER_100000_POP,KZAKM,U,F,KZAKM,11.59
2015,PER_100000_POP,KZAKT,U,F,KZAKT,5.37
2015,PER_100000_POP,KZALM,U,F,KZALM,5.8
2015,PER_100000_POP,KZATY,U,F,KZATY,5.4
2015,PER_100000_POP,KZZAP,U,F,KZZAP,5.32
2015,PER_100000_POP,KZZHA,U,F,KZZHA,4.68
2015,PER_100000_POP,KZZHS,U,F,KZZHS,8.46
2015,PER_100000_POP,KZKAR,U,F,KZKAR,7.29
2015,PER_100000_POP,KZKUS,U,F,KZKUS,9.45
2015,PER_100000_POP,KZKZY,U,F,KZKZY,2.38
2015,PER_100000_POP,KZMAN,U,F,KZMAN,2.06
2015,PER_100000_POP,KZPAV,U,F,KZPAV,2.44
2015,PER_100000_POP,KZSEV,U,F,KZSEV,5.92
2015,PER_100000_POP,KZYUZ,U,F,KZYUZ,7.68
2015,PER_100000_POP,KZULU,U,F,KZULU,14.24
2015,PER_100000_POP,KZVOS,U,F,KZVOS,14.53
2015,PER_100000_POP,KZNS,U,F,KZNS,4.0
2015,PER_100000_POP,KZALA,U,F,KZALA,1.43
2015,PER_100000_POP,KZSHY,U,F,KZSHY,1.54
2015,PER_100000_POP,,R,F,,7.21
2015,PER_100000_POP,KZABY,R,F,KZABY,5.77
2015,PER_100000_POP,KZAKM,R,F,KZAKM,12.49
2015,PER_100000_POP,KZAKT,R,F,KZAKT,3.08
2015,PER_100000_POP,KZALM,R,F,KZALM,7.19
2015,PER_100000_POP,KZATY,R,F,KZATY,8.3
2015,PER_100000_POP,KZZAP,R,F,KZZAP,5.06
2015,PER_100000_POP,KZZHA,R,F,KZZHA,3.67
2015,PER_100000_POP,KZZHS,R,F,KZZHS,10.35
2015,PER_100000_POP,KZKAR,R,F,KZKAR,10.19
2015,PER_100000_POP,KZKUS,R,F,KZKUS,17.45
2015,PER_100000_POP,KZKZY,R,F,KZKZY,1.89
2015,PER_100000_POP,KZMAN,R,F,KZMAN,3.04
2015,PER_100000_POP,KZPAV,R,F,KZPAV,3.55
2015,PER_100000_POP,KZSEV,R,F,KZSEV,7.97
2015,PER_100000_POP,KZYUZ,R,F,KZYUZ,6.66
2015,PER_100000_POP,KZULU,R,F,KZULU,0.0
2015,PER_100000_POP,KZVOS,R,F,KZVOS,12.57
2016,PER_100000_POP,,,,,14.68
2016,PER_100000_POP,KZABY,,,KZABY,11.32
2016,PER_100000_POP,KZAKM,,,KZAKM,27.23
2016,PER_100000_POP,KZAKT,,,KZAKT,17.87
2016,PER_100000_POP,KZALM,,,KZALM,15.46
2016,PER_100000_POP,KZATY,,,KZATY,14.31
2016,PER_100000_POP,KZZAP,,,KZZAP,17.53
2016,PER_100000_POP,KZZHA,,,KZZHA,10.7
2016,PER_100000_POP,KZZHS,,,KZZHS,19.62
2016,PER_100000_POP,KZKAR,,,KZKAR,22.98
2016,PER_100000_POP,KZKUS,,,KZKUS,32.24
2016,PER_100000_POP,KZKZY,,,KZKZY,7.42
2016,PER_100000_POP,KZMAN,,,KZMAN,11.17
2016,PER_100000_POP,KZPAV,,,KZPAV,4.49
2016,PER_100000_POP,KZSEV,,,KZSEV,17.68
2016,PER_100000_POP,KZYUZ,,,KZYUZ,11.69
2016,PER_100000_POP,KZULU,,,KZULU,16.4
2016,PER_100000_POP,KZVOS,,,KZVOS,33.74
2016,PER_100000_POP,KZNS,,,KZNS,10.55
2016,PER_100000_POP,KZALA,,,KZALA,4.79
2016,PER_100000_POP,KZSHY,,,KZSHY,3.45
2016,PER_100000_POP,,U,,,12.09
2016,PER_100000_POP,KZABY,U,,KZABY,3.42
2016,PER_100000_POP,KZAKM,U,,KZAKM,25.34
2016,PER_100000_POP,KZAKT,U,,KZAKT,16.04
2016,PER_100000_POP,KZALM,U,,KZALM,17.46
2016,PER_100000_POP,KZATY,U,,KZATY,13.29
2016,PER_100000_POP,KZZAP,U,,KZZAP,14.32
2016,PER_100000_POP,KZZHA,U,,KZZHA,10.91
2016,PER_100000_POP,KZZHS,U,,KZZHS,17.23
2016,PER_100000_POP,KZKAR,U,,KZKAR,19.71
2016,PER_100000_POP,KZKUS,U,,KZKUS,23.95
2016,PER_100000_POP,KZKZY,U,,KZKZY,9.2
2016,PER_100000_POP,KZMAN,U,,KZMAN,10.09
2016,PER_100000_POP,KZPAV,U,,KZPAV,4.11
2016,PER_100000_POP,KZSEV,U,,KZSEV,12.39
2016,PER_100000_POP,KZYUZ,U,,KZYUZ,11.23
2016,PER_100000_POP,KZULU,U,,KZULU,17.19
2016,PER_100000_POP,KZVOS,U,,KZVOS,28.2
2016,PER_100000_POP,KZNS,U,,KZNS,10.55
2016,PER_100000_POP,KZALA,U,,KZALA,4.79
2016,PER_100000_POP,KZSHY,U,,KZSHY,3.45
2016,PER_100000_POP,,R,,,18.24
2016,PER_100000_POP,KZABY,R,,KZABY,22.28
2016,PER_100000_POP,KZAKM,R,,KZAKM,29.03
2016,PER_100000_POP,KZAKT,R,,KZAKT,21.93
2016,PER_100000_POP,KZALM,R,,KZALM,15.09
2016,PER_100000_POP,KZATY,R,,KZATY,15.56
2016,PER_100000_POP,KZZAP,R,,KZZAP,20.77
2016,PER_100000_POP,KZZHA,R,,KZZHA,10.56
2016,PER_100000_POP,KZZHS,R,,KZZHS,21.3
2016,PER_100000_POP,KZKAR,R,,KZKAR,35.92
2016,PER_100000_POP,KZKUS,R,,KZKUS,42.78
2016,PER_100000_POP,KZKZY,R,,KZKZY,6.02
2016,PER_100000_POP,KZMAN,R,,KZMAN,12.07
2016,PER_100000_POP,KZPAV,R,,KZPAV,5.39
2016,PER_100000_POP,KZSEV,R,,KZSEV,21.87
2016,PER_100000_POP,KZYUZ,R,,KZYUZ,11.81
2016,PER_100000_POP,KZULU,R,,KZULU,13.69
2016,PER_100000_POP,KZVOS,R,,KZVOS,42.79
2016,PER_100000_POP,,,M,,24.92
2016,PER_100000_POP,KZABY,,M,KZABY,20.61
2016,PER_100000_POP,KZAKM,,M,KZAKM,48.47
2016,PER_100000_POP,KZAKT,,M,KZAKT,31.28
2016,PER_100000_POP,KZALM,,M,KZALM,23.88
2016,PER_100000_POP,KZATY,,M,KZATY,24.02
2016,PER_100000_POP,KZZAP,,M,KZZAP,32.05
2016,PER_100000_POP,KZZHA,,M,KZZHA,17.22
2016,PER_100000_POP,KZZHS,,M,KZZHS,32.78
2016,PER_100000_POP,KZKAR,,M,KZKAR,41.42
2016,PER_100000_POP,KZKUS,,M,KZKUS,57.81
2016,PER_100000_POP,KZKZY,,M,KZKZY,12.49
2016,PER_100000_POP,KZMAN,,M,KZMAN,16.12
2016,PER_100000_POP,KZPAV,,M,KZPAV,8.95
2016,PER_100000_POP,KZSEV,,M,KZSEV,29.26
2016,PER_100000_POP,KZYUZ,,M,KZYUZ,17.39
2016,PER_100000_POP,KZULU,,M,KZULU,26.48
2016,PER_100000_POP,KZVOS,,M,KZVOS,58.66
2016,PER_100000_POP,KZNS,,M,KZNS,18.55
2016,PER_100000_POP,KZALA,,M,KZALA,7.96
2016,PER_100000_POP,KZSHY,,M,KZSHY,6.25
2016,PER_100000_POP,,U,M,,20.79
2016,PER_100000_POP,KZABY,U,M,KZABY,7.31
2016,PER_100000_POP,KZAKM,U,M,KZAKM,45.64
2016,PER_100000_POP,KZAKT,U,M,KZAKT,27.2
2016,PER_100000_POP,KZALM,U,M,KZALM,27.07
2016,PER_100000_POP,KZATY,U,M,KZATY,22.59
2016,PER_100000_POP,KZZAP,U,M,KZZAP,28.24
2016,PER_100000_POP,KZZHA,U,M,KZZHA,16.44
2016,PER_100000_POP,KZZHS,U,M,KZZHS,30.04
2016,PER_100000_POP,KZKAR,U,M,KZKAR,35.06
2016,PER_100000_POP,KZKUS,U,M,KZKUS,42.43
2016,PER_100000_POP,KZKZY,U,M,KZKZY,16.39
2016,PER_100000_POP,KZMAN,U,M,KZMAN,14.97
2016,PER_100000_POP,KZPAV,U,M,KZPAV,8.11
2016,PER_100000_POP,KZSEV,U,M,KZSEV,22.9
2016,PER_100000_POP,KZYUZ,U,M,KZYUZ,15.26
2016,PER_100000_POP,KZULU,U,M,KZULU,28.83
2016,PER_100000_POP,KZVOS,U,M,KZVOS,47.02
2016,PER_100000_POP,KZNS,U,M,KZNS,18.55
2016,PER_100000_POP,KZALA,U,M,KZALA,7.96
2016,PER_100000_POP,KZSHY,U,M,KZSHY,6.25
2016,PER_100000_POP,,R,M,,30.24
2016,PER_100000_POP,KZABY,R,M,KZABY,37.83
2016,PER_100000_POP,KZAKM,R,M,KZAKM,51.0
2016,PER_100000_POP,KZAKT,R,M,KZAKT,39.93
2016,PER_100000_POP,KZALM,R,M,KZALM,23.32
2016,PER_100000_POP,KZATY,R,M,KZATY,25.7
2016,PER_100000_POP,KZZAP,R,M,KZZAP,35.59
2016,PER_100000_POP,KZZHA,R,M,KZZHA,17.71
2016,PER_100000_POP,KZZHS,R,M,KZZHS,34.6
2016,PER_100000_POP,KZKAR,R,M,KZKAR,64.55
2016,PER_100000_POP,KZKUS,R,M,KZKUS,76.04
2016,PER_100000_POP,KZKZY,R,M,KZKZY,9.56
2016,PER_100000_POP,KZMAN,R,M,KZMAN,17.05
2016,PER_100000_POP,KZPAV,R,M,KZPAV,10.81
2016,PER_100000_POP,KZSEV,R,M,KZSEV,33.88
2016,PER_100000_POP,KZYUZ,R,M,KZYUZ,17.92
2016,PER_100000_POP,KZULU,R,M,KZULU,19.04
2016,PER_100000_POP,KZVOS,R,M,KZVOS,76.08
2016,PER_100000_POP,,,F,,5.09
2016,PER_100000_POP,KZABY,,F,KZABY,2.66
2016,PER_100000_POP,KZAKM,,F,KZAKM,7.35
2016,PER_100000_POP,KZAKT,,F,KZAKT,5.3
2016,PER_100000_POP,KZALM,,F,KZALM,7.28
2016,PER_100000_POP,KZATY,,F,KZATY,4.91
2016,PER_100000_POP,KZZAP,,F,KZZAP,3.94
2016,PER_100000_POP,KZZHA,,F,KZZHA,4.42
2016,PER_100000_POP,KZZHS,,F,KZZHS,6.84
2016,PER_100000_POP,KZKAR,,F,KZKAR,6.54
2016,PER_100000_POP,KZKUS,,F,KZKUS,9.27
2016,PER_100000_POP,KZKZY,,F,KZKZY,2.34
2016,PER_100000_POP,KZMAN,,F,KZMAN,6.27
2016,PER_100000_POP,KZPAV,,F,KZPAV,0.5
2016,PER_100000_POP,KZSEV,,F,KZSEV,7.1
2016,PER_100000_POP,KZYUZ,,F,KZYUZ,5.88
2016,PER_100000_POP,KZULU,,F,KZULU,6.89
2016,PER_100000_POP,KZVOS,,F,KZVOS,11.53
2016,PER_100000_POP,KZNS,,F,KZNS,3.12
2016,PER_100000_POP,KZALA,,F,KZALA,2.13
2016,PER_100000_POP,KZSHY,,F,KZSHY,0.86
2016,PER_100000_POP,,U,F,,4.36
2016,PER_100000_POP,KZABY,U,F,KZABY,0.0
2016,PER_100000_POP,KZAKM,U,F,KZAKM,7.35
2016,PER_100000_POP,KZAKT,U,F,KZAKT,5.92
2016,PER_100000_POP,KZALM,U,F,KZALM,8.62
2016,PER_100000_POP,KZATY,U,F,KZATY,4.66
2016,PER_100000_POP,KZZAP,U,F,KZZAP,2.32
2016,PER_100000_POP,KZZHA,U,F,KZZHA,5.93
2016,PER_100000_POP,KZZHS,U,F,KZZHS,5.6
2016,PER_100000_POP,KZKAR,U,F,KZKAR,6.46
2016,PER_100000_POP,KZKUS,U,F,KZKUS,8.25
2016,PER_100000_POP,KZKZY,U,F,KZKZY,2.32
2016,PER_100000_POP,KZMAN,U,F,KZMAN,5.44
2016,PER_100000_POP,KZPAV,U,F,KZPAV,0.69
2016,PER_100000_POP,KZSEV,U,F,KZSEV,3.66
2016,PER_100000_POP,KZYUZ,U,F,KZYUZ,7.17
2016,PER_100000_POP,KZULU,U,F,KZULU,6.57
2016,PER_100000_POP,KZVOS,U,F,KZVOS,12.45
2016,PER_100000_POP,KZNS,U,F,KZNS,3.12
2016,PER_100000_POP,KZALA,U,F,KZALA,2.13
2016,PER_100000_POP,KZSHY,U,F,KZSHY,0.86
2016,PER_100000_POP,,R,F,,6.16
2016,PER_100000_POP,KZABY,R,F,KZABY,6.6
2016,PER_100000_POP,KZAKM,R,F,KZAKM,7.34
2016,PER_100000_POP,KZAKT,R,F,KZAKT,3.86
2016,PER_100000_POP,KZALM,R,F,KZALM,7.02
2016,PER_100000_POP,KZATY,R,F,KZATY,5.23
2016,PER_100000_POP,KZZAP,R,F,KZZAP,5.71
2016,PER_100000_POP,KZZHA,R,F,KZZHA,3.34
2016,PER_100000_POP,KZZHS,R,F,KZZHS,7.76
2016,PER_100000_POP,KZKAR,R,F,KZKAR,6.89
2016,PER_100000_POP,KZKUS,R,F,KZKUS,10.64
2016,PER_100000_POP,KZKZY,R,F,KZKZY,2.36
2016,PER_100000_POP,KZMAN,R,F,KZMAN,6.97
2016,PER_100000_POP,KZPAV,R,F,KZPAV,0.0
2016,PER_100000_POP,KZSEV,R,F,KZSEV,10.06
2016,PER_100000_POP,KZYUZ,R,F,KZYUZ,5.56
2016,PER_100000_POP,KZULU,R,F,KZULU,8.05
2016,PER_100000_POP,KZVOS,R,F,KZVOS,9.92
2017,PER_100000_POP,,,,,14.6
2017,PER_100000_POP,KZABY,,,KZABY,9.08
2017,PER_100000_POP,KZAKM,,,KZAKM,34.82
2017,PER_100000_POP,KZAKT,,,KZAKT,14.22
2017,PER_100000_POP,KZALM,,,KZALM,15.97
2017,PER_100000_POP,KZATY,,,KZATY,13.03
2017,PER_100000_POP,KZZAP,,,KZZAP,15.68
2017,PER_100000_POP,KZZHA,,,KZZHA,9.42
2017,PER_100000_POP,KZZHS,,,KZZHS,23.66
2017,PER_100000_POP,KZKAR,,,KZKAR,21.98
2017,PER_100000_POP,KZKUS,,,KZKUS,28.4
2017,PER_100000_POP,KZKZY,,,KZKZY,5.02
2017,PER_100000_POP,KZMAN,,,KZMAN,9.66
2017,PER_100000_POP,KZPAV,,,KZPAV,9.26
2017,PER_100000_POP,KZSEV,,,KZSEV,11.42
2017,PER_100000_POP,KZYUZ,,,KZYUZ,11.58
2017,PER_100000_POP,KZULU,,,KZULU,23.09
2017,PER_100000_POP,KZVOS,,,KZVOS,33.44
2017,PER_100000_POP,KZNS,,,KZNS,9.92
2017,PER_100000_POP,KZALA,,,KZALA,5.11
2017,PER_100000_POP,KZSHY,,,KZSHY,9.23
2017,PER_100000_POP,,U,,,12.39
2017,PER_100000_POP,KZABY,U,,KZABY,3.4
2017,PER_100000_POP,KZAKM,U,,KZAKM,27.84
2017,PER_100000_POP,KZAKT,U,,KZAKT,12.29
2017,PER_100000_POP,KZALM,U,,KZALM,16.73
2017,PER_100000_POP,KZATY,U,,KZATY,10.57
2017,PER_100000_POP,KZZAP,U,,KZZAP,9.11
2017,PER_100000_POP,KZZHA,U,,KZZHA,10.53
2017,PER_100000_POP,KZZHS,U,,KZZHS,22.74
2017,PER_100000_POP,KZKAR,U,,KZKAR,20.86
2017,PER_100000_POP,KZKUS,U,,KZKUS,21.59
2017,PER_100000_POP,KZKZY,U,,KZKZY,6.12
2017,PER_100000_POP,KZMAN,U,,KZMAN,10.45
2017,PER_100000_POP,KZPAV,U,,KZPAV,8.23
2017,PER_100000_POP,KZSEV,U,,KZSEV,9.56
2017,PER_100000_POP,KZYUZ,U,,KZYUZ,10.5
2017,PER_100000_POP,KZULU,U,,KZULU,24.11
2017,PER_100000_POP,KZVOS,U,,KZVOS,27.79
2017,PER_100000_POP,KZNS,U,,KZNS,9.92
2017,PER_100000_POP,KZALA,U,,KZALA,5.11
2017,PER_100000_POP,KZSHY,U,,KZSHY,9.23
2017,PER_100000_POP,,R,,,17.7
2017,PER_100000_POP,KZABY,R,,KZABY,17.17
2017,PER_100000_POP,KZAKM,R,,KZAKM,41.48
2017,PER_100000_POP,KZAKT,R,,KZAKT,18.66
2017,PER_100000_POP,KZALM,R,,KZALM,15.83
2017,PER_100000_POP,KZATY,R,,KZATY,16.08
2017,PER_100000_POP,KZZAP,R,,KZZAP,22.56
2017,PER_100000_POP,KZZHA,R,,KZZHA,8.67
2017,PER_100000_POP,KZZHS,R,,KZZHS,24.3
2017,PER_100000_POP,KZKAR,R,,KZKAR,26.45
2017,PER_100000_POP,KZKUS,R,,KZKUS,37.26
2017,PER_100000_POP,KZKZY,R,,KZKZY,4.14
2017,PER_100000_POP,KZMAN,R,,KZMAN,9.04
2017,PER_100000_POP,KZPAV,R,,KZPAV,11.75
2017,PER_100000_POP,KZSEV,R,,KZSEV,12.94
2017,PER_100000_POP,KZYUZ,R,,KZYUZ,11.84
2017,PER_100000_POP,KZULU,R,,KZULU,19.6
2017,PER_100000_POP,KZVOS,R,,KZVOS,42.88
2017,PER_100000_POP,,,M,,24.57
2017,PER_100000_POP,KZABY,,M,KZABY,16.26
2017,PER_100000_POP,KZAKM,,M,KZAKM,62.89
2017,PER_100000_POP,KZAKT,,M,KZAKT,23.31
2017,PER_100000_POP,KZALM,,M,KZALM,25.18
2017,PER_100000_POP,KZATY,,M,KZATY,21.83
2017,PER_100000_POP,KZZAP,,M,KZZAP,28.24
2017,PER_100000_POP,KZZHA,,M,KZZHA,14.78
2017,PER_100000_POP,KZZHS,,M,KZZHS,40.94
2017,PER_100000_POP,KZKAR,,M,KZKAR,36.13
2017,PER_100000_POP,KZKUS,,M,KZKUS,51.02
2017,PER_100000_POP,KZKZY,,M,KZKZY,8.99
2017,PER_100000_POP,KZMAN,,M,KZMAN,14.47
2017,PER_100000_POP,KZPAV,,M,KZPAV,15.96
2017,PER_100000_POP,KZSEV,,M,KZSEV,20.55
2017,PER_100000_POP,KZYUZ,,M,KZYUZ,17.48
2017,PER_100000_POP,KZULU,,M,KZULU,42.05
2017,PER_100000_POP,KZVOS,,M,KZVOS,55.06
2017,PER_100000_POP,KZNS,,M,KZNS,17.31
2017,PER_100000_POP,KZALA,,M,KZALA,9.71
2017,PER_100000_POP,KZSHY,,M,KZSHY,13.83
2017,PER_100000_POP,,U,M,,21.23
2017,PER_100000_POP,KZABY,U,M,KZABY,6.14
2017,PER_100000_POP,KZAKM,U,M,KZAKM,52.06
2017,PER_100000_POP,KZAKT,U,M,KZAKT,21.23
2017,PER_100000_POP,KZALM,U,M,KZALM,29.6
2017,PER_100000_POP,KZATY,U,M,KZATY,17.67
2017,PER_100000_POP,KZZAP,U,M,KZZAP,16.37
2017,PER_100000_POP,KZZHA,U,M,KZZHA,16.53
2017,PER_100000_POP,KZZHS,U,M,KZZHS,38.45
2017,PER_100000_POP,KZKAR,U,M,KZKAR,34.97
2017,PER_100000_POP,KZKUS,U,M,KZKUS,40.4
2017,PER_100000_POP,KZKZY,U,M,KZKZY,10.72
2017,PER_100000_POP,KZMAN,U,M,KZMAN,15.72
2017,PER_100000_POP,KZPAV,U,M,KZPAV,15.01
2017,PER_100000_POP,KZSEV,U,M,KZSEV,18.41
2017,PER_100000_POP,KZYUZ,U,M,KZYUZ,15.3
2017,PER_100000_POP,KZULU,U,M,KZULU,44.5
2017,PER_100000_POP,KZVOS,U,M,KZVOS,43.82
2017,PER_100000_POP,KZNS,U,M,KZNS,17.31
2017,PER_100000_POP,KZALA,U,M,KZALA,9.71
2017,PER_100000_POP,KZSHY,U,M,KZSHY,13.83
2017,PER_100000_POP,,R,M,,28.94
2017,PER_100000_POP,KZABY,R,M,KZABY,29.72
2017,PER_100000_POP,KZAKM,R,M,KZAKM,72.68
2017,PER_100000_POP,KZAKT,R,M,KZAKT,27.88
2017,PER_100000_POP,KZALM,R,M,KZALM,24.44
2017,PER_100000_POP,KZATY,R,M,KZATY,26.78
2017,PER_100000_POP,KZZAP,R,M,KZZAP,39.65
2017,PER_100000_POP,KZZHA,R,M,KZZHA,13.68
2017,PER_100000_POP,KZZHS,R,M,KZZHS,42.58
2017,PER_100000_POP,KZKAR,R,M,KZKAR,40.44
2017,PER_100000_POP,KZKUS,R,M,KZKUS,63.9
2017,PER_100000_POP,KZKZY,R,M,KZKZY,7.68
2017,PER_100000_POP,KZMAN,R,M,KZMAN,13.53
2017,PER_100000_POP,KZPAV,R,M,KZPAV,18.08
2017,PER_100000_POP,KZSEV,R,M,KZSEV,22.14
2017,PER_100000_POP,KZYUZ,R,M,KZYUZ,18.02
2017,PER_100000_POP,KZULU,R,M,KZULU,34.28
2017,PER_100000_POP,KZVOS,R,M,KZVOS,72.29
2017,PER_100000_POP,,,F,,5.25
2017,PER_100000_POP,KZABY,,F,KZABY,2.38
2017,PER_100000_POP,KZAKM,,F,KZAKM,8.44
2017,PER_100000_POP,KZAKT,,F,KZAKT,5.69
2017,PER_100000_POP,KZALM,,F,KZALM,6.97
2017,PER_100000_POP,KZATY,,F,KZATY,4.49
2017,PER_100000_POP,KZZAP,,F,KZZAP,3.91
2017,PER_100000_POP,KZZHA,,F,KZZHA,4.23
2017,PER_100000_POP,KZZHS,,F,KZZHS,6.84
2017,PER_100000_POP,KZKAR,,F,KZKAR,9.34
2017,PER_100000_POP,KZKUS,,F,KZKUS,8.02
2017,PER_100000_POP,KZKZY,,F,KZKZY,1.03
2017,PER_100000_POP,KZMAN,,F,KZMAN,4.89
2017,PER_100000_POP,KZPAV,,F,KZPAV,3.26
2017,PER_100000_POP,KZSEV,,F,KZSEV,3.08
2017,PER_100000_POP,KZYUZ,,F,KZYUZ,5.54
2017,PER_100000_POP,KZULU,,F,KZULU,5.18
2017,PER_100000_POP,KZVOS,,F,KZVOS,14.14
2017,PER_100000_POP,KZNS,,F,KZNS,3.06
2017,PER_100000_POP,KZALA,,F,KZALA,1.24
2017,PER_100000_POP,KZSHY,,F,KZSHY,4.96
2017,PER_100000_POP,,U,F,,4.52
2017,PER_100000_POP,KZABY,U,F,KZABY,0.99
2017,PER_100000_POP,KZAKM,U,F,KZAKM,6.31
2017,PER_100000_POP,KZAKT,U,F,KZAKT,4.18
2017,PER_100000_POP,KZALM,U,F,KZALM,4.87
2017,PER_100000_POP,KZATY,U,F,KZATY,3.97
2017,PER_100000_POP,KZZAP,U,F,KZZAP,2.83
2017,PER_100000_POP,KZZHA,U,F,KZZHA,5.12
2017,PER_100000_POP,KZZHS,U,F,KZZHS,8.42
2017,PER_100000_POP,KZKAR,U,F,KZKAR,8.67
2017,PER_100000_POP,KZKUS,U,F,KZKUS,5.6
2017,PER_100000_POP,KZKZY,U,F,KZKZY,1.71
2017,PER_100000_POP,KZMAN,U,F,KZMAN,5.44
2017,PER_100000_POP,KZPAV,U,F,KZPAV,2.43
2017,PER_100000_POP,KZSEV,U,F,KZSEV,2.19
2017,PER_100000_POP,KZYUZ,U,F,KZYUZ,5.66
2017,PER_100000_POP,KZULU,U,F,KZULU,5.49
2017,PER_100000_POP,KZVOS,U,F,KZVOS,14.36
2017,PER_100000_POP,KZNS,U,F,KZNS,3.06
2017,PER_100000_POP,KZALA,U,F,KZALA,1.24
2017,PER_100000_POP,KZSHY,U,F,KZSHY,4.96
2017,PER_100000_POP,,R,F,,6.35
2017,PER_100000_POP,KZABY,R,F,KZABY,4.5
2017,PER_100000_POP,KZAKM,R,F,KZAKM,10.59
2017,PER_100000_POP,KZAKT,R,F,KZAKT,9.37
2017,PER_100000_POP,KZALM,R,F,KZALM,7.34
2017,PER_100000_POP,KZATY,R,F,KZATY,5.17
2017,PER_100000_POP,KZZAP,R,F,KZZAP,5.13
2017,PER_100000_POP,KZZHA,R,F,KZZHA,3.61
2017,PER_100000_POP,KZZHS,R,F,KZZHS,5.68
2017,PER_100000_POP,KZKAR,R,F,KZKAR,12.23
2017,PER_100000_POP,KZKUS,R,F,KZKUS,11.38
2017,PER_100000_POP,KZKZY,R,F,KZKZY,0.47
2017,PER_100000_POP,KZMAN,R,F,KZMAN,4.44
2017,PER_100000_POP,KZPAV,R,F,KZPAV,5.43
2017,PER_100000_POP,KZSEV,R,F,KZSEV,3.86
2017,PER_100000_POP,KZYUZ,R,F,KZYUZ,5.52
2017,PER_100000_POP,KZULU,R,F,KZULU,4.04
2017,PER_100000_POP,KZVOS,R,F,KZVOS,13.74
2018,PER_100000_POP,,,,,13.34
2018,PER_100000_POP,KZABY,,,KZABY,5.56
2018,PER_100000_POP,KZAKM,,,KZAKM,25.63
2018,PER_100000_POP,KZAKT,,,KZAKT,14.95
2018,PER_100000_POP,KZALM,,,KZALM,14.17
2018,PER_100000_POP,KZATY,,,KZATY,10.04
2018,PER_100000_POP,KZZAP,,,KZZAP,20.94
2018,PER_100000_POP,KZZHA,,,KZZHA,8.75
2018,PER_100000_POP,KZZHS,,,KZZHS,16.13
2018,PER_100000_POP,KZKAR,,,KZKAR,20.3
2018,PER_100000_POP,KZKUS,,,KZKUS,25.64
2018,PER_100000_POP,KZKZY,,,KZKZY,4.31
2018,PER_100000_POP,KZMAN,,,KZMAN,9.7
2018,PER_100000_POP,KZPAV,,,KZPAV,7.56
2018,PER_100000_POP,KZSEV,,,KZSEV,14.93
2018,PER_100000_POP,KZYUZ,,,KZYUZ,10.16
2018,PER_100000_POP,KZULU,,,KZULU,16.37
2018,PER_100000_POP,KZVOS,,,KZVOS,30.56
2018,PER_100000_POP,KZNS,,,KZNS,11.03
2018,PER_100000_POP,KZALA,,,KZALA,7.47
2018,PER_100000_POP,KZSHY,,,KZSHY,7.55
2018,PER_100000_POP,,U,,,12.31
2018,PER_100000_POP,KZABY,U,,KZABY,2.6
2018,PER_100000_POP,KZAKM,U,,KZAKM,27.73
2018,PER_100000_POP,KZAKT,U,,KZAKT,13.32
2018,PER_100000_POP,KZALM,U,,KZALM,16.79
2018,PER_100000_POP,KZATY,U,,KZATY,12.08
2018,PER_100000_POP,KZZAP,U,,KZZAP,17.23
2018,PER_100000_POP,KZZHA,U,,KZZHA,9.88
2018,PER_100000_POP,KZZHS,U,,KZZHS,14.78
2018,PER_100000_POP,KZKAR,U,,KZKAR,18.61
2018,PER_100000_POP,KZKUS,U,,KZKUS,19.44
2018,PER_100000_POP,KZKZY,U,,KZKZY,6.6
2018,PER_100000_POP,KZMAN,U,,KZMAN,10.12
2018,PER_100000_POP,KZPAV,U,,KZPAV,7.5
2018,PER_100000_POP,KZSEV,U,,KZSEV,5.55
2018,PER_100000_POP,KZYUZ,U,,KZYUZ,13.58
2018,PER_100000_POP,KZULU,U,,KZULU,18.89
2018,PER_100000_POP,KZVOS,U,,KZVOS,25.87
2018,PER_100000_POP,KZNS,U,,KZNS,11.03
2018,PER_100000_POP,KZALA,U,,KZALA,7.47
2018,PER_100000_POP,KZSHY,U,,KZSHY,7.55
2018,PER_100000_POP,,R,,,14.79
2018,PER_100000_POP,KZABY,R,,KZABY,9.89
2018,PER_100000_POP,KZAKM,R,,KZAKM,23.62
2018,PER_100000_POP,KZAKT,R,,KZAKT,18.83
2018,PER_100000_POP,KZALM,R,,KZALM,13.74
2018,PER_100000_POP,KZATY,R,,KZATY,7.51
2018,PER_100000_POP,KZZAP,R,,KZZAP,24.94
2018,PER_100000_POP,KZZHA,R,,KZZHA,8.0
2018,PER_100000_POP,KZZHS,R,,KZZHS,17.06
2018,PER_100000_POP,KZKAR,R,,KZKAR,27.1
2018,PER_100000_POP,KZKUS,R,,KZKUS,33.91
2018,PER_100000_POP,KZKZY,R,,KZKZY,2.5
2018,PER_100000_POP,KZMAN,R,,KZMAN,9.39
2018,PER_100000_POP,KZPAV,R,,KZPAV,7.69
2018,PER_100000_POP,KZSEV,R,,KZSEV,22.73
2018,PER_100000_POP,KZYUZ,R,,KZYUZ,9.32
2018,PER_100000_POP,KZULU,R,,KZULU,7.79
2018,PER_100000_POP,KZVOS,R,,KZVOS,38.62
2018,PER_100000_POP,,,M,,23.0
2018,PER_100000_POP,KZABY,,M,KZABY,10.24
2018,PER_100000_POP,KZAKM,,M,KZAKM,45.84
2018,PER_100000_POP,KZAKT,,M,KZAKT,26.56
2018,PER_100000_POP,KZALM,,M,KZALM,24.29
2018,PER_100000_POP,KZATY,,M,KZATY,18.12
2018,PER_100000_POP,KZZAP,,M,KZZAP,38.77
2018,PER_100000_POP,KZZHA,,M,KZZHA,15.06
2018,PER_100000_POP,KZZHS,,M,KZZHS,27.78
2018,PER_100000_POP,KZKAR,,M,KZKAR,36.56
2018,PER_100000_POP,KZKUS,,M,KZKUS,44.15
2018,PER_100000_POP,KZKZY,,M,KZKZY,7.09
2018,PER_100000_POP,KZMAN,,M,KZMAN,14.98
2018,PER_100000_POP,KZPAV,,M,KZPAV,13.17
2018,PER_100000_POP,KZSEV,,M,KZSEV,27.84
2018,PER_100000_POP,KZYUZ,,M,KZYUZ,15.57
2018,PER_100000_POP,KZULU,,M,KZULU,26.4
2018,PER_100000_POP,KZVOS,,M,KZVOS,54.07
2018,PER_100000_POP,KZNS,,M,KZNS,19.04
2018,PER_100000_POP,KZALA,,M,KZALA,12.31
2018,PER_100000_POP,KZSHY,,M,KZSHY,12.73
2018,PER_100000_POP,,U,M,,21.37
2018,PER_100000_POP,KZABY,U,M,KZABY,4.99
2018,PER_100000_POP,KZAKM,U,M,KZAKM,51.77
2018,PER_100000_POP,KZAKT,U,M,KZAKT,23.13
2018,PER_100000_POP,KZALM,U,M,KZALM,30.64
2018,PER_100000_POP,KZATY,U,M,KZATY,21.44
2018,PER_100000_POP,KZZAP,U,M,KZZAP,32.57
2018,PER_100000_POP,KZZHA,U,M,KZZHA,16.54
2018,PER_100000_POP,KZZHS,U,M,KZZHS,25.52
2018,PER_100000_POP,KZKAR,U,M,KZKAR,33.57
2018,PER_100000_POP,KZKUS,U,M,KZKUS,33.54
2018,PER_100000_POP,KZKZY,U,M,KZKZY,10.53
2018,PER_100000_POP,KZMAN,U,M,KZMAN,17.93
2018,PER_100000_POP,KZPAV,U,M,KZPAV,13.41
2018,PER_100000_POP,KZSEV,U,M,KZSEV,11.33
2018,PER_100000_POP,KZYUZ,U,M,KZYUZ,19.34
2018,PER_100000_POP,KZULU,U,M,KZULU,31.19
2018,PER_100000_POP,KZVOS,U,M,KZVOS,44.9
2018,PER_100000_POP,KZNS,U,M,KZNS,19.04
2018,PER_100000_POP,KZALA,U,M,KZALA,12.31
2018,PER_100000_POP,KZSHY,U,M,KZSHY,12.73
2018,PER_100000_POP,,R,M,,25.16
2018,PER_100000_POP,KZABY,R,M,KZABY,17.4
2018,PER_100000_POP,KZAKM,R,M,KZAKM,40.47
2018,PER_100000_POP,KZAKT,R,M,KZAKT,34.33
2018,PER_100000_POP,KZALM,R,M,KZALM,23.3
2018,PER_100000_POP,KZATY,R,M,KZATY,14.16
2018,PER_100000_POP,KZZAP,R,M,KZZAP,44.92
2018,PER_100000_POP,KZZHA,R,M,KZZHA,14.13
2018,PER_100000_POP,KZZHS,R,M,KZZHS,29.26
2018,PER_100000_POP,KZKAR,R,M,KZKAR,47.7
2018,PER_100000_POP,KZKUS,R,M,KZKUS,57.32
2018,PER_100000_POP,KZKZY,R,M,KZKZY,4.46
2018,PER_100000_POP,KZMAN,R,M,KZMAN,12.87
2018,PER_100000_POP,KZPAV,R,M,KZPAV,12.64
2018,PER_100000_POP,KZSEV,R,M,KZSEV,40.39
2018,PER_100000_POP,KZYUZ,R,M,KZYUZ,14.65
2018,PER_100000_POP,KZULU,R,M,KZULU,11.33
2018,PER_100000_POP,KZVOS,R,M,KZVOS,68.54
2018,PER_100000_POP,,,F,,4.27
2018,PER_100000_POP,KZABY,,F,KZABY,1.2
2018,PER_100000_POP,KZAKM,,F,KZAKM,6.59
2018,PER_100000_POP,KZAKT,,F,KZAKT,4.04
2018,PER_100000_POP,KZALM,,F,KZALM,4.22
2018,PER_100000_POP,KZATY,,F,KZATY,2.2
2018,PER_100000_POP,KZZAP,,F,KZZAP,4.18
2018,PER_100000_POP,KZZHA,,F,KZZHA,2.64
2018,PER_100000_POP,KZZHS,,F,KZZHS,4.76
2018,PER_100000_POP,KZKAR,,F,KZKAR,5.75
2018,PER_100000_POP,KZKUS,,F,KZKUS,8.93
2018,PER_100000_POP,KZKZY,,F,KZKZY,1.53
2018,PER_100000_POP,KZMAN,,F,KZMAN,4.46
2018,PER_100000_POP,KZPAV,,F,KZPAV,2.52
2018,PER_100000_POP,KZSEV,,F,KZSEV,3.1
2018,PER_100000_POP,KZYUZ,,F,KZYUZ,4.61
2018,PER_100000_POP,KZULU,,F,KZULU,6.89
2018,PER_100000_POP,KZVOS,,F,KZVOS,9.55
2018,PER_100000_POP,KZNS,,F,KZNS,3.63
2018,PER_100000_POP,KZALA,,F,KZALA,3.41
2018,PER_100000_POP,KZSHY,,F,KZSHY,2.75
2018,PER_100000_POP,,U,F,,4.24
2018,PER_100000_POP,KZABY,U,F,KZABY,0.49
2018,PER_100000_POP,KZAKM,U,F,KZAKM,6.29
2018,PER_100000_POP,KZAKT,U,F,KZAKT,4.4
2018,PER_100000_POP,KZALM,U,F,KZALM,4.03
2018,PER_100000_POP,KZATY,U,F,KZATY,3.34
2018,PER_100000_POP,KZZAP,U,F,KZZAP,3.89
2018,PER_100000_POP,KZZHA,U,F,KZZHA,3.85
2018,PER_100000_POP,KZZHS,U,F,KZZHS,4.95
2018,PER_100000_POP,KZKAR,U,F,KZKAR,5.66
2018,PER_100000_POP,KZKUS,U,F,KZKUS,7.42
2018,PER_100000_POP,KZKZY,U,F,KZKZY,2.81
2018,PER_100000_POP,KZMAN,U,F,KZMAN,2.72
2018,PER_100000_POP,KZPAV,U,F,KZPAV,2.44
2018,PER_100000_POP,KZSEV,U,F,KZSEV,0.73
2018,PER_100000_POP,KZYUZ,U,F,KZYUZ,7.74
2018,PER_100000_POP,KZULU,U,F,KZULU,7.67
2018,PER_100000_POP,KZVOS,U,F,KZVOS,9.91
2018,PER_100000_POP,KZNS,U,F,KZNS,3.63
2018,PER_100000_POP,KZALA,U,F,KZALA,3.41
2018,PER_100000_POP,KZSHY,U,F,KZSHY,2.75
2018,PER_100000_POP,,R,F,,4.3
2018,PER_100000_POP,KZABY,R,F,KZABY,2.29
2018,PER_100000_POP,KZAKM,R,F,KZAKM,6.88
2018,PER_100000_POP,KZAKT,R,F,KZAKT,3.16
2018,PER_100000_POP,KZALM,R,F,KZALM,4.25
2018,PER_100000_POP,KZATY,R,F,KZATY,0.72
2018,PER_100000_POP,KZZAP,R,F,KZZAP,4.53
2018,PER_100000_POP,KZZHA,R,F,KZZHA,1.79
2018,PER_100000_POP,KZZHS,R,F,KZZHS,4.63
2018,PER_100000_POP,KZKAR,R,F,KZKAR,6.17
2018,PER_100000_POP,KZKUS,R,F,KZKUS,11.08
2018,PER_100000_POP,KZKZY,R,F,KZKZY,0.46
2018,PER_100000_POP,KZMAN,R,F,KZMAN,5.82
2018,PER_100000_POP,KZPAV,R,F,KZPAV,2.72
2018,PER_100000_POP,KZSEV,R,F,KZSEV,5.25
2018,PER_100000_POP,KZYUZ,R,F,KZYUZ,3.83
2018,PER_100000_POP,KZULU,R,F,KZULU,4.02
2018,PER_100000_POP,KZVOS,R,F,KZVOS,8.89
2019,PER_100000_POP,,,,,12.6
2019,PER_100000_POP,KZABY,,,KZABY,4.35
2019,PER_100000_POP,KZAKM,,,KZAKM,23.63
2019,PER_100000_POP,KZAKT,,,KZAKT,11.66
2019,PER_100000_POP,KZALM,,,KZALM,14.25
2019,PER_100000_POP,KZATY,,,KZATY,10.48
2019,PER_100000_POP,KZZAP,,,KZZAP,20.94
2019,PER_100000_POP,KZZHA,,,KZZHA,12.07
2019,PER_100000_POP,KZZHS,,,KZZHS,17.67
2019,PER_100000_POP,KZKAR,,,KZKAR,18.52
2019,PER_100000_POP,KZKUS,,,KZKUS,25.75
2019,PER_100000_POP,KZKZY,,,KZKZY,5.51
2019,PER_100000_POP,KZMAN,,,KZMAN,8.13
2019,PER_100000_POP,KZPAV,,,KZPAV,9.57
2019,PER_100000_POP,KZSEV,,,KZSEV,20.69
2019,PER_100000_POP,KZYUZ,,,KZYUZ,7.31
2019,PER_100000_POP,KZULU,,,KZULU,11.45
2019,PER_100000_POP,KZVOS,,,KZVOS,27.16
2019,PER_100000_POP,KZNS,,,KZNS,8.98
2019,PER_100000_POP,KZALA,,,KZALA,5.29
2019,PER_100000_POP,KZSHY,,,KZSHY,7.91
2019,PER_100000_POP,,U,,,10.85
2019,PER_100000_POP,KZABY,U,,KZABY,2.34
2019,PER_100000_POP,KZAKM,U,,KZAKM,18.8
2019,PER_100000_POP,KZAKT,U,,KZAKT,11.75
2019,PER_100000_POP,KZALM,U,,KZALM,17.82
2019,PER_100000_POP,KZATY,U,,KZATY,10.2
2019,PER_100000_POP,KZZAP,U,,KZZAP,14.02
2019,PER_100000_POP,KZZHA,U,,KZZHA,14.75
2019,PER_100000_POP,KZZHS,U,,KZZHS,15.95
2019,PER_100000_POP,KZKAR,U,,KZKAR,17.01
2019,PER_100000_POP,KZKUS,U,,KZKUS,18.32
2019,PER_100000_POP,KZKZY,U,,KZKZY,5.92
2019,PER_100000_POP,KZMAN,U,,KZMAN,6.2
2019,PER_100000_POP,KZPAV,U,,KZPAV,9.78
2019,PER_100000_POP,KZSEV,U,,KZSEV,9.88
2019,PER_100000_POP,KZYUZ,U,,KZYUZ,7.52
2019,PER_100000_POP,KZULU,U,,KZULU,10.27
2019,PER_100000_POP,KZVOS,U,,KZVOS,23.88
2019,PER_100000_POP,KZNS,U,,KZNS,8.98
2019,PER_100000_POP,KZALA,U,,KZALA,5.29
2019,PER_100000_POP,KZSHY,U,,KZSHY,7.91
2019,PER_100000_POP,,R,,,15.09
2019,PER_100000_POP,KZABY,R,,KZABY,7.33
2019,PER_100000_POP,KZAKM,R,,KZAKM,28.3
2019,PER_100000_POP,KZAKT,R,,KZAKT,11.42
2019,PER_100000_POP,KZALM,R,,KZALM,13.7
2019,PER_100000_POP,KZATY,R,,KZATY,10.82
2019,PER_100000_POP,KZZAP,R,,KZZAP,28.51
2019,PER_100000_POP,KZZHA,R,,KZZHA,10.31
2019,PER_100000_POP,KZZHS,R,,KZZHS,18.85
2019,PER_100000_POP,KZKAR,R,,KZKAR,24.65
2019,PER_100000_POP,KZKUS,R,,KZKUS,35.88
2019,PER_100000_POP,KZKZY,R,,KZKZY,5.19
2019,PER_100000_POP,KZMAN,R,,KZMAN,9.53
2019,PER_100000_POP,KZPAV,R,,KZPAV,9.05
2019,PER_100000_POP,KZSEV,R,,KZSEV,29.86
2019,PER_100000_POP,KZYUZ,R,,KZYUZ,7.25
2019,PER_100000_POP,KZULU,R,,KZULU,15.47
2019,PER_100000_POP,KZVOS,R,,KZVOS,32.95
2019,PER_100000_POP,,,M,,22.02
2019,PER_100000_POP,KZABY,,M,KZABY,7.7
2019,PER_100000_POP,KZAKM,,M,KZAKM,40.84
2019,PER_100000_POP,KZAKT,,M,KZAKT,20.98
2019,PER_100000_POP,KZALM,,M,KZALM,24.09
2019,PER_100000_POP,KZATY,,M,KZATY,16.81
2019,PER_100000_POP,KZZAP,,M,KZZAP,36.23
2019,PER_100000_POP,KZZHA,,M,KZZHA,20.18
2019,PER_100000_POP,KZZHS,,M,KZZHS,29.67
2019,PER_100000_POP,KZKAR,,M,KZKAR,34.77
2019,PER_100000_POP,KZKUS,,M,KZKUS,47.44
2019,PER_100000_POP,KZKZY,,M,KZKZY,9.99
2019,PER_100000_POP,KZMAN,,M,KZMAN,13.4
2019,PER_100000_POP,KZPAV,,M,KZPAV,17.4
2019,PER_100000_POP,KZSEV,,M,KZSEV,37.94
2019,PER_100000_POP,KZYUZ,,M,KZYUZ,11.15
2019,PER_100000_POP,KZULU,,M,KZULU,22.66
2019,PER_100000_POP,KZVOS,,M,KZVOS,50.01
2019,PER_100000_POP,KZNS,,M,KZNS,16.47
2019,PER_100000_POP,KZALA,,M,KZALA,9.36
2019,PER_100000_POP,KZSHY,,M,KZSHY,12.8
2019,PER_100000_POP,,U,M,,19.5
2019,PER_100000_POP,KZABY,U,M,KZABY,3.87
2019,PER_100000_POP,KZAKM,U,M,KZAKM,32.82
2019,PER_100000_POP,KZAKT,U,M,KZAKT,21.61
2019,PER_100000_POP,KZALM,U,M,KZALM,27.12
2019,PER_100000_POP,KZATY,U,M,KZATY,18.15
2019,PER_100000_POP,KZZAP,U,M,KZZAP,22.56
2019,PER_100000_POP,KZZHA,U,M,KZZHA,28.21
2019,PER_100000_POP,KZZHS,U,M,KZZHS,24.85
2019,PER_100000_POP,KZKAR,U,M,KZKAR,32.87
2019,PER_100000_POP,KZKUS,U,M,KZKUS,34.62
2019,PER_100000_POP,KZKZY,U,M,KZKZY,11.49
2019,PER_100000_POP,KZMAN,U,M,KZMAN,9.23
2019,PER_100000_POP,KZPAV,U,M,KZPAV,17.53
2019,PER_100000_POP,KZSEV,U,M,KZSEV,18.25
2019,PER_100000_POP,KZYUZ,U,M,KZYUZ,13.44
2019,PER_100000_POP,KZULU,U,M,KZULU,20.31
2019,PER_100000_POP,KZVOS,U,M,KZVOS,45.74
2019,PER_100000_POP,KZNS,U,M,KZNS,16.47
2019,PER_100000_POP,KZALA,U,M,KZALA,9.36
2019,PER_100000_POP,KZSHY,U,M,KZSHY,12.8
2019,PER_100000_POP,,R,M,,25.39
2019,PER_100000_POP,KZABY,R,M,KZABY,13.03
2019,PER_100000_POP,KZAKM,R,M,KZAKM,48.16
2019,PER_100000_POP,KZAKT,R,M,KZAKT,19.54
2019,PER_100000_POP,KZALM,R,M,KZALM,23.64
2019,PER_100000_POP,KZATY,R,M,KZATY,15.21
2019,PER_100000_POP,KZZAP,R,M,KZZAP,50.05
2019,PER_100000_POP,KZZHA,R,M,KZZHA,15.19
2019,PER_100000_POP,KZZHS,R,M,KZZHS,32.8
2019,PER_100000_POP,KZKAR,R,M,KZKAR,41.89
2019,PER_100000_POP,KZKUS,R,M,KZKUS,63.71
2019,PER_100000_POP,KZKZY,R,M,KZKZY,8.84
2019,PER_100000_POP,KZMAN,R,M,KZMAN,16.3
2019,PER_100000_POP,KZPAV,R,M,KZPAV,17.11
2019,PER_100000_POP,KZSEV,R,M,KZSEV,53.2
2019,PER_100000_POP,KZYUZ,R,M,KZYUZ,10.59
2019,PER_100000_POP,KZULU,R,M,KZULU,30.01
2019,PER_100000_POP,KZVOS,R,M,KZVOS,56.88
2019,PER_100000_POP,,,F,,3.73
2019,PER_100000_POP,KZABY,,F,KZABY,1.2
2019,PER_100000_POP,KZAKM,,F,KZAKM,7.39
2019,PER_100000_POP,KZAKT,,F,KZAKT,2.88
2019,PER_100000_POP,KZALM,,F,KZALM,4.59
2019,PER_100000_POP,KZATY,,F,KZATY,4.32
2019,PER_100000_POP,KZZAP,,F,KZZAP,6.53
2019,PER_100000_POP,KZZHA,,F,KZZHA,4.2
2019,PER_100000_POP,KZZHS,,F,KZZHS,5.97
2019,PER_100000_POP,KZKAR,,F,KZKAR,3.96
2019,PER_100000_POP,KZKUS,,F,KZKUS,6.13
2019,PER_100000_POP,KZKZY,,F,KZKZY,1.01
2019,PER_100000_POP,KZMAN,,F,KZMAN,2.89
2019,PER_100000_POP,KZPAV,,F,KZPAV,2.52
2019,PER_100000_POP,KZSEV,,F,KZSEV,4.87
2019,PER_100000_POP,KZYUZ,,F,KZYUZ,3.35
2019,PER_100000_POP,KZULU,,F,KZULU,0.86
2019,PER_100000_POP,KZVOS,,F,KZVOS,6.75
2019,PER_100000_POP,KZNS,,F,KZNS,2.07
2019,PER_100000_POP,KZALA,,F,KZALA,1.85
2019,PER_100000_POP,KZSHY,,F,KZSHY,3.39
2019,PER_100000_POP,,U,F,,3.13
2019,PER_100000_POP,KZABY,U,F,KZABY,0.98
2019,PER_100000_POP,KZAKM,U,F,KZAKM,6.28
2019,PER_100000_POP,KZAKT,U,F,KZAKT,2.77
2019,PER_100000_POP,KZALM,U,F,KZALM,9.3
2019,PER_100000_POP,KZATY,U,F,KZATY,2.74
2019,PER_100000_POP,KZZAP,U,F,KZZAP,6.57
2019,PER_100000_POP,KZZHA,U,F,KZZHA,2.56
2019,PER_100000_POP,KZZHS,U,F,KZZHS,7.82
2019,PER_100000_POP,KZKAR,U,F,KZKAR,3.24
2019,PER_100000_POP,KZKUS,U,F,KZKUS,4.43
2019,PER_100000_POP,KZKZY,U,F,KZKZY,0.55
2019,PER_100000_POP,KZMAN,U,F,KZMAN,3.35
2019,PER_100000_POP,KZPAV,U,F,KZPAV,3.14
2019,PER_100000_POP,KZSEV,U,F,KZSEV,2.9
2019,PER_100000_POP,KZYUZ,U,F,KZYUZ,1.52
2019,PER_100000_POP,KZULU,U,F,KZULU,1.09
2019,PER_100000_POP,KZVOS,U,F,KZVOS,5.54
2019,PER_100000_POP,KZNS,U,F,KZNS,2.07
2019,PER_100000_POP,KZALA,U,F,KZALA,1.85
2019,PER_100000_POP,KZSHY,U,F,KZSHY,3.39
2019,PER_100000_POP,,R,F,,4.65
2019,PER_100000_POP,KZABY,R,F,KZABY,1.55
2019,PER_100000_POP,KZAKM,R,F,KZAKM,8.53
2019,PER_100000_POP,KZAKT,R,F,KZAKT,3.17
2019,PER_100000_POP,KZALM,R,F,KZALM,3.83
2019,PER_100000_POP,KZATY,R,F,KZATY,6.34
2019,PER_100000_POP,KZZAP,R,F,KZZAP,6.48
2019,PER_100000_POP,KZZHA,R,F,KZZHA,5.35
2019,PER_100000_POP,KZZHS,R,F,KZZHS,4.63
2019,PER_100000_POP,KZKAR,R,F,KZKAR,7.1
2019,PER_100000_POP,KZKUS,R,F,KZKUS,8.61
2019,PER_100000_POP,KZKZY,R,F,KZKZY,1.38
2019,PER_100000_POP,KZMAN,R,F,KZMAN,2.55
2019,PER_100000_POP,KZPAV,R,F,KZPAV,0.91
2019,PER_100000_POP,KZSEV,R,F,KZSEV,6.69
2019,PER_100000_POP,KZYUZ,R,F,KZYUZ,3.81
2019,PER_100000_POP,KZULU,R,F,KZULU,0.0
2019,PER_100000_POP,KZVOS,R,F,KZVOS,9.08
2020,PER_100000_POP,,,,,11.35
2020,PER_100000_POP,KZABY,,,KZABY,2.18
2020,PER_100000_POP,KZAKM,,,KZAKM,25.86
2020,PER_100000_POP,KZAKT,,,KZAKT,14.2
2020,PER_100000_POP,KZALM,,,KZALM,12.05
2020,PER_100000_POP,KZATY,,,KZATY,10.13
2020,PER_100000_POP,KZZAP,,,KZZAP,18.67
2020,PER_100000_POP,KZZHA,,,KZZHA,8.03
2020,PER_100000_POP,KZZHS,,,KZZHS,19.04
2020,PER_100000_POP,KZKAR,,,KZKAR,18.02
2020,PER_100000_POP,KZKUS,,,KZKUS,23.44
2020,PER_100000_POP,KZKZY,,,KZKZY,6.19
2020,PER_100000_POP,KZMAN,,,KZMAN,7.89
2020,PER_100000_POP,KZPAV,,,KZPAV,6.12
2020,PER_100000_POP,KZSEV,,,KZSEV,17.05
2020,PER_100000_POP,KZYUZ,,,KZYUZ,7.79
2020,PER_100000_POP,KZULU,,,KZULU,11.88
2020,PER_100000_POP,KZVOS,,,KZVOS,12.83
2020,PER_100000_POP,KZNS,,,KZNS,9.09
2020,PER_100000_POP,KZALA,,,KZALA,5.43
2020,PER_100000_POP,KZSHY,,,KZSHY,7.39
2020,PER_100000_POP,,U,,,9.96
2020,PER_100000_POP,KZABY,U,,KZABY,0.78
2020,PER_100000_POP,KZAKM,U,,KZAKM,20.04
2020,PER_100000_POP,KZAKT,U,,KZAKT,12.93
2020,PER_100000_POP,KZALM,U,,KZALM,10.93
2020,PER_100000_POP,KZATY,U,,KZATY,8.94
2020,PER_100000_POP,KZZAP,U,,KZZAP,14.42
2020,PER_100000_POP,KZZHA,U,,KZZHA,12.64
2020,PER_100000_POP,KZZHS,U,,KZZHS,22.17
2020,PER_100000_POP,KZKAR,U,,KZKAR,16.13
2020,PER_100000_POP,KZKUS,U,,KZKUS,18.24
2020,PER_100000_POP,KZKZY,U,,KZKZY,5.82
2020,PER_100000_POP,KZMAN,U,,KZMAN,7.7
2020,PER_100000_POP,KZPAV,U,,KZPAV,6.22
2020,PER_100000_POP,KZSEV,U,,KZSEV,9.08
2020,PER_100000_POP,KZYUZ,U,,KZYUZ,7.02
2020,PER_100000_POP,KZULU,U,,KZULU,14.24
2020,PER_100000_POP,KZVOS,U,,KZVOS,9.24
2020,PER_100000_POP,KZNS,U,,KZNS,9.09
2020,PER_100000_POP,KZALA,U,,KZALA,5.43
2020,PER_100000_POP,KZSHY,U,,KZSHY,7.39
2020,PER_100000_POP,,R,,,13.35
2020,PER_100000_POP,KZABY,R,,KZABY,4.31
2020,PER_100000_POP,KZAKM,R,,KZAKM,31.57
2020,PER_100000_POP,KZAKT,R,,KZAKT,17.38
2020,PER_100000_POP,KZALM,R,,KZALM,12.22
2020,PER_100000_POP,KZATY,R,,KZATY,11.6
2020,PER_100000_POP,KZZAP,R,,KZZAP,23.39
2020,PER_100000_POP,KZZHA,R,,KZZHA,4.98
2020,PER_100000_POP,KZZHS,R,,KZZHS,16.87
2020,PER_100000_POP,KZKAR,R,,KZKAR,25.8
2020,PER_100000_POP,KZKUS,R,,KZKUS,30.7
2020,PER_100000_POP,KZKZY,R,,KZKZY,6.48
2020,PER_100000_POP,KZMAN,R,,KZMAN,8.03
2020,PER_100000_POP,KZPAV,R,,KZPAV,5.9
2020,PER_100000_POP,KZSEV,R,,KZSEV,23.94
2020,PER_100000_POP,KZYUZ,R,,KZYUZ,7.99
2020,PER_100000_POP,KZULU,R,,KZULU,3.87
2020,PER_100000_POP,KZVOS,R,,KZVOS,19.28
2020,PER_100000_POP,,,M,,19.6
2020,PER_100000_POP,KZABY,,M,KZABY,4.19
2020,PER_100000_POP,KZAKM,,M,KZAKM,45.1
2020,PER_100000_POP,KZAKT,,M,KZAKT,24.85
2020,PER_100000_POP,KZALM,,M,KZALM,20.31
2020,PER_100000_POP,KZATY,,M,KZATY,18.37
2020,PER_100000_POP,KZZAP,,M,KZZAP,35.0
2020,PER_100000_POP,KZZHA,,M,KZZHA,13.94
2020,PER_100000_POP,KZZHS,,M,KZZHS,30.91
2020,PER_100000_POP,KZKAR,,M,KZKAR,33.31
2020,PER_100000_POP,KZKUS,,M,KZKUS,41.82
2020,PER_100000_POP,KZKZY,,M,KZKZY,11.09
2020,PER_100000_POP,KZMAN,,M,KZMAN,13.29
2020,PER_100000_POP,KZPAV,,M,KZPAV,11.8
2020,PER_100000_POP,KZSEV,,M,KZSEV,29.5
2020,PER_100000_POP,KZYUZ,,M,KZYUZ,11.08
2020,PER_100000_POP,KZULU,,M,KZULU,17.19
2020,PER_100000_POP,KZVOS,,M,KZVOS,23.98
2020,PER_100000_POP,KZNS,,M,KZNS,15.37
2020,PER_100000_POP,KZALA,,M,KZALA,9.49
2020,PER_100000_POP,KZSHY,,M,KZSHY,11.97
2020,PER_100000_POP,,U,M,,17.61
2020,PER_100000_POP,KZABY,U,M,KZABY,1.65
2020,PER_100000_POP,KZAKM,U,M,KZAKM,35.5
2020,PER_100000_POP,KZAKT,U,M,KZAKT,22.78
2020,PER_100000_POP,KZALM,U,M,KZALM,20.68
2020,PER_100000_POP,KZATY,U,M,KZATY,16.73
2020,PER_100000_POP,KZZAP,U,M,KZZAP,27.77
2020,PER_100000_POP,KZZHA,U,M,KZZHA,21.92
2020,PER_100000_POP,KZZHS,U,M,KZZHS,37.14
2020,PER_100000_POP,KZKAR,U,M,KZKAR,29.55
2020,PER_100000_POP,KZKUS,U,M,KZKUS,32.73
2020,PER_100000_POP,KZKZY,U,M,KZKZY,9.58
2020,PER_100000_POP,KZMAN,U,M,KZMAN,12.43
2020,PER_100000_POP,KZPAV,U,M,KZPAV,12.25
2020,PER_100000_POP,KZSEV,U,M,KZSEV,19.1
2020,PER_100000_POP,KZYUZ,U,M,KZYUZ,11.06
2020,PER_100000_POP,KZULU,U,M,KZULU,21.46
2020,PER_100000_POP,KZVOS,U,M,KZVOS,18.37
2020,PER_100000_POP,KZNS,U,M,KZNS,15.37
2020,PER_100000_POP,KZALA,U,M,KZALA,9.49
2020,PER_100000_POP,KZSHY,U,M,KZSHY,11.97
2020,PER_100000_POP,,R,M,,22.3
2020,PER_100000_POP,KZABY,R,M,KZABY,7.76
2020,PER_100000_POP,KZAKM,R,M,KZAKM,54.0
2020,PER_100000_POP,KZAKT,R,M,KZAKT,29.75
2020,PER_100000_POP,KZALM,R,M,KZALM,20.26
2020,PER_100000_POP,KZATY,R,M,KZATY,20.3
2020,PER_100000_POP,KZZAP,R,M,KZZAP,42.42
2020,PER_100000_POP,KZZHA,R,M,KZZHA,8.99
2020,PER_100000_POP,KZZHS,R,M,KZZHS,26.83
2020,PER_100000_POP,KZKAR,R,M,KZKAR,47.54
2020,PER_100000_POP,KZKUS,R,M,KZKUS,53.59
2020,PER_100000_POP,KZKZY,R,M,KZKZY,12.27
2020,PER_100000_POP,KZMAN,R,M,KZMAN,13.88
2020,PER_100000_POP,KZPAV,R,M,KZPAV,10.81
2020,PER_100000_POP,KZSEV,R,M,KZSEV,37.72
2020,PER_100000_POP,KZYUZ,R,M,KZYUZ,11.08
2020,PER_100000_POP,KZULU,R,M,KZULU,3.75
2020,PER_100000_POP,KZVOS,R,M,KZVOS,33.17
2020,PER_100000_POP,,,F,,3.57
2020,PER_100000_POP,KZABY,,F,KZABY,0.3
2020,PER_100000_POP,KZAKM,,F,KZAKM,7.68
2020,PER_100000_POP,KZAKT,,F,KZAKT,4.16
2020,PER_100000_POP,KZALM,,F,KZALM,3.95
2020,PER_100000_POP,KZATY,,F,KZATY,2.12
2020,PER_100000_POP,KZZAP,,F,KZZAP,3.25
2020,PER_100000_POP,KZZHA,,F,KZZHA,2.26
2020,PER_100000_POP,KZZHS,,F,KZZHS,7.46
2020,PER_100000_POP,KZKAR,,F,KZKAR,4.3
2020,PER_100000_POP,KZKUS,,F,KZKUS,6.82
2020,PER_100000_POP,KZKZY,,F,KZKZY,1.24
2020,PER_100000_POP,KZMAN,,F,KZMAN,2.53
2020,PER_100000_POP,KZPAV,,F,KZPAV,1.01
2020,PER_100000_POP,KZSEV,,F,KZSEV,5.62
2020,PER_100000_POP,KZYUZ,,F,KZYUZ,4.4
2020,PER_100000_POP,KZULU,,F,KZULU,6.86
2020,PER_100000_POP,KZVOS,,F,KZVOS,2.87
2020,PER_100000_POP,KZNS,,F,KZNS,3.29
2020,PER_100000_POP,KZALA,,F,KZALA,1.99
2020,PER_100000_POP,KZSHY,,F,KZSHY,3.11
2020,PER_100000_POP,,U,F,,3.12
2020,PER_100000_POP,KZABY,U,F,KZABY,0.0
2020,PER_100000_POP,KZAKM,U,F,KZAKM,6.24
2020,PER_100000_POP,KZAKT,U,F,KZAKT,3.92
2020,PER_100000_POP,KZALM,U,F,KZALM,2.09
2020,PER_100000_POP,KZATY,U,F,KZATY,1.62
2020,PER_100000_POP,KZZAP,U,F,KZZAP,2.71
2020,PER_100000_POP,KZZHA,U,F,KZZHA,4.23
2020,PER_100000_POP,KZZHS,U,F,KZZHS,8.49
2020,PER_100000_POP,KZKAR,U,F,KZKAR,4.45
2020,PER_100000_POP,KZKUS,U,F,KZKUS,5.88
2020,PER_100000_POP,KZKZY,U,F,KZKZY,2.18
2020,PER_100000_POP,KZMAN,U,F,KZMAN,3.25
2020,PER_100000_POP,KZPAV,U,F,KZPAV,1.05
2020,PER_100000_POP,KZSEV,U,F,KZSEV,0.72
2020,PER_100000_POP,KZYUZ,U,F,KZYUZ,2.93
2020,PER_100000_POP,KZULU,U,F,KZULU,7.64
2020,PER_100000_POP,KZVOS,U,F,KZVOS,1.58
2020,PER_100000_POP,KZNS,U,F,KZNS,3.29
2020,PER_100000_POP,KZALA,U,F,KZALA,1.99
2020,PER_100000_POP,KZSHY,U,F,KZSHY,3.11
2020,PER_100000_POP,,R,F,,4.26
2020,PER_100000_POP,KZABY,R,F,KZABY,0.79
2020,PER_100000_POP,KZAKM,R,F,KZAKM,9.17
2020,PER_100000_POP,KZAKT,R,F,KZAKT,4.79
2020,PER_100000_POP,KZALM,R,F,KZALM,4.25
2020,PER_100000_POP,KZATY,R,F,KZATY,2.75
2020,PER_100000_POP,KZZAP,R,F,KZZAP,3.89
2020,PER_100000_POP,KZZHA,R,F,KZZHA,0.89
2020,PER_100000_POP,KZZHS,R,F,KZZHS,6.71
2020,PER_100000_POP,KZKAR,R,F,KZKAR,3.6
2020,PER_100000_POP,KZKUS,R,F,KZKUS,8.22
2020,PER_100000_POP,KZKZY,R,F,KZKZY,0.46
2020,PER_100000_POP,KZMAN,R,F,KZMAN,1.98
2020,PER_100000_POP,KZPAV,R,F,KZPAV,0.91
2020,PER_100000_POP,KZSEV,R,F,KZSEV,10.23
2020,PER_100000_POP,KZYUZ,R,F,KZYUZ,4.78
2020,PER_100000_POP,KZULU,R,F,KZULU,3.99
2020,PER_100000_POP,KZVOS,R,F,KZVOS,5.4
2021,PER_100000_POP,,,,,10.97
2021,PER_100000_POP,KZABY,,,KZABY,3.13
2021,PER_100000_POP,KZAKM,,,KZAKM,29.31
2021,PER_100000_POP,KZAKT,,,KZAKT,7.89
2021,PER_100000_POP,KZALM,,,KZALM,14.16
2021,PER_100000_POP,KZATY,,,KZATY,8.15
2021,PER_100000_POP,KZZAP,,,KZZAP,12.96
2021,PER_100000_POP,KZZHA,,,KZZHA,7.52
2021,PER_100000_POP,KZZHS,,,KZZHS,17.77
2021,PER_100000_POP,KZKAR,,,KZKAR,19.54
2021,PER_100000_POP,KZKUS,,,KZKUS,18.94
2021,PER_100000_POP,KZKZY,,,KZKZY,7.8
2021,PER_100000_POP,KZMAN,,,KZMAN,5.06
2021,PER_100000_POP,KZPAV,,,KZPAV,5.21
2021,PER_100000_POP,KZSEV,,,KZSEV,16.3
2021,PER_100000_POP,KZYUZ,,,KZYUZ,9.23
2021,PER_100000_POP,KZULU,,,KZULU,10.58
2021,PER_100000_POP,KZVOS,,,KZVOS,9.99
2021,PER_100000_POP,KZNS,,,KZNS,9.93
2021,PER_100000_POP,KZALA,,,KZALA,6.33
2021,PER_100000_POP,KZSHY,,,KZSHY,7.68
2021,PER_100000_POP,,U,,,9.76
2021,PER_100000_POP,KZABY,U,,KZABY,2.33
2021,PER_100000_POP,KZAKM,U,,KZAKM,24.8
2021,PER_100000_POP,KZAKT,U,,KZAKT,6.65
2021,PER_100000_POP,KZALM,U,,KZALM,15.16
2021,PER_100000_POP,KZATY,U,,KZATY,8.8
2021,PER_100000_POP,KZZAP,U,,KZZAP,7.13
2021,PER_100000_POP,KZZHA,U,,KZZHA,10.06
2021,PER_100000_POP,KZZHS,U,,KZZHS,18.69
2021,PER_100000_POP,KZKAR,U,,KZKAR,17.31
2021,PER_100000_POP,KZKUS,U,,KZKUS,16.44
2021,PER_100000_POP,KZKZY,U,,KZKZY,9.24
2021,PER_100000_POP,KZMAN,U,,KZMAN,2.26
2021,PER_100000_POP,KZPAV,U,,KZPAV,5.48
2021,PER_100000_POP,KZSEV,U,,KZSEV,10.67
2021,PER_100000_POP,KZYUZ,U,,KZYUZ,11.71
2021,PER_100000_POP,KZULU,U,,KZULU,10.27
2021,PER_100000_POP,KZVOS,U,,KZVOS,8.15
2021,PER_100000_POP,KZNS,U,,KZNS,9.93
2021,PER_100000_POP,KZALA,U,,KZALA,6.33
2021,PER_100000_POP,KZSHY,U,,KZSHY,7.68
2021,PER_100000_POP,,R,,,12.76
2021,PER_100000_POP,KZABY,R,,KZABY,4.37
2021,PER_100000_POP,KZAKM,R,,KZAKM,33.83
2021,PER_100000_POP,KZAKT,R,,KZAKT,11.05
2021,PER_100000_POP,KZALM,R,,KZALM,14.02
2021,PER_100000_POP,KZATY,R,,KZATY,7.36
2021,PER_100000_POP,KZZAP,R,,KZZAP,19.5
2021,PER_100000_POP,KZZHA,R,,KZZHA,5.83
2021,PER_100000_POP,KZZHS,R,,KZZHS,17.13
2021,PER_100000_POP,KZKAR,R,,KZKAR,28.8
2021,PER_100000_POP,KZKUS,R,,KZKUS,22.5
2021,PER_100000_POP,KZKZY,R,,KZKZY,6.63
2021,PER_100000_POP,KZMAN,R,,KZMAN,7.12
2021,PER_100000_POP,KZPAV,R,,KZPAV,4.56
2021,PER_100000_POP,KZSEV,R,,KZSEV,21.27
2021,PER_100000_POP,KZYUZ,R,,KZYUZ,8.59
2021,PER_100000_POP,KZULU,R,,KZULU,11.6
2021,PER_100000_POP,KZVOS,R,,KZVOS,13.34
2021,PER_100000_POP,,,M,,18.53
2021,PER_100000_POP,KZABY,,M,KZABY,6.14
2021,PER_100000_POP,KZAKM,,M,KZAKM,48.48
2021,PER_100000_POP,KZAKT,,M,KZAKT,13.27
2021,PER_100000_POP,KZALM,,M,KZALM,23.63
2021,PER_100000_POP,KZATY,,M,KZATY,13.77
2021,PER_100000_POP,KZZAP,,M,KZZAP,23.87
2021,PER_100000_POP,KZZHA,,M,KZZHA,12.91
2021,PER_100000_POP,KZZHS,,M,KZZHS,30.17
2021,PER_100000_POP,KZKAR,,M,KZKAR,34.81
2021,PER_100000_POP,KZKUS,,M,KZKUS,33.98
2021,PER_100000_POP,KZKZY,,M,KZKZY,11.4
2021,PER_100000_POP,KZMAN,,M,KZMAN,8.51
2021,PER_100000_POP,KZPAV,,M,KZPAV,8.73
2021,PER_100000_POP,KZSEV,,M,KZSEV,28.65
2021,PER_100000_POP,KZYUZ,,M,KZYUZ,14.55
2021,PER_100000_POP,KZULU,,M,KZULU,17.19
2021,PER_100000_POP,KZVOS,,M,KZVOS,18.81
2021,PER_100000_POP,KZNS,,M,KZNS,16.94
2021,PER_100000_POP,KZALA,,M,KZALA,10.33
2021,PER_100000_POP,KZSHY,,M,KZSHY,10.96
2021,PER_100000_POP,,U,M,,16.6
2021,PER_100000_POP,KZABY,U,M,KZABY,4.94
2021,PER_100000_POP,KZAKM,U,M,KZAKM,39.81
2021,PER_100000_POP,KZAKT,U,M,KZAKT,11.0
2021,PER_100000_POP,KZALM,U,M,KZALM,28.48
2021,PER_100000_POP,KZATY,U,M,KZATY,15.34
2021,PER_100000_POP,KZZAP,U,M,KZZAP,12.8
2021,PER_100000_POP,KZZHA,U,M,KZZHA,17.47
2021,PER_100000_POP,KZZHS,U,M,KZZHS,31.44
2021,PER_100000_POP,KZKAR,U,M,KZKAR,31.37
2021,PER_100000_POP,KZKUS,U,M,KZKUS,29.66
2021,PER_100000_POP,KZKZY,U,M,KZKZY,14.35
2021,PER_100000_POP,KZMAN,U,M,KZMAN,4.0
2021,PER_100000_POP,KZPAV,U,M,KZPAV,9.41
2021,PER_100000_POP,KZSEV,U,M,KZSEV,18.22
2021,PER_100000_POP,KZYUZ,U,M,KZYUZ,19.51
2021,PER_100000_POP,KZULU,U,M,KZULU,16.71
2021,PER_100000_POP,KZVOS,U,M,KZVOS,15.99
2021,PER_100000_POP,KZNS,U,M,KZNS,16.94
2021,PER_100000_POP,KZALA,U,M,KZALA,10.33
2021,PER_100000_POP,KZSHY,U,M,KZSHY,10.96
2021,PER_100000_POP,,R,M,,21.19
2021,PER_100000_POP,KZABY,R,M,KZABY,7.86
2021,PER_100000_POP,KZAKM,R,M,KZAKM,56.67
2021,PER_100000_POP,KZAKT,R,M,KZAKT,18.75
2021,PER_100000_POP,KZALM,R,M,KZALM,22.95
2021,PER_100000_POP,KZATY,R,M,KZATY,11.93
2021,PER_100000_POP,KZZAP,R,M,KZZAP,35.33
2021,PER_100000_POP,KZZHA,R,M,KZZHA,10.06
2021,PER_100000_POP,KZZHS,R,M,KZZHS,29.34
2021,PER_100000_POP,KZKAR,R,M,KZKAR,47.95
2021,PER_100000_POP,KZKUS,R,M,KZKUS,39.68
2021,PER_100000_POP,KZKZY,R,M,KZKZY,9.09
2021,PER_100000_POP,KZMAN,R,M,KZMAN,11.67
2021,PER_100000_POP,KZPAV,R,M,KZPAV,7.23
2021,PER_100000_POP,KZSEV,R,M,KZSEV,37.04
2021,PER_100000_POP,KZYUZ,R,M,KZYUZ,13.26
2021,PER_100000_POP,KZULU,R,M,KZULU,18.69
2021,PER_100000_POP,KZVOS,R,M,KZVOS,23.52
2021,PER_100000_POP,,,F,,3.85
2021,PER_100000_POP,KZABY,,F,KZABY,0.3
2021,PER_100000_POP,KZAKM,,F,KZAKM,11.15
2021,PER_100000_POP,KZAKT,,F,KZAKT,2.81
2021,PER_100000_POP,KZALM,,F,KZALM,4.86
2021,PER_100000_POP,KZATY,,F,KZATY,2.68
2021,PER_100000_POP,KZZAP,,F,KZZAP,2.64
2021,PER_100000_POP,KZZHA,,F,KZZHA,2.25
2021,PER_100000_POP,KZZHS,,F,KZZHS,5.66
2021,PER_100000_POP,KZKAR,,F,KZKAR,5.8
2021,PER_100000_POP,KZKUS,,F,KZKUS,5.32
2021,PER_100000_POP,KZKZY,,F,KZKZY,4.16
2021,PER_100000_POP,KZMAN,,F,KZMAN,1.64
2021,PER_100000_POP,KZPAV,,F,KZPAV,2.03
2021,PER_100000_POP,KZSEV,,F,KZSEV,4.97
2021,PER_100000_POP,KZYUZ,,F,KZYUZ,3.75
2021,PER_100000_POP,KZULU,,F,KZULU,4.3
2021,PER_100000_POP,KZVOS,,F,KZVOS,2.1
2021,PER_100000_POP,KZNS,,F,KZNS,3.47
2021,PER_100000_POP,KZALA,,F,KZALA,2.95
2021,PER_100000_POP,KZSHY,,F,KZSHY,4.61
2021,PER_100000_POP,,U,F,,3.64
2021,PER_100000_POP,KZABY,U,F,KZABY,0.0
2021,PER_100000_POP,KZAKM,U,F,KZAKM,11.36
2021,PER_100000_POP,KZAKT,U,F,KZAKT,2.67
2021,PER_100000_POP,KZALM,U,F,KZALM,3.09
2021,PER_100000_POP,KZATY,U,F,KZATY,2.67
2021,PER_100000_POP,KZZAP,U,F,KZZAP,2.14
2021,PER_100000_POP,KZZHA,U,F,KZZHA,3.34
2021,PER_100000_POP,KZZHS,U,F,KZZHS,7.02
2021,PER_100000_POP,KZKAR,U,F,KZKAR,5.06
2021,PER_100000_POP,KZKUS,U,F,KZKUS,5.14
2021,PER_100000_POP,KZKZY,U,F,KZKZY,4.28
2021,PER_100000_POP,KZMAN,U,F,KZMAN,0.63
2021,PER_100000_POP,KZPAV,U,F,KZPAV,2.1
2021,PER_100000_POP,KZSEV,U,F,KZSEV,4.35
2021,PER_100000_POP,KZYUZ,U,F,KZYUZ,3.78
2021,PER_100000_POP,KZULU,U,F,KZULU,4.37
2021,PER_100000_POP,KZVOS,U,F,KZVOS,1.58
2021,PER_100000_POP,KZNS,U,F,KZNS,3.47
2021,PER_100000_POP,KZALA,U,F,KZALA,2.95
2021,PER_100000_POP,KZSHY,U,F,KZSHY,4.61
2021,PER_100000_POP,,R,F,,4.17
2021,PER_100000_POP,KZABY,R,F,KZABY,0.8
2021,PER_100000_POP,KZAKM,R,F,KZAKM,10.93
2021,PER_100000_POP,KZAKT,R,F,KZAKT,3.19
2021,PER_100000_POP,KZALM,R,F,KZALM,5.14
2021,PER_100000_POP,KZATY,R,F,KZATY,2.7
2021,PER_100000_POP,KZZAP,R,F,KZZAP,3.24
2021,PER_100000_POP,KZZHA,R,F,KZZHA,1.48
2021,PER_100000_POP,KZZHS,R,F,KZZHS,4.66
2021,PER_100000_POP,KZKAR,R,F,KZKAR,9.12
2021,PER_100000_POP,KZKUS,R,F,KZKUS,5.58
2021,PER_100000_POP,KZKZY,R,F,KZKZY,4.07
2021,PER_100000_POP,KZMAN,R,F,KZMAN,2.42
2021,PER_100000_POP,KZPAV,R,F,KZPAV,1.84
2021,PER_100000_POP,KZSEV,R,F,KZSEV,5.57
2021,PER_100000_POP,KZYUZ,R,F,KZYUZ,3.74
2021,PER_100000_POP,KZULU,R,F,KZULU,4.0
2021,PER_100000_POP,KZVOS,R,F,KZVOS,3.14
2022,PER_100000_POP,,,,,9.03
2022,PER_100000_POP,KZABY,,,KZABY,12.44
2022,PER_100000_POP,KZAKM,,,KZAKM,16.39
2022,PER_100000_POP,KZAKT,,,KZAKT,7.05
2022,PER_100000_POP,KZALM,,,KZALM,9.38
2022,PER_100000_POP,KZATY,,,KZATY,4.8
2022,PER_100000_POP,KZZAP,,,KZZAP,12.4
2022,PER_100000_POP,KZZHA,,,KZZHA,10.05
2022,PER_100000_POP,KZZHS,,,KZZHS,10.16
2022,PER_100000_POP,KZKAR,,,KZKAR,10.93
2022,PER_100000_POP,KZKUS,,,KZKUS,11.99
2022,PER_100000_POP,KZKZY,,,KZKZY,7.24
2022,PER_100000_POP,KZMAN,,,KZMAN,5.16
2022,PER_100000_POP,KZPAV,,,KZPAV,11.25
2022,PER_100000_POP,KZSEV,,,KZSEV,13.79
2022,PER_100000_POP,KZYUZ,,,KZYUZ,7.94
2022,PER_100000_POP,KZULU,,,KZULU,12.21
2022,PER_100000_POP,KZVOS,,,KZVOS,13.94
2022,PER_100000_POP,KZNS,,,KZNS,5.81
2022,PER_100000_POP,KZALA,,,KZALA,4.64
2022,PER_100000_POP,KZSHY,,,KZSHY,8.41
2022,PER_100000_POP,,U,,,8.21
2022,PER_100000_POP,KZABY,U,,KZABY,11.09
2022,PER_100000_POP,KZAKM,U,,KZAKM,17.04
2022,PER_100000_POP,KZAKT,U,,KZAKT,6.55
2022,PER_100000_POP,KZALM,U,,KZALM,8.87
2022,PER_100000_POP,KZATY,U,,KZATY,5.01
2022,PER_100000_POP,KZZAP,U,,KZZAP,8.84
2022,PER_100000_POP,KZZHA,U,,KZZHA,11.82
2022,PER_100000_POP,KZZHS,U,,KZZHS,10.65
2022,PER_100000_POP,KZKAR,U,,KZKAR,10.2
2022,PER_100000_POP,KZKUS,U,,KZKUS,9.72
2022,PER_100000_POP,KZKZY,U,,KZKZY,6.95
2022,PER_100000_POP,KZMAN,U,,KZMAN,3.22
2022,PER_100000_POP,KZPAV,U,,KZPAV,12.01
2022,PER_100000_POP,KZSEV,U,,KZSEV,9.65
2022,PER_100000_POP,KZYUZ,U,,KZYUZ,7.34
2022,PER_100000_POP,KZULU,U,,KZULU,11.44
2022,PER_100000_POP,KZVOS,U,,KZVOS,12.21
2022,PER_100000_POP,KZNS,U,,KZNS,5.81
2022,PER_100000_POP,KZALA,U,,KZALA,4.64
2022,PER_100000_POP,KZSHY,U,,KZSHY,8.41
2022,PER_100000_POP,,R,,,10.38
2022,PER_100000_POP,KZABY,R,,KZABY,14.5
2022,PER_100000_POP,KZAKM,R,,KZAKM,15.57
2022,PER_100000_POP,KZAKT,R,,KZAKT,8.49
2022,PER_100000_POP,KZALM,R,,KZALM,9.51
2022,PER_100000_POP,KZATY,R,,KZATY,4.55
2022,PER_100000_POP,KZZAP,R,,KZZAP,16.93
2022,PER_100000_POP,KZZHA,R,,KZZHA,8.7
2022,PER_100000_POP,KZZHS,R,,KZZHS,9.77
2022,PER_100000_POP,KZKAR,R,,KZKAR,14.06
2022,PER_100000_POP,KZKUS,R,,KZKUS,15.64
2022,PER_100000_POP,KZKZY,R,,KZKZY,7.5
2022,PER_100000_POP,KZMAN,R,,KZMAN,6.75
2022,PER_100000_POP,KZPAV,R,,KZPAV,9.43
2022,PER_100000_POP,KZSEV,R,,KZSEV,17.65
2022,PER_100000_POP,KZYUZ,R,,KZYUZ,8.13
2022,PER_100000_POP,KZULU,R,,KZULU,15.1
2022,PER_100000_POP,KZVOS,R,,KZVOS,17.31
2022,PER_100000_POP,,,M,,14.57
2022,PER_100000_POP,KZABY,,M,KZABY,19.73
2022,PER_100000_POP,KZAKM,,M,KZAKM,27.58
2022,PER_100000_POP,KZAKT,,M,KZAKT,11.94
2022,PER_100000_POP,KZALM,,M,KZALM,12.88
2022,PER_100000_POP,KZATY,,M,KZATY,7.96
2022,PER_100000_POP,KZZAP,,M,KZZAP,19.11
2022,PER_100000_POP,KZZHA,,M,KZZHA,15.46
2022,PER_100000_POP,KZZHS,,M,KZZHS,15.93
2022,PER_100000_POP,KZKAR,,M,KZKAR,18.43
2022,PER_100000_POP,KZKUS,,M,KZKUS,21.1
2022,PER_100000_POP,KZKZY,,M,KZKZY,11.79
2022,PER_100000_POP,KZMAN,,M,KZMAN,8.51
2022,PER_100000_POP,KZPAV,,M,KZPAV,18.75
2022,PER_100000_POP,KZSEV,,M,KZSEV,24.32
2022,PER_100000_POP,KZYUZ,,M,KZYUZ,12.23
2022,PER_100000_POP,KZULU,,M,KZULU,20.33
2022,PER_100000_POP,KZVOS,,M,KZVOS,24.57
2022,PER_100000_POP,KZNS,,M,KZNS,9.96
2022,PER_100000_POP,KZALA,,M,KZALA,7.07
2022,PER_100000_POP,KZSHY,,M,KZSHY,12.85
2022,PER_100000_POP,,U,M,,13.42
2022,PER_100000_POP,KZABY,U,M,KZABY,18.06
2022,PER_100000_POP,KZAKM,U,M,KZAKM,28.18
2022,PER_100000_POP,KZAKT,U,M,KZAKT,11.77
2022,PER_100000_POP,KZALM,U,M,KZALM,12.45
2022,PER_100000_POP,KZATY,U,M,KZATY,8.72
2022,PER_100000_POP,KZZAP,U,M,KZZAP,13.14
2022,PER_100000_POP,KZZHA,U,M,KZZHA,20.2
2022,PER_100000_POP,KZZHS,U,M,KZZHS,14.82
2022,PER_100000_POP,KZKAR,U,M,KZKAR,17.97
2022,PER_100000_POP,KZKUS,U,M,KZKUS,18.25
2022,PER_100000_POP,KZKZY,U,M,KZKZY,11.56
2022,PER_100000_POP,KZMAN,U,M,KZMAN,3.62
2022,PER_100000_POP,KZPAV,U,M,KZPAV,19.23
2022,PER_100000_POP,KZSEV,U,M,KZSEV,17.46
2022,PER_100000_POP,KZYUZ,U,M,KZYUZ,10.01
2022,PER_100000_POP,KZULU,U,M,KZULU,20.19
2022,PER_100000_POP,KZVOS,U,M,KZVOS,21.3
2022,PER_100000_POP,KZNS,U,M,KZNS,9.96
2022,PER_100000_POP,KZALA,U,M,KZALA,7.07
2022,PER_100000_POP,KZSHY,U,M,KZSHY,12.85
2022,PER_100000_POP,,R,M,,16.33
2022,PER_100000_POP,KZABY,R,M,KZABY,22.17
2022,PER_100000_POP,KZAKM,R,M,KZAKM,26.86
2022,PER_100000_POP,KZAKT,R,M,KZAKT,12.43
2022,PER_100000_POP,KZALM,R,M,KZALM,12.99
2022,PER_100000_POP,KZATY,R,M,KZATY,7.07
2022,PER_100000_POP,KZZAP,R,M,KZZAP,26.25
2022,PER_100000_POP,KZZHA,R,M,KZZHA,12.02
2022,PER_100000_POP,KZZHS,R,M,KZZHS,16.76
2022,PER_100000_POP,KZKAR,R,M,KZKAR,20.25
2022,PER_100000_POP,KZKUS,R,M,KZKUS,25.35
2022,PER_100000_POP,KZKZY,R,M,KZKZY,11.99
2022,PER_100000_POP,KZMAN,R,M,KZMAN,12.36
2022,PER_100000_POP,KZPAV,R,M,KZPAV,17.67
2022,PER_100000_POP,KZSEV,R,M,KZSEV,30.25
2022,PER_100000_POP,KZYUZ,R,M,KZYUZ,12.95
2022,PER_100000_POP,KZULU,R,M,KZULU,20.83
2022,PER_100000_POP,KZVOS,R,M,KZVOS,30.49
2022,PER_100000_POP,,,F,,3.76
2022,PER_100000_POP,KZABY,,F,KZABY,5.45
2022,PER_100000_POP,KZAKM,,F,KZAKM,5.71
2022,PER_100000_POP,KZAKT,,F,KZAKT,2.34
2022,PER_100000_POP,KZALM,,F,KZALM,5.89
2022,PER_100000_POP,KZATY,,F,KZATY,1.72
2022,PER_100000_POP,KZZAP,,F,KZZAP,5.99
2022,PER_100000_POP,KZZHA,,F,KZZHA,4.74
2022,PER_100000_POP,KZZHS,,F,KZZHS,4.53
2022,PER_100000_POP,KZKAR,,F,KZKAR,4.05
2022,PER_100000_POP,KZKUS,,F,KZKUS,3.48
2022,PER_100000_POP,KZKZY,,F,KZKZY,2.66
2022,PER_100000_POP,KZMAN,,F,KZMAN,1.84
2022,PER_100000_POP,KZPAV,,F,KZPAV,4.33
2022,PER_100000_POP,KZSEV,,F,KZSEV,3.96
2022,PER_100000_POP,KZYUZ,,F,KZYUZ,3.48
2022,PER_100000_POP,KZULU,,F,KZULU,4.43
2022,PER_100000_POP,KZVOS,,F,KZVOS,4.19
2022,PER_100000_POP,KZNS,,F,KZNS,2.02
2022,PER_100000_POP,KZALA,,F,KZALA,2.54
2022,PER_100000_POP,KZSHY,,F,KZSHY,4.27
2022,PER_100000_POP,,U,F,,3.47
2022,PER_100000_POP,KZABY,U,F,KZABY,4.68
2022,PER_100000_POP,KZAKM,U,F,KZAKM,6.94
2022,PER_100000_POP,KZAKT,U,F,KZAKT,1.69
2022,PER_100000_POP,KZALM,U,F,KZALM,5.38
2022,PER_100000_POP,KZATY,U,F,KZATY,1.53
2022,PER_100000_POP,KZZAP,U,F,KZZAP,4.95
2022,PER_100000_POP,KZZHA,U,F,KZZHA,4.04
2022,PER_100000_POP,KZZHS,U,F,KZZHS,6.81
2022,PER_100000_POP,KZKAR,U,F,KZKAR,3.28
2022,PER_100000_POP,KZKUS,U,F,KZKUS,9.88
2022,PER_100000_POP,KZKZY,U,F,KZKZY,2.2
2022,PER_100000_POP,KZMAN,U,F,KZMAN,2.84
2022,PER_100000_POP,KZPAV,U,F,KZPAV,5.64
2022,PER_100000_POP,KZSEV,U,F,KZSEV,2.88
2022,PER_100000_POP,KZYUZ,U,F,KZYUZ,4.65
2022,PER_100000_POP,KZULU,U,F,KZULU,3.31
2022,PER_100000_POP,KZVOS,U,F,KZVOS,4.27
2022,PER_100000_POP,KZNS,U,F,KZNS,2.02
2022,PER_100000_POP,KZALA,U,F,KZALA,2.54
2022,PER_100000_POP,KZSHY,U,F,KZSHY,4.27
2022,PER_100000_POP,,R,F,,4.26
2022,PER_100000_POP,KZABY,R,F,KZABY,6.69
2022,PER_100000_POP,KZAKM,R,F,KZAKM,4.07
2022,PER_100000_POP,KZAKT,R,F,KZAKT,4.35
2022,PER_100000_POP,KZALM,R,F,KZALM,6.02
2022,PER_100000_POP,KZATY,R,F,KZATY,1.97
2022,PER_100000_POP,KZZAP,R,F,KZZAP,7.39
2022,PER_100000_POP,KZZHA,R,F,KZZHA,5.29
2022,PER_100000_POP,KZZHS,R,F,KZZHS,2.61
2022,PER_100000_POP,KZKAR,R,F,KZKAR,7.63
2022,PER_100000_POP,KZKUS,R,F,KZKUS,5.7
2022,PER_100000_POP,KZKZY,R,F,KZKZY,2.79
2022,PER_100000_POP,KZMAN,R,F,KZMAN,0.98
2022,PER_100000_POP,KZPAV,R,F,KZPAV,0.91
2022,PER_100000_POP,KZSEV,R,F,KZSEV,5.05
2022,PER_100000_POP,KZYUZ,R,F,KZYUZ,3.1
2022,PER_100000_POP,KZULU,R,F,KZULU,8.94
2022,PER_100000_POP,KZVOS,R,F,KZVOS,4.04
2023,PER_100000_POP,,,,,7.67
2023,PER_100000_POP,KZABY,,,KZABY,3.45
2023,PER_100000_POP,KZAKM,,,KZAKM,22.59
2023,PER_100000_POP,KZAKT,,,KZAKT,7.39
2023,PER_100000_POP,KZALM,,,KZALM,9.22
2023,PER_100000_POP,KZATY,,,KZATY,6.3
2023,PER_100000_POP,KZZAP,,,KZZAP,6.23
2023,PER_100000_POP,KZZHA,,,KZZHA,8.52
2023,PER_100000_POP,KZZHS,,,KZZHS,5.01
2023,PER_100000_POP,KZKAR,,,KZKAR,17.36
2023,PER_100000_POP,KZKUS,,,KZKUS,13.72
2023,PER_100000_POP,KZKZY,,,KZKZY,5.25
2023,PER_100000_POP,KZMAN,,,KZMAN,2.7
2023,PER_100000_POP,KZPAV,,,KZPAV,3.71
2023,PER_100000_POP,KZSEV,,,KZSEV,18.79
2023,PER_100000_POP,KZYUZ,,,KZYUZ,5.49
2023,PER_100000_POP,KZULU,,,KZULU,15.35
2023,PER_100000_POP,KZVOS,,,KZVOS,7.41
2023,PER_100000_POP,KZNS,,,KZNS,7.76
2023,PER_100000_POP,KZALA,,,KZALA,2.19
2023,PER_100000_POP,KZSHY,,,KZSHY,2.24
2023,PER_100000_POP,,U,,,6.29
2023,PER_100000_POP,KZABY,U,,KZABY,2.15
2023,PER_100000_POP,KZAKM,U,,KZAKM,16.22
2023,PER_100000_POP,KZAKT,U,,KZAKT,7.16
2023,PER_100000_POP,KZALM,U,,KZALM,8.74
2023,PER_100000_POP,KZATY,U,,KZATY,4.4
2023,PER_100000_POP,KZZAP,U,,KZZAP,4.62
2023,PER_100000_POP,KZZHA,U,,KZZHA,10.02
2023,PER_100000_POP,KZZHS,U,,KZZHS,4.18
2023,PER_100000_POP,KZKAR,U,,KZKAR,15.47
2023,PER_100000_POP,KZKUS,U,,KZKUS,9.1
2023,PER_100000_POP,KZKZY,U,,KZKZY,5.85
2023,PER_100000_POP,KZMAN,U,,KZMAN,0.85
2023,PER_100000_POP,KZPAV,U,,KZPAV,3.56
2023,PER_100000_POP,KZSEV,U,,KZSEV,12.73
2023,PER_100000_POP,KZYUZ,U,,KZYUZ,4.36
2023,PER_100000_POP,KZULU,U,,KZULU,15.98
2023,PER_100000_POP,KZVOS,U,,KZVOS,4.14
2023,PER_100000_POP,KZNS,U,,KZNS,7.76
2023,PER_100000_POP,KZALA,U,,KZALA,2.19
2023,PER_100000_POP,KZSHY,U,,KZSHY,2.24
2023,PER_100000_POP,,R,,,9.94
2023,PER_100000_POP,KZABY,R,,KZABY,5.48
2023,PER_100000_POP,KZAKM,R,,KZAKM,30.8
2023,PER_100000_POP,KZAKT,R,,KZAKT,8.06
2023,PER_100000_POP,KZALM,R,,KZALM,9.34
2023,PER_100000_POP,KZATY,R,,KZATY,8.64
2023,PER_100000_POP,KZZAP,R,,KZZAP,8.29
2023,PER_100000_POP,KZZHA,R,,KZZHA,7.38
2023,PER_100000_POP,KZZHS,R,,KZZHS,5.68
2023,PER_100000_POP,KZKAR,R,,KZKAR,25.65
2023,PER_100000_POP,KZKUS,R,,KZKUS,21.29
2023,PER_100000_POP,KZKZY,R,,KZKZY,4.72
2023,PER_100000_POP,KZMAN,R,,KZMAN,4.24
2023,PER_100000_POP,KZPAV,R,,KZPAV,4.07
2023,PER_100000_POP,KZSEV,R,,KZSEV,24.55
2023,PER_100000_POP,KZYUZ,R,,KZYUZ,5.86
2023,PER_100000_POP,KZULU,R,,KZULU,12.98
2023,PER_100000_POP,KZVOS,R,,KZVOS,13.88
2023,PER_100000_POP,,,M,,13.39
2023,PER_100000_POP,KZABY,,M,KZABY,6.37
2023,PER_100000_POP,KZAKM,,M,KZAKM,40.2
2023,PER_100000_POP,KZAKT,,M,KZAKT,13.32
2023,PER_100000_POP,KZALM,,M,KZALM,15.02
2023,PER_100000_POP,KZATY,,M,KZATY,11.01
2023,PER_100000_POP,KZZAP,,M,KZZAP,11.25
2023,PER_100000_POP,KZZHA,,M,KZZHA,13.87
2023,PER_100000_POP,KZZHS,,M,KZZHS,8.98
2023,PER_100000_POP,KZKAR,,M,KZKAR,30.55
2023,PER_100000_POP,KZKUS,,M,KZKUS,24.63
2023,PER_100000_POP,KZKZY,,M,KZKZY,7.84
2023,PER_100000_POP,KZMAN,,M,KZMAN,4.92
2023,PER_100000_POP,KZPAV,,M,KZPAV,7.45
2023,PER_100000_POP,KZSEV,,M,KZSEV,32.68
2023,PER_100000_POP,KZYUZ,,M,KZYUZ,8.84
2023,PER_100000_POP,KZULU,,M,KZULU,26.72
2023,PER_100000_POP,KZVOS,,M,KZVOS,12.9
2023,PER_100000_POP,KZNS,,M,KZNS,14.33
2023,PER_100000_POP,KZALA,,M,KZALA,4.02
2023,PER_100000_POP,KZSHY,,M,KZSHY,4.63
2023,PER_100000_POP,,U,M,,11.23
2023,PER_100000_POP,KZABY,U,M,KZABY,3.92
2023,PER_100000_POP,KZAKM,U,M,KZAKM,29.79
2023,PER_100000_POP,KZAKT,U,M,KZAKT,13.05
2023,PER_100000_POP,KZALM,U,M,KZALM,14.31
2023,PER_100000_POP,KZATY,U,M,KZATY,8.03
2023,PER_100000_POP,KZZAP,U,M,KZZAP,9.19
2023,PER_100000_POP,KZZHA,U,M,KZZHA,16.09
2023,PER_100000_POP,KZZHS,U,M,KZZHS,8.06
2023,PER_100000_POP,KZKAR,U,M,KZKAR,26.83
2023,PER_100000_POP,KZKUS,U,M,KZKUS,15.67
2023,PER_100000_POP,KZKZY,U,M,KZKZY,8.82
2023,PER_100000_POP,KZMAN,U,M,KZMAN,1.76
2023,PER_100000_POP,KZPAV,U,M,KZPAV,7.21
2023,PER_100000_POP,KZSEV,U,M,KZSEV,22.41
2023,PER_100000_POP,KZYUZ,U,M,KZYUZ,7.56
2023,PER_100000_POP,KZULU,U,M,KZULU,28.38
2023,PER_100000_POP,KZVOS,U,M,KZVOS,7.08
2023,PER_100000_POP,KZNS,U,M,KZNS,14.33
2023,PER_100000_POP,KZALA,U,M,KZALA,4.02
2023,PER_100000_POP,KZSHY,U,M,KZSHY,4.63
2023,PER_100000_POP,,R,M,,16.73
2023,PER_100000_POP,KZABY,R,M,KZABY,10.01
2023,PER_100000_POP,KZAKM,R,M,KZAKM,52.86
2023,PER_100000_POP,KZAKT,R,M,KZAKT,14.05
2023,PER_100000_POP,KZALM,R,M,KZALM,15.19
2023,PER_100000_POP,KZATY,R,M,KZATY,14.54
2023,PER_100000_POP,KZZAP,R,M,KZZAP,13.75
2023,PER_100000_POP,KZZHA,R,M,KZZHA,12.25
2023,PER_100000_POP,KZZHS,R,M,KZZHS,9.67
2023,PER_100000_POP,KZKAR,R,M,KZKAR,45.62
2023,PER_100000_POP,KZKUS,R,M,KZKUS,38.24
2023,PER_100000_POP,KZKZY,R,M,KZKZY,7.02
2023,PER_100000_POP,KZMAN,R,M,KZMAN,7.42
2023,PER_100000_POP,KZPAV,R,M,KZPAV,7.98
2023,PER_100000_POP,KZSEV,R,M,KZSEV,41.72
2023,PER_100000_POP,KZYUZ,R,M,KZYUZ,9.26
2023,PER_100000_POP,KZULU,R,M,KZULU,20.88
2023,PER_100000_POP,KZVOS,R,M,KZVOS,23.57
2023,PER_100000_POP,,,F,,2.21
2023,PER_100000_POP,KZABY,,F,KZABY,0.64
2023,PER_100000_POP,KZAKM,,F,KZAKM,5.72
2023,PER_100000_POP,KZAKT,,F,KZAKT,1.68
2023,PER_100000_POP,KZALM,,F,KZALM,3.42
2023,PER_100000_POP,KZATY,,F,KZATY,1.7
2023,PER_100000_POP,KZZAP,,F,KZZAP,1.42
2023,PER_100000_POP,KZZHA,,F,KZZHA,3.25
2023,PER_100000_POP,KZZHS,,F,KZZHS,1.13
2023,PER_100000_POP,KZKAR,,F,KZKAR,5.24
2023,PER_100000_POP,KZKUS,,F,KZKUS,3.5
2023,PER_100000_POP,KZKZY,,F,KZKZY,2.64
2023,PER_100000_POP,KZMAN,,F,KZMAN,0.51
2023,PER_100000_POP,KZPAV,,F,KZPAV,0.26
2023,PER_100000_POP,KZSEV,,F,KZSEV,5.82
2023,PER_100000_POP,KZYUZ,,F,KZYUZ,2.01
2023,PER_100000_POP,KZULU,,F,KZULU,4.43
2023,PER_100000_POP,KZVOS,,F,KZVOS,2.37
2023,PER_100000_POP,KZNS,,F,KZNS,1.78
2023,PER_100000_POP,KZALA,,F,KZALA,0.6
2023,PER_100000_POP,KZSHY,,F,KZSHY,0.0
2023,PER_100000_POP,,U,F,,1.79
2023,PER_100000_POP,KZABY,U,F,KZABY,0.52
2023,PER_100000_POP,KZAKM,U,F,KZAKM,3.87
2023,PER_100000_POP,KZAKT,U,F,KZAKT,1.66
2023,PER_100000_POP,KZALM,U,F,KZALM,3.31
2023,PER_100000_POP,KZATY,U,F,KZATY,1.0
2023,PER_100000_POP,KZZAP,U,F,KZZAP,0.49
2023,PER_100000_POP,KZZHA,U,F,KZZHA,4.38
2023,PER_100000_POP,KZZHS,U,F,KZZHS,0.62
2023,PER_100000_POP,KZKAR,U,F,KZKAR,5.32
2023,PER_100000_POP,KZKUS,U,F,KZKUS,3.28
2023,PER_100000_POP,KZKZY,U,F,KZKZY,2.99
2023,PER_100000_POP,KZMAN,U,F,KZMAN,0.0
2023,PER_100000_POP,KZPAV,U,F,KZPAV,0.35
2023,PER_100000_POP,KZSEV,U,F,KZSEV,4.33
2023,PER_100000_POP,KZYUZ,U,F,KZYUZ,1.14
2023,PER_100000_POP,KZULU,U,F,KZULU,4.41
2023,PER_100000_POP,KZVOS,U,F,KZVOS,1.55
2023,PER_100000_POP,KZNS,U,F,KZNS,1.78
2023,PER_100000_POP,KZALA,U,F,KZALA,0.6
2023,PER_100000_POP,KZSHY,U,F,KZSHY,0.0
2023,PER_100000_POP,,R,F,,2.95
2023,PER_100000_POP,KZABY,R,F,KZABY,0.85
2023,PER_100000_POP,KZAKM,R,F,KZAKM,8.23
2023,PER_100000_POP,KZAKT,R,F,KZAKT,1.74
2023,PER_100000_POP,KZALM,R,F,KZALM,3.45
2023,PER_100000_POP,KZATY,R,F,KZATY,2.59
2023,PER_100000_POP,KZZAP,R,F,KZZAP,2.69
2023,PER_100000_POP,KZZHA,R,F,KZZHA,2.35
2023,PER_100000_POP,KZZHS,R,F,KZZHS,1.57
2023,PER_100000_POP,KZKAR,R,F,KZKAR,4.85
2023,PER_100000_POP,KZKUS,R,F,KZKUS,3.87
2023,PER_100000_POP,KZKZY,R,F,KZKZY,2.31
2023,PER_100000_POP,KZMAN,R,F,KZMAN,0.96
2023,PER_100000_POP,KZPAV,R,F,KZPAV,0.0
2023,PER_100000_POP,KZSEV,R,F,KZSEV,7.33
2023,PER_100000_POP,KZYUZ,R,F,KZYUZ,2.3
2023,PER_100000_POP,KZULU,R,F,KZULU,4.49
2023,PER_100000_POP,KZVOS,R,F,KZVOS,4.1
2024,PER_100000_POP,,,,,7.21
2024,PER_100000_POP,KZABY,,,KZABY,1.65
2024,PER_100000_POP,KZAKM,,,KZAKM,20.06
2024,PER_100000_POP,KZAKT,,,KZAKT,9.32
2024,PER_100000_POP,KZALM,,,KZALM,10.48
2024,PER_100000_POP,KZATY,,,KZATY,9.61
2024,PER_100000_POP,KZZAP,,,KZZAP,5.47
2024,PER_100000_POP,KZZHA,,,KZZHA,8.02
2024,PER_100000_POP,KZZHS,,,KZZHS,3.3
2024,PER_100000_POP,KZKAR,,,KZKAR,14.81
2024,PER_100000_POP,KZKUS,,,KZKUS,11.84
2024,PER_100000_POP,KZKZY,,,KZKZY,5.57
2024,PER_100000_POP,KZMAN,,,KZMAN,1.01
2024,PER_100000_POP,KZPAV,,,KZPAV,5.05
2024,PER_100000_POP,KZSEV,,,KZSEV,18.06
2024,PER_100000_POP,KZYUZ,,,KZYUZ,4.79
2024,PER_100000_POP,KZULU,,,KZULU,10.84
2024,PER_100000_POP,KZVOS,,,KZVOS,6.75
2024,PER_100000_POP,KZNS,,,KZNS,7.44
2024,PER_100000_POP,KZALA,,,KZALA,1.73
2024,PER_100000_POP,KZSHY,,,KZSHY,2.42
2024,PER_100000_POP,,U,,,5.72
2024,PER_100000_POP,KZABY,U,,KZABY,1.87
2024,PER_100000_POP,KZAKM,U,,KZAKM,14.73
2024,PER_100000_POP,KZAKT,U,,KZAKT,8.44
2024,PER_100000_POP,KZALM,U,,KZALM,7.3
2024,PER_100000_POP,KZATY,U,,KZATY,9.73
2024,PER_100000_POP,KZZAP,U,,KZZAP,1.77
2024,PER_100000_POP,KZZHA,U,,KZZHA,7.32
2024,PER_100000_POP,KZZHS,U,,KZZHS,1.61
2024,PER_100000_POP,KZKAR,U,,KZKAR,14.11
2024,PER_100000_POP,KZKUS,U,,KZKUS,6.55
2024,PER_100000_POP,KZKZY,U,,KZKZY,5.55
2024,PER_100000_POP,KZMAN,U,,KZMAN,0.27
2024,PER_100000_POP,KZPAV,U,,KZPAV,5.25
2024,PER_100000_POP,KZSEV,U,,KZSEV,11.98
2024,PER_100000_POP,KZYUZ,U,,KZYUZ,3.91
2024,PER_100000_POP,KZULU,U,,KZULU,8.54
2024,PER_100000_POP,KZVOS,U,,KZVOS,3.51
2024,PER_100000_POP,KZNS,U,,KZNS,7.44
2024,PER_100000_POP,KZALA,U,,KZALA,1.73
2024,PER_100000_POP,KZSHY,U,,KZSHY,2.42
2024,PER_100000_POP,,R,,,9.72
2024,PER_100000_POP,KZABY,R,,KZABY,1.29
2024,PER_100000_POP,KZAKM,R,,KZAKM,27.09
2024,PER_100000_POP,KZAKT,R,,KZAKT,11.98
2024,PER_100000_POP,KZALM,R,,KZALM,11.25
2024,PER_100000_POP,KZATY,R,,KZATY,9.46
2024,PER_100000_POP,KZZAP,R,,KZZAP,10.35
2024,PER_100000_POP,KZZHA,R,,KZZHA,8.56
2024,PER_100000_POP,KZZHS,R,,KZZHS,4.68
2024,PER_100000_POP,KZKAR,R,,KZKAR,17.91
2024,PER_100000_POP,KZKUS,R,,KZKUS,20.75
2024,PER_100000_POP,KZKZY,R,,KZKZY,5.59
2024,PER_100000_POP,KZMAN,R,,KZMAN,1.62
2024,PER_100000_POP,KZPAV,R,,KZPAV,4.57
2024,PER_100000_POP,KZSEV,R,,KZSEV,23.94
2024,PER_100000_POP,KZYUZ,R,,KZYUZ,5.09
2024,PER_100000_POP,KZULU,R,,KZULU,19.62
2024,PER_100000_POP,KZVOS,R,,KZVOS,13.3
2024,PER_100000_POP,,,M,,12.42
2024,PER_100000_POP,KZABY,,M,KZABY,3.03
2024,PER_100000_POP,KZAKM,,M,KZAKM,32.62
2024,PER_100000_POP,KZAKT,,M,KZAKT,15.74
2024,PER_100000_POP,KZALM,,M,KZALM,17.58
2024,PER_100000_POP,KZATY,,M,KZATY,16.01
2024,PER_100000_POP,KZZAP,,M,KZZAP,10.3
2024,PER_100000_POP,KZZHA,,M,KZZHA,14.0
2024,PER_100000_POP,KZZHS,,M,KZZHS,5.52
2024,PER_100000_POP,KZKAR,,M,KZKAR,26.67
2024,PER_100000_POP,KZKUS,,M,KZKUS,21.97
2024,PER_100000_POP,KZKZY,,M,KZKZY,8.95
2024,PER_100000_POP,KZMAN,,M,KZMAN,1.77
2024,PER_100000_POP,KZPAV,,M,KZPAV,8.84
2024,PER_100000_POP,KZSEV,,M,KZSEV,30.68
2024,PER_100000_POP,KZYUZ,,M,KZYUZ,7.85
2024,PER_100000_POP,KZULU,,M,KZULU,16.58
2024,PER_100000_POP,KZVOS,,M,KZVOS,11.22
2024,PER_100000_POP,KZNS,,M,KZNS,13.24
2024,PER_100000_POP,KZALA,,M,KZALA,3.33
2024,PER_100000_POP,KZSHY,,M,KZSHY,4.17
2024,PER_100000_POP,,U,M,,10.06
2024,PER_100000_POP,KZABY,U,M,KZABY,3.34
2024,PER_100000_POP,KZAKM,U,M,KZAKM,23.38
2024,PER_100000_POP,KZAKT,U,M,KZAKT,13.98
2024,PER_100000_POP,KZALM,U,M,KZALM,12.13
2024,PER_100000_POP,KZATY,U,M,KZATY,16.94
2024,PER_100000_POP,KZZAP,U,M,KZZAP,3.73
2024,PER_100000_POP,KZZHA,U,M,KZZHA,13.63
2024,PER_100000_POP,KZZHS,U,M,KZZHS,3.36
2024,PER_100000_POP,KZKAR,U,M,KZKAR,25.57
2024,PER_100000_POP,KZKUS,U,M,KZKUS,11.48
2024,PER_100000_POP,KZKZY,U,M,KZKZY,9.75
2024,PER_100000_POP,KZMAN,U,M,KZMAN,0.57
2024,PER_100000_POP,KZPAV,U,M,KZPAV,9.19
2024,PER_100000_POP,KZSEV,U,M,KZSEV,24.08
2024,PER_100000_POP,KZYUZ,U,M,KZYUZ,6.31
2024,PER_100000_POP,KZULU,U,M,KZULU,12.98
2024,PER_100000_POP,KZVOS,U,M,KZVOS,5.3
2024,PER_100000_POP,KZNS,U,M,KZNS,13.24
2024,PER_100000_POP,KZALA,U,M,KZALA,3.33
2024,PER_100000_POP,KZSHY,U,M,KZSHY,4.17
2024,PER_100000_POP,,R,M,,16.14
2024,PER_100000_POP,KZABY,R,M,KZABY,2.56
2024,PER_100000_POP,KZAKM,R,M,KZAKM,44.08
2024,PER_100000_POP,KZAKT,R,M,KZAKT,20.79
2024,PER_100000_POP,KZALM,R,M,KZALM,18.87
2024,PER_100000_POP,KZATY,R,M,KZATY,14.92
2024,PER_100000_POP,KZZAP,R,M,KZZAP,18.41
2024,PER_100000_POP,KZZHA,R,M,KZZHA,14.27
2024,PER_100000_POP,KZZHS,R,M,KZZHS,7.17
2024,PER_100000_POP,KZKAR,R,M,KZKAR,31.24
2024,PER_100000_POP,KZKUS,R,M,KZKUS,38.31
2024,PER_100000_POP,KZKZY,R,M,KZKZY,8.27
2024,PER_100000_POP,KZMAN,R,M,KZMAN,2.73
2024,PER_100000_POP,KZPAV,R,M,KZPAV,8.06
2024,PER_100000_POP,KZSEV,R,M,KZSEV,36.62
2024,PER_100000_POP,KZYUZ,R,M,KZYUZ,8.35
2024,PER_100000_POP,KZULU,R,M,KZULU,29.4
2024,PER_100000_POP,KZVOS,R,M,KZVOS,22.31
2024,PER_100000_POP,,,F,,2.24
2024,PER_100000_POP,KZABY,,F,KZABY,0.32
2024,PER_100000_POP,KZAKM,,F,KZAKM,7.97
2024,PER_100000_POP,KZAKT,,F,KZAKT,3.12
2024,PER_100000_POP,KZALM,,F,KZALM,3.37
2024,PER_100000_POP,KZATY,,F,KZATY,3.35
2024,PER_100000_POP,KZZAP,,F,KZZAP,0.85
2024,PER_100000_POP,KZZHA,,F,KZZHA,2.11
2024,PER_100000_POP,KZZHS,,F,KZZHS,1.14
2024,PER_100000_POP,KZKAR,,F,KZKAR,3.89
2024,PER_100000_POP,KZKUS,,F,KZKUS,2.34
2024,PER_100000_POP,KZKZY,,F,KZKZY,2.15
2024,PER_100000_POP,KZMAN,,F,KZMAN,0.25
2024,PER_100000_POP,KZPAV,,F,KZPAV,1.54
2024,PER_100000_POP,KZSEV,,F,KZSEV,6.25
2024,PER_100000_POP,KZYUZ,,F,KZYUZ,1.61
2024,PER_100000_POP,KZULU,,F,KZULU,5.32
2024,PER_100000_POP,KZVOS,,F,KZVOS,2.65
2024,PER_100000_POP,KZNS,,F,KZNS,2.19
2024,PER_100000_POP,KZALA,,F,KZALA,0.33
2024,PER_100000_POP,KZSHY,,F,KZSHY,0.78
2024,PER_100000_POP,,U,F,,1.77
2024,PER_100000_POP,KZABY,U,F,KZABY,0.52
2024,PER_100000_POP,KZAKM,U,F,KZAKM,6.83
2024,PER_100000_POP,KZAKT,U,F,KZAKT,3.27
2024,PER_100000_POP,KZALM,U,F,KZALM,2.62
2024,PER_100000_POP,KZATY,U,F,KZATY,2.98
2024,PER_100000_POP,KZZAP,U,F,KZZAP,0.0
2024,PER_100000_POP,KZZHA,U,F,KZZHA,1.45
2024,PER_100000_POP,KZZHS,U,F,KZZHS,0.0
2024,PER_100000_POP,KZKAR,U,F,KZKAR,3.88
2024,PER_100000_POP,KZKUS,U,F,KZKUS,2.18
2024,PER_100000_POP,KZKZY,U,F,KZKZY,1.49
2024,PER_100000_POP,KZMAN,U,F,KZMAN,0.0
2024,PER_100000_POP,KZPAV,U,F,KZPAV,1.76
2024,PER_100000_POP,KZSEV,U,F,KZSEV,1.45
2024,PER_100000_POP,KZYUZ,U,F,KZYUZ,1.49
2024,PER_100000_POP,KZULU,U,F,KZULU,4.41
2024,PER_100000_POP,KZVOS,U,F,KZVOS,1.94
2024,PER_100000_POP,KZNS,U,F,KZNS,2.19
2024,PER_100000_POP,KZALA,U,F,KZALA,0.33
2024,PER_100000_POP,KZSHY,U,F,KZSHY,0.78
2024,PER_100000_POP,,R,F,,3.08
2024,PER_100000_POP,KZABY,R,F,KZABY,0.0
2024,PER_100000_POP,KZAKM,R,F,KZAKM,9.57
2024,PER_100000_POP,KZAKT,R,F,KZAKT,2.64
2024,PER_100000_POP,KZALM,R,F,KZALM,3.55
2024,PER_100000_POP,KZATY,R,F,KZATY,3.84
2024,PER_100000_POP,KZZAP,R,F,KZZAP,2.03
2024,PER_100000_POP,KZZHA,R,F,KZZHA,2.66
2024,PER_100000_POP,KZZHS,R,F,KZZHS,2.11
2024,PER_100000_POP,KZKAR,R,F,KZKAR,3.96
2024,PER_100000_POP,KZKUS,R,F,KZKUS,2.64
2024,PER_100000_POP,KZKZY,R,F,KZKZY,2.76
2024,PER_100000_POP,KZMAN,R,F,KZMAN,0.47
2024,PER_100000_POP,KZPAV,R,F,KZPAV,0.93
2024,PER_100000_POP,KZSEV,R,F,KZSEV,11.23
2024,PER_100000_POP,KZYUZ,R,F,KZYUZ,1.66
2024,PER_100000_POP,KZULU,R,F,KZULU,9.06
2024,PER_100000_POP,KZVOS,R,F,KZVOS,4.18
2025,PER_100000_POP,,,,,6.78
2025,PER_100000_POP,KZABY,,,KZABY,1.17
2025,PER_100000_POP,KZAKM,,,KZAKM,14.59
2025,PER_100000_POP,KZAKT,,,KZAKT,7.56
2025,PER_100000_POP,KZALM,,,KZALM,8.55
2025,PER_100000_POP,KZATY,,,KZATY,8.41
2025,PER_100000_POP,KZZAP,,,KZZAP,7.9
2025,PER_100000_POP,KZZHA,,,KZZHA,9.02
2025,PER_100000_POP,KZZHS,,,KZZHS,3.91
2025,PER_100000_POP,KZKAR,,,KZKAR,13.07
2025,PER_100000_POP,KZKUS,,,KZKUS,11.29
2025,PER_100000_POP,KZKZY,,,KZKZY,6.26
2025,PER_100000_POP,KZMAN,,,KZMAN,0.86
2025,PER_100000_POP,KZPAV,,,KZPAV,3.21
2025,PER_100000_POP,KZSEV,,,KZSEV,14.86
2025,PER_100000_POP,KZYUZ,,,KZYUZ,3.49
2025,PER_100000_POP,KZULU,,,KZULU,10.45
2025,PER_100000_POP,KZVOS,,,KZVOS,8.04
2025,PER_100000_POP,KZNS,,,KZNS,6.12
2025,PER_100000_POP,KZALA,,,KZALA,5.43
2025,PER_100000_POP,KZSHY,,,KZSHY,1.57
2025,PER_100000_POP,,U,,,5.99
2025,PER_100000_POP,KZABY,U,,KZABY,1.07
2025,PER_100000_POP,KZAKM,U,,KZAKM,12.13
2025,PER_100000_POP,KZAKT,U,,KZAKT,6.22
2025,PER_100000_POP,KZALM,U,,KZALM,5.88
2025,PER_100000_POP,KZATY,U,,KZATY,7.65
2025,PER_100000_POP,KZZAP,U,,KZZAP,5.5
2025,PER_100000_POP,KZZHA,U,,KZZHA,9.07
2025,PER_100000_POP,KZZHS,U,,KZZHS,3.48
2025,PER_100000_POP,KZKAR,U,,KZKAR,11.49
2025,PER_100000_POP,KZKUS,U,,KZKUS,5.74
2025,PER_100000_POP,KZKZY,U,,KZKZY,8.52
2025,PER_100000_POP,KZMAN,U,,KZMAN,1.33
2025,PER_100000_POP,KZPAV,U,,KZPAV,3.37
2025,PER_100000_POP,KZSEV,U,,KZSEV,11.23
2025,PER_100000_POP,KZYUZ,U,,KZYUZ,2.94
2025,PER_100000_POP,KZULU,U,,KZULU,10.86
2025,PER_100000_POP,KZVOS,U,,KZVOS,7.61
2025,PER_100000_POP,KZNS,U,,KZNS,6.12
2025,PER_100000_POP,KZALA,U,,KZALA,5.43
2025,PER_100000_POP,KZSHY,U,,KZSHY,1.57
2025,PER_100000_POP,,R,,,8.15
2025,PER_100000_POP,KZABY,R,,KZABY,1.33
2025,PER_100000_POP,KZAKM,R,,KZAKM,17.92
2025,PER_100000_POP,KZAKT,R,,KZAKT,11.78
2025,PER_100000_POP,KZALM,R,,KZALM,9.19
2025,PER_100000_POP,KZATY,R,,KZATY,9.33
2025,PER_100000_POP,KZZAP,R,,KZZAP,11.15
2025,PER_100000_POP,KZZHA,R,,KZZHA,8.98
2025,PER_100000_POP,KZZHS,R,,KZZHS,4.27
2025,PER_100000_POP,KZKAR,R,,KZKAR,20.39
2025,PER_100000_POP,KZKUS,R,,KZKUS,20.94
2025,PER_100000_POP,KZKZY,R,,KZKZY,4.25
2025,PER_100000_POP,KZMAN,R,,KZMAN,0.46
2025,PER_100000_POP,KZPAV,R,,KZPAV,2.8
2025,PER_100000_POP,KZSEV,R,,KZSEV,18.46
2025,PER_100000_POP,KZYUZ,R,,KZYUZ,3.67
2025,PER_100000_POP,KZULU,R,,KZULU,8.83
2025,PER_100000_POP,KZVOS,R,,KZVOS,8.92
2025,PER_100000_POP,,,M,,11.6
2025,PER_100000_POP,KZABY,,M,KZABY,2.04
2025,PER_100000_POP,KZAKM,,M,KZAKM,24.0
2025,PER_100000_POP,KZAKT,,M,KZAKT,13.89
2025,PER_100000_POP,KZALM,,M,KZALM,13.77
2025,PER_100000_POP,KZATY,,M,KZATY,14.73
2025,PER_100000_POP,KZZAP,,M,KZZAP,13.21
2025,PER_100000_POP,KZZHA,,M,KZZHA,15.18
2025,PER_100000_POP,KZZHS,,M,KZZHS,7.02
2025,PER_100000_POP,KZKAR,,M,KZKAR,23.93
2025,PER_100000_POP,KZKUS,,M,KZKUS,20.07
2025,PER_100000_POP,KZKZY,,M,KZKZY,11.03
2025,PER_100000_POP,KZMAN,,M,KZMAN,1.48
2025,PER_100000_POP,KZPAV,,M,KZPAV,4.16
2025,PER_100000_POP,KZSEV,,M,KZSEV,25.95
2025,PER_100000_POP,KZYUZ,,M,KZYUZ,6.1
2025,PER_100000_POP,KZULU,,M,KZULU,18.5
2025,PER_100000_POP,KZVOS,,M,KZVOS,14.17
2025,PER_100000_POP,KZNS,,M,KZNS,10.94
2025,PER_100000_POP,KZALA,,M,KZALA,8.61
2025,PER_100000_POP,KZSHY,,M,KZSHY,2.59
2025,PER_100000_POP,,U,M,,10.51
2025,PER_100000_POP,KZABY,U,M,KZABY,1.67
2025,PER_100000_POP,KZAKM,U,M,KZAKM,22.15
2025,PER_100000_POP,KZAKT,U,M,KZAKT,11.15
2025,PER_100000_POP,KZALM,U,M,KZALM,9.97
2025,PER_100000_POP,KZATY,U,M,KZATY,14.23
2025,PER_100000_POP,KZZAP,U,M,KZZAP,9.99
2025,PER_100000_POP,KZZHA,U,M,KZZHA,16.25
2025,PER_100000_POP,KZZHS,U,M,KZZHS,5.94
2025,PER_100000_POP,KZKAR,U,M,KZKAR,20.91
2025,PER_100000_POP,KZKUS,U,M,KZKUS,10.18
2025,PER_100000_POP,KZKZY,U,M,KZKZY,15.3
2025,PER_100000_POP,KZMAN,U,M,KZMAN,2.74
2025,PER_100000_POP,KZPAV,U,M,KZPAV,4.79
2025,PER_100000_POP,KZSEV,U,M,KZSEV,19.96
2025,PER_100000_POP,KZYUZ,U,M,KZYUZ,5.5
2025,PER_100000_POP,KZULU,U,M,KZULU,20.12
2025,PER_100000_POP,KZVOS,U,M,KZVOS,14.07
2025,PER_100000_POP,KZNS,U,M,KZNS,10.94
2025,PER_100000_POP,KZALA,U,M,KZALA,8.61
2025,PER_100000_POP,KZSHY,U,M,KZSHY,2.59
2025,PER_100000_POP,,R,M,,13.38
2025,PER_100000_POP,KZABY,R,M,KZABY,2.63
2025,PER_100000_POP,KZAKM,R,M,KZAKM,26.34
2025,PER_100000_POP,KZAKT,R,M,KZAKT,22.0
2025,PER_100000_POP,KZALM,R,M,KZALM,14.67
2025,PER_100000_POP,KZATY,R,M,KZATY,15.3
2025,PER_100000_POP,KZZAP,R,M,KZZAP,17.28
2025,PER_100000_POP,KZZHA,R,M,KZZHA,14.23
2025,PER_100000_POP,KZZHS,R,M,KZZHS,7.87
2025,PER_100000_POP,KZKAR,R,M,KZKAR,36.82
2025,PER_100000_POP,KZKUS,R,M,KZKUS,35.94
2025,PER_100000_POP,KZKZY,R,M,KZKZY,7.39
2025,PER_100000_POP,KZMAN,R,M,KZMAN,0.45
2025,PER_100000_POP,KZPAV,R,M,KZPAV,2.73
2025,PER_100000_POP,KZSEV,R,M,KZSEV,31.49
2025,PER_100000_POP,KZYUZ,R,M,KZYUZ,6.3
2025,PER_100000_POP,KZULU,R,M,KZULU,12.71
2025,PER_100000_POP,KZVOS,R,M,KZVOS,14.34
2025,PER_100000_POP,,,F,,2.17
2025,PER_100000_POP,KZABY,,F,KZABY,0.33
2025,PER_100000_POP,KZAKM,,F,KZAKM,5.49
2025,PER_100000_POP,KZAKT,,F,KZAKT,1.44
2025,PER_100000_POP,KZALM,,F,KZALM,3.3
2025,PER_100000_POP,KZATY,,F,KZATY,2.22
2025,PER_100000_POP,KZZAP,,F,KZZAP,2.82
2025,PER_100000_POP,KZZHA,,F,KZZHA,2.94
2025,PER_100000_POP,KZZHS,,F,KZZHS,0.86
2025,PER_100000_POP,KZKAR,,F,KZKAR,3.05
2025,PER_100000_POP,KZKUS,,F,KZKUS,3.06
2025,PER_100000_POP,KZKZY,,F,KZKZY,1.43
2025,PER_100000_POP,KZMAN,,F,KZMAN,0.25
2025,PER_100000_POP,KZPAV,,F,KZPAV,2.32
2025,PER_100000_POP,KZSEV,,F,KZSEV,4.48
2025,PER_100000_POP,KZYUZ,,F,KZYUZ,0.76
2025,PER_100000_POP,KZULU,,F,KZULU,2.68
2025,PER_100000_POP,KZVOS,,F,KZVOS,2.4
2025,PER_100000_POP,KZNS,,F,KZNS,1.8
2025,PER_100000_POP,KZALA,,F,KZALA,2.66
2025,PER_100000_POP,KZSHY,,F,KZSHY,0.61
2025,PER_100000_POP,,U,F,,1.87
2025,PER_100000_POP,KZABY,U,F,KZABY,0.51
2025,PER_100000_POP,KZAKM,U,F,KZAKM,2.96
2025,PER_100000_POP,KZAKT,U,F,KZAKT,1.61
2025,PER_100000_POP,KZALM,U,F,KZALM,1.93
2025,PER_100000_POP,KZATY,U,F,KZATY,1.48
2025,PER_100000_POP,KZZAP,U,F,KZZAP,1.43
2025,PER_100000_POP,KZZHA,U,F,KZZHA,2.32
2025,PER_100000_POP,KZZHS,U,F,KZZHS,1.21
2025,PER_100000_POP,KZKAR,U,F,KZKAR,3.05
2025,PER_100000_POP,KZKUS,U,F,KZKUS,1.8
2025,PER_100000_POP,KZKZY,U,F,KZKZY,1.97
2025,PER_100000_POP,KZMAN,U,F,KZMAN,0.0
2025,PER_100000_POP,KZPAV,U,F,KZPAV,2.12
2025,PER_100000_POP,KZSEV,U,F,KZSEV,3.63
2025,PER_100000_POP,KZYUZ,U,F,KZYUZ,0.37
2025,PER_100000_POP,KZULU,U,F,KZULU,2.21
2025,PER_100000_POP,KZVOS,U,F,KZVOS,1.93
2025,PER_100000_POP,KZNS,U,F,KZNS,1.8
2025,PER_100000_POP,KZALA,U,F,KZALA,2.66
2025,PER_100000_POP,KZSHY,U,F,KZSHY,0.61
2025,PER_100000_POP,,R,F,,2.71
2025,PER_100000_POP,KZABY,R,F,KZABY,0.0
2025,PER_100000_POP,KZAKM,R,F,KZAKM,9.14
2025,PER_100000_POP,KZAKT,R,F,KZAKT,0.9
2025,PER_100000_POP,KZALM,R,F,KZALM,3.64
2025,PER_100000_POP,KZATY,R,F,KZATY,3.16
2025,PER_100000_POP,KZZAP,R,F,KZZAP,4.82
2025,PER_100000_POP,KZZHA,R,F,KZZHA,3.53
2025,PER_100000_POP,KZZHS,R,F,KZZHS,0.54
2025,PER_100000_POP,KZKAR,R,F,KZKAR,3.06
2025,PER_100000_POP,KZKUS,R,F,KZKUS,5.41
2025,PER_100000_POP,KZKZY,R,F,KZKZY,0.92
2025,PER_100000_POP,KZMAN,R,F,KZMAN,0.47
2025,PER_100000_POP,KZPAV,R,F,KZPAV,2.86
2025,PER_100000_POP,KZSEV,R,F,KZSEV,5.39
2025,PER_100000_POP,KZYUZ,R,F,KZYUZ,0.89
2025,PER_100000_POP,KZULU,R,F,KZULU,4.62
2025,PER_100000_POP,KZVOS,R,F,KZVOS,3.42
