Year,UNIT_MEASURE,REF_AREA,URBANISATION,SEX,GeoCode,Value
2010,PER_100000_POP,,,,,19.23
2010,PER_100000_POP,KZABY,,,KZABY,18.47
2010,PER_100000_POP,KZAKM,,,KZAKM,19.1
2010,PER_100000_POP,KZAKT,,,KZAKT,3.64
2010,PER_100000_POP,KZALM,,,KZALM,27.05
2010,PER_100000_POP,KZATY,,,KZATY,3.04
2010,PER_100000_POP,KZZAP,,,KZZAP,14.19
2010,PER_100000_POP,KZZHA,,,KZZHA,31.37
2010,PER_100000_POP,KZZHS,,,KZZHS,22.1
2010,PER_100000_POP,KZKAR,,,KZKAR,19.55
2010,PER_100000_POP,KZKUS,,,KZKUS,11.45
2010,PER_100000_POP,KZKZY,,,KZKZY,20.75
2010,PER_100000_POP,KZMAN,,,KZMAN,21.39
2010,PER_100000_POP,KZPAV,,,KZPAV,15.84
2010,PER_100000_POP,KZSEV,,,KZSEV,17.44
2010,PER_100000_POP,KZ YUZ,,,KZ YUZ,32.91
2010,PER_100000_POP,KZVOS,,,KZVOS,15.09
2010,PER_100000_POP,KZULU,,,KZULU,19.68
2010,PER_100000_POP,KZNS,,,KZNS,14.13
2010,PER_100000_POP,KZALA,,,KZALA,7.04
2010,PER_100000_POP,KZSHY,,,KZSHY,31.18
2010,PER_100000_POP,,U,,,16.52
2010,PER_100000_POP,KZABY,U,,KZABY,16.81
2010,PER_100000_POP,KZAKM,U,,KZAKM,19.88
2010,PER_100000_POP,KZAKT,U,,KZAKT,4.24
2010,PER_100000_POP,KZALM,U,,KZALM,32.74
2010,PER_100000_POP,KZATY,U,,KZATY,3.61
2010,PER_100000_POP,KZZAP,U,,KZZAP,12.62
2010,PER_100000_POP,KZZHA,U,,KZZHA,30.61
2010,PER_100000_POP,KZZHS,U,,KZZHS,21.91
2010,PER_100000_POP,KZKAR,U,,KZKAR,18.67
2010,PER_100000_POP,KZKUS,U,,KZKUS,10.31
2010,PER_100000_POP,KZKZY,U,,KZKZY,17.42
2010,PER_100000_POP,KZMAN,U,,KZMAN,23.76
2010,PER_100000_POP,KZPAV,U,,KZPAV,13.32
2010,PER_100000_POP,KZSEV,U,,KZSEV,15.44
2010,PER_100000_POP,KZYUZ,U,,KZYUZ,33.66
2010,PER_100000_POP,KZVOS,U,,KZVOS,12.39
2010,PER_100000_POP,KZULU,U,,KZULU,18.93
2010,PER_100000_POP,KZNS,U,,KZNS,14.13
2010,PER_100000_POP,KZALA,U,,KZALA,7.04
2010,PER_100000_POP,KZSHY,U,,KZSHY,31.18
2010,PER_100000_POP,,R,,,22.74
2010,PER_100000_POP,KZABY,R,,KZABY,20.53
2010,PER_100000_POP,KZAKM,R,,KZAKM,18.4
2010,PER_100000_POP,KZAKT,R,,KZAKT,2.39
2010,PER_100000_POP,KZALM,R,,KZALM,25.96
2010,PER_100000_POP,KZATY,R,,KZATY,2.41
2010,PER_100000_POP,KZZAP,R,,KZZAP,15.59
2010,PER_100000_POP,KZZHA,R,,KZZHA,31.89
2010,PER_100000_POP,KZZHS,R,,KZZHS,22.22
2010,PER_100000_POP,KZKAR,R,,KZKAR,22.65
2010,PER_100000_POP,KZKUS,R,,KZKUS,12.74
2010,PER_100000_POP,KZKZY,R,,KZKZY,23.17
2010,PER_100000_POP,KZMAN,R,,KZMAN,19.03
2010,PER_100000_POP,KZPAV,R,,KZPAV,21.33
2010,PER_100000_POP,KZSEV,R,,KZSEV,18.81
2010,PER_100000_POP,KZYUZ,R,,KZYUZ,32.71
2010,PER_100000_POP,KZVOS,R,,KZVOS,19.12
2010,PER_100000_POP,KZULU,R,,KZULU,22.32
2010,PER_100000_POP,,,M,,29.31
2010,PER_100000_POP,KZABY,,M,KZABY,27.34
2010,PER_100000_POP,KZAKM,,M,KZAKM,27.17
2010,PER_100000_POP,KZAKT,,M,KZAKT,5.67
2010,PER_100000_POP,KZALM,,M,KZALM,42.88
2010,PER_100000_POP,KZATY,,M,KZATY,1.55
2010,PER_100000_POP,KZZAP,,M,KZZAP,19.5
2010,PER_100000_POP,KZZHA,,M,KZZHA,46.6
2010,PER_100000_POP,KZZHS,,M,KZZHS,31.86
2010,PER_100000_POP,KZKAR,,M,KZKAR,29.86
2010,PER_100000_POP,KZKUS,,M,KZKUS,19.47
2010,PER_100000_POP,KZKZY,,M,KZKZY,29.78
2010,PER_100000_POP,KZMAN,,M,KZMAN,36.11
2010,PER_100000_POP,KZPAV,,M,KZPAV,21.4
2010,PER_100000_POP,KZSEV,,M,KZSEV,26.32
2010,PER_100000_POP,KZYUZ,,M,KZYUZ,51.17
2010,PER_100000_POP,KZVOS,,M,KZVOS,26.94
2010,PER_100000_POP,KZULU,,M,KZULU,31.46
2010,PER_100000_POP,KZNS,,M,KZNS,19.66
2010,PER_100000_POP,KZALA,,M,KZALA,9.48
2010,PER_100000_POP,KZSHY,,M,KZSHY,47.15
2010,PER_100000_POP,,U,M,,24.52
2010,PER_100000_POP,KZABY,U,M,KZABY,23.14
2010,PER_100000_POP,KZAKM,U,M,KZAKM,25.89
2010,PER_100000_POP,KZAKT,U,M,KZAKT,6.54
2010,PER_100000_POP,KZALM,U,M,KZALM,52.5
2010,PER_100000_POP,KZATY,U,M,KZATY,1.51
2010,PER_100000_POP,KZZAP,U,M,KZZAP,18.16
2010,PER_100000_POP,KZZHA,U,M,KZZHA,42.89
2010,PER_100000_POP,KZZHS,U,M,KZZHS,28.72
2010,PER_100000_POP,KZKAR,U,M,KZKAR,29.33
2010,PER_100000_POP,KZKUS,U,M,KZKUS,16.91
2010,PER_100000_POP,KZKZY,U,M,KZKZY,27.41
2010,PER_100000_POP,KZMAN,U,M,KZMAN,37.8
2010,PER_100000_POP,KZPAV,U,M,KZPAV,17.89
2010,PER_100000_POP,KZSEV,U,M,KZSEV,19.37
2010,PER_100000_POP,KZYUZ,U,M,KZYUZ,52.93
2010,PER_100000_POP,KZVOS,U,M,KZVOS,22.29
2010,PER_100000_POP,KZULU,U,M,KZULU,28.96
2010,PER_100000_POP,KZNS,U,M,KZNS,19.66
2010,PER_100000_POP,KZALA,U,M,KZALA,9.48
2010,PER_100000_POP,KZSHY,U,M,KZSHY,47.15
2010,PER_100000_POP,,R,M,,35.16
2010,PER_100000_POP,KZABY,R,M,KZABY,32.19
2010,PER_100000_POP,KZAKM,R,M,KZAKM,28.26
2010,PER_100000_POP,KZAKT,R,M,KZAKT,3.98
2010,PER_100000_POP,KZALM,R,M,KZALM,41.09
2010,PER_100000_POP,KZATY,R,M,KZATY,1.6
2010,PER_100000_POP,KZZAP,R,M,KZZAP,20.62
2010,PER_100000_POP,KZZHA,R,M,KZZHA,48.98
2010,PER_100000_POP,KZZHS,R,M,KZZHS,33.83
2010,PER_100000_POP,KZKAR,R,M,KZKAR,31.62
2010,PER_100000_POP,KZKUS,R,M,KZKUS,22.15
2010,PER_100000_POP,KZKZY,R,M,KZKZY,31.43
2010,PER_100000_POP,KZMAN,R,M,KZMAN,34.51
2010,PER_100000_POP,KZPAV,R,M,KZPAV,28.52
2010,PER_100000_POP,KZSEV,R,M,KZSEV,30.69
2010,PER_100000_POP,KZYUZ,R,M,KZYUZ,50.71
2010,PER_100000_POP,KZVOS,R,M,KZVOS,33.32
2010,PER_100000_POP,KZULU,R,M,KZULU,39.66
2010,PER_100000_POP,,,F,,9.85
2010,PER_100000_POP,KZABY,,F,KZABY,10.28
2010,PER_100000_POP,KZAKM,,F,KZAKM,11.59
2010,PER_100000_POP,KZAKT,,F,KZAKT,1.75
2010,PER_100000_POP,KZALM,,F,KZALM,11.74
2010,PER_100000_POP,KZATY,,F,KZATY,4.47
2010,PER_100000_POP,KZZAP,,F,KZZAP,9.24
2010,PER_100000_POP,KZZHA,,F,KZZHA,16.89
2010,PER_100000_POP,KZZHS,,F,KZZHS,12.75
2010,PER_100000_POP,KZKAR,,F,KZKAR,10.4
2010,PER_100000_POP,KZKUS,,F,KZKUS,4.29
2010,PER_100000_POP,KZKZY,,F,KZKZY,11.77
2010,PER_100000_POP,KZMAN,,F,KZMAN,6.94
2010,PER_100000_POP,KZPAV,,F,KZPAV,10.9
2010,PER_100000_POP,KZSEV,,F,KZSEV,9.37
2010,PER_100000_POP,KZYUZ,,F,KZYUZ,14.6
2010,PER_100000_POP,KZVOS,,F,KZVOS,4.58
2010,PER_100000_POP,KZULU,,F,KZULU,8.66
2010,PER_100000_POP,KZNS,,F,KZNS,8.89
2010,PER_100000_POP,KZALA,,F,KZALA,4.97
2010,PER_100000_POP,KZSHY,,F,KZSHY,16.53
2010,PER_100000_POP,,U,F,,9.47
2010,PER_100000_POP,KZABY,U,F,KZABY,11.32
2010,PER_100000_POP,KZAKM,U,F,KZAKM,14.6
2010,PER_100000_POP,KZAKT,U,F,KZAKT,2.19
2010,PER_100000_POP,KZALM,U,F,KZALM,14.63
2010,PER_100000_POP,KZATY,U,F,KZATY,5.53
2010,PER_100000_POP,KZZAP,U,F,KZZAP,7.84
2010,PER_100000_POP,KZZHA,U,F,KZZHA,19.7
2010,PER_100000_POP,KZZHS,U,F,KZZHS,15.83
2010,PER_100000_POP,KZKAR,U,F,KZKAR,9.52
2010,PER_100000_POP,KZKUS,U,F,KZKUS,4.74
2010,PER_100000_POP,KZKZY,U,F,KZKZY,7.97
2010,PER_100000_POP,KZMAN,U,F,KZMAN,10.57
2010,PER_100000_POP,KZPAV,U,F,KZPAV,9.42
2010,PER_100000_POP,KZSEV,U,F,KZSEV,12.19
2010,PER_100000_POP,KZYUZ,U,F,KZYUZ,15.09
2010,PER_100000_POP,KZVOS,U,F,KZVOS,4.13
2010,PER_100000_POP,KZULU,U,F,KZULU,9.84
2010,PER_100000_POP,KZNS,U,F,KZNS,8.89
2010,PER_100000_POP,KZALA,U,F,KZALA,4.97
2010,PER_100000_POP,KZSHY,U,F,KZSHY,16.53
2010,PER_100000_POP,,R,F,,10.38
2010,PER_100000_POP,KZABY,R,F,KZABY,8.89
2010,PER_100000_POP,KZAKM,R,F,KZAKM,8.73
2010,PER_100000_POP,KZAKT,R,F,KZAKT,0.8
2010,PER_100000_POP,KZALM,R,F,KZALM,11.17
2010,PER_100000_POP,KZATY,R,F,KZATY,3.22
2010,PER_100000_POP,KZZAP,R,F,KZZAP,10.58
2010,PER_100000_POP,KZZHA,R,F,KZZHA,14.87
2010,PER_100000_POP,KZZHS,R,F,KZZHS,10.59
2010,PER_100000_POP,KZKAR,R,F,KZKAR,13.72
2010,PER_100000_POP,KZKUS,R,F,KZKUS,3.76
2010,PER_100000_POP,KZKZY,R,F,KZKZY,14.66
2010,PER_100000_POP,KZMAN,R,F,KZMAN,3.15
2010,PER_100000_POP,KZPAV,R,F,KZPAV,14.32
2010,PER_100000_POP,KZSEV,R,F,KZSEV,7.3
2010,PER_100000_POP,KZYUZ,R,F,KZYUZ,14.47
2010,PER_100000_POP,KZVOS,R,F,KZVOS,5.3
2010,PER_100000_POP,KZULU,R,F,KZULU,4.16
2011,PER_100000_POP,,,,,18.02
2011,PER_100000_POP,KZABY,,,KZABY,17.87
2011,PER_100000_POP,KZAKM,,,KZAKM,15.32
2011,PER_100000_POP,KZAKT,,,KZAKT,3.07
2011,PER_100000_POP,KZALM,,,KZALM,26.92
2011,PER_100000_POP,KZATY,,,KZATY,19.91
2011,PER_100000_POP,KZZAP,,,KZZAP,17.2
2011,PER_100000_POP,KZZHA,,,KZZHA,30.2
2011,PER_100000_POP,KZZHS,,,KZZHS,28.51
2011,PER_100000_POP,KZKAR,,,KZKAR,16.09
2011,PER_100000_POP,KZKUS,,,KZKUS,10.34
2011,PER_100000_POP,KZKZY,,,KZKZY,18.27
2011,PER_100000_POP,KZMAN,,,KZMAN,16.06
2011,PER_100000_POP,KZPAV,,,KZPAV,15.94
2011,PER_100000_POP,KZSEV,,,KZSEV,11.76
2011,PER_100000_POP,KZYUZ,,,KZYUZ,11.77
2011,PER_100000_POP,KZVOS,,,KZVOS,14.58
2011,PER_100000_POP,KZULU,,,KZULU,11.62
2011,PER_100000_POP,KZNS,,,KZNS,9.78
2011,PER_100000_POP,KZALA,,,KZALA,8.14
2011,PER_100000_POP,KZSHY,,,KZSHY,24.63
2011,PER_100000_POP,,U,,,15.37
2011,PER_100000_POP,KZABY,U,,KZABY,16.43
2011,PER_100000_POP,KZAKM,U,,KZAKM,14.7
2011,PER_100000_POP,KZAKT,U,,KZAKT,2.46
2011,PER_100000_POP,KZALM,U,,KZALM,24.14
2011,PER_100000_POP,KZATY,U,,KZATY,22.11
2011,PER_100000_POP,KZZAP,U,,KZZAP,20.9
2011,PER_100000_POP,KZZHA,U,,KZZHA,29.35
2011,PER_100000_POP,KZZHS,U,,KZZHS,28.31
2011,PER_100000_POP,KZKAR,U,,KZKAR,15.46
2011,PER_100000_POP,KZKUS,U,,KZKUS,9.18
2011,PER_100000_POP,KZKZY,U,,KZKZY,14.4
2011,PER_100000_POP,KZMAN,U,,KZMAN,21.29
2011,PER_100000_POP,KZPAV,U,,KZPAV,13.05
2011,PER_100000_POP,KZSEV,U,,KZSEV,10.42
2011,PER_100000_POP,KZYUZ,U,,KZYUZ,28.28
2011,PER_100000_POP,KZVOS,U,,KZVOS,15.27
2011,PER_100000_POP,KZULU,U,,KZULU,11.48
2011,PER_100000_POP,KZNS,U,,KZNS,9.78
2011,PER_100000_POP,KZALA,U,,KZALA,8.14
2011,PER_100000_POP,KZSHY,U,,KZSHY,24.63
2011,PER_100000_POP,,R,,,21.48
2011,PER_100000_POP,KZABY,R,,KZABY,19.68
2011,PER_100000_POP,KZAKM,R,,KZAKM,15.88
2011,PER_100000_POP,KZAKT,R,,KZAKT,4.37
2011,PER_100000_POP,KZALM,R,,KZALM,27.44
2011,PER_100000_POP,KZATY,R,,KZATY,17.42
2011,PER_100000_POP,KZZAP,R,,KZZAP,13.82
2011,PER_100000_POP,KZZHA,R,,KZZHA,30.76
2011,PER_100000_POP,KZZHS,R,,KZZHS,28.64
2011,PER_100000_POP,KZKAR,R,,KZKAR,18.37
2011,PER_100000_POP,KZKUS,R,,KZKUS,11.67
2011,PER_100000_POP,KZKZY,R,,KZKZY,21.1
2011,PER_100000_POP,KZMAN,R,,KZMAN,11.01
2011,PER_100000_POP,KZPAV,R,,KZPAV,22.33
2011,PER_100000_POP,KZSEV,R,,KZSEV,12.71
2011,PER_100000_POP,KZYUZ,R,,KZYUZ,28.08
2011,PER_100000_POP,KZVOS,R,,KZVOS,13.54
2011,PER_100000_POP,KZULU,R,,KZULU,12.1
2011,PER_100000_POP,,,M,,28.83
2011,PER_100000_POP,KZABY,,M,KZABY,27.96
2011,PER_100000_POP,KZAKM,,M,KZAKM,24.09
2011,PER_100000_POP,KZAKT,,M,KZAKT,4.79
2011,PER_100000_POP,KZALM,,M,KZALM,39.23
2011,PER_100000_POP,KZATY,,M,KZATY,28.1
2011,PER_100000_POP,KZZAP,,M,KZZAP,25.47
2011,PER_100000_POP,KZZHA,,M,KZZHA,45.44
2011,PER_100000_POP,KZZHS,,M,KZZHS,40.5
2011,PER_100000_POP,KZKAR,,M,KZKAR,24.46
2011,PER_100000_POP,KZKUS,,M,KZKUS,16.37
2011,PER_100000_POP,KZKZY,,M,KZKZY,26.4
2011,PER_100000_POP,KZMAN,,M,KZMAN,21.83
2011,PER_100000_POP,KZPAV,,M,KZPAV,25.63
2011,PER_100000_POP,KZSEV,,M,KZSEV,16.84
2011,PER_100000_POP,KZYUZ,,M,KZYUZ,42.15
2011,PER_100000_POP,KZVOS,,M,KZVOS,21.24
2011,PER_100000_POP,KZULU,,M,KZULU,21.24
2011,PER_100000_POP,KZNS,,M,KZNS,14.5
2011,PER_100000_POP,KZALA,,M,KZALA,10.6
2011,PER_100000_POP,KZSHY,,M,KZSHY,33.86
2011,PER_100000_POP,,U,M,,22.54
2011,PER_100000_POP,KZABY,U,M,KZABY,22.39
2011,PER_100000_POP,KZAKM,U,M,KZAKM,21.54
2011,PER_100000_POP,KZAKT,U,M,KZAKT,3.6
2011,PER_100000_POP,KZALM,U,M,KZALM,35.89
2011,PER_100000_POP,KZATY,U,M,KZATY,29.31
2011,PER_100000_POP,KZZAP,U,M,KZZAP,32.57
2011,PER_100000_POP,KZZHA,U,M,KZZHA,46.21
2011,PER_100000_POP,KZZHS,U,M,KZZHS,39.94
2011,PER_100000_POP,KZKAR,U,M,KZKAR,23.47
2011,PER_100000_POP,KZKUS,U,M,KZKUS,13.99
2011,PER_100000_POP,KZKZY,U,M,KZKZY,19.27
2011,PER_100000_POP,KZMAN,U,M,KZMAN,29.77
2011,PER_100000_POP,KZPAV,U,M,KZPAV,19.91
2011,PER_100000_POP,KZSEV,U,M,KZSEV,11.06
2011,PER_100000_POP,KZYUZ,U,M,KZYUZ,46.25
2011,PER_100000_POP,KZVOS,U,M,KZVOS,23.7
2011,PER_100000_POP,KZULU,U,M,KZULU,20.51
2011,PER_100000_POP,KZNS,U,M,KZNS,14.5
2011,PER_100000_POP,KZALA,U,M,KZALA,10.6
2011,PER_100000_POP,KZSHY,U,M,KZSHY,33.86
2011,PER_100000_POP,,R,M,,32.09
2011,PER_100000_POP,KZABY,R,M,KZABY,34.48
2011,PER_100000_POP,KZAKM,R,M,KZAKM,26.27
2011,PER_100000_POP,KZAKT,R,M,KZAKT,7.14
2011,PER_100000_POP,KZALM,R,M,KZALM,39.84
2011,PER_100000_POP,KZATY,R,M,KZATY,26.79
2011,PER_100000_POP,KZZAP,R,M,KZZAP,19.45
2011,PER_100000_POP,KZZHA,R,M,KZZHA,44.96
2011,PER_100000_POP,KZZHS,R,M,KZZHS,40.86
2011,PER_100000_POP,KZKAR,R,M,KZKAR,27.78
2011,PER_100000_POP,KZKUS,R,M,KZKUS,18.91
2011,PER_100000_POP,KZKZY,R,M,KZKZY,31.41
2011,PER_100000_POP,KZMAN,R,M,KZMAN,14.49
2011,PER_100000_POP,KZPAV,R,M,KZPAV,37.37
2011,PER_100000_POP,KZSEV,R,M,KZSEV,20.52
2011,PER_100000_POP,KZYUZ,R,M,KZYUZ,41.08
2011,PER_100000_POP,KZVOS,R,M,KZVOS,17.82
2011,PER_100000_POP,KZULU,R,M,KZULU,23.63
2011,PER_100000_POP,,,F,,9.82
2011,PER_100000_POP,KZABY,,F,KZABY,8.53
2011,PER_100000_POP,KZAKM,,F,KZAKM,7.14
2011,PER_100000_POP,KZAKT,,F,KZAKT,1.48
2011,PER_100000_POP,KZALM,,F,KZALM,15.01
2011,PER_100000_POP,KZATY,,F,KZATY,12.04
2011,PER_100000_POP,KZZAP,,F,KZZAP,9.5
2011,PER_100000_POP,KZZHA,,F,KZZHA,15.64
2011,PER_100000_POP,KZZHS,,F,KZZHS,16.98
2011,PER_100000_POP,KZKAR,,F,KZKAR,8.68
2011,PER_100000_POP,KZKUS,,F,KZKUS,4.95
2011,PER_100000_POP,KZKZY,,F,KZKZY,10.18
2011,PER_100000_POP,KZMAN,,F,KZMAN,10.37
2011,PER_100000_POP,KZPAV,,F,KZPAV,7.34
2011,PER_100000_POP,KZSEV,,F,KZSEV,7.17
2011,PER_100000_POP,KZYUZ,,F,KZYUZ,14.0
2011,PER_100000_POP,KZVOS,,F,KZVOS,8.67
2011,PER_100000_POP,KZULU,,F,KZULU,2.6
2011,PER_100000_POP,KZNS,,F,KZNS,5.34
2011,PER_100000_POP,KZALA,,F,KZALA,6.06
2011,PER_100000_POP,KZSHY,,F,KZSHY,16.17
2011,PER_100000_POP,,U,F,,9.04
2011,PER_100000_POP,KZABY,U,F,KZABY,11.26
2011,PER_100000_POP,KZAKM,U,F,KZAKM,8.67
2011,PER_100000_POP,KZAKT,U,F,KZAKT,1.43
2011,PER_100000_POP,KZALM,U,F,KZALM,13.36
2011,PER_100000_POP,KZATY,U,F,KZATY,15.49
2011,PER_100000_POP,KZZAP,U,F,KZZAP,10.84
2011,PER_100000_POP,KZZHA,U,F,KZZHA,14.33
2011,PER_100000_POP,KZZHS,U,F,KZZHS,17.88
2011,PER_100000_POP,KZKAR,U,F,KZKAR,8.6
2011,PER_100000_POP,KZKUS,U,F,KZKUS,5.11
2011,PER_100000_POP,KZKZY,U,F,KZKZY,9.79
2011,PER_100000_POP,KZMAN,U,F,KZMAN,13.3
2011,PER_100000_POP,KZPAV,U,F,KZPAV,7.21
2011,PER_100000_POP,KZSEV,U,F,KZSEV,9.9
2011,PER_100000_POP,KZYUZ,U,F,KZYUZ,10.83
2011,PER_100000_POP,KZVOS,U,F,KZVOS,8.24
2011,PER_100000_POP,KZULU,U,F,KZULU,3.29
2011,PER_100000_POP,KZNS,U,F,KZNS,5.34
2011,PER_100000_POP,KZALA,U,F,KZALA,6.06
2011,PER_100000_POP,KZSHY,U,F,KZSHY,16.17
2011,PER_100000_POP,,R,F,,10.9
2011,PER_100000_POP,KZABY,R,F,KZABY,4.84
2011,PER_100000_POP,KZAKM,R,F,KZAKM,5.68
2011,PER_100000_POP,KZAKT,R,F,KZAKT,1.59
2011,PER_100000_POP,KZALM,R,F,KZALM,15.33
2011,PER_100000_POP,KZATY,R,F,KZATY,7.96
2011,PER_100000_POP,KZZAP,R,F,KZZAP,8.17
2011,PER_100000_POP,KZZHA,R,F,KZZHA,16.57
2011,PER_100000_POP,KZZHS,R,F,KZZHS,16.35
2011,PER_100000_POP,KZKAR,R,F,KZKAR,8.98
2011,PER_100000_POP,KZKUS,R,F,KZKUS,4.75
2011,PER_100000_POP,KZKZY,R,F,KZKZY,10.47
2011,PER_100000_POP,KZMAN,R,F,KZMAN,7.43
2011,PER_100000_POP,KZPAV,R,F,KZPAV,7.64
2011,PER_100000_POP,KZSEV,R,F,KZSEV,5.13
2011,PER_100000_POP,KZYUZ,R,F,KZYUZ,14.86
2011,PER_100000_POP,KZVOS,R,F,KZVOS,9.36
2011,PER_100000_POP,KZULU,R,F,KZULU,0.0
2012,PER_100000_POP,,,,,17.37
2012,PER_100000_POP,KZABY,,,KZABY,16.04
2012,PER_100000_POP,KZAKM,,,KZAKM,14.37
2012,PER_100000_POP,KZAKT,,,KZAKT,2.4
2012,PER_100000_POP,KZALM,,,KZALM,25.78
2012,PER_100000_POP,KZATY,,,KZATY,20.21
2012,PER_100000_POP,KZZAP,,,KZZAP,18.7
2012,PER_100000_POP,KZZHA,,,KZZHA,27.51
2012,PER_100000_POP,KZZHS,,,KZZHS,29.04
2012,PER_100000_POP,KZKAR,,,KZKAR,18.14
2012,PER_100000_POP,KZKUS,,,KZKUS,11.15
2012,PER_100000_POP,KZKZY,,,KZKZY,19.05
2012,PER_100000_POP,KZMAN,,,KZMAN,14.71
2012,PER_100000_POP,KZPAV,,,KZPAV,14.71
2012,PER_100000_POP,KZSEV,,,KZSEV,12.73
2012,PER_100000_POP,KZYUZ,,,KZYUZ,24.3
2012,PER_100000_POP,KZVOS,,,KZVOS,16.78
2012,PER_100000_POP,KZULU,,,KZULU,14.73
2012,PER_100000_POP,KZNS,,,KZNS,9.52
2012,PER_100000_POP,KZALA,,,KZALA,9.51
2012,PER_100000_POP,KZSHY,,,KZSHY,17.55
2012,PER_100000_POP,,U,,,14.42
2012,PER_100000_POP,KZABY,U,,KZABY,12.76
2012,PER_100000_POP,KZAKM,U,,KZAKM,13.5
2012,PER_100000_POP,KZAKT,U,,KZAKT,2.42
2012,PER_100000_POP,KZALM,U,,KZALM,25.33
2012,PER_100000_POP,KZATY,U,,KZATY,22.21
2012,PER_100000_POP,KZZAP,U,,KZZAP,21.11
2012,PER_100000_POP,KZZHA,U,,KZZHA,25.41
2012,PER_100000_POP,KZZHS,U,,KZZHS,29.07
2012,PER_100000_POP,KZKAR,U,,KZKAR,15.68
2012,PER_100000_POP,KZKUS,U,,KZKUS,7.19
2012,PER_100000_POP,KZKZY,U,,KZKZY,18.98
2012,PER_100000_POP,KZMAN,U,,KZMAN,14.87
2012,PER_100000_POP,KZPAV,U,,KZPAV,14.71
2012,PER_100000_POP,KZSEV,U,,KZSEV,10.41
2012,PER_100000_POP,KZYUZ,U,,KZYUZ,26.19
2012,PER_100000_POP,KZVOS,U,,KZVOS,13.9
2012,PER_100000_POP,KZULU,U,,KZULU,7.48
2012,PER_100000_POP,KZNS,U,,KZNS,9.52
2012,PER_100000_POP,KZALA,U,,KZALA,9.51
2012,PER_100000_POP,KZSHY,U,,KZSHY,17.55
2012,PER_100000_POP,,R,,,21.23
2012,PER_100000_POP,KZABY,R,,KZABY,20.25
2012,PER_100000_POP,KZAKM,R,,KZAKM,15.16
2012,PER_100000_POP,KZAKT,R,,KZAKT,2.36
2012,PER_100000_POP,KZALM,R,,KZALM,25.86
2012,PER_100000_POP,KZATY,R,,KZATY,17.94
2012,PER_100000_POP,KZZAP,R,,KZZAP,16.42
2012,PER_100000_POP,KZZHA,R,,KZZHA,28.9
2012,PER_100000_POP,KZZHS,R,,KZZHS,29.02
2012,PER_100000_POP,KZKAR,R,,KZKAR,27.13
2012,PER_100000_POP,KZKUS,R,,KZKUS,15.74
2012,PER_100000_POP,KZKZY,R,,KZKZY,19.1
2012,PER_100000_POP,KZMAN,R,,KZMAN,14.56
2012,PER_100000_POP,KZPAV,R,,KZPAV,14.71
2012,PER_100000_POP,KZSEV,R,,KZSEV,14.37
2012,PER_100000_POP,KZYUZ,R,,KZYUZ,23.81
2012,PER_100000_POP,KZVOS,R,,KZVOS,21.16
2012,PER_100000_POP,KZULU,R,,KZULU,39.84
2012,PER_100000_POP,,,M,,26.58
2012,PER_100000_POP,KZABY,,M,KZABY,27.63
2012,PER_100000_POP,KZAKM,,M,KZAKM,22.95
2012,PER_100000_POP,KZAKT,,M,KZAKT,4.2
2012,PER_100000_POP,KZALM,,M,KZALM,37.45
2012,PER_100000_POP,KZATY,,M,KZATY,28.6
2012,PER_100000_POP,KZZAP,,M,KZZAP,24.93
2012,PER_100000_POP,KZZHA,,M,KZZHA,41.98
2012,PER_100000_POP,KZZHS,,M,KZZHS,43.58
2012,PER_100000_POP,KZKAR,,M,KZKAR,28.1
2012,PER_100000_POP,KZKUS,,M,KZKUS,19.03
2012,PER_100000_POP,KZKZY,,M,KZKZY,30.35
2012,PER_100000_POP,KZMAN,,M,KZMAN,20.24
2012,PER_100000_POP,KZPAV,,M,KZPAV,23.87
2012,PER_100000_POP,KZSEV,,M,KZSEV,20.23
2012,PER_100000_POP,KZYUZ,,M,KZYUZ,35.7
2012,PER_100000_POP,KZVOS,,M,KZVOS,29.05
2012,PER_100000_POP,KZULU,,M,KZULU,22.12
2012,PER_100000_POP,KZNS,,M,KZNS,12.96
2012,PER_100000_POP,KZALA,,M,KZALA,14.89
2012,PER_100000_POP,KZSHY,,M,KZSHY,25.58
2012,PER_100000_POP,,U,M,,22.07
2012,PER_100000_POP,KZABY,U,M,KZABY,23.34
2012,PER_100000_POP,KZAKM,U,M,KZAKM,21.45
2012,PER_100000_POP,KZAKT,U,M,KZAKT,4.34
2012,PER_100000_POP,KZALM,U,M,KZALM,40.81
2012,PER_100000_POP,KZATY,U,M,KZATY,32.81
2012,PER_100000_POP,KZZAP,U,M,KZZAP,30.46
2012,PER_100000_POP,KZZHA,U,M,KZZHA,38.37
2012,PER_100000_POP,KZZHS,U,M,KZZHS,43.41
2012,PER_100000_POP,KZKAR,U,M,KZKAR,24.26
2012,PER_100000_POP,KZKUS,U,M,KZKUS,12.48
2012,PER_100000_POP,KZKZY,U,M,KZKZY,28.86
2012,PER_100000_POP,KZMAN,U,M,KZMAN,20.66
2012,PER_100000_POP,KZPAV,U,M,KZPAV,23.99
2012,PER_100000_POP,KZSEV,U,M,KZSEV,16.57
2012,PER_100000_POP,KZYUZ,U,M,KZYUZ,34.6
2012,PER_100000_POP,KZVOS,U,M,KZVOS,23.65
2012,PER_100000_POP,KZULU,U,M,KZULU,10.87
2012,PER_100000_POP,KZNS,U,M,KZNS,12.96
2012,PER_100000_POP,KZALA,U,M,KZALA,14.89
2012,PER_100000_POP,KZSHY,U,M,KZSHY,25.58
2012,PER_100000_POP,,R,M,,32.14
2012,PER_100000_POP,KZABY,R,M,KZABY,32.75
2012,PER_100000_POP,KZAKM,R,M,KZAKM,24.23
2012,PER_100000_POP,KZAKT,R,M,KZAKT,3.93
2012,PER_100000_POP,KZALM,R,M,KZALM,36.84
2012,PER_100000_POP,KZATY,R,M,KZATY,24.03
2012,PER_100000_POP,KZZAP,R,M,KZZAP,20.14
2012,PER_100000_POP,KZZHA,R,M,KZZHA,44.25
2012,PER_100000_POP,KZZHS,R,M,KZZHS,43.69
2012,PER_100000_POP,KZKAR,R,M,KZKAR,41.06
2012,PER_100000_POP,KZKUS,R,M,KZKUS,26.16
2012,PER_100000_POP,KZKZY,R,M,KZKZY,31.41
2012,PER_100000_POP,KZMAN,R,M,KZMAN,19.87
2012,PER_100000_POP,KZPAV,R,M,KZPAV,23.61
2012,PER_100000_POP,KZSEV,R,M,KZSEV,22.59
2012,PER_100000_POP,KZYUZ,R,M,KZYUZ,35.98
2012,PER_100000_POP,KZVOS,R,M,KZVOS,36.61
2012,PER_100000_POP,KZULU,R,M,KZULU,58.32
2012,PER_100000_POP,,,F,,8.78
2012,PER_100000_POP,KZABY,,F,KZABY,5.3
2012,PER_100000_POP,KZAKM,,F,KZAKM,6.35
2012,PER_100000_POP,KZAKT,,F,KZAKT,0.73
2012,PER_100000_POP,KZALM,,F,KZALM,14.49
2012,PER_100000_POP,KZATY,,F,KZATY,12.15
2012,PER_100000_POP,KZZAP,,F,KZZAP,12.89
2012,PER_100000_POP,KZZHA,,F,KZZHA,13.65
2012,PER_100000_POP,KZZHS,,F,KZZHS,15.02
2012,PER_100000_POP,KZKAR,,F,KZKAR,9.3
2012,PER_100000_POP,KZKUS,,F,KZKUS,4.09
2012,PER_100000_POP,KZKZY,,F,KZKZY,7.78
2012,PER_100000_POP,KZMAN,,F,KZMAN,9.26
2012,PER_100000_POP,KZPAV,,F,KZPAV,6.57
2012,PER_100000_POP,KZSEV,,F,KZSEV,5.92
2012,PER_100000_POP,KZYUZ,,F,KZYUZ,12.78
2012,PER_100000_POP,KZVOS,,F,KZVOS,5.88
2012,PER_100000_POP,KZULU,,F,KZULU,7.79
2012,PER_100000_POP,KZNS,,F,KZNS,6.3
2012,PER_100000_POP,KZALA,,F,KZALA,4.97
2012,PER_100000_POP,KZSHY,,F,KZSHY,10.18
2012,PER_100000_POP,,U,F,,8.78
2012,PER_100000_POP,KZABY,U,F,KZABY,5.3
2012,PER_100000_POP,KZAKM,U,F,KZAKM,6.35
2012,PER_100000_POP,KZAKT,U,F,KZAKT,0.73
2012,PER_100000_POP,KZALM,U,F,KZALM,14.49
2012,PER_100000_POP,KZATY,U,F,KZATY,12.15
2012,PER_100000_POP,KZZAP,U,F,KZZAP,12.89
2012,PER_100000_POP,KZZHA,U,F,KZZHA,13.65
2012,PER_100000_POP,KZZHS,U,F,KZZHS,15.02
2012,PER_100000_POP,KZKAR,U,F,KZKAR,9.3
2012,PER_100000_POP,KZKUS,U,F,KZKUS,4.09
2012,PER_100000_POP,KZKZY,U,F,KZKZY,7.78
2012,PER_100000_POP,KZMAN,U,F,KZMAN,9.26
2012,PER_100000_POP,KZPAV,U,F,KZPAV,6.57
2012,PER_100000_POP,KZSEV,U,F,KZSEV,5.92
2012,PER_100000_POP,KZYUZ,U,F,KZYUZ,12.78
2012,PER_100000_POP,KZVOS,U,F,KZVOS,5.88
2012,PER_100000_POP,KZULU,U,F,KZULU,7.79
2012,PER_100000_POP,KZNS,U,F,KZNS,6.3
2012,PER_100000_POP,KZALA,U,F,KZALA,4.97
2012,PER_100000_POP,KZSHY,U,F,KZSHY,10.18
2012,PER_100000_POP,,R,F,,10.33
2012,PER_100000_POP,KZAKM,R,F,KZAKM,7.7
2012,PER_100000_POP,KZAKM,R,F,KZAKM,6.22
2012,PER_100000_POP,KZAKT,R,F,KZAKT,0.79
2012,PER_100000_POP,KZALM,R,F,KZALM,15.14
2012,PER_100000_POP,KZATY,R,F,KZATY,11.77
2012,PER_100000_POP,KZZAP,R,F,KZZAP,12.68
2012,PER_100000_POP,KZZHA,R,F,KZZHA,13.52
2012,PER_100000_POP,KZZHS,R,F,KZZHS,14.19
2012,PER_100000_POP,KZKAR,R,F,KZKAR,13.17
2012,PER_100000_POP,KZKUS,R,F,KZKUS,5.77
2012,PER_100000_POP,KZKZY,R,F,KZKZY,6.39
2012,PER_100000_POP,KZMAN,R,F,KZMAN,9.13
2012,PER_100000_POP,KZPAV,R,F,KZPAV,5.99
2012,PER_100000_POP,KZSEV,R,F,KZSEV,6.36
2012,PER_100000_POP,KZYUZ,R,F,KZYUZ,11.4
2012,PER_100000_POP,KZVOS,R,F,KZVOS,6.07
2012,PER_100000_POP,KZULU,R,F,KZULU,20.43
2013,PER_100000_POP,,,,,17.63
2013,PER_100000_POP,KZABY,,,KZABY,16.19
2013,PER_100000_POP,KZAKM,,,KZAKM,15.14
2013,PER_100000_POP,KZAKT,,,KZAKT,5.24
2013,PER_100000_POP,KZALM,,,KZALM,28.77
2013,PER_100000_POP,KZATY,,,KZATY,20.3
2013,PER_100000_POP,KZZAP,,,KZZAP,18.04
2013,PER_100000_POP,KZZHA,,,KZZHA,25.38
2013,PER_100000_POP,KZZHS,,,KZZHS,29.68
2013,PER_100000_POP,KZKAR,,,KZKAR,17.09
2013,PER_100000_POP,KZKUS,,,KZKUS,12.96
2013,PER_100000_POP,KZKZY,,,KZKZY,17.47
2013,PER_100000_POP,KZMAN,,,KZMAN,16.6
2013,PER_100000_POP,KZPAV,,,KZPAV,12.79
2013,PER_100000_POP,KZSEV,,,KZSEV,11.09
2013,PER_100000_POP,KZYUZ,,,KZYUZ,25.44
2013,PER_100000_POP,KZVOS,,,KZVOS,15.16
2013,PER_100000_POP,KZULU,,,KZULU,19.16
2013,PER_100000_POP,KZNS,,,KZNS,12.96
2013,PER_100000_POP,KZALA,,,KZALA,8.19
2013,PER_100000_POP,KZSHY,,,KZSHY,17.03
2013,PER_100000_POP,,U,,,14.7
2013,PER_100000_POP,KZABY,U,,KZABY,13.19
2013,PER_100000_POP,KZAKM,U,,KZAKM,14.52
2013,PER_100000_POP,KZAKT,U,,KZAKT,4.59
2013,PER_100000_POP,KZALM,U,,KZALM,30.1
2013,PER_100000_POP,KZATY,U,,KZATY,17.61
2013,PER_100000_POP,KZZAP,U,,KZZAP,18.39
2013,PER_100000_POP,KZZHA,U,,KZZHA,20.37
2013,PER_100000_POP,KZZHS,U,,KZZHS,33.98
2013,PER_100000_POP,KZKAR,U,,KZKAR,15.22
2013,PER_100000_POP,KZKUS,U,,KZKUS,15.09
2013,PER_100000_POP,KZKZY,U,,KZKZY,15.98
2013,PER_100000_POP,KZMAN,U,,KZMAN,13.84
2013,PER_100000_POP,KZPAV,U,,KZPAV,12.07
2013,PER_100000_POP,KZSEV,U,,KZSEV,11.18
2013,PER_100000_POP,KZYUZ,U,,KZYUZ,28.37
2013,PER_100000_POP,KZVOS,U,,KZVOS,13.39
2013,PER_100000_POP,KZULU,U,,KZULU,15.55
2013,PER_100000_POP,KZNS,U,,KZNS,12.96
2013,PER_100000_POP,KZALA,U,,KZALA,8.19
2013,PER_100000_POP,KZSHY,U,,KZSHY,17.03
2013,PER_100000_POP,,R,,,21.51
2013,PER_100000_POP,KZABY,R,,KZABY,20.12
2013,PER_100000_POP,KZAKM,R,,KZAKM,15.72
2013,PER_100000_POP,KZAKT,R,,KZAKT,6.6
2013,PER_100000_POP,KZALM,R,,KZALM,28.53
2013,PER_100000_POP,KZATY,R,,KZATY,23.42
2013,PER_100000_POP,KZZAP,R,,KZZAP,17.71
2013,PER_100000_POP,KZZHA,R,,KZZHA,28.74
2013,PER_100000_POP,KZZHS,R,,KZZHS,26.75
2013,PER_100000_POP,KZKAR,R,,KZKAR,24.03
2013,PER_100000_POP,KZKUS,R,,KZKUS,10.43
2013,PER_100000_POP,KZKZY,R,,KZKZY,18.59
2013,PER_100000_POP,KZMAN,R,,KZMAN,19.1
2013,PER_100000_POP,KZPAV,R,,KZPAV,14.42
2013,PER_100000_POP,KZSEV,R,,KZSEV,11.02
2013,PER_100000_POP,KZYUZ,R,,KZYUZ,24.68
2013,PER_100000_POP,KZVOS,R,,KZVOS,17.91
2013,PER_100000_POP,KZULU,R,,KZULU,31.5
2013,PER_100000_POP,,,M,,26.63
2013,PER_100000_POP,KZABY,,M,KZABY,25.7
2013,PER_100000_POP,KZAKM,,M,KZAKM,22.31
2013,PER_100000_POP,KZAKT,,M,KZAKT,8.02
2013,PER_100000_POP,KZALM,,M,KZALM,41.41
2013,PER_100000_POP,KZATY,,M,KZATY,31.59
2013,PER_100000_POP,KZZAP,,M,KZZAP,25.7
2013,PER_100000_POP,KZZHA,,M,KZZHA,36.26
2013,PER_100000_POP,KZZHS,,M,KZZHS,48.48
2013,PER_100000_POP,KZKAR,,M,KZKAR,25.9
2013,PER_100000_POP,KZKUS,,M,KZKUS,22.86
2013,PER_100000_POP,KZKZY,,M,KZKZY,24.59
2013,PER_100000_POP,KZMAN,,M,KZMAN,21.25
2013,PER_100000_POP,KZPAV,,M,KZPAV,17.82
2013,PER_100000_POP,KZSEV,,M,KZSEV,16.73
2013,PER_100000_POP,KZYUZ,,M,KZYUZ,39.15
2013,PER_100000_POP,KZVOS,,M,KZVOS,22.15
2013,PER_100000_POP,KZULU,,M,KZULU,30.34
2013,PER_100000_POP,KZNS,,M,KZNS,17.56
2013,PER_100000_POP,KZALA,,M,KZALA,12.94
2013,PER_100000_POP,KZSHY,,M,KZSHY,26.09
2013,PER_100000_POP,,U,M,,22.31
2013,PER_100000_POP,KZABY,U,M,KZABY,19.64
2013,PER_100000_POP,KZAKM,U,M,KZAKM,20.65
2013,PER_100000_POP,KZAKT,U,M,KZAKT,7.76
2013,PER_100000_POP,KZALM,U,M,KZALM,40.13
2013,PER_100000_POP,KZATY,U,M,KZATY,30.49
2013,PER_100000_POP,KZZAP,U,M,KZZAP,27.71
2013,PER_100000_POP,KZZHA,U,M,KZZHA,30.87
2013,PER_100000_POP,KZZHS,U,M,KZZHS,54.01
2013,PER_100000_POP,KZKAR,U,M,KZKAR,22.85
2013,PER_100000_POP,KZKUS,U,M,KZKUS,27.01
2013,PER_100000_POP,KZKZY,U,M,KZKZY,20.96
2013,PER_100000_POP,KZMAN,U,M,KZMAN,19.48
2013,PER_100000_POP,KZPAV,U,M,KZPAV,15.41
2013,PER_100000_POP,KZSEV,U,M,KZSEV,18.31
2013,PER_100000_POP,KZYUZ,U,M,KZYUZ,44.11
2013,PER_100000_POP,KZVOS,U,M,KZVOS,20.59
2013,PER_100000_POP,KZULU,U,M,KZULU,21.75
2013,PER_100000_POP,KZNS,U,M,KZNS,17.56
2013,PER_100000_POP,KZALA,U,M,KZALA,12.94
2013,PER_100000_POP,KZSHY,U,M,KZSHY,26.09
2013,PER_100000_POP,,R,M,,31.99
2013,PER_100000_POP,KZABY,R,M,KZABY,33.09
2013,PER_100000_POP,KZAKM,R,M,KZAKM,23.75
2013,PER_100000_POP,KZAKT,R,M,KZAKT,8.54
2013,PER_100000_POP,KZALM,R,M,KZALM,41.64
2013,PER_100000_POP,KZATY,R,M,KZATY,32.79
2013,PER_100000_POP,KZZAP,R,M,KZZAP,23.91
2013,PER_100000_POP,KZZHA,R,M,KZZHA,39.67
2013,PER_100000_POP,KZZHS,R,M,KZZHS,44.93
2013,PER_100000_POP,KZKAR,R,M,KZKAR,36.37
2013,PER_100000_POP,KZKUS,R,M,KZKUS,18.27
2013,PER_100000_POP,KZKZY,R,M,KZKZY,27.2
2013,PER_100000_POP,KZMAN,R,M,KZMAN,22.79
2013,PER_100000_POP,KZPAV,R,M,KZPAV,22.91
2013,PER_100000_POP,KZSEV,R,M,KZSEV,15.69
2013,PER_100000_POP,KZYUZ,R,M,KZYUZ,37.89
2013,PER_100000_POP,KZVOS,R,M,KZVOS,24.38
2013,PER_100000_POP,KZULU,R,M,KZULU,57.67
2013,PER_100000_POP,,,F,,9.24
2013,PER_100000_POP,KZABY,,F,KZABY,7.36
2013,PER_100000_POP,KZAKM,,F,KZAKM,8.45
2013,PER_100000_POP,KZAKT,,F,KZAKT,2.65
2013,PER_100000_POP,KZALM,,F,KZALM,16.56
2013,PER_100000_POP,KZATY,,F,KZATY,9.44
2013,PER_100000_POP,KZZAP,,F,KZZAP,10.9
2013,PER_100000_POP,KZZHA,,F,KZZHA,14.94
2013,PER_100000_POP,KZZHS,,F,KZZHS,11.54
2013,PER_100000_POP,KZKAR,,F,KZKAR,9.26
2013,PER_100000_POP,KZKUS,,F,KZKUS,4.09
2013,PER_100000_POP,KZKZY,,F,KZKZY,10.37
2013,PER_100000_POP,KZMAN,,F,KZMAN,12.02
2013,PER_100000_POP,KZPAV,,F,KZPAV,8.31
2013,PER_100000_POP,KZSEV,,F,KZSEV,5.96
2013,PER_100000_POP,KZYUZ,,F,KZYUZ,11.53
2013,PER_100000_POP,KZVOS,,F,KZVOS,8.65
2013,PER_100000_POP,KZULU,,F,KZULU,8.95
2013,PER_100000_POP,KZNS,,F,KZNS,8.67
2013,PER_100000_POP,KZALA,,F,KZALA,4.18
2013,PER_100000_POP,KZSHY,,F,KZSHY,8.7
2013,PER_100000_POP,,U,F,,7.96
2013,PER_100000_POP,KZABY,U,F,KZABY,7.56
2013,PER_100000_POP,KZAKM,U,F,KZAKM,9.11
2013,PER_100000_POP,KZAKT,U,F,KZAKT,1.75
2013,PER_100000_POP,KZALM,U,F,KZALM,20.9
2013,PER_100000_POP,KZATY,U,F,KZATY,5.74
2013,PER_100000_POP,KZZAP,U,F,KZZAP,10.39
2013,PER_100000_POP,KZZHA,U,F,KZZHA,10.97
2013,PER_100000_POP,KZZHS,U,F,KZZHS,15.95
2013,PER_100000_POP,KZKAR,U,F,KZKAR,8.67
2013,PER_100000_POP,KZKUS,U,F,KZKUS,5.03
2013,PER_100000_POP,KZKZY,U,F,KZKZY,11.23
2013,PER_100000_POP,KZMAN,U,F,KZMAN,8.51
2013,PER_100000_POP,KZPAV,U,F,KZPAV,9.23
2013,PER_100000_POP,KZSEV,U,F,KZSEV,5.29
2013,PER_100000_POP,KZYUZ,U,F,KZYUZ,12.82
2013,PER_100000_POP,KZVOS,U,F,KZVOS,7.37
2013,PER_100000_POP,KZULU,U,F,KZULU,9.91
2013,PER_100000_POP,KZNS,U,F,KZNS,8.67
2013,PER_100000_POP,KZALA,U,F,KZALA,4.18
2013,PER_100000_POP,KZSHY,U,F,KZSHY,8.7
2013,PER_100000_POP,,R,F,,11.03
2013,PER_100000_POP,KZABY,R,F,KZABY,7.08
2013,PER_100000_POP,KZAKM,R,F,KZAKM,7.8
2013,PER_100000_POP,KZAKT,R,F,KZAKT,4.66
2013,PER_100000_POP,KZALM,R,F,KZALM,15.72
2013,PER_100000_POP,KZATY,R,F,KZATY,13.91
2013,PER_100000_POP,KZZAP,R,F,KZZAP,11.44
2013,PER_100000_POP,KZZHA,R,F,KZZHA,17.75
2013,PER_100000_POP,KZZHS,R,F,KZZHS,8.36
2013,PER_100000_POP,KZKAR,R,F,KZKAR,11.63
2013,PER_100000_POP,KZKUS,R,F,KZKUS,2.92
2013,PER_100000_POP,KZKZY,R,F,KZKZY,9.69
2013,PER_100000_POP,KZMAN,R,F,KZMAN,15.33
2013,PER_100000_POP,KZPAV,R,F,KZPAV,6.07
2013,PER_100000_POP,KZSEV,R,F,KZSEV,6.47
2013,PER_100000_POP,KZYUZ,R,F,KZYUZ,11.19
2013,PER_100000_POP,KZVOS,R,F,KZVOS,11.58
2013,PER_100000_POP,KZULU,R,F,KZULU,4.03
2014,PER_100000_POP,,,,,15.47
2014,PER_100000_POP,KZABY,,,KZABY,12.97
2014,PER_100000_POP,KZAKM,,,KZAKM,13.47
2014,PER_100000_POP,KZAKT,,,KZAKT,7.12
2014,PER_100000_POP,KZALM,,,KZALM,26.25
2014,PER_100000_POP,KZATY,,,KZATY,14.62
2014,PER_100000_POP,KZZAP,,,KZZAP,13.24
2014,PER_100000_POP,KZZHA,,,KZZHA,16.79
2014,PER_100000_POP,KZZHS,,,KZZHS,21.26
2014,PER_100000_POP,KZKAR,,,KZKAR,14.46
2014,PER_100000_POP,KZKUS,,,KZKUS,16.35
2014,PER_100000_POP,KZKZY,,,KZKZY,14.48
2014,PER_100000_POP,KZMAN,,,KZMAN,16.23
2014,PER_100000_POP,KZPAV,,,KZPAV,14.46
2014,PER_100000_POP,KZSEV,,,KZSEV,14.13
2014,PER_100000_POP,KZYUZ,,,KZYUZ,22.3
2014,PER_100000_POP,KZVOS,,,KZVOS,12.86
2014,PER_100000_POP,KZULU,,,KZULU,10.22
2014,PER_100000_POP,KZNS,,,KZNS,8.33
2014,PER_100000_POP,KZALA,,,KZALA,9.35
2014,PER_100000_POP,KZSHY,,,KZSHY,16.96
2014,PER_100000_POP,,U,,,15.47
2014,PER_100000_POP,KZABY,U,,KZABY,12.97
2014,PER_100000_POP,KZAKM,U,,KZAKM,13.47
2014,PER_100000_POP,KZAKT,U,,KZAKT,7.12
2014,PER_100000_POP,KZALM,U,,KZALM,26.25
2014,PER_100000_POP,KZATY,U,,KZATY,14.62
2014,PER_100000_POP,KZZAP,U,,KZZAP,13.24
2014,PER_100000_POP,KZZHA,U,,KZZHA,16.61
2014,PER_100000_POP,KZZHS,U,,KZZHS,25.18
2014,PER_100000_POP,KZKAR,U,,KZKAR,14.29
2014,PER_100000_POP,KZKUS,U,,KZKUS,10.78
2014,PER_100000_POP,KZKZY,U,,KZKZY,14.98
2014,PER_100000_POP,KZMAN,U,,KZMAN,14.28
2014,PER_100000_POP,KZPAV,U,,KZPAV,11.37
2014,PER_100000_POP,KZSEV,U,,KZSEV,8.22
2014,PER_100000_POP,KZYUZ,U,,KZYUZ,28.51
2014,PER_100000_POP,KZVOS,U,,KZVOS,10.18
2014,PER_100000_POP,KZULU,U,,KZULU,8.63
2014,PER_100000_POP,KZNS,U,,KZNS,8.33
2014,PER_100000_POP,KZALA,U,,KZALA,9.35
2014,PER_100000_POP,KZULU,U,,KZULU,16.96
2014,PER_100000_POP,,R,,,18.51
2014,PER_100000_POP,KZABY,R,,KZABY,14.58
2014,PER_100000_POP,KZAKM,R,,KZAKM,13.65
2014,PER_100000_POP,KZAKT,R,,KZAKT,5.01
2014,PER_100000_POP,KZALM,R,,KZALM,25.34
2014,PER_100000_POP,KZATY,R,,KZATY,17.41
2014,PER_100000_POP,KZZAP,R,,KZZAP,12.63
2014,PER_100000_POP,KZZHA,R,,KZZHA,16.91
2014,PER_100000_POP,KZZHS,R,,KZZHS,18.57
2014,PER_100000_POP,KZKAR,R,,KZKAR,15.07
2014,PER_100000_POP,KZKUS,R,,KZKUS,23.09
2014,PER_100000_POP,KZKZY,R,,KZKZY,14.11
2014,PER_100000_POP,KZMAN,R,,KZMAN,17.94
2014,PER_100000_POP,KZPAV,R,,KZPAV,21.66
2014,PER_100000_POP,KZSEV,R,,KZSEV,18.49
2014,PER_100000_POP,KZYUZ,R,,KZYUZ,20.72
2014,PER_100000_POP,KZVOS,R,,KZVOS,17.06
2014,PER_100000_POP,KZULU,R,,KZULU,15.67
2014,PER_100000_POP,,,M,,24.07
2014,PER_100000_POP,KZABY,,M,KZABY,20.6
2014,PER_100000_POP,KZAKM,,M,KZAKM,21.13
2014,PER_100000_POP,KZAKT,,M,KZAKT,10.67
2014,PER_100000_POP,KZALM,,M,KZALM,38.4
2014,PER_100000_POP,KZATY,,M,KZATY,20.21
2014,PER_100000_POP,KZZAP,,M,KZZAP,21.8
2014,PER_100000_POP,KZZHA,,M,KZZHA,25.64
2014,PER_100000_POP,KZZHS,,M,KZZHS,31.75
2014,PER_100000_POP,KZKAR,,M,KZKAR,23.51
2014,PER_100000_POP,KZKUS,,M,KZKUS,27.16
2014,PER_100000_POP,KZKZY,,M,KZKZY,17.98
2014,PER_100000_POP,KZMAN,,M,KZMAN,25.25
2014,PER_100000_POP,KZPAV,,M,KZPAV,23.63
2014,PER_100000_POP,KZSEV,,M,KZSEV,23.43
2014,PER_100000_POP,KZYUZ,,M,KZYUZ,35.32
2014,PER_100000_POP,KZVOS,,M,KZVOS,19.84
2014,PER_100000_POP,KZULU,,M,KZULU,14.67
2014,PER_100000_POP,KZNS,,M,KZNS,13.82
2014,PER_100000_POP,KZALA,,M,KZALA,14.93
2014,PER_100000_POP,KZSHY,,M,KZSHY,26.24
2014,PER_100000_POP,,U,M,,20.4
2014,PER_100000_POP,KZABY,U,M,KZABY,18.33
2014,PER_100000_POP,KZAKM,U,M,KZAKM,18.69
2014,PER_100000_POP,KZAKT,U,M,KZAKT,11.38
2014,PER_100000_POP,KZALM,U,M,KZALM,44.79
2014,PER_100000_POP,KZATY,U,M,KZATY,19.47
2014,PER_100000_POP,KZZAP,U,M,KZZAP,24.37
2014,PER_100000_POP,KZZHA,U,M,KZZHA,24.54
2014,PER_100000_POP,KZZHS,U,M,KZZHS,35.65
2014,PER_100000_POP,KZKAR,U,M,KZKAR,23.55
2014,PER_100000_POP,KZKUS,U,M,KZKUS,17.66
2014,PER_100000_POP,KZKZY,U,M,KZKZY,15.97
2014,PER_100000_POP,KZMAN,U,M,KZMAN,20.54
2014,PER_100000_POP,KZPAV,U,M,KZPAV,18.11
2014,PER_100000_POP,KZSEV,U,M,KZSEV,15.43
2014,PER_100000_POP,KZYUZ,U,M,KZYUZ,46.31
2014,PER_100000_POP,KZVOS,U,M,KZVOS,14.1
2014,PER_100000_POP,KZULU,U,M,KZULU,10.86
2014,PER_100000_POP,KZNS,U,M,KZNS,13.82
2014,PER_100000_POP,KZALA,U,M,KZALA,14.93
2014,PER_100000_POP,KZSHY,U,M,KZSHY,26.24
2014,PER_100000_POP,,R,M,,28.67
2014,PER_100000_POP,KZABY,R,M,KZABY,23.4
2014,PER_100000_POP,KZAKM,R,M,KZAKM,23.27
2014,PER_100000_POP,KZAKT,R,M,KZAKT,9.24
2014,PER_100000_POP,KZALM,R,M,KZALM,37.25
2014,PER_100000_POP,KZATY,R,M,KZATY,21.04
2014,PER_100000_POP,KZZAP,R,M,KZZAP,19.48
2014,PER_100000_POP,KZZHA,R,M,KZZHA,26.33
2014,PER_100000_POP,KZZHS,R,M,KZZHS,29.23
2014,PER_100000_POP,KZKAR,R,M,KZKAR,23.36
2014,PER_100000_POP,KZKUS,R,M,KZKUS,37.92
2014,PER_100000_POP,KZKZY,R,M,KZKZY,19.44
2014,PER_100000_POP,KZMAN,R,M,KZMAN,29.25
2014,PER_100000_POP,KZPAV,R,M,KZPAV,35.55
2014,PER_100000_POP,KZSEV,R,M,KZSEV,28.84
2014,PER_100000_POP,KZYUZ,R,M,KZYUZ,32.55
2014,PER_100000_POP,KZVOS,R,M,KZVOS,28.13
2014,PER_100000_POP,KZULU,R,M,KZULU,26.75
2014,PER_100000_POP,,,F,,7.44
2014,PER_100000_POP,KZABY,,F,KZABY,5.89
2014,PER_100000_POP,KZAKM,,F,KZAKM,6.32
2014,PER_100000_POP,KZAKT,,F,KZAKT,3.79
2014,PER_100000_POP,KZALM,,F,KZALM,14.49
2014,PER_100000_POP,KZATY,,F,KZATY,9.23
2014,PER_100000_POP,KZZAP,,F,KZZAP,5.25
2014,PER_100000_POP,KZZHA,,F,KZZHA,8.28
2014,PER_100000_POP,KZZHS,,F,KZZHS,11.13
2014,PER_100000_POP,KZKAR,,F,KZKAR,6.41
2014,PER_100000_POP,KZKUS,,F,KZKUS,6.67
2014,PER_100000_POP,KZKZY,,F,KZKZY,10.99
2014,PER_100000_POP,KZMAN,,F,KZMAN,7.32
2014,PER_100000_POP,KZPAV,,F,KZPAV,6.27
2014,PER_100000_POP,KZSEV,,F,KZSEV,5.66
2014,PER_100000_POP,KZYUZ,,F,KZYUZ,9.06
2014,PER_100000_POP,KZVOS,,F,KZVOS,6.65
2014,PER_100000_POP,KZULU,,F,KZULU,6.04
2014,PER_100000_POP,KZNS,,F,KZNS,3.22
2014,PER_100000_POP,KZALA,,F,KZALA,4.65
2014,PER_100000_POP,KZSHY,,F,KZSHY,8.42
2014,PER_100000_POP,,U,F,,6.81
2014,PER_100000_POP,KZABY,U,F,KZABY,6.02
2014,PER_100000_POP,KZAKM,U,F,KZAKM,8.51
2014,PER_100000_POP,KZAKT,U,F,KZAKT,5.14
2014,PER_100000_POP,KZALM,U,F,KZALM,18.61
2014,PER_100000_POP,KZATY,U,F,KZATY,5.58
2014,PER_100000_POP,KZZAP,U,F,KZZAP,4.8
2014,PER_100000_POP,KZZHA,U,F,KZZHA,9.5
2014,PER_100000_POP,KZZHS,U,F,KZZHS,15.73
2014,PER_100000_POP,KZKAR,U,F,KZKAR,6.34
2014,PER_100000_POP,KZKUS,U,F,KZKUS,4.97
2014,PER_100000_POP,KZKZY,U,F,KZKZY,14.03
2014,PER_100000_POP,KZMAN,U,F,KZMAN,8.35
2014,PER_100000_POP,KZPAV,U,F,KZPAV,5.62
2014,PER_100000_POP,KZSEV,U,F,KZSEV,2.25
2014,PER_100000_POP,KZYUZ,U,F,KZYUZ,10.77
2014,PER_100000_POP,KZVOS,U,F,KZVOS,6.91
2014,PER_100000_POP,KZULU,U,F,KZULU,6.59
2014,PER_100000_POP,KZNS,U,F,KZNS,3.22
2014,PER_100000_POP,KZALA,U,F,KZALA,4.65
2014,PER_100000_POP,KZSHY,U,F,KZSHY,8.42
2014,PER_100000_POP,,R,F,,8.34
2014,PER_100000_POP,KZABY,R,F,KZABY,5.71
2014,PER_100000_POP,KZAKM,R,F,KZAKM,4.17
2014,PER_100000_POP,KZAKT,R,F,KZAKT,0.77
2014,PER_100000_POP,KZALM,R,F,KZALM,13.7
2014,PER_100000_POP,KZATY,R,F,KZATY,13.72
2014,PER_100000_POP,KZZAP,R,F,KZZAP,5.71
2014,PER_100000_POP,KZZHA,R,F,KZZHA,7.41
2014,PER_100000_POP,KZZHS,R,F,KZZHS,7.79
2014,PER_100000_POP,KZKAR,R,F,KZKAR,6.72
2014,PER_100000_POP,KZKUS,R,F,KZKUS,8.86
2014,PER_100000_POP,KZKZY,R,F,KZKZY,8.6
2014,PER_100000_POP,KZMAN,R,F,KZMAN,6.37
2014,PER_100000_POP,KZPAV,R,F,KZPAV,7.91
2014,PER_100000_POP,KZSEV,R,F,KZSEV,8.39
2014,PER_100000_POP,KZYUZ,R,F,KZYUZ,8.62
2014,PER_100000_POP,KZVOS,R,F,KZVOS,6.21
2014,PER_100000_POP,KZULU,R,F,KZULU,4.02
2015,PER_100000_POP,,,,,14.44
2015,PER_100000_POP,KZABY,,,KZABY,16.92
2015,PER_100000_POP,KZAKM,,,KZAKM,10.82
2015,PER_100000_POP,KZAKT,,,KZAKT,7.0
2015,PER_100000_POP,KZALM,,,KZALM,23.42
2015,PER_100000_POP,KZATY,,,KZATY,11.91
2015,PER_100000_POP,KZZAP,,,KZZAP,15.16
2015,PER_100000_POP,KZZHA,,,KZZHA,21.21
2015,PER_100000_POP,KZZHS,,,KZZHS,25.78
2015,PER_100000_POP,KZKAR,,,KZKAR,12.29
2015,PER_100000_POP,KZKUS,,,KZKUS,14.29
2015,PER_100000_POP,KZKZY,,,KZKZY,13.05
2015,PER_100000_POP,KZMAN,,,KZMAN,13.77
2015,PER_100000_POP,KZPAV,,,KZPAV,12.42
2015,PER_100000_POP,KZSEV,,,KZSEV,10.35
2015,PER_100000_POP,KZYUZ,,,KZYUZ,19.69
2015,PER_100000_POP,KZVOS,,,KZVOS,12.18
2015,PER_100000_POP,KZULU,,,KZULU,12.85
2015,PER_100000_POP,KZNS,,,KZNS,8.06
2015,PER_100000_POP,KZALA,,,KZALA,7.51
2015,PER_100000_POP,KZSHY,,,KZSHY,13.07
2015,PER_100000_POP,,U,,,11.95
2015,PER_100000_POP,KZABY,U,,KZABY,14.04
2015,PER_100000_POP,KZAKM,U,,KZAKM,10.07
2015,PER_100000_POP,KZAKT,U,,KZAKT,5.64
2015,PER_100000_POP,KZALM,U,,KZALM,29.22
2015,PER_100000_POP,KZATY,U,,KZATY,7.8
2015,PER_100000_POP,KZZAP,U,,KZZAP,15.54
2015,PER_100000_POP,KZZHA,U,,KZZHA,18.38
2015,PER_100000_POP,KZZHS,U,,KZZHS,27.39
2015,PER_100000_POP,KZKAR,U,,KZKAR,11.54
2015,PER_100000_POP,KZKUS,U,,KZKUS,11.67
2015,PER_100000_POP,KZKZY,U,,KZKZY,13.68
2015,PER_100000_POP,KZMAN,U,,KZMAN,14.76
2015,PER_100000_POP,KZPAV,U,,KZPAV,10.52
2015,PER_100000_POP,KZSEV,U,,KZSEV,10.11
2015,PER_100000_POP,KZYUZ,U,,KZYUZ,24.77
2015,PER_100000_POP,KZVOS,U,,KZVOS,8.35
2015,PER_100000_POP,KZULU,U,,KZULU,12.04
2015,PER_100000_POP,KZNS,U,,KZNS,8.06
2015,PER_100000_POP,KZALA,U,,KZALA,7.51
2015,PER_100000_POP,KZSHY,U,,KZSHY,13.07
2015,PER_100000_POP,,R,,,17.81
2015,PER_100000_POP,KZABY,R,,KZABY,20.83
2015,PER_100000_POP,KZAKM,R,,KZAKM,11.53
2015,PER_100000_POP,KZAKT,R,,KZAKT,9.99
2015,PER_100000_POP,KZALM,R,,KZALM,22.35
2015,PER_100000_POP,KZATY,R,,KZATY,16.84
2015,PER_100000_POP,KZZAP,R,,KZZAP,14.78
2015,PER_100000_POP,KZZHA,R,,KZZHA,23.13
2015,PER_100000_POP,KZZHS,R,,KZZHS,24.66
2015,PER_100000_POP,KZKAR,R,,KZKAR,15.21
2015,PER_100000_POP,KZKUS,R,,KZKUS,17.54
2015,PER_100000_POP,KZKZY,R,,KZKZY,12.58
2015,PER_100000_POP,KZMAN,R,,KZMAN,12.92
2015,PER_100000_POP,KZPAV,R,,KZPAV,16.94
2015,PER_100000_POP,KZSEV,R,,KZSEV,10.53
2015,PER_100000_POP,KZYUZ,R,,KZYUZ,18.41
2015,PER_100000_POP,KZVOS,R,,KZVOS,18.3
2015,PER_100000_POP,KZULU,R,,KZULU,15.62
2015,PER_100000_POP,,,M,,22.19
2015,PER_100000_POP,KZABY,,M,KZABY,23.73
2015,PER_100000_POP,KZAKM,,M,KZAKM,14.56
2015,PER_100000_POP,KZAKT,,M,KZAKT,11.5
2015,PER_100000_POP,KZALM,,M,KZALM,37.2
2015,PER_100000_POP,KZATY,,M,KZATY,17.31
2015,PER_100000_POP,KZZAP,,M,KZZAP,21.9
2015,PER_100000_POP,KZZHA,,M,KZZHA,32.69
2015,PER_100000_POP,KZZHS,,M,KZZHS,36.38
2015,PER_100000_POP,KZKAR,,M,KZKAR,20.22
2015,PER_100000_POP,KZKUS,,M,KZKUS,22.54
2015,PER_100000_POP,KZKZY,,M,KZKZY,20.05
2015,PER_100000_POP,KZMAN,,M,KZMAN,20.19
2015,PER_100000_POP,KZPAV,,M,KZPAV,17.93
2015,PER_100000_POP,KZSEV,,M,KZSEV,17.29
2015,PER_100000_POP,KZYUZ,,M,KZYUZ,30.44
2015,PER_100000_POP,KZVOS,,M,KZVOS,19.54
2015,PER_100000_POP,KZULU,,M,KZULU,20.1
2015,PER_100000_POP,KZNS,,M,KZNS,11.94
2015,PER_100000_POP,KZALA,,M,KZALA,11.48
2015,PER_100000_POP,KZSHY,,M,KZSHY,20.08
2015,PER_100000_POP,,U,M,,17.93
2015,PER_100000_POP,KZABY,U,M,KZABY,18.7
2015,PER_100000_POP,KZAKM,U,M,KZAKM,11.92
2015,PER_100000_POP,KZAKT,U,M,KZAKT,8.89
2015,PER_100000_POP,KZALM,U,M,KZALM,43.13
2015,PER_100000_POP,KZATY,U,M,KZATY,11.03
2015,PER_100000_POP,KZZAP,U,M,KZZAP,19.86
2015,PER_100000_POP,KZZHA,U,M,KZZHA,27.93
2015,PER_100000_POP,KZZHS,U,M,KZZHS,37.39
2015,PER_100000_POP,KZKAR,U,M,KZKAR,19.29
2015,PER_100000_POP,KZKUS,U,M,KZKUS,17.41
2015,PER_100000_POP,KZKZY,U,M,KZKZY,20.52
2015,PER_100000_POP,KZMAN,U,M,KZMAN,20.17
2015,PER_100000_POP,KZPAV,U,M,KZPAV,15.08
2015,PER_100000_POP,KZSEV,U,M,KZSEV,16.95
2015,PER_100000_POP,KZYUZ,U,M,KZYUZ,36.71
2015,PER_100000_POP,KZULU,U,M,KZULU,19.24
2015,PER_100000_POP,KZVOS,U,M,KZVOS,15.45
2015,PER_100000_POP,KZNS,U,M,KZNS,11.94
2015,PER_100000_POP,KZALA,U,M,KZALA,11.48
2015,PER_100000_POP,KZSHY,U,M,KZSHY,20.08
2015,PER_100000_POP,,R,M,,27.6
2015,PER_100000_POP,KZABY,R,M,KZABY,30.07
2015,PER_100000_POP,KZAKM,R,M,KZAKM,16.89
2015,PER_100000_POP,KZAKT,R,M,KZAKT,16.89
2015,PER_100000_POP,KZALM,R,M,KZALM,36.13
2015,PER_100000_POP,KZATY,R,M,KZATY,24.5
2015,PER_100000_POP,KZZAP,R,M,KZZAP,23.75
2015,PER_100000_POP,KZZHA,R,M,KZZHA,35.73
2015,PER_100000_POP,KZZHS,R,M,KZZHS,35.71
2015,PER_100000_POP,KZKAR,R,M,KZKAR,23.54
2015,PER_100000_POP,KZKUS,R,M,KZKUS,28.51
2015,PER_100000_POP,KZKZY,R,M,KZKZY,19.71
2015,PER_100000_POP,KZMAN,R,M,KZMAN,20.21
2015,PER_100000_POP,KZPAV,R,M,KZPAV,24.16
2015,PER_100000_POP,KZSEV,R,M,KZSEV,17.53
2015,PER_100000_POP,KZYUZ,R,M,KZYUZ,28.87
2015,PER_100000_POP,KZVOS,R,M,KZVOS,25.55
2015,PER_100000_POP,KZULU,R,M,KZULU,22.83
2015,PER_100000_POP,,,F,,7.19
2015,PER_100000_POP,KZABY,,F,KZABY,10.6
2015,PER_100000_POP,KZAKM,,F,KZAKM,7.33
2015,PER_100000_POP,KZAKT,,F,KZAKT,2.8
2015,PER_100000_POP,KZALM,,F,KZALM,10.06
2015,PER_100000_POP,KZATY,,F,KZATY,6.69
2015,PER_100000_POP,KZZAP,,F,KZZAP,8.86
2015,PER_100000_POP,KZZHA,,F,KZZHA,10.14
2015,PER_100000_POP,KZZHS,,F,KZZHS,15.52
2015,PER_100000_POP,KZKAR,,F,KZKAR,5.23
2015,PER_100000_POP,KZKUS,,F,KZKUS,6.88
2015,PER_100000_POP,KZKZY,,F,KZKZY,6.06
2015,PER_100000_POP,KZMAN,,F,KZMAN,7.41
2015,PER_100000_POP,KZPAV,,F,KZPAV,7.5
2015,PER_100000_POP,KZSEV,,F,KZSEV,4.02
2015,PER_100000_POP,KZYUZ,,F,KZYUZ,8.74
2015,PER_100000_POP,KZVOS,,F,KZVOS,5.63
2015,PER_100000_POP,KZULU,,F,KZULU,6.02
2015,PER_100000_POP,KZNS,,F,KZNS,4.44
2015,PER_100000_POP,KZALA,,F,KZALA,4.18
2015,PER_100000_POP,KZSHY,,F,KZSHY,6.61
2015,PER_100000_POP,,U,F,,6.64
2015,PER_100000_POP,KZABY,U,F,KZABY,9.95
2015,PER_100000_POP,KZAKM,U,F,KZAKM,8.43
2015,PER_100000_POP,KZAKT,U,F,KZAKT,2.68
2015,PER_100000_POP,KZALM,U,F,KZALM,16.43
2015,PER_100000_POP,KZATY,U,F,KZATY,4.8
2015,PER_100000_POP,KZZAP,U,F,KZZAP,11.81
2015,PER_100000_POP,KZZHA,U,F,KZZHA,9.8
2015,PER_100000_POP,KZZHS,U,F,KZZHS,18.34
2015,PER_100000_POP,KZKAR,U,F,KZKAR,4.86
2015,PER_100000_POP,KZKUS,U,F,KZKUS,6.8
2015,PER_100000_POP,KZKZY,U,F,KZKZY,7.14
2015,PER_100000_POP,KZMAN,U,F,KZMAN,9.6
2015,PER_100000_POP,KZPAV,U,F,KZPAV,6.62
2015,PER_100000_POP,KZSEV,U,F,KZSEV,4.44
2015,PER_100000_POP,KZYUZ,U,F,KZYUZ,12.79
2015,PER_100000_POP,KZVOS,U,F,KZVOS,2.42
2015,PER_100000_POP,KZULU,U,F,KZULU,5.48
2015,PER_100000_POP,KZNS,U,F,KZNS,4.44
2015,PER_100000_POP,KZALA,U,F,KZALA,4.18
2015,PER_100000_POP,KZSHY,U,F,KZSHY,6.61
2015,PER_100000_POP,,R,F,,7.99
2015,PER_100000_POP,KZABY,R,F,KZABY,11.53
2015,PER_100000_POP,KZAKM,R,F,KZAKM,6.25
2015,PER_100000_POP,KZAKT,R,F,KZAKT,3.08
2015,PER_100000_POP,KZALM,R,F,KZALM,8.84
2015,PER_100000_POP,KZATY,R,F,KZATY,9.05
2015,PER_100000_POP,KZZAP,R,F,KZZAP,5.7
2015,PER_100000_POP,KZZHA,R,F,KZZHA,10.39
2015,PER_100000_POP,KZZHS,R,F,KZZHS,13.46
2015,PER_100000_POP,KZKAR,R,F,KZKAR,6.8
2015,PER_100000_POP,KZKUS,R,F,KZKUS,6.98
2015,PER_100000_POP,KZKZY,R,F,KZKZY,5.21
2015,PER_100000_POP,KZMAN,R,F,KZMAN,5.47
2015,PER_100000_POP,KZPAV,R,F,KZPAV,9.77
2015,PER_100000_POP,KZSEV,R,F,KZSEV,3.68
2015,PER_100000_POP,KZYUZ,R,F,KZYUZ,7.71
2015,PER_100000_POP,KZVOS,R,F,KZVOS,11.18
2015,PER_100000_POP,KZSHY,R,F,KZSHY,8.02
2016,PER_100000_POP,,,,,14.88
2016,PER_100000_POP,KZABY,,,KZABY,16.36
2016,PER_100000_POP,KZAKM,,,KZAKM,13.01
2016,PER_100000_POP,KZAKT,,,KZAKT,6.55
2016,PER_100000_POP,KZALM,,,KZALM,22.15
2016,PER_100000_POP,KZATY,,,KZATY,11.98
2016,PER_100000_POP,KZZAP,,,KZZAP,14.24
2016,PER_100000_POP,KZZHA,,,KZZHA,22.49
2016,PER_100000_POP,KZZHS,,,KZZHS,25.81
2016,PER_100000_POP,KZKAR,,,KZKAR,12.44
2016,PER_100000_POP,KZKUS,,,KZKUS,9.31
2016,PER_100000_POP,KZKZY,,,KZKZY,17.7
2016,PER_100000_POP,KZMAN,,,KZMAN,16.21
2016,PER_100000_POP,KZPAV,,,KZPAV,12.67
2016,PER_100000_POP,KZSEV,,,KZSEV,9.37
2016,PER_100000_POP,KZYUZ,,,KZYUZ,21.4
2016,PER_100000_POP,KZVOS,,,KZVOS,13.69
2016,PER_100000_POP,KZULU,,,KZULU,7.53
2016,PER_100000_POP,KZNS,,,KZNS,8.61
2016,PER_100000_POP,KZALA,,,KZALA,7.56
2016,PER_100000_POP,KZSHY,,,KZSHY,17.35
2016,PER_100000_POP,,U,,,11.94
2016,PER_100000_POP,KZABY,U,,KZABY,13.15
2016,PER_100000_POP,KZAKM,U,,KZAKM,10.58
2016,PER_100000_POP,KZAKT,U,,KZAKT,6.56
2016,PER_100000_POP,KZALM,U,,KZALM,21.46
2016,PER_100000_POP,KZATY,U,,KZATY,10.57
2016,PER_100000_POP,KZZAP,U,,KZZAP,12.76
2016,PER_100000_POP,KZZHA,U,,KZZHA,20.49
2016,PER_100000_POP,KZZHS,U,,KZZHS,26.03
2016,PER_100000_POP,KZKAR,U,,KZKAR,11.15
2016,PER_100000_POP,KZKUS,U,,KZKUS,7.1
2016,PER_100000_POP,KZKZY,U,,KZKZY,11.87
2016,PER_100000_POP,KZMAN,U,,KZMAN,12.88
2016,PER_100000_POP,KZPAV,U,,KZPAV,10.1
2016,PER_100000_POP,KZSEV,U,,KZSEV,9.59
2016,PER_100000_POP,KZYUZ,U,,KZYUZ,23.22
2016,PER_100000_POP,KZVOS,U,,KZVOS,12.46
2016,PER_100000_POP,KZULU,U,,KZULU,8.02
2016,PER_100000_POP,KZNS,U,,KZNS,8.61
2016,PER_100000_POP,KZALA,U,,KZALA,7.56
2016,PER_100000_POP,KZSHY,U,,KZSHY,17.35
2016,PER_100000_POP,,R,,,18.93
2016,PER_100000_POP,KZABY,R,,KZABY,20.82
2016,PER_100000_POP,KZAKM,R,,KZAKM,15.31
2016,PER_100000_POP,KZAKT,R,,KZAKT,6.54
2016,PER_100000_POP,KZALM,R,,KZALM,22.28
2016,PER_100000_POP,KZATY,R,,KZATY,13.71
2016,PER_100000_POP,KZZAP,R,,KZZAP,15.74
2016,PER_100000_POP,KZZHA,R,,KZZHA,23.84
2016,PER_100000_POP,KZZHS,R,,KZZHS,25.66
2016,PER_100000_POP,KZKAR,R,,KZKAR,17.53
2016,PER_100000_POP,KZKUS,R,,KZKUS,12.11
2016,PER_100000_POP,KZKZY,R,,KZKZY,22.25
2016,PER_100000_POP,KZMAN,R,,KZMAN,18.96
2016,PER_100000_POP,KZPAV,R,,KZPAV,18.87
2016,PER_100000_POP,KZSEV,R,,KZSEV,9.19
2016,PER_100000_POP,KZYUZ,R,,KZYUZ,20.94
2016,PER_100000_POP,KZVOS,R,,KZVOS,15.69
2016,PER_100000_POP,KZULU,R,,KZULU,5.87
2016,PER_100000_POP,,,M,,22.79
2016,PER_100000_POP,KZABY,,M,KZABY,25.37
2016,PER_100000_POP,KZAKM,,M,KZAKM,19.61
2016,PER_100000_POP,KZAKT,,M,KZAKT,10.1
2016,PER_100000_POP,KZALM,,M,KZALM,35.59
2016,PER_100000_POP,KZATY,,M,KZATY,15.9
2016,PER_100000_POP,KZZAP,,M,KZZAP,24.28
2016,PER_100000_POP,KZZHA,,M,KZZHA,33.88
2016,PER_100000_POP,KZZHS,,M,KZZHS,38.61
2016,PER_100000_POP,KZKAR,,M,KZKAR,19.61
2016,PER_100000_POP,KZKUS,,M,KZKUS,13.91
2016,PER_100000_POP,KZKZY,,M,KZKZY,26.8
2016,PER_100000_POP,KZMAN,,M,KZMAN,24.03
2016,PER_100000_POP,KZPAV,,M,KZPAV,21.25
2016,PER_100000_POP,KZSEV,,M,KZSEV,15.93
2016,PER_100000_POP,KZYUZ,,M,KZYUZ,32.05
2016,PER_100000_POP,KZVOS,,M,KZVOS,21.57
2016,PER_100000_POP,KZULU,,M,KZULU,8.22
2016,PER_100000_POP,KZNS,,M,KZNS,12.51
2016,PER_100000_POP,KZALA,,M,KZALA,10.86
2016,PER_100000_POP,KZSHY,,M,KZSHY,23.84
2016,PER_100000_POP,,U,M,,17.78
2016,PER_100000_POP,KZABY,U,M,KZABY,19.67
2016,PER_100000_POP,KZAKM,U,M,KZAKM,14.82
2016,PER_100000_POP,KZAKT,U,M,KZAKT,9.79
2016,PER_100000_POP,KZALM,U,M,KZALM,35.4
2016,PER_100000_POP,KZATY,U,M,KZATY,12.55
2016,PER_100000_POP,KZZAP,U,M,KZZAP,22.86
2016,PER_100000_POP,KZZHA,U,M,KZZHA,29.13
2016,PER_100000_POP,KZZHS,U,M,KZZHS,42.37
2016,PER_100000_POP,KZKAR,U,M,KZKAR,17.3
2016,PER_100000_POP,KZKUS,U,M,KZKUS,11.05
2016,PER_100000_POP,KZKZY,U,M,KZKZY,18.21
2016,PER_100000_POP,KZMAN,U,M,KZMAN,17.82
2016,PER_100000_POP,KZPAV,U,M,KZPAV,17.03
2016,PER_100000_POP,KZSEV,U,M,KZSEV,14.09
2016,PER_100000_POP,KZYUZ,U,M,KZYUZ,33.57
2016,PER_100000_POP,KZVOS,U,M,KZVOS,19.67
2016,PER_100000_POP,KZULU,U,M,KZULU,7.21
2016,PER_100000_POP,KZNS,U,M,KZNS,12.51
2016,PER_100000_POP,KZALA,U,M,KZALA,10.86
2016,PER_100000_POP,KZSHY,U,M,KZSHY,23.84
2016,PER_100000_POP,,R,M,,29.26
2016,PER_100000_POP,KZABY,R,M,KZABY,32.74
2016,PER_100000_POP,KZAKM,R,M,KZAKM,23.91
2016,PER_100000_POP,KZAKT,R,M,KZAKT,10.75
2016,PER_100000_POP,KZALM,R,M,KZALM,35.62
2016,PER_100000_POP,KZATY,R,M,KZATY,19.83
2016,PER_100000_POP,KZZAP,R,M,KZZAP,25.6
2016,PER_100000_POP,KZZHA,R,M,KZZHA,36.92
2016,PER_100000_POP,KZZHS,R,M,KZZHS,36.12
2016,PER_100000_POP,KZKAR,R,M,KZKAR,28.03
2016,PER_100000_POP,KZKUS,R,M,KZKUS,17.31
2016,PER_100000_POP,KZKZY,R,M,KZKZY,33.24
2016,PER_100000_POP,KZMAN,R,M,KZMAN,28.98
2016,PER_100000_POP,KZPAV,R,M,KZPAV,30.61
2016,PER_100000_POP,KZSEV,R,M,KZSEV,17.26
2016,PER_100000_POP,KZYUZ,R,M,KZYUZ,31.68
2016,PER_100000_POP,KZVOS,R,M,KZVOS,24.4
2016,PER_100000_POP,KZULU,R,M,KZULU,11.42
2016,PER_100000_POP,,,F,,7.48
2016,PER_100000_POP,KZABY,,F,KZABY,7.97
2016,PER_100000_POP,KZAKM,,F,KZAKM,6.82
2016,PER_100000_POP,KZAKT,,F,KZAKT,3.23
2016,PER_100000_POP,KZALM,,F,KZALM,9.1
2016,PER_100000_POP,KZATY,,F,KZATY,8.19
2016,PER_100000_POP,KZZAP,,F,KZZAP,4.85
2016,PER_100000_POP,KZZHA,,F,KZZHA,11.49
2016,PER_100000_POP,KZZHS,,F,KZZHS,13.39
2016,PER_100000_POP,KZKAR,,F,KZKAR,6.05
2016,PER_100000_POP,KZKUS,,F,KZKUS,5.17
2016,PER_100000_POP,KZKZY,,F,KZKZY,8.59
2016,PER_100000_POP,KZMAN,,F,KZMAN,8.46
2016,PER_100000_POP,KZPAV,,F,KZPAV,5.0
2016,PER_100000_POP,KZSEV,,F,KZSEV,3.38
2016,PER_100000_POP,KZYUZ,,F,KZYUZ,10.52
2016,PER_100000_POP,KZVOS,,F,KZVOS,6.66
2016,PER_100000_POP,KZULU,,F,KZULU,6.89
2016,PER_100000_POP,KZNS,,F,KZNS,4.99
2016,PER_100000_POP,KZALA,,F,KZALA,4.79
2016,PER_100000_POP,KZSHY,,F,KZSHY,11.35
2016,PER_100000_POP,,U,F,,6.75
2016,PER_100000_POP,KZABY,U,F,KZABY,7.41
2016,PER_100000_POP,KZAKM,U,F,KZAKM,6.83
2016,PER_100000_POP,KZAKT,U,F,KZAKT,3.62
2016,PER_100000_POP,KZALM,U,F,KZALM,8.62
2016,PER_100000_POP,KZATY,U,F,KZATY,8.74
2016,PER_100000_POP,KZZAP,U,F,KZZAP,4.06
2016,PER_100000_POP,KZZHA,U,F,KZZHA,12.71
2016,PER_100000_POP,KZZHS,U,F,KZZHS,11.2
2016,PER_100000_POP,KZKAR,U,F,KZKAR,5.85
2016,PER_100000_POP,KZKUS,U,F,KZKUS,3.75
2016,PER_100000_POP,KZKZY,U,F,KZKZY,5.81
2016,PER_100000_POP,KZMAN,U,F,KZMAN,8.16
2016,PER_100000_POP,KZPAV,U,F,KZPAV,4.16
2016,PER_100000_POP,KZSEV,U,F,KZSEV,5.85
2016,PER_100000_POP,KZYUZ,U,F,KZYUZ,12.8
2016,PER_100000_POP,KZVOS,U,F,KZVOS,6.43
2016,PER_100000_POP,KZULU,U,F,KZULU,8.76
2016,PER_100000_POP,KZNS,U,F,KZNS,4.99
2016,PER_100000_POP,KZALA,U,F,KZALA,4.79
2016,PER_100000_POP,KZSHY,U,F,KZSHY,11.35
2016,PER_100000_POP,,R,F,,8.54
2016,PER_100000_POP,KZABY,R,F,KZABY,8.8
2016,PER_100000_POP,KZAKM,R,F,KZAKM,6.82
2016,PER_100000_POP,KZAKT,R,F,KZAKT,2.31
2016,PER_100000_POP,KZALM,R,F,KZALM,9.19
2016,PER_100000_POP,KZATY,R,F,KZATY,7.48
2016,PER_100000_POP,KZZAP,R,F,KZZAP,5.71
2016,PER_100000_POP,KZZHA,R,F,KZZHA,10.62
2016,PER_100000_POP,KZZHS,R,F,KZZHS,15.01
2016,PER_100000_POP,KZKAR,R,F,KZKAR,6.89
2016,PER_100000_POP,KZKUS,R,F,KZKUS,7.09
2016,PER_100000_POP,KZKZY,R,F,KZKZY,10.85
2016,PER_100000_POP,KZMAN,R,F,KZMAN,8.72
2016,PER_100000_POP,KZPAV,R,F,KZPAV,7.17
2016,PER_100000_POP,KZSEV,R,F,KZSEV,1.26
2016,PER_100000_POP,KZYUZ,R,F,KZYUZ,9.95
2016,PER_100000_POP,KZVOS,R,F,KZVOS,7.09
2016,PER_100000_POP,KZULU,R,F,KZULU,0.0
2017,PER_100000_POP,,,,,12.55
2017,PER_100000_POP,KZABY,,,KZABY,10.16
2017,PER_100000_POP,KZAKM,,,KZAKM,15.23
2017,PER_100000_POP,KZAKT,,,KZAKT,6.58
2017,PER_100000_POP,KZALM,,,KZALM,18.44
2017,PER_100000_POP,KZATY,,,KZATY,9.12
2017,PER_100000_POP,KZZAP,,,KZZAP,15.22
2017,PER_100000_POP,KZZHA,,,KZZHA,17.13
2017,PER_100000_POP,KZZHS,,,KZZHS,22.15
2017,PER_100000_POP,KZKAR,,,KZKAR,10.64
2017,PER_100000_POP,KZKUS,,,KZKUS,9.24
2017,PER_100000_POP,KZKZY,,,KZKZY,11.58
2017,PER_100000_POP,KZMAN,,,KZMAN,10.73
2017,PER_100000_POP,KZPAV,,,KZPAV,8.34
2017,PER_100000_POP,KZSEV,,,KZSEV,9.1
2017,PER_100000_POP,KZYUZ,,,KZYUZ,19.7
2017,PER_100000_POP,KZVOS,,,KZVOS,10.33
2017,PER_100000_POP,KZULU,,,KZULU,15.09
2017,PER_100000_POP,KZNS,,,KZNS,8.14
2017,PER_100000_POP,KZALA,,,KZALA,6.57
2017,PER_100000_POP,KZSHY,,,KZSHY,12.55
2017,PER_100000_POP,,U,,,10.19
2017,PER_100000_POP,KZABY,U,,KZABY,8.12
2017,PER_100000_POP,KZAKM,U,,KZAKM,18.37
2017,PER_100000_POP,KZAKT,U,,KZAKT,5.56
2017,PER_100000_POP,KZALM,U,,KZALM,12.68
2017,PER_100000_POP,KZATY,U,,KZATY,6.76
2017,PER_100000_POP,KZZAP,U,,KZZAP,13.97
2017,PER_100000_POP,KZZHA,U,,KZZHA,13.67
2017,PER_100000_POP,KZZHS,U,,KZZHS,20.91
2017,PER_100000_POP,KZKAR,U,,KZKAR,9.3
2017,PER_100000_POP,KZKUS,U,,KZKUS,7.87
2017,PER_100000_POP,KZKZY,U,,KZKZY,12.82
2017,PER_100000_POP,KZMAN,U,,KZMAN,9.76
2017,PER_100000_POP,KZPAV,U,,KZPAV,7.67
2017,PER_100000_POP,KZSEV,U,,KZSEV,5.57
2017,PER_100000_POP,KZYUZ,U,,KZYUZ,24.58
2017,PER_100000_POP,KZVOS,U,,KZVOS,8.47
2017,PER_100000_POP,KZULU,U,,KZULU,14.35
2017,PER_100000_POP,KZNS,U,,KZNS,8.14
2017,PER_100000_POP,KZALA,U,,KZALA,6.57
2017,PER_100000_POP,KZSHY,U,,KZSHY,12.55
2017,PER_100000_POP,,R,,,15.85
2017,PER_100000_POP,KZABY,R,,KZABY,13.06
2017,PER_100000_POP,KZAKM,R,,KZAKM,12.23
2017,PER_100000_POP,KZAKT,R,,KZAKT,8.94
2017,PER_100000_POP,KZALM,R,,KZALM,19.44
2017,PER_100000_POP,KZATY,R,,KZATY,12.06
2017,PER_100000_POP,KZZAP,R,,KZZAP,16.52
2017,PER_100000_POP,KZZHA,R,,KZZHA,19.44
2017,PER_100000_POP,KZZHS,R,,KZZHS,23.02
2017,PER_100000_POP,KZKAR,R,,KZKAR,16.04
2017,PER_100000_POP,KZKUS,R,,KZKUS,11.02
2017,PER_100000_POP,KZKZY,R,,KZKZY,10.59
2017,PER_100000_POP,KZMAN,R,,KZMAN,11.5
2017,PER_100000_POP,KZPAV,R,,KZPAV,9.94
2017,PER_100000_POP,KZSEV,R,,KZSEV,11.97
2017,PER_100000_POP,KZYUZ,R,,KZYUZ,18.49
2017,PER_100000_POP,KZVOS,R,,KZVOS,13.45
2017,PER_100000_POP,KZULU,R,,KZULU,17.64
2017,PER_100000_POP,,,M,,18.64
2017,PER_100000_POP,KZABY,,M,KZABY,16.9
2017,PER_100000_POP,KZAKM,,M,KZAKM,21.9
2017,PER_100000_POP,KZAKT,,M,KZAKT,9.71
2017,PER_100000_POP,KZALM,,M,KZALM,27.15
2017,PER_100000_POP,KZATY,,M,KZATY,12.24
2017,PER_100000_POP,KZZAP,,M,KZZAP,21.5
2017,PER_100000_POP,KZZHA,,M,KZZHA,22.29
2017,PER_100000_POP,KZZHS,,M,KZZHS,32.38
2017,PER_100000_POP,KZKAR,,M,KZKAR,16.51
2017,PER_100000_POP,KZKUS,,M,KZKUS,13.96
2017,PER_100000_POP,KZKZY,,M,KZKZY,17.21
2017,PER_100000_POP,KZMAN,,M,KZMAN,14.78
2017,PER_100000_POP,KZPAV,,M,KZPAV,11.76
2017,PER_100000_POP,KZSEV,,M,KZSEV,15.69
2017,PER_100000_POP,KZYUZ,,M,KZYUZ,28.83
2017,PER_100000_POP,KZVOS,,M,KZVOS,15.86
2017,PER_100000_POP,KZULU,,M,KZULU,20.11
2017,PER_100000_POP,KZNS,,M,KZNS,11.95
2017,PER_100000_POP,KZALA,,M,KZALA,9.71
2017,PER_100000_POP,KZSHY,,M,KZSHY,20.74
2017,PER_100000_POP,,U,M,,15.55
2017,PER_100000_POP,KZABY,U,M,KZABY,14.52
2017,PER_100000_POP,KZAKM,U,M,KZAKM,26.62
2017,PER_100000_POP,KZAKT,U,M,KZAKT,8.14
2017,PER_100000_POP,KZALM,U,M,KZALM,21.14
2017,PER_100000_POP,KZATY,U,M,KZATY,9.75
2017,PER_100000_POP,KZZAP,U,M,KZZAP,21.6
2017,PER_100000_POP,KZZHA,U,M,KZZHA,17.47
2017,PER_100000_POP,KZZHS,U,M,KZZHS,32.29
2017,PER_100000_POP,KZKAR,U,M,KZKAR,14.45
2017,PER_100000_POP,KZKUS,U,M,KZKUS,13.17
2017,PER_100000_POP,KZKZY,U,M,KZKZY,17.87
2017,PER_100000_POP,KZMAN,U,M,KZMAN,15.0
2017,PER_100000_POP,KZPAV,U,M,KZPAV,10.55
2017,PER_100000_POP,KZSEV,U,M,KZSEV,11.4
2017,PER_100000_POP,KZYUZ,U,M,KZYUZ,35.69
2017,PER_100000_POP,KZVOS,U,M,KZVOS,13.81
2017,PER_100000_POP,KZULU,U,M,KZULU,19.24
2017,PER_100000_POP,KZNS,U,M,KZNS,11.95
2017,PER_100000_POP,KZALA,U,M,KZALA,9.71
2017,PER_100000_POP,KZSHY,U,M,KZSHY,20.74
2017,PER_100000_POP,,R,M,,22.68
2017,PER_100000_POP,KZABY,R,M,KZABY,20.06
2017,PER_100000_POP,KZAKM,R,M,KZAKM,17.63
2017,PER_100000_POP,KZAKT,R,M,KZAKT,13.17
2017,PER_100000_POP,KZALM,R,M,KZALM,28.16
2017,PER_100000_POP,KZATY,R,M,KZATY,15.2
2017,PER_100000_POP,KZZAP,R,M,KZZAP,21.4
2017,PER_100000_POP,KZZHA,R,M,KZZHA,26.46
2017,PER_100000_POP,KZZHS,R,M,KZZHS,32.44
2017,PER_100000_POP,KZKAR,R,M,KZKAR,24.09
2017,PER_100000_POP,KZKUS,R,M,KZKUS,14.91
2017,PER_100000_POP,KZKZY,R,M,KZKZY,16.71
2017,PER_100000_POP,KZMAN,R,M,KZMAN,14.61
2017,PER_100000_POP,KZPAV,R,M,KZPAV,14.46
2017,PER_100000_POP,KZSEV,R,M,KZSEV,18.89
2017,PER_100000_POP,KZYUZ,R,M,KZYUZ,27.15
2017,PER_100000_POP,KZVOS,R,M,KZVOS,18.98
2017,PER_100000_POP,KZULU,R,M,KZULU,22.85
2017,PER_100000_POP,,,F,,6.84
2017,PER_100000_POP,KZABY,,F,KZABY,3.87
2017,PER_100000_POP,KZAKM,,F,KZAKM,8.97
2017,PER_100000_POP,KZAKT,,F,KZAKT,3.64
2017,PER_100000_POP,KZALM,,F,KZALM,9.93
2017,PER_100000_POP,KZATY,,F,KZATY,6.09
2017,PER_100000_POP,KZZAP,,F,KZZAP,9.33
2017,PER_100000_POP,KZZHA,,F,KZZHA,11.47
2017,PER_100000_POP,KZZHS,,F,KZZHS,12.19
2017,PER_100000_POP,KZKAR,,F,KZKAR,5.4
2017,PER_100000_POP,KZKUS,,F,KZKUS,4.99
2017,PER_100000_POP,KZKZY,,F,KZKZY,5.93
2017,PER_100000_POP,KZMAN,,F,KZMAN,6.72
2017,PER_100000_POP,KZPAV,,F,KZPAV,5.27
2017,PER_100000_POP,KZSEV,,F,KZSEV,3.08
2017,PER_100000_POP,KZYUZ,,F,KZYUZ,10.37
2017,PER_100000_POP,KZVOS,,F,KZVOS,5.4
2017,PER_100000_POP,KZULU,,F,KZULU,10.36
2017,PER_100000_POP,KZNS,,F,KZNS,4.59
2017,PER_100000_POP,KZALA,,F,KZALA,3.93
2017,PER_100000_POP,KZSHY,,F,KZSHY,4.96
2017,PER_100000_POP,,U,F,,5.42
2017,PER_100000_POP,KZABY,U,F,KZABY,2.46
2017,PER_100000_POP,KZAKM,U,F,KZAKM,11.04
2017,PER_100000_POP,KZAKT,U,F,KZAKT,3.21
2017,PER_100000_POP,KZALM,U,F,KZALM,4.87
2017,PER_100000_POP,KZATY,U,F,KZATY,3.97
2017,PER_100000_POP,KZZAP,U,F,KZZAP,7.36
2017,PER_100000_POP,KZZHA,U,F,KZZHA,10.24
2017,PER_100000_POP,KZZHS,U,F,KZZHS,10.52
2017,PER_100000_POP,KZKAR,U,F,KZKAR,4.84
2017,PER_100000_POP,KZKUS,U,F,KZKUS,3.36
2017,PER_100000_POP,KZKZY,U,F,KZKZY,7.99
2017,PER_100000_POP,KZMAN,U,F,KZMAN,4.76
2017,PER_100000_POP,KZPAV,U,F,KZPAV,5.21
2017,PER_100000_POP,KZSEV,U,F,KZSEV,0.73
2017,PER_100000_POP,KZYUZ,U,F,KZYUZ,13.37
2017,PER_100000_POP,KZVOS,U,F,KZVOS,3.99
2017,PER_100000_POP,KZULU,U,F,KZULU,9.88
2017,PER_100000_POP,KZNS,U,F,KZNS,4.59
2017,PER_100000_POP,KZALA,U,F,KZALA,3.93
2017,PER_100000_POP,KZSHY,U,F,KZSHY,4.96
2017,PER_100000_POP,,R,F,,8.96
2017,PER_100000_POP,KZABY,R,F,KZABY,6.0
2017,PER_100000_POP,KZAKM,R,F,KZAKM,6.88
2017,PER_100000_POP,KZAKT,R,F,KZAKT,4.68
2017,PER_100000_POP,KZALM,R,F,KZALM,10.84
2017,PER_100000_POP,KZATY,R,F,KZATY,8.86
2017,PER_100000_POP,KZZAP,R,F,KZZAP,11.55
2017,PER_100000_POP,KZZHA,R,F,KZZHA,12.34
2017,PER_100000_POP,KZZHS,R,F,KZZHS,13.43
2017,PER_100000_POP,KZKAR,R,F,KZKAR,7.87
2017,PER_100000_POP,KZKUS,R,F,KZKUS,7.24
2017,PER_100000_POP,KZKZY,R,F,KZKZY,4.23
2017,PER_100000_POP,KZMAN,R,F,KZMAN,8.32
2017,PER_100000_POP,KZPAV,R,F,KZPAV,5.43
2017,PER_100000_POP,KZSEV,R,F,KZSEV,5.14
2017,PER_100000_POP,KZYUZ,R,F,KZYUZ,9.62
2017,PER_100000_POP,KZVOS,R,F,KZVOS,7.96
2017,PER_100000_POP,KZULU,R,F,KZULU,12.11
2018,PER_100000_POP,,,,,13.2
2018,PER_100000_POP,KZAKM,,,KZAKM,10.56
2018,PER_100000_POP,KZAKT,,,KZAKT,12.74
2018,PER_100000_POP,KZALM,,,KZALM,16.72
2018,PER_100000_POP,KZATY,,,KZATY,16.1
2018,PER_100000_POP,KZZAP,,,KZZAP,17.86
2018,PER_100000_POP,KZZHA,,,KZZHA,17.57
2018,PER_100000_POP,KZKAR,,,KZKAR,14.72
2018,PER_100000_POP,KZKUS,,,KZKUS,9.72
2018,PER_100000_POP,KZKZY,,,KZKZY,12.04
2018,PER_100000_POP,KZMAN,,,KZMAN,7.77
2018,PER_100000_POP,KZPAV,,,KZPAV,11.27
2018,PER_100000_POP,KZSEV,,,KZSEV,9.7
2018,PER_100000_POP,KZYUZ,,,KZYUZ,18.58
2018,PER_100000_POP,KZVOS,,,KZVOS,10.79
2018,PER_100000_POP,KZNS,,,KZNS,8.16
2018,PER_100000_POP,KZALA,,,KZALA,10.01
2018,PER_100000_POP,KZSHY,,,KZSHY,11.42
2018,PER_100000_POP,,U,,,11.49
2018,PER_100000_POP,KZAKM,U,,KZAKM,10.9
2018,PER_100000_POP,KZAKT,U,,KZAKT,11.51
2018,PER_100000_POP,KZALM,U,,KZALM,17.36
2018,PER_100000_POP,KZATY,U,,KZATY,16.17
2018,PER_100000_POP,KZZAP,U,,KZZAP,18.14
2018,PER_100000_POP,KZZHA,U,,KZZHA,15.27
2018,PER_100000_POP,KZKAR,U,,KZKAR,13.02
2018,PER_100000_POP,KZKUS,U,,KZKUS,10.12
2018,PER_100000_POP,KZKZY,U,,KZKZY,11.74
2018,PER_100000_POP,KZMAN,U,,KZMAN,8.51
2018,PER_100000_POP,KZPAV,U,,KZPAV,9.2
2018,PER_100000_POP,KZSEV,U,,KZSEV,5.95
2018,PER_100000_POP,KZYUZ,U,,KZYUZ,20.05
2018,PER_100000_POP,KZVOS,U,,KZVOS,8.26
2018,PER_100000_POP,KZNS,U,,KZNS,8.16
2018,PER_100000_POP,KZALA,U,,KZALA,10.01
2018,PER_100000_POP,KZSHY,U,,KZSHY,11.42
2018,PER_100000_POP,,R,,,15.58
2018,PER_100000_POP,KZAKM,R,,KZAKM,10.25
2018,PER_100000_POP,KZAKT,R,,KZAKT,15.66
2018,PER_100000_POP,KZALM,R,,KZALM,16.53
2018,PER_100000_POP,KZATY,R,,KZATY,16.03
2018,PER_100000_POP,KZZAP,R,,KZZAP,17.55
2018,PER_100000_POP,KZZHA,R,,KZZHA,19.09
2018,PER_100000_POP,KZKAR,R,,KZKAR,21.33
2018,PER_100000_POP,KZKUS,R,,KZKUS,9.25
2018,PER_100000_POP,KZKZY,R,,KZKZY,12.28
2018,PER_100000_POP,KZMAN,R,,KZMAN,7.27
2018,PER_100000_POP,KZPAV,R,,KZPAV,16.25
2018,PER_100000_POP,KZSEV,R,,KZSEV,12.81
2018,PER_100000_POP,KZYUZ,R,,KZYUZ,18.22
2018,PER_100000_POP,KZVOS,R,,KZVOS,14.8
2018,PER_100000_POP,,,M,,20.02
2018,PER_100000_POP,KZAKM,,M,KZAKM,17.02
2018,PER_100000_POP,KZAKT,,M,KZAKT,18.65
2018,PER_100000_POP,KZALM,,M,KZALM,26.49
2018,PER_100000_POP,KZATY,,M,KZATY,22.65
2018,PER_100000_POP,KZZAP,,M,KZZAP,27.64
2018,PER_100000_POP,KZZHA,,M,KZZHA,26.82
2018,PER_100000_POP,KZKAR,,M,KZKAR,21.85
2018,PER_100000_POP,KZKUS,,M,KZKUS,14.46
2018,PER_100000_POP,KZKZY,,M,KZKZY,18.46
2018,PER_100000_POP,KZMAN,,M,KZMAN,11.7
2018,PER_100000_POP,KZPAV,,M,KZPAV,16.81
2018,PER_100000_POP,KZSEV,,M,KZSEV,14.66
2018,PER_100000_POP,KZYUZ,,M,KZYUZ,28.02
2018,PER_100000_POP,KZVOS,,M,KZVOS,17.46
2018,PER_100000_POP,KZNS,,M,KZNS,12.23
2018,PER_100000_POP,KZALA,,M,KZALA,13.29
2018,PER_100000_POP,KZSHY,,M,KZSHY,16.75
2018,PER_100000_POP,,U,M,,17.73
2018,PER_100000_POP,KZAKM,U,M,KZAKM,16.45
2018,PER_100000_POP,KZAKT,U,M,KZAKT,16.91
2018,PER_100000_POP,KZALM,U,M,KZALM,30.37
2018,PER_100000_POP,KZATY,U,M,KZATY,24.69
2018,PER_100000_POP,KZZAP,U,M,KZZAP,30.69
2018,PER_100000_POP,KZZHA,U,M,KZZHA,23.15
2018,PER_100000_POP,KZKAR,U,M,KZKAR,19.92
2018,PER_100000_POP,KZKUS,U,M,KZKUS,16.07
2018,PER_100000_POP,KZKZY,U,M,KZKZY,19.29
2018,PER_100000_POP,KZMAN,U,M,KZMAN,12.57
2018,PER_100000_POP,KZPAV,U,M,KZPAV,13.83
2018,PER_100000_POP,KZSEV,U,M,KZSEV,10.47
2018,PER_100000_POP,KZYUZ,U,M,KZYUZ,33.7
2018,PER_100000_POP,KZVOS,U,M,KZVOS,14.3
2018,PER_100000_POP,KZNS,U,M,KZNS,12.23
2018,PER_100000_POP,KZALA,U,M,KZALA,13.29
2018,PER_100000_POP,KZSHY,U,M,KZSHY,16.75
2018,PER_100000_POP,,R,M,,22.99
2018,PER_100000_POP,KZAKM,R,M,KZAKM,17.5
2018,PER_100000_POP,KZAKT,R,M,KZAKT,22.59
2018,PER_100000_POP,KZALM,R,M,KZALM,25.4
2018,PER_100000_POP,KZATY,R,M,KZATY,20.51
2018,PER_100000_POP,KZZAP,R,M,KZZAP,24.62
2018,PER_100000_POP,KZZHA,R,M,KZZHA,29.09
2018,PER_100000_POP,KZKAR,R,M,KZKAR,28.82
2018,PER_100000_POP,KZKUS,R,M,KZKUS,12.69
2018,PER_100000_POP,KZKZY,R,M,KZKZY,17.84
2018,PER_100000_POP,KZMAN,R,M,KZMAN,11.1
2018,PER_100000_POP,KZPAV,R,M,KZPAV,23.41
2018,PER_100000_POP,KZSEV,R,M,KZSEV,17.83
2018,PER_100000_POP,KZYUZ,R,M,KZYUZ,26.65
2018,PER_100000_POP,KZVOS,R,M,KZVOS,22.09
2018,PER_100000_POP,,,F,,6.8
2018,PER_100000_POP,KZAKM,,F,KZAKM,4.47
2018,PER_100000_POP,KZAKT,,F,KZAKT,7.18
2018,PER_100000_POP,KZALM,,F,KZALM,7.13
2018,PER_100000_POP,KZATY,,F,KZATY,9.74
2018,PER_100000_POP,KZZAP,,F,KZZAP,8.66
2018,PER_100000_POP,KZZHA,,F,KZZHA,8.61
2018,PER_100000_POP,KZKAR,,F,KZKAR,8.27
2018,PER_100000_POP,KZKUS,,F,KZKUS,5.44
2018,PER_100000_POP,KZKZY,,F,KZKZY,5.59
2018,PER_100000_POP,KZMAN,,F,KZMAN,3.87
2018,PER_100000_POP,KZPAV,,F,KZPAV,6.29
2018,PER_100000_POP,KZSEV,,F,KZSEV,5.16
2018,PER_100000_POP,KZYUZ,,F,KZYUZ,8.9
2018,PER_100000_POP,KZVOS,,F,KZVOS,4.71
2018,PER_100000_POP,KZNS,,F,KZNS,4.38
2018,PER_100000_POP,KZALA,,F,KZALA,7.25
2018,PER_100000_POP,KZSHY,,F,KZSHY,6.48
2018,PER_100000_POP,,U,F,,5.92
2018,PER_100000_POP,KZAKM,U,F,KZAKM,5.97
2018,PER_100000_POP,KZAKT,U,F,KZAKT,6.59
2018,PER_100000_POP,KZALM,U,F,KZALM,5.41
2018,PER_100000_POP,KZATY,U,F,KZATY,8.24
2018,PER_100000_POP,KZZAP,U,F,KZZAP,7.23
2018,PER_100000_POP,KZZHA,U,F,KZZHA,8.13
2018,PER_100000_POP,KZKAR,U,F,KZKAR,6.99
2018,PER_100000_POP,KZKUS,U,F,KZKUS,5.07
2018,PER_100000_POP,KZKZY,U,F,KZKZY,4.49
2018,PER_100000_POP,KZMAN,U,F,KZMAN,4.45
2018,PER_100000_POP,KZPAV,U,F,KZPAV,5.23
2018,PER_100000_POP,KZSEV,U,F,KZSEV,2.18
2018,PER_100000_POP,KZYUZ,U,F,KZYUZ,6.21
2018,PER_100000_POP,KZVOS,U,F,KZVOS,3.07
2018,PER_100000_POP,KZNS,U,F,KZNS,4.38
2018,PER_100000_POP,KZALA,U,F,KZALA,7.25
2018,PER_100000_POP,KZSHY,U,F,KZSHY,6.48
2018,PER_100000_POP,,R,F,,8.09
2018,PER_100000_POP,KZAKM,R,F,KZAKM,3.06
2018,PER_100000_POP,KZAKT,R,F,KZAKT,8.66
2018,PER_100000_POP,KZALM,R,F,KZALM,7.66
2018,PER_100000_POP,KZATY,R,F,KZATY,11.46
2018,PER_100000_POP,KZZAP,R,F,KZZAP,10.32
2018,PER_100000_POP,KZZHA,R,F,KZZHA,8.94
2018,PER_100000_POP,KZKAR,R,F,KZKAR,13.67
2018,PER_100000_POP,KZKUS,R,F,KZKUS,5.91
2018,PER_100000_POP,KZKZY,R,F,KZKZY,6.5
2018,PER_100000_POP,KZMAN,R,F,KZMAN,3.48
2018,PER_100000_POP,KZPAV,R,F,KZPAV,9.05
2018,PER_100000_POP,KZSEV,R,F,KZSEV,7.85
2018,PER_100000_POP,KZYUZ,R,F,KZYUZ,9.56
2018,PER_100000_POP,KZVOS,R,F,KZVOS,7.5
2019,PER_100000_POP,,,,,13.97
2019,PER_100000_POP,KZABY,,,KZABY,6.52
2019,PER_100000_POP,KZAKM,,,KZAKM,14.26
2019,PER_100000_POP,KZAKT,,,KZAKT,8.68
2019,PER_100000_POP,KZALM,,,KZALM,18.45
2019,PER_100000_POP,KZATY,,,KZATY,11.41
2019,PER_100000_POP,KZZAP,,,KZZAP,20.17
2019,PER_100000_POP,KZZHA,,,KZZHA,18.64
2019,PER_100000_POP,KZZHS,,,KZZHS,22.5
2019,PER_100000_POP,KZKAR,,,KZKAR,12.0
2019,PER_100000_POP,KZKUS,,,KZKUS,9.66
2019,PER_100000_POP,KZKZY,,,KZKZY,15.78
2019,PER_100000_POP,KZMAN,,,KZMAN,11.32
2019,PER_100000_POP,KZPAV,,,KZPAV,10.76
2019,PER_100000_POP,KZSEV,,,KZSEV,7.08
2019,PER_100000_POP,KZYUZ,,,KZYUZ,23.78
2019,PER_100000_POP,KZVOS,,,KZVOS,12.76
2019,PER_100000_POP,KZULU,,,KZULU,15.42
2019,PER_100000_POP,KZNS,,,KZNS,6.29
2019,PER_100000_POP,KZALA,,,KZALA,9.95
2019,PER_100000_POP,KZSHY,,,KZSHY,13.39
2019,PER_100000_POP,,U,,,11.3
2019,PER_100000_POP,KZABY,U,,KZABY,5.19
2019,PER_100000_POP,KZAKM,U,,KZAKM,14.65
2019,PER_100000_POP,KZAKT,U,,KZAKT,7.25
2019,PER_100000_POP,KZALM,U,,KZALM,11.88
2019,PER_100000_POP,KZATY,U,,KZATY,9.35
2019,PER_100000_POP,KZZAP,U,,KZZAP,17.82
2019,PER_100000_POP,KZZHA,U,,KZZHA,17.88
2019,PER_100000_POP,KZZHS,U,,KZZHS,23.75
2019,PER_100000_POP,KZKAR,U,,KZKAR,10.18
2019,PER_100000_POP,KZKUS,U,,KZKUS,9.76
2019,PER_100000_POP,KZKZY,U,,KZKZY,15.79
2019,PER_100000_POP,KZMAN,U,,KZMAN,12.4
2019,PER_100000_POP,KZPAV,U,,KZPAV,7.71
2019,PER_100000_POP,KZSEV,U,,KZSEV,5.54
2019,PER_100000_POP,KZYUZ,U,,KZYUZ,22.82
2019,PER_100000_POP,KZVOS,U,,KZVOS,9.68
2019,PER_100000_POP,KZULU,U,,KZULU,17.69
2019,PER_100000_POP,KZNS,U,,KZNS,6.29
2019,PER_100000_POP,KZALA,U,,KZALA,9.95
2019,PER_100000_POP,KZSHY,U,,KZSHY,13.39
2019,PER_100000_POP,,R,,,17.78
2019,PER_100000_POP,KZABY,R,,KZABY,8.49
2019,PER_100000_POP,KZAKM,R,,KZAKM,13.88
2019,PER_100000_POP,KZAKT,R,,KZAKT,12.21
2019,PER_100000_POP,KZALM,R,,KZALM,19.46
2019,PER_100000_POP,KZATY,R,,KZATY,13.96
2019,PER_100000_POP,KZZAP,R,,KZZAP,22.75
2019,PER_100000_POP,KZZHA,R,,KZZHA,19.15
2019,PER_100000_POP,KZZHS,R,,KZZHS,21.65
2019,PER_100000_POP,KZKAR,R,,KZKAR,19.37
2019,PER_100000_POP,KZKUS,R,,KZKUS,9.51
2019,PER_100000_POP,KZKZY,R,,KZKZY,15.78
2019,PER_100000_POP,KZMAN,R,,KZMAN,10.53
2019,PER_100000_POP,KZPAV,R,,KZPAV,18.1
2019,PER_100000_POP,KZSEV,R,,KZSEV,8.39
2019,PER_100000_POP,KZYUZ,R,,KZYUZ,24.01
2019,PER_100000_POP,KZVOS,R,,KZVOS,18.18
2019,PER_100000_POP,KZULU,R,,KZULU,7.74
2019,PER_100000_POP,,,M,,21.2
2019,PER_100000_POP,KZABY,,M,KZABY,8.02
2019,PER_100000_POP,KZAKM,,M,KZAKM,20.98
2019,PER_100000_POP,KZAKT,,M,KZAKT,11.32
2019,PER_100000_POP,KZALM,,M,KZALM,27.59
2019,PER_100000_POP,KZATY,,M,KZATY,19.03
2019,PER_100000_POP,KZZAP,,M,KZZAP,29.93
2019,PER_100000_POP,KZZHA,,M,KZZHA,29.18
2019,PER_100000_POP,KZZHS,,M,KZZHS,29.36
2019,PER_100000_POP,KZKAR,,M,KZKAR,18.03
2019,PER_100000_POP,KZKUS,,M,KZKUS,13.8
2019,PER_100000_POP,KZKZY,,M,KZKZY,26.72
2019,PER_100000_POP,KZMAN,,M,KZMAN,17.77
2019,PER_100000_POP,KZPAV,,M,KZPAV,16.27
2019,PER_100000_POP,KZSEV,,M,KZSEV,11.0
2019,PER_100000_POP,KZYUZ,,M,KZYUZ,36.71
2019,PER_100000_POP,KZVOS,,M,KZVOS,21.52
2019,PER_100000_POP,KZULU,,M,KZULU,21.75
2019,PER_100000_POP,KZNS,,M,KZNS,9.74
2019,PER_100000_POP,KZALA,,M,KZALA,14.1
2019,PER_100000_POP,KZSHY,,M,KZSHY,19.91
2019,PER_100000_POP,,U,M,,16.89
2019,PER_100000_POP,KZABY,U,M,KZABY,6.63
2019,PER_100000_POP,KZAKM,U,M,KZAKM,22.27
2019,PER_100000_POP,KZAKT,U,M,KZAKT,9.79
2019,PER_100000_POP,KZALM,U,M,KZALM,18.08
2019,PER_100000_POP,KZATY,U,M,KZATY,16.4
2019,PER_100000_POP,KZZAP,U,M,KZZAP,23.81
2019,PER_100000_POP,KZZHA,U,M,KZZHA,27.27
2019,PER_100000_POP,KZZHS,U,M,KZZHS,27.95
2019,PER_100000_POP,KZKAR,U,M,KZKAR,15.85
2019,PER_100000_POP,KZKUS,U,M,KZKUS,13.85
2019,PER_100000_POP,KZKZY,U,M,KZKZY,26.42
2019,PER_100000_POP,KZMAN,U,M,KZMAN,19.87
2019,PER_100000_POP,KZPAV,U,M,KZPAV,11.0
2019,PER_100000_POP,KZSEV,U,M,KZSEV,8.69
2019,PER_100000_POP,KZYUZ,U,M,KZYUZ,35.34
2019,PER_100000_POP,KZVOS,U,M,KZVOS,16.5
2019,PER_100000_POP,KZULU,U,M,KZULU,27.48
2019,PER_100000_POP,KZNS,U,M,KZNS,9.74
2019,PER_100000_POP,KZALA,U,M,KZALA,14.1
2019,PER_100000_POP,KZSHY,U,M,KZSHY,19.91
2019,PER_100000_POP,,R,M,,26.95
2019,PER_100000_POP,KZABY,R,M,KZABY,9.97
2019,PER_100000_POP,KZAKM,R,M,KZAKM,19.8
2019,PER_100000_POP,KZAKT,R,M,KZAKT,14.85
2019,PER_100000_POP,KZALM,R,M,KZALM,29.0
2019,PER_100000_POP,KZATY,R,M,KZATY,22.13
2019,PER_100000_POP,KZZAP,R,M,KZZAP,36.11
2019,PER_100000_POP,KZZHA,R,M,KZZHA,30.37
2019,PER_100000_POP,KZZHS,R,M,KZZHS,30.28
2019,PER_100000_POP,KZKAR,R,M,KZKAR,26.18
2019,PER_100000_POP,KZKUS,R,M,KZKUS,13.73
2019,PER_100000_POP,KZKZY,R,M,KZKZY,26.95
2019,PER_100000_POP,KZMAN,R,M,KZMAN,16.3
2019,PER_100000_POP,KZPAV,R,M,KZPAV,27.92
2019,PER_100000_POP,KZSEV,R,M,KZSEV,12.79
2019,PER_100000_POP,KZYUZ,R,M,KZYUZ,37.06
2019,PER_100000_POP,KZVOS,R,M,KZVOS,29.58
2019,PER_100000_POP,KZULU,R,M,KZULU,3.75
2019,PER_100000_POP,,,F,,7.17
2019,PER_100000_POP,KZABY,,F,KZABY,5.11
2019,PER_100000_POP,KZAKM,,F,KZAKM,7.92
2019,PER_100000_POP,KZAKT,,F,KZAKT,6.21
2019,PER_100000_POP,KZALM,,F,KZALM,9.46
2019,PER_100000_POP,KZATY,,F,KZATY,4.01
2019,PER_100000_POP,KZZAP,,F,KZZAP,10.98
2019,PER_100000_POP,KZZHA,,F,KZZHA,8.4
2019,PER_100000_POP,KZZHS,,F,KZZHS,15.81
2019,PER_100000_POP,KZKAR,,F,KZKAR,6.59
2019,PER_100000_POP,KZKUS,,F,KZKUS,5.91
2019,PER_100000_POP,KZKZY,,F,KZKZY,4.78
2019,PER_100000_POP,KZMAN,,F,KZMAN,4.92
2019,PER_100000_POP,KZPAV,,F,KZPAV,5.8
2019,PER_100000_POP,KZSEV,,F,KZSEV,3.48
2019,PER_100000_POP,KZYUZ,,F,KZYUZ,10.46
2019,PER_100000_POP,KZVOS,,F,KZVOS,4.94
2019,PER_100000_POP,KZULU,,F,KZULU,9.43
2019,PER_100000_POP,KZNS,,F,KZNS,3.11
2019,PER_100000_POP,KZALA,,F,KZALA,6.44
2019,PER_100000_POP,KZSHY,,F,KZSHY,7.34
2019,PER_100000_POP,,U,F,,6.31
2019,PER_100000_POP,KZABY,U,F,KZABY,3.92
2019,PER_100000_POP,KZAKM,U,F,KZAKM,7.85
2019,PER_100000_POP,KZAKT,U,F,KZAKT,4.92
2019,PER_100000_POP,KZALM,U,F,KZALM,6.2
2019,PER_100000_POP,KZATY,U,F,KZATY,2.74
2019,PER_100000_POP,KZZAP,U,F,KZZAP,12.59
2019,PER_100000_POP,KZZHA,U,F,KZZHA,9.37
2019,PER_100000_POP,KZZHS,U,F,KZZHS,19.89
2019,PER_100000_POP,KZKAR,U,F,KZKAR,5.26
2019,PER_100000_POP,KZKUS,U,F,KZKUS,6.27
2019,PER_100000_POP,KZKZY,U,F,KZKZY,5.54
2019,PER_100000_POP,KZMAN,U,F,KZMAN,5.35
2019,PER_100000_POP,KZPAV,U,F,KZPAV,4.89
2019,PER_100000_POP,KZSEV,U,F,KZSEV,2.9
2019,PER_100000_POP,KZYUZ,U,F,KZYUZ,10.11
2019,PER_100000_POP,KZVOS,U,F,KZVOS,3.96
2019,PER_100000_POP,KZULU,U,F,KZULU,8.73
2019,PER_100000_POP,KZNS,U,F,KZNS,3.11
2019,PER_100000_POP,KZALA,U,F,KZALA,6.44
2019,PER_100000_POP,KZSHY,U,F,KZSHY,7.34
2019,PER_100000_POP,,R,F,,8.48
2019,PER_100000_POP,KZABY,R,F,KZABY,6.99
2019,PER_100000_POP,KZAKM,R,F,KZAKM,7.99
2019,PER_100000_POP,KZAKT,R,F,KZAKT,9.52
2019,PER_100000_POP,KZALM,R,F,KZALM,9.99
2019,PER_100000_POP,KZATY,R,F,KZATY,5.64
2019,PER_100000_POP,KZZAP,R,F,KZZAP,9.07
2019,PER_100000_POP,KZZHA,R,F,KZZHA,7.72
2019,PER_100000_POP,KZZHS,R,F,KZZHS,12.85
2019,PER_100000_POP,KZKAR,R,F,KZKAR,12.43
2019,PER_100000_POP,KZKUS,R,F,KZKUS,5.38
2019,PER_100000_POP,KZKZY,R,F,KZKZY,4.14
2019,PER_100000_POP,KZMAN,R,F,KZMAN,4.59
2019,PER_100000_POP,KZPAV,R,F,KZPAV,8.18
2019,PER_100000_POP,KZSEV,R,F,KZSEV,4.01
2019,PER_100000_POP,KZYUZ,R,F,KZYUZ,10.55
2019,PER_100000_POP,KZVOS,R,F,KZVOS,6.81
2019,PER_100000_POP,KZULU,R,F,KZULU,11.98
2020,PER_100000_POP,,,,,10.98
2020,PER_100000_POP,KZABY,,,KZABY,6.08
2020,PER_100000_POP,KZAKM,,,KZAKM,11.98
2020,PER_100000_POP,KZAKT,,,KZAKT,6.2
2020,PER_100000_POP,KZALM,,,KZALM,16.54
2020,PER_100000_POP,KZATY,,,KZATY,14.13
2020,PER_100000_POP,KZZAP,,,KZZAP,13.05
2020,PER_100000_POP,KZZHA,,,KZZHA,14.82
2020,PER_100000_POP,KZZHS,,,KZZHS,15.86
2020,PER_100000_POP,KZKAR,,,KZKAR,12.45
2020,PER_100000_POP,KZKUS,,,KZKUS,10.16
2020,PER_100000_POP,KZKZY,,,KZKZY,12.12
2020,PER_100000_POP,KZMAN,,,KZMAN,11.84
2020,PER_100000_POP,KZPAV,,,KZPAV,8.65
2020,PER_100000_POP,KZSEV,,,KZSEV,10.45
2020,PER_100000_POP,KZYUZ,,,KZYUZ,16.27
2020,PER_100000_POP,KZVOS,,,KZVOS,5.38
2020,PER_100000_POP,KZULU,,,KZULU,15.4
2020,PER_100000_POP,KZNS,,,KZNS,5.57
2020,PER_100000_POP,KZALA,,,KZALA,4.36
2020,PER_100000_POP,KZSHY,,,KZSHY,10.04
2020,PER_100000_POP,,U,,,8.43
2020,PER_100000_POP,KZABY,U,,KZABY,3.11
2020,PER_100000_POP,KZAKM,U,,KZAKM,14.28
2020,PER_100000_POP,KZAKT,U,,KZAKT,4.73
2020,PER_100000_POP,KZALM,U,,KZALM,18.04
2020,PER_100000_POP,KZATY,U,,KZATY,8.66
2020,PER_100000_POP,KZZAP,U,,KZZAP,10.38
2020,PER_100000_POP,KZZHA,U,,KZZHA,14.85
2020,PER_100000_POP,KZZHS,U,,KZZHS,15.15
2020,PER_100000_POP,KZKAR,U,,KZKAR,11.04
2020,PER_100000_POP,KZKUS,U,,KZKUS,10.11
2020,PER_100000_POP,KZKZY,U,,KZKZY,11.35
2020,PER_100000_POP,KZMAN,U,,KZMAN,8.37
2020,PER_100000_POP,KZPAV,U,,KZPAV,9.04
2020,PER_100000_POP,KZSEV,U,,KZSEV,4.74
2020,PER_100000_POP,KZYUZ,U,,KZYUZ,13.81
2020,PER_100000_POP,KZVOS,U,,KZVOS,3.01
2020,PER_100000_POP,KZULU,U,,KZULU,15.38
2020,PER_100000_POP,KZNS,U,,KZNS,5.57
2020,PER_100000_POP,KZALA,U,,KZALA,4.36
2020,PER_100000_POP,KZSHY,U,,KZSHY,10.04
2020,PER_100000_POP,,R,,,14.68
2020,PER_100000_POP,KZABY,R,,KZABY,10.57
2020,PER_100000_POP,KZAKM,R,,KZAKM,9.71
2020,PER_100000_POP,KZAKT,R,,KZAKT,9.88
2020,PER_100000_POP,KZALM,R,,KZALM,16.32
2020,PER_100000_POP,KZATY,R,,KZATY,20.81
2020,PER_100000_POP,KZZAP,R,,KZZAP,16.02
2020,PER_100000_POP,KZZHA,R,,KZZHA,14.8
2020,PER_100000_POP,KZZHS,R,,KZZHS,16.36
2020,PER_100000_POP,KZKAR,R,,KZKAR,18.24
2020,PER_100000_POP,KZKUS,R,,KZKUS,10.23
2020,PER_100000_POP,KZKZY,R,,KZKZY,12.74
2020,PER_100000_POP,KZMAN,R,,KZMAN,14.35
2020,PER_100000_POP,KZPAV,R,,KZPAV,7.71
2020,PER_100000_POP,KZSEV,R,,KZSEV,15.39
2020,PER_100000_POP,KZYUZ,R,,KZYUZ,16.9
2020,PER_100000_POP,KZVOS,R,,KZVOS,9.64
2020,PER_100000_POP,KZULU,R,,KZULU,15.47
2020,PER_100000_POP,,,M,,17.13
2020,PER_100000_POP,KZABY,,M,KZABY,9.34
2020,PER_100000_POP,KZAKM,,M,KZAKM,20.45
2020,PER_100000_POP,KZAKT,,M,KZAKT,8.13
2020,PER_100000_POP,KZALM,,M,KZALM,26.08
2020,PER_100000_POP,KZATY,,M,KZATY,22.42
2020,PER_100000_POP,KZZAP,,M,KZZAP,20.31
2020,PER_100000_POP,KZZHA,,M,KZZHA,23.24
2020,PER_100000_POP,KZZHS,,M,KZZHS,23.87
2020,PER_100000_POP,KZKAR,,M,KZKAR,20.61
2020,PER_100000_POP,KZKUS,,M,KZKUS,15.32
2020,PER_100000_POP,KZKZY,,M,KZKZY,18.24
2020,PER_100000_POP,KZMAN,,M,KZMAN,17.81
2020,PER_100000_POP,KZPAV,,M,KZPAV,12.92
2020,PER_100000_POP,KZSEV,,M,KZSEV,19.92
2020,PER_100000_POP,KZYUZ,,M,KZYUZ,24.49
2020,PER_100000_POP,KZVOS,,M,KZVOS,8.48
2020,PER_100000_POP,KZULU,,M,KZULU,22.62
2020,PER_100000_POP,KZNS,,M,KZNS,8.76
2020,PER_100000_POP,KZALA,,M,KZALA,6.14
2020,PER_100000_POP,KZSHY,,M,KZSHY,14.71
2020,PER_100000_POP,,U,M,,13.06
2020,PER_100000_POP,KZABY,U,M,KZABY,4.41
2020,PER_100000_POP,KZAKM,U,M,KZAKM,22.7
2020,PER_100000_POP,KZAKT,U,M,KZAKT,6.93
2020,PER_100000_POP,KZALM,U,M,KZALM,35.62
2020,PER_100000_POP,KZATY,U,M,KZATY,15.0
2020,PER_100000_POP,KZZAP,U,M,KZZAP,16.66
2020,PER_100000_POP,KZZHA,U,M,KZZHA,22.38
2020,PER_100000_POP,KZZHS,U,M,KZZHS,23.98
2020,PER_100000_POP,KZKAR,U,M,KZKAR,18.62
2020,PER_100000_POP,KZKUS,U,M,KZKUS,15.93
2020,PER_100000_POP,KZKZY,U,M,KZKZY,15.77
2020,PER_100000_POP,KZMAN,U,M,KZMAN,13.81
2020,PER_100000_POP,KZPAV,U,M,KZPAV,14.7
2020,PER_100000_POP,KZSEV,U,M,KZSEV,9.55
2020,PER_100000_POP,KZYUZ,U,M,KZYUZ,16.35
2020,PER_100000_POP,KZVOS,U,M,KZVOS,4.71
2020,PER_100000_POP,KZULU,U,M,KZULU,21.46
2020,PER_100000_POP,KZNS,U,M,KZNS,8.76
2020,PER_100000_POP,KZALA,U,M,KZALA,6.14
2020,PER_100000_POP,KZSHY,U,M,KZSHY,14.71
2020,PER_100000_POP,,R,M,,22.64
2020,PER_100000_POP,KZABY,R,M,KZABY,16.3
2020,PER_100000_POP,KZAKM,R,M,KZAKM,18.36
2020,PER_100000_POP,KZAKT,R,M,KZAKT,10.96
2020,PER_100000_POP,KZALM,R,M,KZALM,24.71
2020,PER_100000_POP,KZATY,R,M,KZATY,31.13
2020,PER_100000_POP,KZZAP,R,M,KZZAP,24.06
2020,PER_100000_POP,KZZHA,R,M,KZZHA,23.78
2020,PER_100000_POP,KZZHS,R,M,KZZHS,23.8
2020,PER_100000_POP,KZKAR,R,M,KZKAR,28.17
2020,PER_100000_POP,KZKUS,R,M,KZKUS,14.51
2020,PER_100000_POP,KZKZY,R,M,KZKZY,20.15
2020,PER_100000_POP,KZMAN,R,M,KZMAN,20.57
2020,PER_100000_POP,KZPAV,R,M,KZPAV,9.01
2020,PER_100000_POP,KZSEV,R,M,KZSEV,28.12
2020,PER_100000_POP,KZYUZ,R,M,KZYUZ,26.55
2020,PER_100000_POP,KZVOS,R,M,KZVOS,14.66
2020,PER_100000_POP,KZULU,R,M,KZULU,26.25
2020,PER_100000_POP,,,F,,5.2
2020,PER_100000_POP,KZABY,,F,KZABY,3.02
2020,PER_100000_POP,KZAKM,,F,KZAKM,3.97
2020,PER_100000_POP,KZAKT,,F,KZAKT,4.38
2020,PER_100000_POP,KZALM,,F,KZALM,7.2
2020,PER_100000_POP,KZATY,,F,KZATY,6.06
2020,PER_100000_POP,KZZAP,,F,KZZAP,6.2
2020,PER_100000_POP,KZZHA,,F,KZZHA,6.62
2020,PER_100000_POP,KZZHS,,F,KZZHS,8.06
2020,PER_100000_POP,KZKAR,,F,KZKAR,5.12
2020,PER_100000_POP,KZKUS,,F,KZKUS,5.5
2020,PER_100000_POP,KZKZY,,F,KZKZY,5.96
2020,PER_100000_POP,KZMAN,,F,KZMAN,5.9
2020,PER_100000_POP,KZPAV,,F,KZPAV,4.81
2020,PER_100000_POP,KZSEV,,F,KZSEV,1.76
2020,PER_100000_POP,KZYUZ,,F,KZYUZ,7.81
2020,PER_100000_POP,KZVOS,,F,KZVOS,2.61
2020,PER_100000_POP,KZULU,,F,KZULU,8.57
2020,PER_100000_POP,KZNS,,F,KZNS,2.64
2020,PER_100000_POP,KZALA,,F,KZALA,2.84
2020,PER_100000_POP,KZSHY,,F,KZSHY,5.67
2020,PER_100000_POP,,U,F,,4.28
2020,PER_100000_POP,KZABY,U,F,KZABY,1.96
2020,PER_100000_POP,KZAKM,U,F,KZAKM,6.76
2020,PER_100000_POP,KZAKT,U,F,KZAKT,2.72
2020,PER_100000_POP,KZALM,U,F,KZALM,2.09
2020,PER_100000_POP,KZATY,U,F,KZATY,2.71
2020,PER_100000_POP,KZZAP,U,F,KZZAP,4.87
2020,PER_100000_POP,KZZHA,U,F,KZZHA,8.03
2020,PER_100000_POP,KZZHS,U,F,KZZHS,7.07
2020,PER_100000_POP,KZKAR,U,F,KZKAR,4.45
2020,PER_100000_POP,KZKUS,U,F,KZKUS,5.14
2020,PER_100000_POP,KZKZY,U,F,KZKZY,7.08
2020,PER_100000_POP,KZMAN,U,F,KZMAN,3.25
2020,PER_100000_POP,KZPAV,U,F,KZPAV,4.2
2020,PER_100000_POP,KZSEV,U,F,KZSEV,0.72
2020,PER_100000_POP,KZYUZ,U,F,KZYUZ,11.23
2020,PER_100000_POP,KZVOS,U,F,KZVOS,1.58
2020,PER_100000_POP,KZULU,U,F,KZULU,9.82
2020,PER_100000_POP,KZNS,U,F,KZNS,2.64
2020,PER_100000_POP,KZALA,U,F,KZALA,2.84
2020,PER_100000_POP,KZSHY,U,F,KZSHY,5.67
2020,PER_100000_POP,,R,F,,6.61
2020,PER_100000_POP,KZABY,R,F,KZABY,4.74
2020,PER_100000_POP,KZAKM,R,F,KZAKM,1.08
2020,PER_100000_POP,KZAKT,R,F,KZAKT,8.77
2020,PER_100000_POP,KZALM,R,F,KZALM,8.0
2020,PER_100000_POP,KZATY,R,F,KZATY,10.32
2020,PER_100000_POP,KZZAP,R,F,KZZAP,7.78
2020,PER_100000_POP,KZZHA,R,F,KZZHA,5.63
2020,PER_100000_POP,KZZHS,R,F,KZZHS,8.78
2020,PER_100000_POP,KZKAR,R,F,KZKAR,8.09
2020,PER_100000_POP,KZKUS,R,F,KZKUS,6.03
2020,PER_100000_POP,KZKZY,R,F,KZKZY,5.02
2020,PER_100000_POP,KZMAN,R,F,KZMAN,7.92
2020,PER_100000_POP,KZPAV,R,F,KZPAV,6.39
2020,PER_100000_POP,KZSEV,R,F,KZSEV,2.73
2020,PER_100000_POP,KZYUZ,R,F,KZYUZ,6.93
2020,PER_100000_POP,KZVOS,R,F,KZVOS,4.63
2020,PER_100000_POP,KZULU,R,F,KZULU,3.99
2021,PER_100000_POP,,,,,11.68
2021,PER_100000_POP,KZABY,,,KZABY,9.4
2021,PER_100000_POP,KZAKM,,,KZAKM,11.86
2021,PER_100000_POP,KZAKT,,,KZAKT,16.12
2021,PER_100000_POP,KZALM,,,KZALM,15.15
2021,PER_100000_POP,KZATY,,,KZATY,9.21
2021,PER_100000_POP,KZZAP,,,KZZAP,11.91
2021,PER_100000_POP,KZZHA,,,KZZHA,13.82
2021,PER_100000_POP,KZZHS,,,KZZHS,19.58
2021,PER_100000_POP,KZKAR,,,KZKAR,11.08
2021,PER_100000_POP,KZKUS,,,KZKUS,10.81
2021,PER_100000_POP,KZKZY,,,KZKZY,14.38
2021,PER_100000_POP,KZMAN,,,KZMAN,10.67
2021,PER_100000_POP,KZPAV,,,KZPAV,8.95
2021,PER_100000_POP,KZSEV,,,KZSEV,8.71
2021,PER_100000_POP,KZYUZ,,,KZYUZ,17.35
2021,PER_100000_POP,KZVOS,,,KZVOS,6.1
2021,PER_100000_POP,KZULU,,,KZULU,13.66
2021,PER_100000_POP,KZNS,,,KZNS,7.39
2021,PER_100000_POP,KZALA,,,KZALA,4.79
2021,PER_100000_POP,KZSHY,,,KZSHY,12.53
2021,PER_100000_POP,,U,,,9.74
2021,PER_100000_POP,KZABY,U,,KZABY,8.8
2021,PER_100000_POP,KZAKM,U,,KZAKM,8.45
2021,PER_100000_POP,KZAKT,U,,KZAKT,14.08
2021,PER_100000_POP,KZALM,U,,KZALM,14.07
2021,PER_100000_POP,KZATY,U,,KZATY,6.88
2021,PER_100000_POP,KZZAP,U,,KZZAP,9.7
2021,PER_100000_POP,KZZHA,U,,KZZHA,15.1
2021,PER_100000_POP,KZZHS,U,,KZZHS,21.62
2021,PER_100000_POP,KZKAR,U,,KZKAR,9.74
2021,PER_100000_POP,KZKUS,U,,KZKUS,9.5
2021,PER_100000_POP,KZKZY,U,,KZKZY,13.58
2021,PER_100000_POP,KZMAN,U,,KZMAN,9.04
2021,PER_100000_POP,KZPAV,U,,KZPAV,9.06
2021,PER_100000_POP,KZSEV,U,,KZSEV,6.32
2021,PER_100000_POP,KZYUZ,U,,KZYUZ,18.5
2021,PER_100000_POP,KZVOS,U,,KZVOS,5.36
2021,PER_100000_POP,KZULU,U,,KZULU,14.27
2021,PER_100000_POP,KZNS,U,,KZNS,7.39
2021,PER_100000_POP,KZALA,U,,KZALA,4.79
2021,PER_100000_POP,KZSHY,U,,KZSHY,12.53
2021,PER_100000_POP,,R,,,14.55
2021,PER_100000_POP,KZABY,R,,KZABY,10.33
2021,PER_100000_POP,KZAKM,R,,KZAKM,15.28
2021,PER_100000_POP,KZAKT,R,,KZAKT,21.32
2021,PER_100000_POP,KZALM,R,,KZALM,15.31
2021,PER_100000_POP,KZATY,R,,KZATY,12.04
2021,PER_100000_POP,KZZAP,R,,KZZAP,14.38
2021,PER_100000_POP,KZZHA,R,,KZZHA,12.97
2021,PER_100000_POP,KZZHS,R,,KZZHS,18.16
2021,PER_100000_POP,KZKAR,R,,KZKAR,16.65
2021,PER_100000_POP,KZKUS,R,,KZKUS,12.66
2021,PER_100000_POP,KZKZY,R,,KZKZY,15.03
2021,PER_100000_POP,KZMAN,R,,KZMAN,11.87
2021,PER_100000_POP,KZPAV,R,,KZPAV,8.67
2021,PER_100000_POP,KZSEV,R,,KZSEV,10.81
2021,PER_100000_POP,KZYUZ,R,,KZYUZ,17.05
2021,PER_100000_POP,KZVOS,R,,KZVOS,7.45
2021,PER_100000_POP,KZULU,R,,KZULU,11.6
2021,PER_100000_POP,,,M,,17.65
2021,PER_100000_POP,KZABY,,M,KZABY,15.52
2021,PER_100000_POP,KZAKM,,M,KZAKM,17.93
2021,PER_100000_POP,KZAKT,,M,KZAKT,23.34
2021,PER_100000_POP,KZALM,,M,KZALM,21.94
2021,PER_100000_POP,KZATY,,M,KZATY,14.07
2021,PER_100000_POP,KZZAP,,M,KZZAP,18.29
2021,PER_100000_POP,KZZHA,,M,KZZHA,20.52
2021,PER_100000_POP,KZZHS,,M,KZZHS,26.52
2021,PER_100000_POP,KZKAR,,M,KZKAR,17.86
2021,PER_100000_POP,KZKUS,,M,KZKUS,15.89
2021,PER_100000_POP,KZKZY,,M,KZKZY,21.83
2021,PER_100000_POP,KZMAN,,M,KZMAN,15.92
2021,PER_100000_POP,KZPAV,,M,KZPAV,11.55
2021,PER_100000_POP,KZSEV,,M,KZSEV,13.16
2021,PER_100000_POP,KZYUZ,,M,KZYUZ,26.89
2021,PER_100000_POP,KZVOS,,M,KZVOS,10.29
2021,PER_100000_POP,KZULU,,M,KZULU,19.0
2021,PER_100000_POP,KZNS,,M,KZNS,10.78
2021,PER_100000_POP,KZALA,,M,KZALA,6.74
2021,PER_100000_POP,KZSHY,,M,KZSHY,19.65
2021,PER_100000_POP,,U,M,,14.33
2021,PER_100000_POP,KZABY,U,M,KZABY,14.27
2021,PER_100000_POP,KZAKM,U,M,KZAKM,12.12
2021,PER_100000_POP,KZAKT,U,M,KZAKT,19.09
2021,PER_100000_POP,KZALM,U,M,KZALM,23.93
2021,PER_100000_POP,KZATY,U,M,KZATY,9.66
2021,PER_100000_POP,KZZAP,U,M,KZZAP,15.24
2021,PER_100000_POP,KZZHA,U,M,KZZHA,23.44
2021,PER_100000_POP,KZZHS,U,M,KZZHS,25.31
2021,PER_100000_POP,KZKAR,U,M,KZKAR,15.34
2021,PER_100000_POP,KZKUS,U,M,KZKUS,12.03
2021,PER_100000_POP,KZKZY,U,M,KZKZY,19.32
2021,PER_100000_POP,KZMAN,U,M,KZMAN,12.0
2021,PER_100000_POP,KZPAV,U,M,KZPAV,12.27
2021,PER_100000_POP,KZSEV,U,M,KZSEV,8.68
2021,PER_100000_POP,KZYUZ,U,M,KZYUZ,27.87
2021,PER_100000_POP,KZVOS,U,M,KZVOS,9.41
2021,PER_100000_POP,KZULU,U,M,KZULU,19.1
2021,PER_100000_POP,KZNS,U,M,KZNS,10.78
2021,PER_100000_POP,KZALA,U,M,KZALA,6.74
2021,PER_100000_POP,KZSHY,U,M,KZSHY,19.65
2021,PER_100000_POP,,R,M,,22.22
2021,PER_100000_POP,KZABY,R,M,KZABY,17.3
2021,PER_100000_POP,KZAKM,R,M,KZAKM,23.43
2021,PER_100000_POP,KZAKT,R,M,KZAKT,33.59
2021,PER_100000_POP,KZALM,R,M,KZALM,21.65
2021,PER_100000_POP,KZATY,R,M,KZATY,19.23
2021,PER_100000_POP,KZZAP,R,M,KZZAP,21.45
2021,PER_100000_POP,KZZHA,R,M,KZZHA,18.69
2021,PER_100000_POP,KZZHS,R,M,KZZHS,27.31
2021,PER_100000_POP,KZKAR,R,M,KZKAR,27.53
2021,PER_100000_POP,KZKUS,R,M,KZKUS,20.97
2021,PER_100000_POP,KZKZY,R,M,KZKZY,23.8
2021,PER_100000_POP,KZMAN,R,M,KZMAN,18.67
2021,PER_100000_POP,KZPAV,R,M,KZPAV,9.94
2021,PER_100000_POP,KZSEV,R,M,KZSEV,16.77
2021,PER_100000_POP,KZYUZ,R,M,KZYUZ,26.64
2021,PER_100000_POP,KZVOS,R,M,KZVOS,11.76
2021,PER_100000_POP,KZULU,R,M,KZULU,18.69
2021,PER_100000_POP,,,F,,6.07
2021,PER_100000_POP,KZABY,,F,KZABY,3.65
2021,PER_100000_POP,KZAKM,,F,KZAKM,6.11
2021,PER_100000_POP,KZAKT,,F,KZAKT,9.29
2021,PER_100000_POP,KZALM,,F,KZALM,8.48
2021,PER_100000_POP,KZATY,,F,KZATY,4.47
2021,PER_100000_POP,KZZAP,,F,KZZAP,5.87
2021,PER_100000_POP,KZZHA,,F,KZZHA,7.27
2021,PER_100000_POP,KZZHS,,F,KZZHS,12.81
2021,PER_100000_POP,KZKAR,,F,KZKAR,4.97
2021,PER_100000_POP,KZKUS,,F,KZKUS,6.2
2021,PER_100000_POP,KZKZY,,F,KZKZY,6.86
2021,PER_100000_POP,KZMAN,,F,KZMAN,5.46
2021,PER_100000_POP,KZPAV,,F,KZPAV,6.61
2021,PER_100000_POP,KZSEV,,F,KZSEV,4.62
2021,PER_100000_POP,KZYUZ,,F,KZYUZ,7.5
2021,PER_100000_POP,KZVOS,,F,KZVOS,2.36
2021,PER_100000_POP,KZULU,,F,KZULU,8.59
2021,PER_100000_POP,KZNS,,F,KZNS,4.26
2021,PER_100000_POP,KZALA,,F,KZALA,3.13
2021,PER_100000_POP,KZSHY,,F,KZSHY,5.85
2021,PER_100000_POP,,U,F,,5.63
2021,PER_100000_POP,KZABY,U,F,KZABY,3.92
2021,PER_100000_POP,KZAKM,U,F,KZAKM,5.17
2021,PER_100000_POP,KZAKT,U,F,KZAKT,9.48
2021,PER_100000_POP,KZALM,U,F,KZALM,5.16
2021,PER_100000_POP,KZATY,U,F,KZATY,4.27
2021,PER_100000_POP,KZZAP,U,F,KZZAP,4.82
2021,PER_100000_POP,KZZHA,U,F,KZZHA,7.51
2021,PER_100000_POP,KZZHS,U,F,KZZHS,18.25
2021,PER_100000_POP,KZKAR,U,F,KZKAR,4.86
2021,PER_100000_POP,KZKUS,U,F,KZKUS,7.34
2021,PER_100000_POP,KZKZY,U,F,KZKZY,8.02
2021,PER_100000_POP,KZMAN,U,F,KZMAN,6.26
2021,PER_100000_POP,KZPAV,U,F,KZPAV,6.31
2021,PER_100000_POP,KZSEV,U,F,KZSEV,4.35
2021,PER_100000_POP,KZYUZ,U,F,KZYUZ,8.98
2021,PER_100000_POP,KZVOS,U,F,KZVOS,1.97
2021,PER_100000_POP,KZULU,U,F,KZULU,9.84
2021,PER_100000_POP,KZNS,U,F,KZNS,4.26
2021,PER_100000_POP,KZALA,U,F,KZALA,3.13
2021,PER_100000_POP,KZSHY,U,F,KZSHY,5.85
2021,PER_100000_POP,,R,F,,6.74
2021,PER_100000_POP,KZABY,R,F,KZABY,3.21
2021,PER_100000_POP,KZAKM,R,F,KZAKM,7.1
2021,PER_100000_POP,KZAKT,R,F,KZAKT,8.78
2021,PER_100000_POP,KZALM,R,F,KZALM,9.0
2021,PER_100000_POP,KZATY,R,F,KZATY,4.72
2021,PER_100000_POP,KZZAP,R,F,KZZAP,7.13
2021,PER_100000_POP,KZZHA,R,F,KZZHA,7.09
2021,PER_100000_POP,KZZHS,R,F,KZZHS,8.79
2021,PER_100000_POP,KZKAR,R,F,KZKAR,5.47
2021,PER_100000_POP,KZKUS,R,F,KZKUS,4.47
2021,PER_100000_POP,KZKZY,R,F,KZKZY,5.87
2021,PER_100000_POP,KZMAN,R,F,KZMAN,4.83
2021,PER_100000_POP,KZPAV,R,F,KZPAV,7.37
2021,PER_100000_POP,KZSEV,R,F,KZSEV,4.87
2021,PER_100000_POP,KZYUZ,R,F,KZYUZ,7.11
2021,PER_100000_POP,KZVOS,R,F,KZVOS,3.14
2021,PER_100000_POP,KZULU,R,F,KZULU,4.0
2022,PER_100000_POP,,,,,13.66
2022,PER_100000_POP,KZABY,,,KZABY,13.91
2022,PER_100000_POP,KZAKM,,,KZAKM,18.55
2022,PER_100000_POP,KZAKT,,,KZAKT,16.48
2022,PER_100000_POP,KZALM,,,KZALM,18.03
2022,PER_100000_POP,KZATY,,,KZATY,10.91
2022,PER_100000_POP,KZZAP,,,KZZAP,14.87
2022,PER_100000_POP,KZZHA,,,KZZHA,17.05
2022,PER_100000_POP,KZZHS,,,KZZHS,17.89
2022,PER_100000_POP,KZKAR,,,KZKAR,17.18
2022,PER_100000_POP,KZKUS,,,KZKUS,18.47
2022,PER_100000_POP,KZKZY,,,KZKZY,14.85
2022,PER_100000_POP,KZMAN,,,KZMAN,11.76
2022,PER_100000_POP,KZPAV,,,KZPAV,15.22
2022,PER_100000_POP,KZSEV,,,KZSEV,13.23
2022,PER_100000_POP,KZYUZ,,,KZYUZ,14.35
2022,PER_100000_POP,KZVOS,,,KZVOS,12.3
2022,PER_100000_POP,KZULU,,,KZULU,15.37
2022,PER_100000_POP,KZNS,,,KZNS,8.53
2022,PER_100000_POP,KZALA,,,KZALA,6.94
2022,PER_100000_POP,KZSHY,,,KZSHY,7.48
2022,PER_100000_POP,,U,,,10.84
2022,PER_100000_POP,KZABY,U,,KZABY,10.28
2022,PER_100000_POP,KZAKM,U,,KZAKM,13.18
2022,PER_100000_POP,KZAKT,U,,KZAKT,12.09
2022,PER_100000_POP,KZALM,U,,KZALM,16.03
2022,PER_100000_POP,KZATY,U,,KZATY,8.17
2022,PER_100000_POP,KZZAP,U,,KZZAP,11.96
2022,PER_100000_POP,KZZHA,U,,KZZHA,15.06
2022,PER_100000_POP,KZZHS,U,,KZZHS,13.55
2022,PER_100000_POP,KZKAR,U,,KZKAR,13.89
2022,PER_100000_POP,KZKUS,U,,KZKUS,16.33
2022,PER_100000_POP,KZKZY,U,,KZKZY,14.42
2022,PER_100000_POP,KZMAN,U,,KZMAN,8.78
2022,PER_100000_POP,KZPAV,U,,KZPAV,13.69
2022,PER_100000_POP,KZSEV,U,,KZSEV,10.81
2022,PER_100000_POP,KZYUZ,U,,KZYUZ,14.67
2022,PER_100000_POP,KZVOS,U,,KZVOS,9.52
2022,PER_100000_POP,KZULU,U,,KZULU,13.73
2022,PER_100000_POP,KZNS,U,,KZNS,8.53
2022,PER_100000_POP,KZALA,U,,KZALA,6.94
2022,PER_100000_POP,KZSHY,U,,KZSHY,7.48
2022,PER_100000_POP,,R,,,18.25
2022,PER_100000_POP,KZABY,R,,KZABY,19.47
2022,PER_100000_POP,KZAKM,R,,KZAKM,25.38
2022,PER_100000_POP,KZAKT,R,,KZAKT,29.28
2022,PER_100000_POP,KZALM,R,,KZALM,18.52
2022,PER_100000_POP,KZATY,R,,KZATY,14.29
2022,PER_100000_POP,KZZAP,R,,KZZAP,18.59
2022,PER_100000_POP,KZZHA,R,,KZZHA,18.56
2022,PER_100000_POP,KZZHS,R,,KZZHS,21.35
2022,PER_100000_POP,KZKAR,R,,KZKAR,31.39
2022,PER_100000_POP,KZKUS,R,,KZKUS,21.89
2022,PER_100000_POP,KZKZY,R,,KZKZY,15.22
2022,PER_100000_POP,KZMAN,R,,KZMAN,14.22
2022,PER_100000_POP,KZPAV,R,,KZPAV,18.86
2022,PER_100000_POP,KZSEV,R,,KZSEV,15.49
2022,PER_100000_POP,KZYUZ,R,,KZYUZ,14.25
2022,PER_100000_POP,KZVOS,R,,KZVOS,17.71
2022,PER_100000_POP,KZULU,R,,KZULU,21.56
2022,PER_100000_POP,,,M,,22.24
2022,PER_100000_POP,KZABY,,M,KZABY,23.75
2022,PER_100000_POP,KZAKM,,M,KZAKM,30.96
2022,PER_100000_POP,KZAKT,,M,KZAKT,24.33
2022,PER_100000_POP,KZALM,,M,KZALM,29.53
2022,PER_100000_POP,KZATY,,M,KZATY,16.81
2022,PER_100000_POP,KZZAP,,M,KZZAP,24.48
2022,PER_100000_POP,KZZHA,,M,KZZHA,28.92
2022,PER_100000_POP,KZZHS,,M,KZZHS,29.24
2022,PER_100000_POP,KZKAR,,M,KZKAR,29.67
2022,PER_100000_POP,KZKUS,,M,KZKUS,29.54
2022,PER_100000_POP,KZKZY,,M,KZKZY,22.62
2022,PER_100000_POP,KZMAN,,M,KZMAN,18.08
2022,PER_100000_POP,KZPAV,,M,KZPAV,24.26
2022,PER_100000_POP,KZSEV,,M,KZSEV,22.39
2022,PER_100000_POP,KZYUZ,,M,KZYUZ,22.04
2022,PER_100000_POP,KZVOS,,M,KZVOS,21.14
2022,PER_100000_POP,KZULU,,M,KZULU,26.8
2022,PER_100000_POP,KZNS,,M,KZNS,13.91
2022,PER_100000_POP,KZALA,,M,KZALA,11.31
2022,PER_100000_POP,KZSHY,,M,KZSHY,12.32
2022,PER_100000_POP,,U,M,,17.82
2022,PER_100000_POP,KZABY,U,M,KZABY,17.49
2022,PER_100000_POP,KZAKM,U,M,KZAKM,21.97
2022,PER_100000_POP,KZAKT,U,M,KZAKT,18.1
2022,PER_100000_POP,KZALM,U,M,KZALM,27.67
2022,PER_100000_POP,KZATY,U,M,KZATY,13.08
2022,PER_100000_POP,KZZAP,U,M,KZZAP,19.17
2022,PER_100000_POP,KZZHA,U,M,KZZHA,26.94
2022,PER_100000_POP,KZZHS,U,M,KZZHS,20.21
2022,PER_100000_POP,KZKAR,U,M,KZKAR,23.5
2022,PER_100000_POP,KZKUS,U,M,KZKUS,26.13
2022,PER_100000_POP,KZKZY,U,M,KZKZY,22.6
2022,PER_100000_POP,KZMAN,U,M,KZMAN,14.48
2022,PER_100000_POP,KZPAV,U,M,KZPAV,22.44
2022,PER_100000_POP,KZSEV,U,M,KZSEV,19.12
2022,PER_100000_POP,KZYUZ,U,M,KZYUZ,23.1
2022,PER_100000_POP,KZVOS,U,M,KZVOS,16.86
2022,PER_100000_POP,KZULU,U,M,KZULU,22.56
2022,PER_100000_POP,KZNS,U,M,KZNS,13.91
2022,PER_100000_POP,KZALA,U,M,KZALA,11.31
2022,PER_100000_POP,KZSHY,U,M,KZSHY,12.32
2022,PER_100000_POP,,R,M,,29.0
2022,PER_100000_POP,KZABY,R,M,KZABY,32.84
2022,PER_100000_POP,KZAKM,R,M,KZAKM,41.73
2022,PER_100000_POP,KZAKT,R,M,KZAKT,41.43
2022,PER_100000_POP,KZALM,R,M,KZALM,29.97
2022,PER_100000_POP,KZATY,R,M,KZATY,21.2
2022,PER_100000_POP,KZZAP,R,M,KZZAP,30.84
2022,PER_100000_POP,KZZHA,R,M,KZZHA,30.35
2022,PER_100000_POP,KZZHS,R,M,KZZHS,36.06
2022,PER_100000_POP,KZKAR,R,M,KZKAR,54.31
2022,PER_100000_POP,KZKUS,R,M,KZKUS,34.63
2022,PER_100000_POP,KZKZY,R,M,KZKZY,22.64
2022,PER_100000_POP,KZMAN,R,M,KZMAN,20.92
2022,PER_100000_POP,KZPAV,R,M,KZPAV,28.27
2022,PER_100000_POP,KZSEV,R,M,KZSEV,25.21
2022,PER_100000_POP,KZYUZ,R,M,KZYUZ,21.7
2022,PER_100000_POP,KZVOS,R,M,KZVOS,28.89
2022,PER_100000_POP,KZULU,R,M,KZULU,41.66
2022,PER_100000_POP,,,F,,5.49
2022,PER_100000_POP,KZABY,,F,KZABY,4.49
2022,PER_100000_POP,KZAKM,,F,KZAKM,6.71
2022,PER_100000_POP,KZAKT,,F,KZAKT,8.93
2022,PER_100000_POP,KZALM,,F,KZALM,6.56
2022,PER_100000_POP,KZATY,,F,KZATY,5.17
2022,PER_100000_POP,KZZAP,,F,KZZAP,5.7
2022,PER_100000_POP,KZZHA,,F,KZZHA,5.39
2022,PER_100000_POP,KZZHS,,F,KZZHS,6.79
2022,PER_100000_POP,KZKAR,,F,KZKAR,5.74
2022,PER_100000_POP,KZKUS,,F,KZKUS,8.12
2022,PER_100000_POP,KZKZY,,F,KZKZY,7.02
2022,PER_100000_POP,KZMAN,,F,KZMAN,5.52
2022,PER_100000_POP,KZPAV,,F,KZPAV,6.87
2022,PER_100000_POP,KZSEV,,F,KZSEV,4.68
2022,PER_100000_POP,KZYUZ,,F,KZYUZ,6.39
2022,PER_100000_POP,KZVOS,,F,KZVOS,4.19
2022,PER_100000_POP,KZULU,,F,KZULU,4.43
2022,PER_100000_POP,KZNS,,F,KZNS,3.61
2022,PER_100000_POP,KZALA,,F,KZALA,3.15
2022,PER_100000_POP,KZSHY,,F,KZSHY,2.95
2022,PER_100000_POP,,U,F,,4.49
2022,PER_100000_POP,KZABY,U,F,KZABY,3.64
2022,PER_100000_POP,KZAKM,U,F,KZAKM,5.2
2022,PER_100000_POP,KZAKT,U,F,KZAKT,6.47
2022,PER_100000_POP,KZALM,U,F,KZALM,4.71
2022,PER_100000_POP,KZATY,U,F,KZATY,3.57
2022,PER_100000_POP,KZZAP,U,F,KZZAP,5.45
2022,PER_100000_POP,KZZHA,U,F,KZZHA,4.04
2022,PER_100000_POP,KZZHS,U,F,KZZHS,7.43
2022,PER_100000_POP,KZKAR,U,F,KZKAR,5.33
2022,PER_100000_POP,KZKUS,U,F,KZKUS,7.69
2022,PER_100000_POP,KZKZY,U,F,KZKZY,6.56
2022,PER_100000_POP,KZMAN,U,F,KZMAN,3.41
2022,PER_100000_POP,KZPAV,U,F,KZPAV,6.0
2022,PER_100000_POP,KZSEV,U,F,KZSEV,3.6
2022,PER_100000_POP,KZYUZ,U,F,KZYUZ,6.19
2022,PER_100000_POP,KZVOS,U,F,KZVOS,3.1
2022,PER_100000_POP,KZULU,U,F,KZULU,5.52
2022,PER_100000_POP,KZNS,U,F,KZNS,3.61
2022,PER_100000_POP,KZALA,U,F,KZALA,3.15
2022,PER_100000_POP,KZSHY,U,F,KZSHY,2.95
2022,PER_100000_POP,,R,F,,7.21
2022,PER_100000_POP,KZABY,R,F,KZABY,5.85
2022,PER_100000_POP,KZAKM,R,F,KZAKM,8.73
2022,PER_100000_POP,KZAKT,R,F,KZAKT,16.52
2022,PER_100000_POP,KZALM,R,F,KZALM,7.02
2022,PER_100000_POP,KZATY,R,F,KZATY,7.23
2022,PER_100000_POP,KZZAP,R,F,KZZAP,6.05
2022,PER_100000_POP,KZZHA,R,F,KZZHA,6.47
2022,PER_100000_POP,KZZHS,R,F,KZZHS,6.25
2022,PER_100000_POP,KZKAR,R,F,KZKAR,7.63
2022,PER_100000_POP,KZKUS,R,F,KZKUS,8.86
2022,PER_100000_POP,KZKZY,R,F,KZKZY,7.45
2022,PER_100000_POP,KZMAN,R,F,KZMAN,7.33
2022,PER_100000_POP,KZPAV,R,F,KZPAV,9.13
2022,PER_100000_POP,KZSEV,R,F,KZSEV,5.77
2022,PER_100000_POP,KZYUZ,R,F,KZYUZ,6.45
2022,PER_100000_POP,KZVOS,R,F,KZVOS,6.46
2022,PER_100000_POP,KZULU,R,F,KZULU,0.0
2023,PER_100000_POP,,,,,13.11
2023,PER_100000_POP,KZABY,,,KZABY,13.96
2023,PER_100000_POP,KZAKM,,,KZAKM,11.17
2023,PER_100000_POP,KZAKT,,,KZAKT,14.99
2023,PER_100000_POP,KZALM,,,KZALM,17.91
2023,PER_100000_POP,KZATY,,,KZATY,13.74
2023,PER_100000_POP,KZZAP,,,KZZAP,11.87
2023,PER_100000_POP,KZZHA,,,KZZHA,16.39
2023,PER_100000_POP,KZZHS,,,KZZHS,22.19
2023,PER_100000_POP,KZKAR,,,KZKAR,14.1
2023,PER_100000_POP,KZKUS,,,KZKUS,12.99
2023,PER_100000_POP,KZKZY,,,KZKZY,13.61
2023,PER_100000_POP,KZMAN,,,KZMAN,14.29
2023,PER_100000_POP,KZPAV,,,KZPAV,11.0
2023,PER_100000_POP,KZSEV,,,KZSEV,8.46
2023,PER_100000_POP,KZYUZ,,,KZYUZ,16.94
2023,PER_100000_POP,KZVOS,,,KZVOS,9.74
2023,PER_100000_POP,KZULU,,,KZULU,16.25
2023,PER_100000_POP,KZNS,,,KZNS,8.98
2023,PER_100000_POP,KZALA,,,KZALA,7.47
2023,PER_100000_POP,KZSHY,,,KZSHY,9.36
2023,PER_100000_POP,,U,,,10.08
2023,PER_100000_POP,KZABY,U,,KZABY,10.22
2023,PER_100000_POP,KZAKM,U,,KZAKM,8.79
2023,PER_100000_POP,KZAKT,U,,KZAKT,11.17
2023,PER_100000_POP,KZALM,U,,KZALM,13.78
2023,PER_100000_POP,KZATY,U,,KZATY,9.84
2023,PER_100000_POP,KZZAP,U,,KZZAP,10.28
2023,PER_100000_POP,KZZHA,U,,KZZHA,12.67
2023,PER_100000_POP,KZZHS,U,,KZZHS,20.91
2023,PER_100000_POP,KZKAR,U,,KZKAR,12.22
2023,PER_100000_POP,KZKUS,U,,KZKUS,10.84
2023,PER_100000_POP,KZKZY,U,,KZKZY,11.95
2023,PER_100000_POP,KZMAN,U,,KZMAN,12.76
2023,PER_100000_POP,KZPAV,U,,KZPAV,9.76
2023,PER_100000_POP,KZSEV,U,,KZSEV,3.86
2023,PER_100000_POP,KZYUZ,U,,KZYUZ,11.75
2023,PER_100000_POP,KZVOS,U,,KZVOS,7.24
2023,PER_100000_POP,KZULU,U,,KZULU,11.45
2023,PER_100000_POP,KZNS,U,,KZNS,8.98
2023,PER_100000_POP,KZALA,U,,KZALA,7.47
2023,PER_100000_POP,KZSHY,U,,KZSHY,9.36
2023,PER_100000_POP,,R,,,18.11
2023,PER_100000_POP,KZABY,R,,KZABY,19.81
2023,PER_100000_POP,KZAKM,R,,KZAKM,14.24
2023,PER_100000_POP,KZAKT,R,,KZAKT,26.3
2023,PER_100000_POP,KZALM,R,,KZALM,18.92
2023,PER_100000_POP,KZATY,R,,KZATY,18.57
2023,PER_100000_POP,KZZAP,R,,KZZAP,13.93
2023,PER_100000_POP,KZZHA,R,,KZZHA,19.23
2023,PER_100000_POP,KZZHS,R,,KZZHS,23.23
2023,PER_100000_POP,KZKAR,R,,KZKAR,22.32
2023,PER_100000_POP,KZKUS,R,,KZKUS,16.53
2023,PER_100000_POP,KZKZY,R,,KZKZY,15.07
2023,PER_100000_POP,KZMAN,R,,KZMAN,15.55
2023,PER_100000_POP,KZPAV,R,,KZPAV,14.0
2023,PER_100000_POP,KZSEV,R,,KZSEV,12.82
2023,PER_100000_POP,KZYUZ,R,,KZYUZ,18.65
2023,PER_100000_POP,KZVOS,R,,KZVOS,14.7
2023,PER_100000_POP,KZULU,R,,KZULU,34.6
2023,PER_100000_POP,,,M,,19.23
2023,PER_100000_POP,KZABY,,M,KZABY,21.45
2023,PER_100000_POP,KZAKM,,M,KZAKM,18.16
2023,PER_100000_POP,KZAKT,,M,KZAKT,22.48
2023,PER_100000_POP,KZALM,,M,KZALM,26.87
2023,PER_100000_POP,KZATY,,M,KZATY,17.68
2023,PER_100000_POP,KZZAP,,M,KZZAP,18.06
2023,PER_100000_POP,KZZHA,,M,KZZHA,24.27
2023,PER_100000_POP,KZZHS,,M,KZZHS,33.02
2023,PER_100000_POP,KZKAR,,M,KZKAR,22.45
2023,PER_100000_POP,KZKUS,,M,KZKUS,16.17
2023,PER_100000_POP,KZKZY,,M,KZKZY,19.25
2023,PER_100000_POP,KZMAN,,M,KZMAN,18.12
2023,PER_100000_POP,KZPAV,,M,KZPAV,16.0
2023,PER_100000_POP,KZSEV,,M,KZSEV,12.84
2023,PER_100000_POP,KZYUZ,,M,KZYUZ,84.87
2023,PER_100000_POP,KZVOS,,M,KZVOS,16.34
2023,PER_100000_POP,KZULU,,M,KZULU,23.04
2023,PER_100000_POP,KZNS,,M,KZNS,11.46
2023,PER_100000_POP,KZALA,,M,KZALA,10.69
2023,PER_100000_POP,KZSHY,,M,KZSHY,13.38
2023,PER_100000_POP,,U,M,,14.3
2023,PER_100000_POP,KZABY,U,M,KZABY,16.81
2023,PER_100000_POP,KZAKM,U,M,KZAKM,13.71
2023,PER_100000_POP,KZAKT,U,M,KZAKT,16.02
2023,PER_100000_POP,KZALM,U,M,KZALM,20.45
2023,PER_100000_POP,KZATY,U,M,KZATY,12.31
2023,PER_100000_POP,KZZAP,U,M,KZZAP,15.14
2023,PER_100000_POP,KZZHA,U,M,KZZHA,17.27
2023,PER_100000_POP,KZZHS,U,M,KZZHS,31.58
2023,PER_100000_POP,KZKAR,U,M,KZKAR,19.72
2023,PER_100000_POP,KZKUS,U,M,KZKUS,11.14
2023,PER_100000_POP,KZKZY,U,M,KZKZY,18.67
2023,PER_100000_POP,KZMAN,U,M,KZMAN,14.05
2023,PER_100000_POP,KZPAV,U,M,KZPAV,13.62
2023,PER_100000_POP,KZSEV,U,M,KZSEV,4.15
2023,PER_100000_POP,KZYUZ,U,M,KZYUZ,15.49
2023,PER_100000_POP,KZVOS,U,M,KZVOS,13.28
2023,PER_100000_POP,KZULU,U,M,KZULU,15.37
2023,PER_100000_POP,KZNS,U,M,KZNS,11.46
2023,PER_100000_POP,KZALA,U,M,KZALA,10.69
2023,PER_100000_POP,KZSHY,U,M,KZSHY,13.38
2023,PER_100000_POP,,R,M,,26.85
2023,PER_100000_POP,KZABY,R,M,KZABY,28.35
2023,PER_100000_POP,KZAKM,R,M,KZAKM,23.56
2023,PER_100000_POP,KZAKT,R,M,KZAKT,40.5
2023,PER_100000_POP,KZALM,R,M,KZALM,28.41
2023,PER_100000_POP,KZATY,R,M,KZATY,24.02
2023,PER_100000_POP,KZZAP,R,M,KZZAP,21.6
2023,PER_100000_POP,KZZHA,R,M,KZZHA,29.34
2023,PER_100000_POP,KZZHS,R,M,KZZHS,34.12
2023,PER_100000_POP,KZKAR,R,M,KZKAR,33.51
2023,PER_100000_POP,KZKUS,R,M,KZKUS,23.82
2023,PER_100000_POP,KZKZY,R,M,KZKZY,19.74
2023,PER_100000_POP,KZMAN,R,M,KZMAN,21.34
2023,PER_100000_POP,KZPAV,R,M,KZPAV,21.28
2023,PER_100000_POP,KZSEV,R,M,KZSEV,20.5
2023,PER_100000_POP,KZYUZ,R,M,KZYUZ,27.9
2023,PER_100000_POP,KZVOS,R,M,KZVOS,21.94
2023,PER_100000_POP,KZULU,R,M,KZULU,50.1
2023,PER_100000_POP,,,F,,7.28
2023,PER_100000_POP,KZABY,,F,KZABY,6.76
2023,PER_100000_POP,KZAKM,,F,KZAKM,4.47
2023,PER_100000_POP,KZAKT,,F,KZAKT,7.78
2023,PER_100000_POP,KZALM,,F,KZALM,8.95
2023,PER_100000_POP,KZATY,,F,KZATY,9.9
2023,PER_100000_POP,KZZAP,,F,KZZAP,5.95
2023,PER_100000_POP,KZZHA,,F,KZZHA,8.62
2023,PER_100000_POP,KZZHS,,F,KZZHS,11.61
2023,PER_100000_POP,KZKAR,,F,KZKAR,6.42
2023,PER_100000_POP,KZKUS,,F,KZKUS,10.02
2023,PER_100000_POP,KZKZY,,F,KZKZY,7.91
2023,PER_100000_POP,KZMAN,,F,KZMAN,10.5
2023,PER_100000_POP,KZPAV,,F,KZPAV,6.38
2023,PER_100000_POP,KZSEV,,F,KZSEV,4.36
2023,PER_100000_POP,KZYUZ,,F,KZYUZ,8.71
2023,PER_100000_POP,KZVOS,,F,KZVOS,3.69
2023,PER_100000_POP,KZULU,,F,KZULU,9.74
2023,PER_100000_POP,KZNS,,F,KZNS,6.72
2023,PER_100000_POP,KZALA,,F,KZALA,4.68
2023,PER_100000_POP,KZSHY,,F,KZSHY,5.61
2023,PER_100000_POP,,U,F,,6.23
2023,PER_100000_POP,KZABY,U,F,KZABY,4.14
2023,PER_100000_POP,KZAKM,U,F,KZAKM,4.3
2023,PER_100000_POP,KZAKT,U,F,KZAKT,6.65
2023,PER_100000_POP,KZALM,U,F,KZALM,7.29
2023,PER_100000_POP,KZATY,U,F,KZATY,7.52
2023,PER_100000_POP,KZZAP,U,F,KZZAP,5.87
2023,PER_100000_POP,KZZHA,U,F,KZZHA,8.39
2023,PER_100000_POP,KZZHS,U,F,KZZHS,11.11
2023,PER_100000_POP,KZKAR,U,F,KZKAR,5.53
2023,PER_100000_POP,KZKUS,U,F,KZKUS,10.58
2023,PER_100000_POP,KZKZY,U,F,KZKZY,5.49
2023,PER_100000_POP,KZMAN,U,F,KZMAN,11.55
2023,PER_100000_POP,KZPAV,U,F,KZPAV,6.35
2023,PER_100000_POP,KZSEV,U,F,KZSEV,3.61
2023,PER_100000_POP,KZYUZ,U,F,KZYUZ,7.98
2023,PER_100000_POP,KZVOS,U,F,KZVOS,1.94
2023,PER_100000_POP,KZULU,U,F,KZULU,7.72
2023,PER_100000_POP,KZNS,U,F,KZNS,6.72
2023,PER_100000_POP,KZALA,U,F,KZALA,4.68
2023,PER_100000_POP,KZSHY,U,F,KZSHY,5.61
2023,PER_100000_POP,,R,F,,9.11
2023,PER_100000_POP,KZABY,R,F,KZABY,11.08
2023,PER_100000_POP,KZAKM,R,F,KZAKM,4.7
2023,PER_100000_POP,KZAKT,R,F,KZAKT,11.33
2023,PER_100000_POP,KZALM,R,F,KZALM,9.37
2023,PER_100000_POP,KZATY,R,F,KZATY,12.97
2023,PER_100000_POP,KZZAP,R,F,KZZAP,6.05
2023,PER_100000_POP,KZZHA,R,F,KZZHA,8.81
2023,PER_100000_POP,KZZHS,R,F,KZZHS,12.04
2023,PER_100000_POP,KZKAR,R,F,KZKAR,10.67
2023,PER_100000_POP,KZKUS,R,F,KZKUS,9.03
2023,PER_100000_POP,KZKZY,R,F,KZKZY,10.15
2023,PER_100000_POP,KZMAN,R,F,KZMAN,9.58
2023,PER_100000_POP,KZPAV,R,F,KZPAV,6.45
2023,PER_100000_POP,KZSEV,R,F,KZSEV,5.13
2023,PER_100000_POP,KZYUZ,R,F,KZYUZ,8.95
2023,PER_100000_POP,KZVOS,R,F,KZVOS,7.38
2023,PER_100000_POP,KZULU,R,F,KZULU,17.95
2024,PER_100000_POP,,,,,11.84
2024,PER_100000_POP,KZABY,,,KZABY,12.23
2024,PER_100000_POP,KZAKM,,,KZAKM,10.79
2024,PER_100000_POP,KZAKT,,,KZAKT,13.76
2024,PER_100000_POP,KZALM,,,KZALM,19.09
2024,PER_100000_POP,KZATY,,,KZATY,9.47
2024,PER_100000_POP,KZZAP,,,KZZAP,10.08
2024,PER_100000_POP,KZZHA,,,KZZHA,17.42
2024,PER_100000_POP,KZZHS,,,KZZHS,18.67
2024,PER_100000_POP,KZKAR,,,KZKAR,13.57
2024,PER_100000_POP,KZKUS,,,KZKUS,10.27
2024,PER_100000_POP,KZKZY,,,KZKZY,13.2
2024,PER_100000_POP,KZMAN,,,KZMAN,13.22
2024,PER_100000_POP,KZPAV,,,KZPAV,10.76
2024,PER_100000_POP,KZSEV,,,KZSEV,8.36
2024,PER_100000_POP,KZYUZ,,,KZYUZ,13.59
2024,PER_100000_POP,KZVOS,,,KZVOS,5.65
2024,PER_100000_POP,KZULU,,,KZULU,16.71
2024,PER_100000_POP,KZNS,,,KZNS,7.17
2024,PER_100000_POP,KZALA,,,KZALA,5.66
2024,PER_100000_POP,KZSHY,,,KZSHY,11.06
2024,PER_100000_POP,,U,,,8.93
2024,PER_100000_POP,KZABY,U,,KZABY,10.18
2024,PER_100000_POP,KZAKM,U,,KZAKM,8.04
2024,PER_100000_POP,KZAKT,U,,KZAKT,9.71
2024,PER_100000_POP,KZALM,U,,KZALM,12.94
2024,PER_100000_POP,KZATY,U,,KZATY,7.68
2024,PER_100000_POP,KZZAP,U,,KZZAP,8.35
2024,PER_100000_POP,KZZHA,U,,KZZHA,14.07
2024,PER_100000_POP,KZZHS,U,,KZZHS,11.89
2024,PER_100000_POP,KZKAR,U,,KZKAR,12.82
2024,PER_100000_POP,KZKUS,U,,KZKUS,7.89
2024,PER_100000_POP,KZKZY,U,,KZKZY,11.09
2024,PER_100000_POP,KZMAN,U,,KZMAN,11.52
2024,PER_100000_POP,KZPAV,U,,KZPAV,7.12
2024,PER_100000_POP,KZSEV,U,,KZSEV,8.5
2024,PER_100000_POP,KZYUZ,U,,KZYUZ,9.87
2024,PER_100000_POP,KZVOS,U,,KZVOS,3.92
2024,PER_100000_POP,KZULU,U,,KZULU,13.1
2024,PER_100000_POP,KZNS,U,,KZNS,7.17
2024,PER_100000_POP,KZALA,U,,KZALA,5.66
2024,PER_100000_POP,KZSHY,U,,KZSHY,11.06
2024,PER_100000_POP,,R,,,16.72
2024,PER_100000_POP,KZABY,R,,KZABY,15.53
2024,PER_100000_POP,KZAKM,R,,KZAKM,14.43
2024,PER_100000_POP,KZAKT,R,,KZAKT,26.09
2024,PER_100000_POP,KZALM,R,,KZALM,20.57
2024,PER_100000_POP,KZATY,R,,KZATY,11.67
2024,PER_100000_POP,KZZAP,R,,KZZAP,12.35
2024,PER_100000_POP,KZZHA,R,,KZZHA,20.02
2024,PER_100000_POP,KZZHS,R,,KZZHS,24.16
2024,PER_100000_POP,KZKAR,R,,KZKAR,16.95
2024,PER_100000_POP,KZKUS,R,,KZKUS,14.27
2024,PER_100000_POP,KZKZY,R,,KZKZY,14.98
2024,PER_100000_POP,KZMAN,R,,KZMAN,14.83
2024,PER_100000_POP,KZPAV,R,,KZPAV,19.66
2024,PER_100000_POP,KZSEV,R,,KZSEV,8.23
2024,PER_100000_POP,KZYUZ,R,,KZYUZ,14.83
2024,PER_100000_POP,KZVOS,R,,KZVOS,9.14
2024,PER_100000_POP,KZULU,R,,KZULU,30.52
2024,PER_100000_POP,,,M,,17.65
2024,PER_100000_POP,KZABY,,M,KZABY,17.86
2024,PER_100000_POP,KZAKM,,M,KZAKM,16.05
2024,PER_100000_POP,KZAKT,,M,KZAKT,20.27
2024,PER_100000_POP,KZALM,,M,KZALM,26.63
2024,PER_100000_POP,KZATY,,M,KZATY,14.87
2024,PER_100000_POP,KZZAP,,M,KZZAP,16.18
2024,PER_100000_POP,KZZHA,,M,KZZHA,25.85
2024,PER_100000_POP,KZZHS,,M,KZZHS,26.14
2024,PER_100000_POP,KZKAR,,M,KZKAR,18.58
2024,PER_100000_POP,KZKUS,,M,KZKUS,16.98
2024,PER_100000_POP,KZKZY,,M,KZKZY,20.73
2024,PER_100000_POP,KZMAN,,M,KZMAN,19.95
2024,PER_100000_POP,KZPAV,,M,KZPAV,18.79
2024,PER_100000_POP,KZSEV,,M,KZSEV,13.37
2024,PER_100000_POP,KZYUZ,,M,KZYUZ,20.17
2024,PER_100000_POP,KZVOS,,M,KZVOS,9.21
2024,PER_100000_POP,KZULU,,M,KZULU,22.1
2024,PER_100000_POP,KZNS,,M,KZNS,9.82
2024,PER_100000_POP,KZALA,,M,KZALA,7.9
2024,PER_100000_POP,KZSHY,,M,KZSHY,17.02
2024,PER_100000_POP,,U,M,,13.03
2024,PER_100000_POP,KZABY,U,M,KZABY,13.93
2024,PER_100000_POP,KZAKM,U,M,KZAKM,12.62
2024,PER_100000_POP,KZAKT,U,M,KZAKT,13.69
2024,PER_100000_POP,KZALM,U,M,KZALM,16.17
2024,PER_100000_POP,KZATY,U,M,KZATY,9.53
2024,PER_100000_POP,KZZAP,U,M,KZZAP,13.31
2024,PER_100000_POP,KZZHA,U,M,KZZHA,20.63
2024,PER_100000_POP,KZZHS,U,M,KZZHS,16.11
2024,PER_100000_POP,KZKAR,U,M,KZKAR,17.35
2024,PER_100000_POP,KZKUS,U,M,KZKUS,13.12
2024,PER_100000_POP,KZKZY,U,M,KZKZY,16.43
2024,PER_100000_POP,KZMAN,U,M,KZMAN,18.14
2024,PER_100000_POP,KZPAV,U,M,KZPAV,11.99
2024,PER_100000_POP,KZSEV,U,M,KZSEV,11.63
2024,PER_100000_POP,KZYUZ,U,M,KZYUZ,15.6
2024,PER_100000_POP,KZVOS,U,M,KZVOS,6.18
2024,PER_100000_POP,KZULU,U,M,KZULU,18.87
2024,PER_100000_POP,KZNS,U,M,KZNS,9.82
2024,PER_100000_POP,KZALA,U,M,KZALA,7.9
2024,PER_100000_POP,KZSHY,U,M,KZSHY,17.02
2024,PER_100000_POP,,R,M,,24.93
2024,PER_100000_POP,KZABY,R,M,KZABY,23.85
2024,PER_100000_POP,KZAKM,R,M,KZAKM,20.3
2024,PER_100000_POP,KZAKT,R,M,KZAKT,39.08
2024,PER_100000_POP,KZALM,R,M,KZALM,29.11
2024,PER_100000_POP,KZATY,R,M,KZATY,21.14
2024,PER_100000_POP,KZZAP,R,M,KZZAP,19.72
2024,PER_100000_POP,KZZHA,R,M,KZZHA,29.67
2024,PER_100000_POP,KZZHS,R,M,KZZHS,33.79
2024,PER_100000_POP,KZKAR,R,M,KZKAR,23.67
2024,PER_100000_POP,KZKUS,R,M,KZKUS,22.98
2024,PER_100000_POP,KZKZY,R,M,KZKZY,24.38
2024,PER_100000_POP,KZMAN,R,M,KZMAN,21.39
2024,PER_100000_POP,KZPAV,R,M,KZPAV,34.02
2024,PER_100000_POP,KZSEV,R,M,KZSEV,14.95
2024,PER_100000_POP,KZYUZ,R,M,KZYUZ,21.66
2024,PER_100000_POP,KZVOS,R,M,KZVOS,14.87
2024,PER_100000_POP,KZULU,R,M,KZULU,33.6
2024,PER_100000_POP,,,F,,6.28
2024,PER_100000_POP,KZABY,,F,KZABY,6.81
2024,PER_100000_POP,KZAKM,,F,KZAKM,5.73
2024,PER_100000_POP,KZAKT,,F,KZAKT,7.49
2024,PER_100000_POP,KZALM,,F,KZALM,11.53
2024,PER_100000_POP,KZATY,,F,KZATY,4.19
2024,PER_100000_POP,KZZAP,,F,KZZAP,4.23
2024,PER_100000_POP,KZZHA,,F,KZZHA,9.1
2024,PER_100000_POP,KZZHS,,F,KZZHS,11.37
2024,PER_100000_POP,KZKAR,,F,KZKAR,8.97
2024,PER_100000_POP,KZKUS,,F,KZKUS,3.98
2024,PER_100000_POP,KZKZY,,F,KZKZY,5.48
2024,PER_100000_POP,KZMAN,,F,KZMAN,6.45
2024,PER_100000_POP,KZPAV,,F,KZPAV,3.33
2024,PER_100000_POP,KZSEV,,F,KZSEV,3.68
2024,PER_100000_POP,KZYUZ,,F,KZYUZ,6.74
2024,PER_100000_POP,KZVOS,,F,KZVOS,2.38
2024,PER_100000_POP,KZULU,,F,KZULU,11.52
2024,PER_100000_POP,KZNS,,F,KZNS,4.76
2024,PER_100000_POP,KZALA,,F,KZALA,3.72
2024,PER_100000_POP,KZSHY,,F,KZSHY,5.47
2024,PER_100000_POP,,U,F,,5.2
2024,PER_100000_POP,KZABY,U,F,KZABY,6.7
2024,PER_100000_POP,KZAKM,U,F,KZAKM,3.84
2024,PER_100000_POP,KZAKT,U,F,KZAKT,5.99
2024,PER_100000_POP,KZALM,U,F,KZALM,9.81
2024,PER_100000_POP,KZATY,U,F,KZATY,5.96
2024,PER_100000_POP,KZZAP,U,F,KZZAP,3.86
2024,PER_100000_POP,KZZHA,U,F,KZZHA,7.96
2024,PER_100000_POP,KZZHS,U,F,KZZHS,8.01
2024,PER_100000_POP,KZKAR,U,F,KZKAR,8.77
2024,PER_100000_POP,KZKUS,U,F,KZKUS,3.27
2024,PER_100000_POP,KZKZY,U,F,KZKZY,5.94
2024,PER_100000_POP,KZMAN,U,F,KZMAN,5.32
2024,PER_100000_POP,KZPAV,U,F,KZPAV,2.82
2024,PER_100000_POP,KZSEV,U,F,KZSEV,5.78
2024,PER_100000_POP,KZYUZ,U,F,KZYUZ,4.11
2024,PER_100000_POP,KZVOS,U,F,KZVOS,1.94
2024,PER_100000_POP,KZULU,U,F,KZULU,7.71
2024,PER_100000_POP,KZNS,U,F,KZNS,4.76
2024,PER_100000_POP,KZALA,U,F,KZALA,3.72
2024,PER_100000_POP,KZSHY,U,F,KZSHY,5.47
2024,PER_100000_POP,,R,F,,8.23
2024,PER_100000_POP,KZABY,R,F,KZABY,6.99
2024,PER_100000_POP,KZAKM,R,F,KZAKM,8.37
2024,PER_100000_POP,KZAKT,R,F,KZAKT,12.33
2024,PER_100000_POP,KZALM,R,F,KZALM,11.95
2024,PER_100000_POP,KZATY,R,F,KZATY,1.92
2024,PER_100000_POP,KZZAP,R,F,KZZAP,4.75
2024,PER_100000_POP,KZZHA,R,F,KZZHA,10.03
2024,PER_100000_POP,KZZHS,R,F,KZZHS,14.24
2024,PER_100000_POP,KZKAR,R,F,KZKAR,9.91
2024,PER_100000_POP,KZKUS,R,F,KZKUS,5.27
2024,PER_100000_POP,KZKZY,R,F,KZKZY,5.06
2024,PER_100000_POP,KZMAN,R,F,KZMAN,8.03
2024,PER_100000_POP,KZPAV,R,F,KZPAV,4.67
2024,PER_100000_POP,KZSEV,R,F,KZSEV,1.5
2024,PER_100000_POP,KZYUZ,R,F,KZYUZ,7.64
2024,PER_100000_POP,KZVOS,R,F,KZVOS,3.34
2024,PER_100000_POP,KZULU,R,F,KZULU,27.19
2025,PER_100000_POP,,,,,11.04
2025,PER_100000_POP,KZABY,,,KZABY,10.01
2025,PER_100000_POP,KZAKM,,,KZAKM,11.54
2025,PER_100000_POP,KZAKT,,,KZAKT,12.28
2025,PER_100000_POP,KZALM,,,KZALM,16.92
2025,PER_100000_POP,KZATY,,,KZATY,12.19
2025,PER_100000_POP,KZZAP,,,KZZAP,11.64
2025,PER_100000_POP,KZZHA,,,KZZHA,16.73
2025,PER_100000_POP,KZZHS,,,KZZHS,19.25
2025,PER_100000_POP,KZKAR,,,KZKAR,11.3
2025,PER_100000_POP,KZKUS,,,KZKUS,11.05
2025,PER_100000_POP,KZKZY,,,KZKZY,14.18
2025,PER_100000_POP,KZMAN,,,KZMAN,10.95
2025,PER_100000_POP,KZPAV,,,KZPAV,8.69
2025,PER_100000_POP,KZSEV,,,KZSEV,8.68
2025,PER_100000_POP,KZYUZ,,,KZYUZ,14.22
2025,PER_100000_POP,KZVOS,,,KZVOS,8.59
2025,PER_100000_POP,KZULU,,,KZULU,13.17
2025,PER_100000_POP,KZNS,,,KZNS,4.8
2025,PER_100000_POP,KZALA,,,KZALA,4.74
2025,PER_100000_POP,KZSHY,,,KZSHY,7.06
2025,PER_100000_POP,,U,,,7.63
2025,PER_100000_POP,KZABY,U,,KZABY,8.01
2025,PER_100000_POP,KZAKM,U,,KZAKM,9.04
2025,PER_100000_POP,KZAKT,U,,KZAKT,8.98
2025,PER_100000_POP,KZALM,U,,KZALM,9.48
2025,PER_100000_POP,KZATY,U,,KZATY,6.12
2025,PER_100000_POP,KZZAP,U,,KZZAP,9.25
2025,PER_100000_POP,KZZHA,U,,KZZHA,11.97
2025,PER_100000_POP,KZZHS,U,,KZZHS,17.71
2025,PER_100000_POP,KZKAR,U,,KZKAR,10.95
2025,PER_100000_POP,KZKUS,U,,KZKUS,9.18
2025,PER_100000_POP,KZKZY,U,,KZKZY,9.28
2025,PER_100000_POP,KZMAN,U,,KZMAN,7.16
2025,PER_100000_POP,KZPAV,U,,KZPAV,5.44
2025,PER_100000_POP,KZSEV,U,,KZSEV,6.59
2025,PER_100000_POP,KZYUZ,U,,KZYUZ,11.22
2025,PER_100000_POP,KZVOS,U,,KZVOS,4.53
2025,PER_100000_POP,KZULU,U,,KZULU,9.72
2025,PER_100000_POP,KZNS,U,,KZNS,4.8
2025,PER_100000_POP,KZALA,U,,KZALA,4.74
2025,PER_100000_POP,KZSHY,U,,KZSHY,7.06
2025,PER_100000_POP,,R,,,16.98
2025,PER_100000_POP,KZABY,R,,KZABY,13.34
2025,PER_100000_POP,KZAKM,R,,KZAKM,14.93
2025,PER_100000_POP,KZAKT,R,,KZAKT,0.0
2025,PER_100000_POP,KZALM,R,,KZALM,18.7
2025,PER_100000_POP,KZATY,R,,KZATY,19.6
2025,PER_100000_POP,KZZAP,R,,KZZAP,14.87
2025,PER_100000_POP,KZZHA,R,,KZZHA,21.12
2025,PER_100000_POP,KZZHS,R,,KZZHS,20.54
2025,PER_100000_POP,KZKAR,R,,KZKAR,12.93
2025,PER_100000_POP,KZKUS,R,,KZKUS,14.29
2025,PER_100000_POP,KZKZY,R,,KZKZY,18.55
2025,PER_100000_POP,KZMAN,R,,KZMAN,14.24
2025,PER_100000_POP,KZPAV,R,,KZPAV,16.77
2025,PER_100000_POP,KZSEV,R,,KZSEV,10.77
2025,PER_100000_POP,KZYUZ,R,,KZYUZ,15.23
2025,PER_100000_POP,KZVOS,R,,KZVOS,16.99
2025,PER_100000_POP,KZULU,R,,KZULU,26.5
2025,PER_100000_POP,,,M,,16.36
2025,PER_100000_POP,KZABY,,M,KZABY,13.94
2025,PER_100000_POP,KZAKM,,M,KZAKM,17.03
2025,PER_100000_POP,KZAKT,,M,KZAKT,18.16
2025,PER_100000_POP,KZALM,,M,KZALM,25.9
2025,PER_100000_POP,KZATY,,M,KZATY,17.84
2025,PER_100000_POP,KZZAP,,M,KZZAP,18.49
2025,PER_100000_POP,KZZHA,,M,KZZHA,26.23
2025,PER_100000_POP,KZZHS,,M,KZZHS,27.19
2025,PER_100000_POP,KZKAR,,M,KZKAR,16.57
2025,PER_100000_POP,KZKUS,,M,KZKUS,16.31
2025,PER_100000_POP,KZKZY,,M,KZKZY,20.89
2025,PER_100000_POP,KZMAN,,M,KZMAN,13.35
2025,PER_100000_POP,KZPAV,,M,KZPAV,14.16
2025,PER_100000_POP,KZSEV,,M,KZSEV,13.97
2025,PER_100000_POP,KZYUZ,,M,KZYUZ,21.3
2025,PER_100000_POP,KZVOS,,M,KZVOS,12.14
2025,PER_100000_POP,KZULU,,M,KZULU,17.57
2025,PER_100000_POP,KZNS,,M,KZNS,5.33
2025,PER_100000_POP,KZALA,,M,KZALA,6.95
2025,PER_100000_POP,KZSHY,,M,KZSHY,9.88
2025,PER_100000_POP,,U,M,,10.99
2025,PER_100000_POP,KZABY,U,M,KZABY,11.66
2025,PER_100000_POP,KZAKM,U,M,KZAKM,13.38
2025,PER_100000_POP,KZAKT,U,M,KZAKT,14.29
2025,PER_100000_POP,KZALM,U,M,KZALM,13.96
2025,PER_100000_POP,KZATY,U,M,KZATY,8.43
2025,PER_100000_POP,KZZAP,U,M,KZZAP,14.2
2025,PER_100000_POP,KZZHA,U,M,KZZHA,19.08
2025,PER_100000_POP,KZZHS,U,M,KZZHS,21.78
2025,PER_100000_POP,KZKAR,U,M,KZKAR,16.14
2025,PER_100000_POP,KZKUS,U,M,KZKUS,13.44
2025,PER_100000_POP,KZKZY,U,M,KZKZY,15.3
2025,PER_100000_POP,KZMAN,U,M,KZMAN,9.32
2025,PER_100000_POP,KZPAV,U,M,KZPAV,8.39
2025,PER_100000_POP,KZSEV,U,M,KZSEV,10.81
2025,PER_100000_POP,KZYUZ,U,M,KZYUZ,15.78
2025,PER_100000_POP,KZVOS,U,M,KZVOS,5.72
2025,PER_100000_POP,KZULU,U,M,KZULU,13.02
2025,PER_100000_POP,KZNS,U,M,KZNS,5.33
2025,PER_100000_POP,KZALA,U,M,KZALA,6.95
2025,PER_100000_POP,KZSHY,U,M,KZSHY,9.88
2025,PER_100000_POP,,R,M,,25.1
2025,PER_100000_POP,KZABY,R,M,KZABY,17.53
2025,PER_100000_POP,KZAKM,R,M,KZAKM,21.66
2025,PER_100000_POP,KZAKT,R,M,KZAKT,29.62
2025,PER_100000_POP,KZALM,R,M,KZALM,28.71
2025,PER_100000_POP,KZATY,R,M,KZATY,28.77
2025,PER_100000_POP,KZZAP,R,M,KZZAP,23.92
2025,PER_100000_POP,KZZHA,R,M,KZZHA,32.49
2025,PER_100000_POP,KZZHS,R,M,KZZHS,31.48
2025,PER_100000_POP,KZKAR,R,M,KZKAR,18.41
2025,PER_100000_POP,KZKUS,R,M,KZKUS,20.91
2025,PER_100000_POP,KZKZY,R,M,KZKZY,25.64
2025,PER_100000_POP,KZMAN,R,M,KZMAN,16.64
2025,PER_100000_POP,KZPAV,R,M,KZPAV,27.3
2025,PER_100000_POP,KZSEV,R,M,KZSEV,16.89
2025,PER_100000_POP,KZYUZ,R,M,KZYUZ,23.13
2025,PER_100000_POP,KZVOS,R,M,KZVOS,24.47
2025,PER_100000_POP,KZULU,R,M,KZULU,33.88
2025,PER_100000_POP,,,F,,5.96
2025,PER_100000_POP,KZABY,,F,KZABY,6.23
2025,PER_100000_POP,KZAKM,,F,KZAKM,6.24
2025,PER_100000_POP,KZAKT,,F,KZAKT,6.6
2025,PER_100000_POP,KZALM,,F,KZALM,7.88
2025,PER_100000_POP,KZATY,,F,KZATY,6.66
2025,PER_100000_POP,KZZAP,,F,KZZAP,5.07
2025,PER_100000_POP,KZZHA,,F,KZZHA,7.38
2025,PER_100000_POP,KZZHS,,F,KZZHS,11.46
2025,PER_100000_POP,KZKAR,,F,KZKAR,6.45
2025,PER_100000_POP,KZKUS,,F,KZKUS,6.12
2025,PER_100000_POP,KZKZY,,F,KZKZY,7.38
2025,PER_100000_POP,KZMAN,,F,KZMAN,8.58
2025,PER_100000_POP,KZPAV,,F,KZPAV,3.61
2025,PER_100000_POP,KZSEV,,F,KZSEV,3.74
2025,PER_100000_POP,KZYUZ,,F,KZYUZ,6.84
2025,PER_100000_POP,KZVOS,,F,KZVOS,5.33
2025,PER_100000_POP,KZULU,,F,KZULU,8.92
2025,PER_100000_POP,KZNS,,F,KZNS,4.32
2025,PER_100000_POP,KZALA,,F,KZALA,2.82
2025,PER_100000_POP,KZSHY,,F,KZSHY,4.41
2025,PER_100000_POP,,U,F,,4.56
2025,PER_100000_POP,KZABY,U,F,KZABY,4.63
2025,PER_100000_POP,KZAKM,U,F,KZAKM,5.07
2025,PER_100000_POP,KZAKT,U,F,KZAKT,4.01
2025,PER_100000_POP,KZALM,U,F,KZALM,5.15
2025,PER_100000_POP,KZATY,U,F,KZATY,3.96
2025,PER_100000_POP,KZZAP,U,F,KZZAP,4.77
2025,PER_100000_POP,KZZHA,U,F,KZZHA,5.31
2025,PER_100000_POP,KZZHS,U,F,KZZHS,13.97
2025,PER_100000_POP,KZKAR,U,F,KZKAR,6.31
2025,PER_100000_POP,KZKUS,U,F,KZKUS,5.41
2025,PER_100000_POP,KZKZY,U,F,KZKZY,3.45
2025,PER_100000_POP,KZMAN,U,F,KZMAN,5.13
2025,PER_100000_POP,KZPAV,U,F,KZPAV,2.82
2025,PER_100000_POP,KZSEV,U,F,KZSEV,2.9
2025,PER_100000_POP,KZYUZ,U,F,KZYUZ,6.64
2025,PER_100000_POP,KZVOS,U,F,KZVOS,3.48
2025,PER_100000_POP,KZULU,U,F,KZULU,6.64
2025,PER_100000_POP,KZNS,U,F,KZNS,4.32
2025,PER_100000_POP,KZALA,U,F,KZALA,2.82
2025,PER_100000_POP,KZSHY,U,F,KZSHY,4.41
2025,PER_100000_POP,,R,F,,8.55
2025,PER_100000_POP,KZABY,R,F,KZABY,9.02
2025,PER_100000_POP,KZAKM,R,F,KZAKM,7.92
2025,PER_100000_POP,KZAKT,R,F,KZAKT,15.3
2025,PER_100000_POP,KZALM,R,F,KZALM,8.55
2025,PER_100000_POP,KZATY,R,F,KZATY,10.12
2025,PER_100000_POP,KZZAP,R,F,KZZAP,5.5
2025,PER_100000_POP,KZZHA,R,F,KZZHA,9.32
2025,PER_100000_POP,KZZHS,R,F,KZZHS,9.22
2025,PER_100000_POP,KZKAR,R,F,KZKAR,7.15
2025,PER_100000_POP,KZKUS,R,F,KZKUS,7.44
2025,PER_100000_POP,KZKZY,R,F,KZKZY,11.05
2025,PER_100000_POP,KZMAN,R,F,KZMAN,11.74
2025,PER_100000_POP,KZPAV,R,F,KZPAV,5.73
2025,PER_100000_POP,KZSEV,R,F,KZSEV,4.62
2025,PER_100000_POP,KZYUZ,R,F,KZYUZ,6.9
2025,PER_100000_POP,KZVOS,R,F,KZVOS,9.41
2025,PER_100000_POP,KZULU,R,F,KZULU,18.46
