Year,UNIT_MEASURE,Value
2010,PT,13.168897245879881
2011,PT,21.991983967935877
2012,PT,27.274929864830398
2013,PT,17.15395157606213
2014,PT,21.34875115633673
2015,PT,18.737889273356398
2016,PT,13.521250000000002
2017,PT,18.38984438984439
2018,PT,21.266485998193318
